Zugstrecke;Teilzugname;Ist-Abfahrt;Ist-Ankunft;Ist-Abfahrt gerundet;Ist-Ankunft gerundet;Ist-Abfahrt abgerundet;Ist-Ankunft aufgerundet;Haltezeiten;v;vReal;vMax;vMaxZugsicherung;vMaxStrecke;vMaxBrH;Zustand;DynStatus;Infrastrukturelement;Referenzelemente;Betriebsstelle;Betriebsstelle Langname;Relative Abfahrtzeit;Soll-Abfahrt;VMaxZug;Zuschlag;Regelzuschlag;SonderZuschlag;BauZuschlag;Laenge;Masse;Zugbeeinflussung;Steigend;Entfernt;Verschoben;Besonderheit;Bogen;Neigung;Tunnelquerschnitt;Fahrweg;a;Zugkraft;WFZ;WTFZ;WStrecke;Gesamtzuschlag;Verspätungszuschlag;Zuschlagabbau;Triebfahrzeuge;Wagenanzahl;Zugfamilienname;Streckennummer;Gleis;Wirkt;Einzelzugname;ATO;Ist-Ankunft ohne Tag;Ist-Abfahrt ohne Tag;Haltezeit;Mindesthaltezeit;No-Stopping Zone;ETCS-Kurve für Belegung;Zwischenweichenabschnitt;Ist-Abfahrt in Sekunden;Ist-Ankunft in Sekunden
0;PZB steigend;0/00:28:18;0/00:28:18;00:28;00:28;00:28;00:28;-;100,00;97,09;140,00;120,00;140,00;-;K;-;S1 0.000 3521-0 Gleisende; Ref(6765)=<DB1|6,765/+0|HS|01A|0>  Anfang(6765)=<DB1|6,765/+0|HS|01A|0>  Ende(6965)=<DB1|6,965/+0|ZSS||0> ;S1;Strecke 1;0/00:00:00;-;140,00;1,0000;1,030;-;-;54,0;118,0;PZB;True;False;0;-; 0,0; 0,0; 0,0;S1: null - Strecke 1 - VDV 1;0,000000;31642,0;  0,0;6227,3;  0,0;1,030;1,00;1,00;"80 0622-19.0;";0;PZB steigend;3521;;True;PZB steigend;False;00:28:18;00:28:18;-;-;False;-;Gleisende 3521-0 - Betriebsstellengrenze 3521-0 (3521);1698;1698
0;PZB steigend;0/00:28:18;0/00:28:18;00:28;00:28;00:28;00:28;-;100,00;97,09;140,00;120,00;140,00;-;K;-;S1 0.000  ZB-Anfang, Steigend, PZB;;S1;Strecke 1;0/00:00:00;-;140,00;1,0000;1,030;-;-;54,0;118,0;PZB;True;False;0;-; 0,0; 0,0; 0,0;S1: null - Strecke 1 - VDV 1;0,000000;31642,0;  0,0;6227,3;  0,0;1,030;1,00;1,00;"80 0622-19.0;";0;PZB steigend;3521;;True;PZB steigend;False;00:28:18;00:28:18;-;-;False;-;Gleisende 3521-0 - Betriebsstellengrenze 3521-0 (3521);1698;1698
0;PZB steigend;0/00:28:18;0/00:28:18;00:28;00:28;00:28;00:28;-;100,00;97,09;100,00;120,00;100,00;-;K;-;S1 0.000  Geschwindigkeit Zulässig, Steigend, v=100km/h, Wirkung ab hier, Alle;;S1;Strecke 1;0/00:00:00;-;140,00;1,0000;1,030;-;-;54,0;118,0;PZB;True;False;0;-; 0,0; 0,0; 0,0;S1: null - Strecke 1 - VDV 1;0,000000;31642,0;  0,0;6227,3;  0,0;1,030;1,00;1,00;"80 0622-19.0;";0;PZB steigend;3521;;True;PZB steigend;False;00:28:18;00:28:18;-;-;False;-;Gleisende 3521-0 - Betriebsstellengrenze 3521-0 (3521);1698;1698
0;PZB steigend;0/00:28:18;0/00:28:18;00:28;00:28;00:28;00:28;-;100,00;97,09;100,00;120,00;100,00;-;K;-;S1 -485.000 2000Hz Punktbeeinflussung, Steigend, Konventionell, kennung=2000; Ref(6765)=<DB1|6,765/+0|HS|01A|0> ;S1;Strecke 1;0/00:00:00;-;140,00;1,0000;1,030;-;-;54,0;118,0;PZB;True;False;0;-; 0,0; 0,0; 0,0;S1: null - Strecke 1 - VDV 1;0,000000;31642,0;  0,0;6227,3;  0,0;1,030;1,00;1,00;"80 0622-19.0;";0;PZB steigend;3521;;False;PZB steigend;False;00:28:18;00:28:18;-;-;False;-;Gleisende 3521-0 - Betriebsstellengrenze 3521-0 (3521);1698;1698
0;PZB steigend;0/00:28:18;0/00:28:18;00:28;00:28;00:28;00:28;-;100,00;97,09;100,00;120,00;100,00;-;K;-;S1 0.000  Bremsweg, Steigend, l=1000m;;S1;Strecke 1;0/00:00:00;-;140,00;1,0000;1,030;-;-;54,0;118,0;PZB;True;False;0;-; 0,0; 0,0; 0,0;S1: null - Strecke 1 - VDV 1;0,000000;31642,0;  0,0;6227,3;  0,0;1,030;1,00;1,00;"80 0622-19.0;";0;PZB steigend;3521;;True;PZB steigend;False;00:28:18;00:28:18;-;-;False;-;Gleisende 3521-0 - Betriebsstellengrenze 3521-0 (3521);1698;1698
2750;PZB steigend;0/00:30:00;0/00:30:00;00:30;00:30;00:30;00:30;-;100,00;97,09;100,00;-;100,00;-;K;-;S1 2.750 Streckengleis Fahrzeitmesspunkt, Beide Richtungen, BS-Mitte;;S1;Strecke 1;0/00:01:39;00:30:00;140,00;1,0000;1,030;-;-;54,0;118,0;PZB;True;False;0;-; 0,0; 0,0; 0,0;S1: null - Strecke 1 - VDV 1;0,000000;31642,0;  0,0;6227,3;  0,0;1,030;1,00;1,00;"80 0622-19.0;";0;PZB steigend;3521;;True;PZB steigend;False;00:30:00;00:30:00;-;-;False;-;Gleisende 3521-0 - Betriebsstellengrenze 3521-0 (3521);1800;1800
5500;PZB steigend;0/00:31:41;0/00:31:41;00:32;00:32;00:32;00:32;-;100,00;97,09;100,00;-;100,00;-;K;-;S1 5.500 3521-0 Betriebsstellengrenze, =>DB1 3521-0, Gleis 0;;S1;Strecke 1;0/00:03:18;-;140,00;1,0000;1,030;-;-;54,0;118,0;PZB;True;False;0;-; 0,0; 0,0; 0,0;S1: null - Strecke 1 - VDV 1;0,000000;31642,0;  0,0;6227,3;  0,0;1,030;1,00;1,00;"80 0622-19.0;";0;PZB steigend;3521;0;True;PZB steigend;False;00:31:41;00:31:41;-;-;False;-;Gleisende 3521-0 - Betriebsstellengrenze 3521-0 (3521);1901;1901
5500;PZB steigend;0/00:31:41;0/00:31:41;00:32;00:32;00:32;00:32;-;100,00;97,09;100,00;-;100,00;-;K;-;DB1 5.500 3521-0 Betriebsstellengrenze, =>S1 3521-0, Gleis 0;;DB1;DB 1;0/00:03:18;-;140,00;1,0000;1,030;-;-;54,0;118,0;PZB;True;False;0;-; 0,0; 0,0; 0,0;DB1: Strecke 1 - Gleis 1 - Strecke 2;0,000000;31642,0;  0,0;6227,3;  0,0;1,030;1,00;1,00;"80 0622-19.0;";0;PZB steigend;3521;0;True;PZB steigend;False;00:31:41;00:31:41;-;-;False;-;Betriebsstellengrenze 3521-0 - Weiche 01W1 A (3521);1901;1901
5765;PZB steigend;0/00:31:51;0/00:31:51;00:32;00:32;00:32;00:32;-;100,00;97,09;100,00;-;100,00;-;K;-;DB1 5.765 01Va Vorsignal, Steigend, Fb=9s, KS-Signal; Ref(6765)=<DB1|6,765/+0|HS|01A|0>  Anfang(5765)=<DB1|5,765/+0|VS|01Va|0> ;DB1;DB 1;0/00:03:27;-;140,00;1,0000;1,030;-;-;54,0;118,0;PZB;True;False;0;-; 0,0; 0,0; 0,0;DB1: Strecke 1 - Gleis 1 - Strecke 2;0,000000;31642,0;  0,0;6227,3;  0,0;1,030;1,00;1,00;"80 0622-19.0;";0;PZB steigend;3521;;True;PZB steigend;False;00:31:51;00:31:51;-;-;False;-;Betriebsstellengrenze 3521-0 - Weiche 01W1 A (3521);1911;1911
5790;PZB steigend;0/00:31:52;0/00:31:52;00:32;00:32;00:32;00:32;-;100,00;97,09;100,00;-;100,00;-;K;-;Zugsicherungs-Stützstelle;;DB1;DB 1;0/00:03:28;-;140,00;1,0000;1,030;-;-;54,0;118,0;PZB;True;False;0;-; 0,0; 0,0; 0,0;DB1: Strecke 1 - Gleis 1 - Strecke 2;0,000000;31642,0;  0,0;6227,3;  0,0;1,030;1,00;1,00;"80 0622-19.0;";0;PZB steigend;;;False;PZB steigend;False;00:31:52;00:31:52;-;-;False;-;-;1912;1912
5815;PZB steigend;0/00:31:53;0/00:31:53;00:32;00:32;00:32;00:32;-;100,00;97,09;100,00;-;100,00;-;K;-;Zugsicherungs-Stützstelle;;DB1;DB 1;0/00:03:29;-;140,00;1,0000;1,030;-;-;54,0;118,0;PZB;True;False;0;-; 0,0; 0,0; 0,0;DB1: Strecke 1 - Gleis 1 - Strecke 2;0,000000;31642,0;  0,0;6227,3;  0,0;1,030;1,00;1,00;"80 0622-19.0;";0;PZB steigend;;;False;PZB steigend;False;00:31:53;00:31:53;-;-;False;-;-;1913;1913
5840;PZB steigend;0/00:31:54;0/00:31:54;00:32;00:32;00:32;00:32;-;100,00;97,09;100,00;-;100,00;-;K;-;Zugsicherungs-Stützstelle;;DB1;DB 1;0/00:03:30;-;140,00;1,0000;1,030;-;-;54,0;118,0;PZB;True;False;0;-; 0,0; 0,0; 0,0;DB1: Strecke 1 - Gleis 1 - Strecke 2;0,000000;31642,0;  0,0;6227,3;  0,0;1,030;1,00;1,00;"80 0622-19.0;";0;PZB steigend;;;False;PZB steigend;False;00:31:54;00:31:54;-;-;False;-;-;1914;1914
5865;PZB steigend;0/00:31:55;0/00:31:55;00:32;00:32;00:32;00:32;-;100,00;97,09;100,00;-;100,00;-;K;-;Zugsicherungs-Stützstelle;;DB1;DB 1;0/00:03:31;-;140,00;1,0000;1,030;-;-;54,0;118,0;PZB;True;False;0;-; 0,0; 0,0; 0,0;DB1: Strecke 1 - Gleis 1 - Strecke 2;0,000000;31642,0;  0,0;6227,3;  0,0;1,030;1,00;1,00;"80 0622-19.0;";0;PZB steigend;;;False;PZB steigend;False;00:31:55;00:31:55;-;-;False;-;-;1915;1915
5890;PZB steigend;0/00:31:56;0/00:31:56;00:32;00:32;00:32;00:32;-;100,00;97,09;100,00;-;100,00;-;K;-;Zugsicherungs-Stützstelle;;DB1;DB 1;0/00:03:32;-;140,00;1,0000;1,030;-;-;54,0;118,0;PZB;True;False;0;-; 0,0; 0,0; 0,0;DB1: Strecke 1 - Gleis 1 - Strecke 2;0,000000;31642,0;  0,0;6227,3;  0,0;1,030;1,00;1,00;"80 0622-19.0;";0;PZB steigend;;;False;PZB steigend;False;00:31:56;00:31:56;-;-;False;-;-;1916;1916
5915;PZB steigend;0/00:31:57;0/00:31:57;00:32;00:32;00:32;00:32;-;100,00;97,09;100,00;-;100,00;-;K;-;Zugsicherungs-Stützstelle;;DB1;DB 1;0/00:03:32;-;140,00;1,0000;1,030;-;-;54,0;118,0;PZB;True;False;0;-; 0,0; 0,0; 0,0;DB1: Strecke 1 - Gleis 1 - Strecke 2;0,000000;31642,0;  0,0;6227,3;  0,0;1,030;1,00;1,00;"80 0622-19.0;";0;PZB steigend;;;False;PZB steigend;False;00:31:57;00:31:57;-;-;False;-;-;1917;1917
5940;PZB steigend;0/00:31:58;0/00:31:58;00:32;00:32;00:32;00:32;-;100,00;97,09;100,00;-;100,00;-;K;-;Zugsicherungs-Stützstelle;;DB1;DB 1;0/00:03:33;-;140,00;1,0000;1,030;-;-;54,0;118,0;PZB;True;False;0;-; 0,0; 0,0; 0,0;DB1: Strecke 1 - Gleis 1 - Strecke 2;0,000000;31642,0;  0,0;6227,3;  0,0;1,030;1,00;1,00;"80 0622-19.0;";0;PZB steigend;;;False;PZB steigend;False;00:31:58;00:31:58;-;-;False;-;-;1918;1918
5965;PZB steigend;0/00:31:59;0/00:31:59;00:32;00:32;00:32;00:32;-;100,00;97,09;100,00;-;100,00;-;K;-;Zugsicherungs-Stützstelle;;DB1;DB 1;0/00:03:34;-;140,00;1,0000;1,030;-;-;54,0;118,0;PZB;True;False;0;-; 0,0; 0,0; 0,0;DB1: Strecke 1 - Gleis 1 - Strecke 2;0,000000;31642,0;  0,0;6227,3;  0,0;1,030;1,00;1,00;"80 0622-19.0;";0;PZB steigend;;;False;PZB steigend;False;00:31:59;00:31:59;-;-;False;-;-;1919;1919
5990;PZB steigend;0/00:32:00;0/00:32:00;00:32;00:32;00:32;00:32;-;100,00;97,09;100,00;-;100,00;-;K;-;Zugsicherungs-Stützstelle;;DB1;DB 1;0/00:03:35;-;140,00;1,0000;1,030;-;-;54,0;118,0;PZB;True;False;0;-; 0,0; 0,0; 0,0;DB1: Strecke 1 - Gleis 1 - Strecke 2;0,000000;31642,0;  0,0;6227,3;  0,0;1,030;1,00;1,00;"80 0622-19.0;";0;PZB steigend;;;False;PZB steigend;False;00:32:00;00:32:00;-;-;False;-;-;1920;1920
6015;PZB steigend;0/00:32:01;0/00:32:01;00:32;00:32;00:32;00:32;-;100,00;97,09;100,00;-;100,00;-;K;-;Zugsicherungs-Stützstelle;;DB1;DB 1;0/00:03:36;-;140,00;1,0000;1,030;-;-;54,0;118,0;PZB;True;False;0;-; 0,0; 0,0; 0,0;DB1: Strecke 1 - Gleis 1 - Strecke 2;0,000000;31642,0;  0,0;6227,3;  0,0;1,030;1,00;1,00;"80 0622-19.0;";0;PZB steigend;;;False;PZB steigend;False;00:32:01;00:32:01;-;-;False;-;-;1921;1921
6040;PZB steigend;0/00:32:01;0/00:32:01;00:32;00:32;00:32;00:32;-;100,00;97,09;100,00;-;100,00;-;K;-;Zugsicherungs-Stützstelle;;DB1;DB 1;0/00:03:37;-;140,00;1,0000;1,030;-;-;54,0;118,0;PZB;True;False;0;-; 0,0; 0,0; 0,0;DB1: Strecke 1 - Gleis 1 - Strecke 2;0,000000;31642,0;  0,0;6227,3;  0,0;1,030;1,00;1,00;"80 0622-19.0;";0;PZB steigend;;;False;PZB steigend;False;00:32:01;00:32:01;-;-;False;-;-;1921;1921
6065;PZB steigend;0/00:32:02;0/00:32:02;00:32;00:32;00:32;00:32;-;100,00;97,09;100,00;-;100,00;-;K;-;Zugsicherungs-Stützstelle;;DB1;DB 1;0/00:03:38;-;140,00;1,0000;1,030;-;-;54,0;118,0;PZB;True;False;0;-; 0,0; 0,0; 0,0;DB1: Strecke 1 - Gleis 1 - Strecke 2;0,000000;31642,0;  0,0;6227,3;  0,0;1,030;1,00;1,00;"80 0622-19.0;";0;PZB steigend;;;False;PZB steigend;False;00:32:02;00:32:02;-;-;False;-;-;1922;1922
6090;PZB steigend;0/00:32:03;0/00:32:03;00:32;00:32;00:32;00:32;-;100,00;97,09;100,00;-;100,00;-;K;-;Zugsicherungs-Stützstelle;;DB1;DB 1;0/00:03:39;-;140,00;1,0000;1,030;-;-;54,0;118,0;PZB;True;False;0;-; 0,0; 0,0; 0,0;DB1: Strecke 1 - Gleis 1 - Strecke 2;0,000000;31642,0;  0,0;6227,3;  0,0;1,030;1,00;1,00;"80 0622-19.0;";0;PZB steigend;;;False;PZB steigend;False;00:32:03;00:32:03;-;-;False;-;-;1923;1923
6115;PZB steigend;0/00:32:04;0/00:32:04;00:32;00:32;00:32;00:32;-;100,00;97,09;100,00;-;100,00;-;K;-;Zugsicherungs-Stützstelle;;DB1;DB 1;0/00:03:40;-;140,00;1,0000;1,030;-;-;54,0;118,0;PZB;True;False;0;-; 0,0; 0,0; 0,0;DB1: Strecke 1 - Gleis 1 - Strecke 2;0,000000;31642,0;  0,0;6227,3;  0,0;1,030;1,00;1,00;"80 0622-19.0;";0;PZB steigend;;;False;PZB steigend;False;00:32:04;00:32:04;-;-;False;-;-;1924;1924
6140;PZB steigend;0/00:32:05;0/00:32:05;00:32;00:32;00:32;00:32;-;100,00;97,09;100,00;-;100,00;-;K;-;Zugsicherungs-Stützstelle;;DB1;DB 1;0/00:03:41;-;140,00;1,0000;1,030;-;-;54,0;118,0;PZB;True;False;0;-; 0,0; 0,0; 0,0;DB1: Strecke 1 - Gleis 1 - Strecke 2;0,000000;31642,0;  0,0;6227,3;  0,0;1,030;1,00;1,00;"80 0622-19.0;";0;PZB steigend;;;False;PZB steigend;False;00:32:05;00:32:05;-;-;False;-;-;1925;1925
6165;PZB steigend;0/00:32:06;0/00:32:06;00:32;00:32;00:32;00:32;-;100,00;97,09;100,00;-;100,00;-;K;-;Zugsicherungs-Stützstelle;;DB1;DB 1;0/00:03:41;-;140,00;1,0000;1,030;-;-;54,0;118,0;PZB;True;False;0;-; 0,0; 0,0; 0,0;DB1: Strecke 1 - Gleis 1 - Strecke 2;0,000000;31642,0;  0,0;6227,3;  0,0;1,030;1,00;1,00;"80 0622-19.0;";0;PZB steigend;;;False;PZB steigend;False;00:32:06;00:32:06;-;-;False;-;-;1926;1926
6190;PZB steigend;0/00:32:07;0/00:32:07;00:32;00:32;00:32;00:32;-;100,00;97,09;100,00;-;100,00;-;K;-;Zugsicherungs-Stützstelle;;DB1;DB 1;0/00:03:42;-;140,00;1,0000;1,030;-;-;54,0;118,0;PZB;True;False;0;-; 0,0; 0,0; 0,0;DB1: Strecke 1 - Gleis 1 - Strecke 2;0,000000;31642,0;  0,0;6227,3;  0,0;1,030;1,00;1,00;"80 0622-19.0;";0;PZB steigend;;;False;PZB steigend;False;00:32:07;00:32:07;-;-;False;-;-;1927;1927
6215;PZB steigend;0/00:32:08;0/00:32:08;00:32;00:32;00:32;00:32;-;100,00;97,09;100,00;-;100,00;-;K;-;Zugsicherungs-Stützstelle;;DB1;DB 1;0/00:03:43;-;140,00;1,0000;1,030;-;-;54,0;118,0;PZB;True;False;0;-; 0,0; 0,0; 0,0;DB1: Strecke 1 - Gleis 1 - Strecke 2;0,000000;31642,0;  0,0;6227,3;  0,0;1,030;1,00;1,00;"80 0622-19.0;";0;PZB steigend;;;False;PZB steigend;False;00:32:08;00:32:08;-;-;False;-;-;1928;1928
6240;PZB steigend;0/00:32:09;0/00:32:09;00:32;00:32;00:32;00:32;-;100,00;97,09;100,00;-;100,00;-;K;-;Zugsicherungs-Stützstelle;;DB1;DB 1;0/00:03:44;-;140,00;1,0000;1,030;-;-;54,0;118,0;PZB;True;False;0;-; 0,0; 0,0; 0,0;DB1: Strecke 1 - Gleis 1 - Strecke 2;0,000000;31642,0;  0,0;6227,3;  0,0;1,030;1,00;1,00;"80 0622-19.0;";0;PZB steigend;;;False;PZB steigend;False;00:32:09;00:32:09;-;-;False;-;-;1929;1929
6265;PZB steigend;0/00:32:10;0/00:32:10;00:32;00:32;00:32;00:32;-;100,00;97,09;100,00;-;100,00;-;K;-;Zugsicherungs-Stützstelle;;DB1;DB 1;0/00:03:45;-;140,00;1,0000;1,030;-;-;54,0;118,0;PZB;True;False;0;-; 0,0; 0,0; 0,0;DB1: Strecke 1 - Gleis 1 - Strecke 2;0,000000;31642,0;  0,0;6227,3;  0,0;1,030;1,00;1,00;"80 0622-19.0;";0;PZB steigend;;;False;PZB steigend;False;00:32:10;00:32:10;-;-;False;-;-;1930;1930
6290;PZB steigend;0/00:32:11;0/00:32:11;00:32;00:32;00:32;00:32;-;100,00;97,09;100,00;-;100,00;-;K;-;Zugsicherungs-Stützstelle;;DB1;DB 1;0/00:03:46;-;140,00;1,0000;1,030;-;-;54,0;118,0;PZB;True;False;0;-; 0,0; 0,0; 0,0;DB1: Strecke 1 - Gleis 1 - Strecke 2;0,000000;31642,0;  0,0;6227,3;  0,0;1,030;1,00;1,00;"80 0622-19.0;";0;PZB steigend;;;False;PZB steigend;False;00:32:11;00:32:11;-;-;False;-;-;1931;1931
6315;PZB steigend;0/00:32:12;0/00:32:12;00:32;00:32;00:32;00:32;-;100,00;97,09;100,00;-;100,00;-;K;-;Zugsicherungs-Stützstelle;;DB1;DB 1;0/00:03:47;-;140,00;1,0000;1,030;-;-;54,0;118,0;PZB;True;False;0;-; 0,0; 0,0; 0,0;DB1: Strecke 1 - Gleis 1 - Strecke 2;0,000000;31642,0;  0,0;6227,3;  0,0;1,030;1,00;1,00;"80 0622-19.0;";0;PZB steigend;;;False;PZB steigend;False;00:32:12;00:32:12;-;-;False;-;-;1932;1932
6340;PZB steigend;0/00:32:13;0/00:32:13;00:32;00:32;00:32;00:32;-;100,00;97,09;100,00;-;100,00;-;K;-;Zugsicherungs-Stützstelle;;DB1;DB 1;0/00:03:48;-;140,00;1,0000;1,030;-;-;54,0;118,0;PZB;True;False;0;-; 0,0; 0,0; 0,0;DB1: Strecke 1 - Gleis 1 - Strecke 2;0,000000;31642,0;  0,0;6227,3;  0,0;1,030;1,00;1,00;"80 0622-19.0;";0;PZB steigend;;;False;PZB steigend;False;00:32:13;00:32:13;-;-;False;-;-;1933;1933
6365;PZB steigend;0/00:32:14;0/00:32:14;00:32;00:32;00:32;00:32;-;100,00;97,09;100,00;-;100,00;-;K;-;Zugsicherungs-Stützstelle;;DB1;DB 1;0/00:03:49;-;140,00;1,0000;1,030;-;-;54,0;118,0;PZB;True;False;0;-; 0,0; 0,0; 0,0;DB1: Strecke 1 - Gleis 1 - Strecke 2;0,000000;31642,0;  0,0;6227,3;  0,0;1,030;1,00;1,00;"80 0622-19.0;";0;PZB steigend;;;False;PZB steigend;False;00:32:14;00:32:14;-;-;False;-;-;1934;1934
6390;PZB steigend;0/00:32:14;0/00:32:14;00:32;00:32;00:32;00:32;-;100,00;97,09;100,00;-;100,00;-;K;-;Zugsicherungs-Stützstelle;;DB1;DB 1;0/00:03:50;-;140,00;1,0000;1,030;-;-;54,0;118,0;PZB;True;False;0;-; 0,0; 0,0; 0,0;DB1: Strecke 1 - Gleis 1 - Strecke 2;0,000000;31642,0;  0,0;6227,3;  0,0;1,030;1,00;1,00;"80 0622-19.0;";0;PZB steigend;;;False;PZB steigend;False;00:32:14;00:32:14;-;-;False;-;-;1934;1934
6415;PZB steigend;0/00:32:15;0/00:32:15;00:32;00:32;00:32;00:32;-;100,00;97,09;100,00;-;100,00;-;K;-;Zugsicherungs-Stützstelle;;DB1;DB 1;0/00:03:50;-;140,00;1,0000;1,030;-;-;54,0;118,0;PZB;True;False;0;-; 0,0; 0,0; 0,0;DB1: Strecke 1 - Gleis 1 - Strecke 2;0,000000;31642,0;  0,0;6227,3;  0,0;1,030;1,00;1,00;"80 0622-19.0;";0;PZB steigend;;;False;PZB steigend;False;00:32:15;00:32:15;-;-;False;-;-;1935;1935
6440;PZB steigend;0/00:32:16;0/00:32:16;00:32;00:32;00:32;00:32;-;100,00;97,09;100,00;-;100,00;-;K;-;Zugsicherungs-Stützstelle;;DB1;DB 1;0/00:03:51;-;140,00;1,0000;1,030;-;-;54,0;118,0;PZB;True;False;0;-; 0,0; 0,0; 0,0;DB1: Strecke 1 - Gleis 1 - Strecke 2;0,000000;31642,0;  0,0;6227,3;  0,0;1,030;1,00;1,00;"80 0622-19.0;";0;PZB steigend;;;False;PZB steigend;False;00:32:16;00:32:16;-;-;False;-;-;1936;1936
6460;PZB steigend;0/00:32:17;0/00:32:17;00:32;00:32;00:32;00:32;-;100,00;97,09;100,00;-;100,00;-;K;-;Zugsicherungs-Stützstelle;;DB1;DB 1;0/00:03:52;-;140,00;1,0000;1,030;-;-;54,0;118,0;PZB;True;False;0;-; 0,0; 0,0; 0,0;DB1: Strecke 1 - Gleis 1 - Strecke 2;0,000000;31642,0;  0,0;6227,3;  0,0;1,030;1,00;1,00;"80 0622-19.0;";0;PZB steigend;;;False;PZB steigend;False;00:32:17;00:32:17;-;-;False;-;-;1937;1937
6465;PZB steigend;0/00:32:17;0/00:32:17;00:32;00:32;00:32;00:32;-;100,00;97,09;100,00;-;100,00;-;K;-;Zugsicherungs-Stützstelle;;DB1;DB 1;0/00:03:52;-;140,00;1,0000;1,030;-;-;54,0;118,0;PZB;True;False;0;-; 0,0; 0,0; 0,0;DB1: Strecke 1 - Gleis 1 - Strecke 2;0,000000;31642,0;  0,0;6227,3;  0,0;1,030;1,00;1,00;"80 0622-19.0;";0;PZB steigend;;;False;PZB steigend;False;00:32:17;00:32:17;-;-;False;-;-;1937;1937
6470;PZB steigend;0/00:32:17;0/00:32:17;00:32;00:32;00:32;00:32;-;100,00;97,09;100,00;-;100,00;-;K;-;Zugsicherungs-Stützstelle;;DB1;DB 1;0/00:03:52;-;140,00;1,0000;1,030;-;-;54,0;118,0;PZB;True;False;0;-; 0,0; 0,0; 0,0;DB1: Strecke 1 - Gleis 1 - Strecke 2;0,000000;31642,0;  0,0;6227,3;  0,0;1,030;1,00;1,00;"80 0622-19.0;";0;PZB steigend;;;False;PZB steigend;False;00:32:17;00:32:17;-;-;False;-;-;1937;1937
6490;PZB steigend;0/00:32:18;0/00:32:18;00:32;00:32;00:32;00:32;-;100,00;97,09;100,00;-;100,00;-;K;-;Zugsicherungs-Stützstelle;;DB1;DB 1;0/00:03:53;-;140,00;1,0000;1,030;-;-;54,0;118,0;PZB;True;False;0;-; 0,0; 0,0; 0,0;DB1: Strecke 1 - Gleis 1 - Strecke 2;0,000000;31642,0;  0,0;6227,3;  0,0;1,030;1,00;1,00;"80 0622-19.0;";0;PZB steigend;;;False;PZB steigend;False;00:32:18;00:32:18;-;-;False;-;-;1938;1938
6505;PZB steigend;0/00:32:19;0/00:32:19;00:32;00:32;00:32;00:32;-;100,00;97,09;100,00;-;100,00;-;K;-;DB1 6.505  Punktbeeinflussung, Steigend, Konventionell, kennung=500; Ref(6765)=<DB1|6,765/+0|HS|01A|0> ;DB1;DB 1;0/00:03:54;-;140,00;1,0000;1,030;-;-;54,0;118,0;PZB;True;False;0;-; 0,0; 0,0; 0,0;DB1: Strecke 1 - Gleis 1 - Strecke 2;0,000000;31642,0;  0,0;6227,3;  0,0;1,030;1,00;1,00;"80 0622-19.0;";0;PZB steigend;3521;;True;PZB steigend;False;00:32:19;00:32:19;-;-;False;-;Betriebsstellengrenze 3521-0 - Weiche 01W1 A (3521);1939;1939
6515;PZB steigend;0/00:32:19;0/00:32:19;00:32;00:32;00:32;00:32;-;100,00;97,09;100,00;-;100,00;-;K;-;Zugsicherungs-Stützstelle;;DB1;DB 1;0/00:03:54;-;140,00;1,0000;1,030;-;-;54,0;118,0;PZB;True;False;0;-; 0,0; 0,0; 0,0;DB1: Strecke 1 - Gleis 1 - Strecke 2;0,000000;31642,0;  0,0;6227,3;  0,0;1,030;1,00;1,00;"80 0622-19.0;";0;PZB steigend;;;False;PZB steigend;False;00:32:19;00:32:19;-;-;False;-;-;1939;1939
6525;PZB steigend;0/00:32:19;0/00:32:19;00:32;00:32;00:32;00:32;-;100,00;97,09;100,00;-;100,00;-;K;-;Zugsicherungs-Stützstelle;;DB1;DB 1;0/00:03:54;-;140,00;1,0000;1,030;-;-;54,0;118,0;PZB;True;False;0;-; 0,0; 0,0; 0,0;DB1: Strecke 1 - Gleis 1 - Strecke 2;0,000000;31642,0;  0,0;6227,3;  0,0;1,030;1,00;1,00;"80 0622-19.0;";0;PZB steigend;;;False;PZB steigend;False;00:32:19;00:32:19;-;-;False;-;-;1939;1939
6535;PZB steigend;0/00:32:20;0/00:32:20;00:32;00:32;00:32;00:32;-;100,00;97,09;100,00;-;100,00;-;K;-;Zugsicherungs-Stützstelle;;DB1;DB 1;0/00:03:55;-;140,00;1,0000;1,030;-;-;54,0;118,0;PZB;True;False;0;-; 0,0; 0,0; 0,0;DB1: Strecke 1 - Gleis 1 - Strecke 2;0,000000;31642,0;  0,0;6227,3;  0,0;1,030;1,00;1,00;"80 0622-19.0;";0;PZB steigend;;;False;PZB steigend;False;00:32:20;00:32:20;-;-;False;-;-;1940;1940
6540;PZB steigend;0/00:32:20;0/00:32:20;00:32;00:32;00:32;00:32;-;100,00;97,09;100,00;-;100,00;-;K;-;Zugsicherungs-Stützstelle;;DB1;DB 1;0/00:03:55;-;140,00;1,0000;1,030;-;-;54,0;118,0;PZB;True;False;0;-; 0,0; 0,0; 0,0;DB1: Strecke 1 - Gleis 1 - Strecke 2;0,000000;31642,0;  0,0;6227,3;  0,0;1,030;1,00;1,00;"80 0622-19.0;";0;PZB steigend;;;False;PZB steigend;False;00:32:20;00:32:20;-;-;False;-;-;1940;1940
6545;PZB steigend;0/00:32:20;0/00:32:20;00:32;00:32;00:32;00:32;-;100,00;97,09;100,00;-;100,00;-;K;-;Zugsicherungs-Stützstelle;;DB1;DB 1;0/00:03:55;-;140,00;1,0000;1,030;-;-;54,0;118,0;PZB;True;False;0;-; 0,0; 0,0; 0,0;DB1: Strecke 1 - Gleis 1 - Strecke 2;0,000000;31642,0;  0,0;6227,3;  0,0;1,030;1,00;1,00;"80 0622-19.0;";0;PZB steigend;;;False;PZB steigend;False;00:32:20;00:32:20;-;-;False;-;-;1940;1940
6555;PZB steigend;0/00:32:21;0/00:32:21;00:32;00:32;00:32;00:32;-;100,00;97,09;100,00;-;100,00;-;K;-;Zugsicherungs-Stützstelle;;DB1;DB 1;0/00:03:55;-;140,00;1,0000;1,030;-;-;54,0;118,0;PZB;True;False;0;-; 0,0; 0,0; 0,0;DB1: Strecke 1 - Gleis 1 - Strecke 2;0,000000;31642,0;  0,0;6227,3;  0,0;1,030;1,00;1,00;"80 0622-19.0;";0;PZB steigend;;;False;PZB steigend;False;00:32:21;00:32:21;-;-;False;-;-;1941;1941
6565;PZB steigend;0/00:32:21;0/00:32:21;00:32;00:32;00:32;00:32;-;100,00;97,09;100,00;-;100,00;-;K;-;Zugsicherungs-Stützstelle;;DB1;DB 1;0/00:03:56;-;140,00;1,0000;1,030;-;-;54,0;118,0;PZB;True;False;0;-; 0,0; 0,0; 0,0;DB1: Strecke 1 - Gleis 1 - Strecke 2;0,000000;31642,0;  0,0;6227,3;  0,0;1,030;1,00;1,00;"80 0622-19.0;";0;PZB steigend;;;False;PZB steigend;False;00:32:21;00:32:21;-;-;False;-;-;1941;1941
6575;PZB steigend;0/00:32:21;0/00:32:21;00:32;00:32;00:32;00:32;-;100,00;97,09;100,00;-;100,00;-;K;-;Zugsicherungs-Stützstelle;;DB1;DB 1;0/00:03:56;-;140,00;1,0000;1,030;-;-;54,0;118,0;PZB;True;False;0;-; 0,0; 0,0; 0,0;DB1: Strecke 1 - Gleis 1 - Strecke 2;0,000000;31642,0;  0,0;6227,3;  0,0;1,030;1,00;1,00;"80 0622-19.0;";0;PZB steigend;;;False;PZB steigend;False;00:32:21;00:32:21;-;-;False;-;-;1941;1941
6585;PZB steigend;0/00:32:22;0/00:32:22;00:32;00:32;00:32;00:32;-;100,00;97,09;100,00;-;100,00;-;K;-;Zugsicherungs-Stützstelle;;DB1;DB 1;0/00:03:57;-;140,00;1,0000;1,030;-;-;54,0;118,0;PZB;True;False;0;-; 0,0; 0,0; 0,0;DB1: Strecke 1 - Gleis 1 - Strecke 2;0,000000;31642,0;  0,0;6227,3;  0,0;1,030;1,00;1,00;"80 0622-19.0;";0;PZB steigend;;;False;PZB steigend;False;00:32:22;00:32:22;-;-;False;-;-;1942;1942
6590;PZB steigend;0/00:32:22;0/00:32:22;00:32;00:32;00:32;00:32;-;100,00;97,09;100,00;-;100,00;-;K;-;Zugsicherungs-Stützstelle;;DB1;DB 1;0/00:03:57;-;140,00;1,0000;1,030;-;-;54,0;118,0;PZB;True;False;0;-; 0,0; 0,0; 0,0;DB1: Strecke 1 - Gleis 1 - Strecke 2;0,000000;31642,0;  0,0;6227,3;  0,0;1,030;1,00;1,00;"80 0622-19.0;";0;PZB steigend;;;False;PZB steigend;False;00:32:22;00:32:22;-;-;False;-;-;1942;1942
6595;PZB steigend;0/00:32:22;0/00:32:22;00:32;00:32;00:32;00:32;-;100,00;97,09;100,00;-;100,00;-;K;-;Zugsicherungs-Stützstelle;;DB1;DB 1;0/00:03:57;-;140,00;1,0000;1,030;-;-;54,0;118,0;PZB;True;False;0;-; 0,0; 0,0; 0,0;DB1: Strecke 1 - Gleis 1 - Strecke 2;0,000000;31642,0;  0,0;6227,3;  0,0;1,030;1,00;1,00;"80 0622-19.0;";0;PZB steigend;;;False;PZB steigend;False;00:32:22;00:32:22;-;-;False;-;-;1942;1942
6605;PZB steigend;0/00:32:22;0/00:32:22;00:32;00:32;00:32;00:32;-;100,00;97,09;100,00;-;100,00;-;K;-;Zugsicherungs-Stützstelle;;DB1;DB 1;0/00:03:57;-;140,00;1,0000;1,030;-;-;54,0;118,0;PZB;True;False;0;-; 0,0; 0,0; 0,0;DB1: Strecke 1 - Gleis 1 - Strecke 2;0,000000;31642,0;  0,0;6227,3;  0,0;1,030;1,00;1,00;"80 0622-19.0;";0;PZB steigend;;;False;PZB steigend;False;00:32:22;00:32:22;-;-;False;-;-;1942;1942
6615;PZB steigend;0/00:32:23;0/00:32:23;00:32;00:32;00:32;00:32;-;100,00;97,09;100,00;-;100,00;-;K;-;Zugsicherungs-Stützstelle;;DB1;DB 1;0/00:03:58;-;140,00;1,0000;1,030;-;-;54,0;118,0;PZB;True;False;0;-; 0,0; 0,0; 0,0;DB1: Strecke 1 - Gleis 1 - Strecke 2;0,000000;31642,0;  0,0;6227,3;  0,0;1,030;1,00;1,00;"80 0622-19.0;";0;PZB steigend;;;False;PZB steigend;False;00:32:23;00:32:23;-;-;False;-;-;1943;1943
6625;PZB steigend;0/00:32:23;0/00:32:23;00:32;00:32;00:32;00:32;-;100,00;97,09;100,00;-;100,00;-;K;-;Zugsicherungs-Stützstelle;;DB1;DB 1;0/00:03:58;-;140,00;1,0000;1,030;-;-;54,0;118,0;PZB;True;False;0;-; 0,0; 0,0; 0,0;DB1: Strecke 1 - Gleis 1 - Strecke 2;0,000000;31642,0;  0,0;6227,3;  0,0;1,030;1,00;1,00;"80 0622-19.0;";0;PZB steigend;;;False;PZB steigend;False;00:32:23;00:32:23;-;-;False;-;-;1943;1943
6635;PZB steigend;0/00:32:24;0/00:32:24;00:32;00:32;00:32;00:32;-;100,00;97,09;100,00;-;100,00;-;K;-;Zugsicherungs-Stützstelle;;DB1;DB 1;0/00:03:58;-;140,00;1,0000;1,030;-;-;54,0;118,0;PZB;True;False;0;-; 0,0; 0,0; 0,0;DB1: Strecke 1 - Gleis 1 - Strecke 2;0,000000;31642,0;  0,0;6227,3;  0,0;1,030;1,00;1,00;"80 0622-19.0;";0;PZB steigend;;;False;PZB steigend;False;00:32:24;00:32:24;-;-;False;-;-;1944;1944
6640;PZB steigend;0/00:32:24;0/00:32:24;00:32;00:32;00:32;00:32;-;100,00;97,09;100,00;-;100,00;-;K;-;Zugsicherungs-Stützstelle;;DB1;DB 1;0/00:03:59;-;140,00;1,0000;1,030;-;-;54,0;118,0;PZB;True;False;0;-; 0,0; 0,0; 0,0;DB1: Strecke 1 - Gleis 1 - Strecke 2;0,000000;31642,0;  0,0;6227,3;  0,0;1,030;1,00;1,00;"80 0622-19.0;";0;PZB steigend;;;False;PZB steigend;False;00:32:24;00:32:24;-;-;False;-;-;1944;1944
6645;PZB steigend;0/00:32:24;0/00:32:24;00:32;00:32;00:32;00:32;-;100,00;97,09;100,00;-;100,00;-;K;-;Zugsicherungs-Stützstelle;;DB1;DB 1;0/00:03:59;-;140,00;1,0000;1,030;-;-;54,0;118,0;PZB;True;False;0;-; 0,0; 0,0; 0,0;DB1: Strecke 1 - Gleis 1 - Strecke 2;0,000000;31642,0;  0,0;6227,3;  0,0;1,030;1,00;1,00;"80 0622-19.0;";0;PZB steigend;;;False;PZB steigend;False;00:32:24;00:32:24;-;-;False;-;-;1944;1944
6655;PZB steigend;0/00:32:24;0/00:32:24;00:32;00:32;00:32;00:32;-;100,00;97,09;100,00;-;100,00;-;K;-;Zugsicherungs-Stützstelle;;DB1;DB 1;0/00:03:59;-;140,00;1,0000;1,030;-;-;54,0;118,0;PZB;True;False;0;-; 0,0; 0,0; 0,0;DB1: Strecke 1 - Gleis 1 - Strecke 2;0,000000;31642,0;  0,0;6227,3;  0,0;1,030;1,00;1,00;"80 0622-19.0;";0;PZB steigend;;;False;PZB steigend;False;00:32:24;00:32:24;-;-;False;-;-;1944;1944
6658;PZB steigend;0/00:32:24;0/00:32:24;00:32;00:32;00:32;00:32;-;100,00;97,09;100,00;-;100,00;-;K;-;Zugsicherungs-Stützstelle;;DB1;DB 1;0/00:03:59;-;140,00;1,0000;1,030;-;-;54,0;118,0;PZB;True;False;0;-; 0,0; 0,0; 0,0;DB1: Strecke 1 - Gleis 1 - Strecke 2;0,000000;31642,0;  0,0;6227,3;  0,0;1,030;1,00;1,00;"80 0622-19.0;";0;PZB steigend;;;False;PZB steigend;False;00:32:24;00:32:24;-;-;False;-;-;1944;1944
6665;PZB steigend;0/00:32:25;0/00:32:25;00:32;00:32;00:32;00:32;-;100,00;97,09;100,00;-;100,00;-;K;-;Zugsicherungs-Stützstelle;;DB1;DB 1;0/00:03:59;-;140,00;1,0000;1,030;-;-;54,0;118,0;PZB;True;False;0;-; 0,0; 0,0; 0,0;DB1: Strecke 1 - Gleis 1 - Strecke 2;0,000000;31642,0;  0,0;6227,3;  0,0;1,030;1,00;1,00;"80 0622-19.0;";0;PZB steigend;;;False;PZB steigend;False;00:32:25;00:32:25;-;-;False;-;-;1945;1945
6690;PZB steigend;0/00:32:26;0/00:32:26;00:32;00:32;00:32;00:32;-;100,00;97,09;100,00;-;100,00;-;K;-;Zugsicherungs-Stützstelle;;DB1;DB 1;0/00:04:00;-;140,00;1,0000;1,030;-;-;54,0;118,0;PZB;True;False;0;-; 0,0; 0,0; 0,0;DB1: Strecke 1 - Gleis 1 - Strecke 2;0,000000;31642,0;  0,0;6227,3;  0,0;1,030;1,00;1,00;"80 0622-19.0;";0;PZB steigend;;;False;PZB steigend;False;00:32:26;00:32:26;-;-;False;-;-;1946;1946
6705;PZB steigend;0/00:32:26;0/00:32:26;00:32;00:32;00:32;00:32;-;100,00;97,09;100,00;-;100,00;-;K;-;Zugsicherungs-Stützstelle;;DB1;DB 1;0/00:04:01;-;140,00;1,0000;1,030;-;-;54,0;118,0;PZB;True;False;0;-; 0,0; 0,0; 0,0;DB1: Strecke 1 - Gleis 1 - Strecke 2;0,000000;31642,0;  0,0;6227,3;  0,0;1,030;1,00;1,00;"80 0622-19.0;";0;PZB steigend;;;False;PZB steigend;False;00:32:26;00:32:26;-;-;False;-;-;1946;1946
6710;PZB steigend;0/00:32:26;0/00:32:26;00:32;00:32;00:32;00:32;-;100,00;97,09;100,00;-;100,00;-;K;-;Zugsicherungs-Stützstelle;;DB1;DB 1;0/00:04:01;-;140,00;1,0000;1,030;-;-;54,0;118,0;PZB;True;False;0;-; 0,0; 0,0; 0,0;DB1: Strecke 1 - Gleis 1 - Strecke 2;0,000000;31642,0;  0,0;6227,3;  0,0;1,030;1,00;1,00;"80 0622-19.0;";0;PZB steigend;;;False;PZB steigend;False;00:32:26;00:32:26;-;-;False;-;-;1946;1946
6715;PZB steigend;0/00:32:27;0/00:32:27;00:32;00:32;00:32;00:32;-;100,00;97,09;100,00;-;100,00;-;K;-;Zugsicherungs-Stützstelle;;DB1;DB 1;0/00:04:01;-;140,00;1,0000;1,030;-;-;54,0;118,0;PZB;True;False;0;-; 0,0; 0,0; 0,0;DB1: Strecke 1 - Gleis 1 - Strecke 2;0,000000;31642,0;  0,0;6227,3;  0,0;1,030;1,00;1,00;"80 0622-19.0;";0;PZB steigend;;;False;PZB steigend;False;00:32:27;00:32:27;-;-;False;-;-;1947;1947
6740;PZB steigend;0/00:32:27;0/00:32:27;00:32;00:32;00:32;00:32;-;100,00;97,09;100,00;-;100,00;-;K;-;Zugsicherungs-Stützstelle;;DB1;DB 1;0/00:04:02;-;140,00;1,0000;1,030;-;-;54,0;118,0;PZB;True;False;0;-; 0,0; 0,0; 0,0;DB1: Strecke 1 - Gleis 1 - Strecke 2;0,000000;31642,0;  0,0;6227,3;  0,0;1,030;1,00;1,00;"80 0622-19.0;";0;PZB steigend;;;False;PZB steigend;False;00:32:27;00:32:27;-;-;False;-;-;1947;1947
6750;PZB steigend;0/00:32:28;0/00:32:28;00:32;00:32;00:32;00:32;-;100,00;97,09;100,00;-;100,00;-;K;-;Zugsicherungs-Stützstelle;;DB1;DB 1;0/00:04:03;-;140,00;1,0000;1,030;-;-;54,0;118,0;PZB;True;False;0;-; 0,0; 0,0; 0,0;DB1: Strecke 1 - Gleis 1 - Strecke 2;0,000000;31642,0;  0,0;6227,3;  0,0;1,030;1,00;1,00;"80 0622-19.0;";0;PZB steigend;;;False;PZB steigend;False;00:32:28;00:32:28;-;-;False;-;-;1948;1948
6755;PZB steigend;0/00:32:28;0/00:32:28;00:32;00:32;00:32;00:32;-;100,00;97,09;100,00;-;100,00;-;K;-;Zugsicherungs-Stützstelle;;DB1;DB 1;0/00:04:03;-;140,00;1,0000;1,030;-;-;54,0;118,0;PZB;True;False;0;-; 0,0; 0,0; 0,0;DB1: Strecke 1 - Gleis 1 - Strecke 2;0,000000;31642,0;  0,0;6227,3;  0,0;1,030;1,00;1,00;"80 0622-19.0;";0;PZB steigend;;;False;PZB steigend;False;00:32:28;00:32:28;-;-;False;-;-;1948;1948
6760;PZB steigend;0/00:32:28;0/00:32:28;00:32;00:32;00:32;00:32;-;100,00;97,09;100,00;-;100,00;-;K;-;Zugsicherungs-Stützstelle;;DB1;DB 1;0/00:04:03;-;140,00;1,0000;1,030;-;-;54,0;118,0;PZB;True;False;0;-; 0,0; 0,0; 0,0;DB1: Strecke 1 - Gleis 1 - Strecke 2;0,000000;31642,0;  0,0;6227,3;  0,0;1,030;1,00;1,00;"80 0622-19.0;";0;PZB steigend;;;False;PZB steigend;False;00:32:28;00:32:28;-;-;False;-;-;1948;1948
6765;PZB steigend;0/00:32:28;0/00:32:28;00:32;00:32;00:32;00:32;-;100,00;97,09;100,00;-;100,00;-;K;-;DB1 6.765 01A Hauptsignal, Steigend, DFa=3s, rs=20km/h, appr.=0km/h; Ref(5765)=<DB1|5,765/+0|VS|01Va|0>  Anfang(0)=<S1|0,000/+0|GE|3521-0|2>  Ende(6965)=<DB1|6,965/+0|ZSS||0> ;DB1;DB 1;0/00:04:03;-;140,00;1,0000;1,030;-;-;54,0;118,0;PZB;True;False;0;-; 0,0; 0,0; 0,0;DB1: Strecke 1 - Gleis 1 - Strecke 2;0,000000;31642,0;  0,0;6227,3;  0,0;1,030;1,00;1,00;"80 0622-19.0;";0;PZB steigend;3521;;True;PZB steigend;False;00:32:28;00:32:28;-;-;False;-;Betriebsstellengrenze 3521-0 - Weiche 01W1 A (3521);1948;1948
6765;PZB steigend;0/00:32:28;0/00:32:28;00:32;00:32;00:32;00:32;-;100,00;97,09;100,00;165,00;100,00;-;K;-;DB1 6.765 01Vn Vorsignal, Steigend, Fb=9s, KS-Signal; Ref(7765)=<DB1|7,765/+0|HS|01N1|0>  Anfang(7760)=<DB1|7,760/+0|HP|Gl 1 s|0>|1 ;DB1;DB 1;0/00:04:03;-;140,00;1,0000;1,030;-;-;54,0;118,0;PZB;True;False;0;-; 0,0; 0,0; 0,0;DB1: Strecke 1 - Gleis 1 - Strecke 2;0,000000;31642,0;  0,0;6227,3;  0,0;1,030;1,00;1,00;"80 0622-19.0;";0;PZB steigend;3521;;True;PZB steigend;False;00:32:28;00:32:28;-;-;False;-;Betriebsstellengrenze 3521-0 - Weiche 01W1 A (3521);1948;1948
6790;PZB steigend;0/00:32:29;0/00:32:29;00:32;00:32;00:32;00:32;-;100,00;97,09;100,00;165,00;100,00;-;K;-;Zugsicherungs-Stützstelle;;DB1;DB 1;0/00:04:04;-;140,00;1,0000;1,030;-;-;54,0;118,0;PZB;True;False;0;-; 0,0; 0,0; 0,0;DB1: Strecke 1 - Gleis 1 - Strecke 2;0,000000;31642,0;  0,0;6227,3;  0,0;1,030;1,00;1,00;"80 0622-19.0;";0;PZB steigend;;;False;PZB steigend;False;00:32:29;00:32:29;-;-;False;-;-;1949;1949
6815;PZB steigend;0/00:32:30;0/00:32:30;00:33;00:33;00:33;00:33;-;100,00;97,09;100,00;165,00;100,00;-;K;-;Zugsicherungs-Stützstelle;;DB1;DB 1;0/00:04:05;-;140,00;1,0000;1,030;-;-;54,0;118,0;PZB;True;False;0;-; 0,0; 0,0; 0,0;DB1: Strecke 1 - Gleis 1 - Strecke 2;0,000000;31642,0;  0,0;6227,3;  0,0;1,030;1,00;1,00;"80 0622-19.0;";0;PZB steigend;;;False;PZB steigend;False;00:32:30;00:32:30;-;-;False;-;-;1950;1950
6840;PZB steigend;0/00:32:31;0/00:32:31;00:33;00:33;00:33;00:33;-;100,00;97,09;100,00;165,00;100,00;-;K;-;Zugsicherungs-Stützstelle;;DB1;DB 1;0/00:04:06;-;140,00;1,0000;1,030;-;-;54,0;118,0;PZB;True;False;0;-; 0,0; 0,0; 0,0;DB1: Strecke 1 - Gleis 1 - Strecke 2;0,000000;31642,0;  0,0;6227,3;  0,0;1,030;1,00;1,00;"80 0622-19.0;";0;PZB steigend;;;False;PZB steigend;False;00:32:31;00:32:31;-;-;False;-;-;1951;1951
6865;PZB steigend;0/00:32:32;0/00:32:32;00:33;00:33;00:33;00:33;-;100,00;97,09;100,00;165,00;100,00;-;K;-;Zugsicherungs-Stützstelle;;DB1;DB 1;0/00:04:07;-;140,00;1,0000;1,030;-;-;54,0;118,0;PZB;True;False;0;-; 0,0; 0,0; 0,0;DB1: Strecke 1 - Gleis 1 - Strecke 2;0,000000;31642,0;  0,0;6227,3;  0,0;1,030;1,00;1,00;"80 0622-19.0;";0;PZB steigend;;;False;PZB steigend;False;00:32:32;00:32:32;-;-;False;-;-;1952;1952
6890;PZB steigend;0/00:32:33;0/00:32:33;00:33;00:33;00:33;00:33;-;100,00;97,09;100,00;164,10;100,00;-;K;-;Zugsicherungs-Stützstelle;;DB1;DB 1;0/00:04:08;-;140,00;1,0000;1,030;-;-;54,0;118,0;PZB;True;False;0;-; 0,0; 0,0; 0,0;DB1: Strecke 1 - Gleis 1 - Strecke 2;0,000000;31642,0;  0,0;6227,3;  0,0;1,030;1,00;1,00;"80 0622-19.0;";0;PZB steigend;;;False;PZB steigend;False;00:32:33;00:32:33;-;-;False;-;-;1953;1953
6915;PZB steigend;0/00:32:34;0/00:32:34;00:33;00:33;00:33;00:33;-;100,00;97,09;100,00;162,00;100,00;-;K;-;Zugsicherungs-Stützstelle;;DB1;DB 1;0/00:04:08;-;140,00;1,0000;1,030;-;-;54,0;118,0;PZB;True;False;0;-; 0,0; 0,0; 0,0;DB1: Strecke 1 - Gleis 1 - Strecke 2;0,000000;31642,0;  0,0;6227,3;  0,0;1,030;1,00;1,00;"80 0622-19.0;";0;PZB steigend;;;False;PZB steigend;False;00:32:34;00:32:34;-;-;False;-;-;1954;1954
6940;PZB steigend;0/00:32:35;0/00:32:35;00:33;00:33;00:33;00:33;-;100,00;97,09;100,00;159,80;100,00;-;K;-;Zugsicherungs-Stützstelle;;DB1;DB 1;0/00:04:09;-;140,00;1,0000;1,030;-;-;54,0;118,0;PZB;True;False;0;-; 0,0; 0,0; 0,0;DB1: Strecke 1 - Gleis 1 - Strecke 2;0,000000;31642,0;  0,0;6227,3;  0,0;1,030;1,00;1,00;"80 0622-19.0;";0;PZB steigend;;;False;PZB steigend;False;00:32:35;00:32:35;-;-;False;-;-;1955;1955
6965;PZB steigend;0/00:32:36;0/00:32:36;00:33;00:33;00:33;00:33;-;100,00;97,09;100,00;157,60;100,00;-;K;-;DB1 6.965  Zugschlussstelle, Steigend, Signal, Fa=3.00s, SvL; Ref(7019)=<DB1|6,965/+0|ZSS||0>  Ende(7019)=<DB1|6,965/+0|ZSS||0> ;DB1;DB 1;0/00:04:10;-;140,00;1,0000;1,030;-;-;54,0;118,0;PZB;True;False;0;-; 0,0; 0,0; 0,0;DB1: Strecke 1 - Gleis 1 - Strecke 2;0,000000;31642,0;  0,0;6227,3;  0,0;1,030;1,00;1,00;"80 0622-19.0;";0;PZB steigend;3521;;False;PZB steigend;False;00:32:36;00:32:36;-;-;False;-;Betriebsstellengrenze 3521-0 - Weiche 01W1 A (3521);1956;1956
6990;PZB steigend;0/00:32:37;0/00:32:37;00:33;00:33;00:33;00:33;-;100,00;97,09;100,00;155,30;100,00;-;K;-;DB1 6.990 01W1 Weiche, lt=25m, Anfang <6.990 01W1 Weiche, Stamm/6.990 01W1 Weiche, Abzweig links>; Ref(7760)=<DB1|7,760/+0|HP|Gl 1 s|0>|1  Anfang(7760)=<DB1|7,760/+0|HP|Gl 1 s|0>|1  Ende(7035)=<DB1|7,035/+0|ZSS||0> ;DB1;DB 1;0/00:04:11;-;140,00;1,0000;1,030;-;-;54,0;118,0;PZB;True;False;0;-; 0,0; 0,0; 0,0;DB1: Strecke 1 - Gleis 1 - Strecke 2;0,000000;31642,0;  0,0;6227,3;  0,0;1,030;1,00;1,00;"80 0622-19.0;";0;PZB steigend;3521;;True;PZB steigend;False;00:32:37;00:32:37;-;-;False;-;Betriebsstellengrenze 3521-0 - Weiche 01W1 A (3521);1957;1957
6990;PZB steigend;0/00:32:37;0/00:32:37;00:33;00:33;00:33;00:33;-;100,00;97,09;100,00;155,30;100,00;-;K;-;DB1 6.990 01W1 Weiche, lt=25m, Stamm <6.990 01W1 Weiche, Anfang>; Ref(7760)=<DB1|7,760/+0|HP|Gl 1 s|0>|1  Anfang(7760)=<DB1|7,760/+0|HP|Gl 1 s|0>|1  Ende(7035)=<DB1|7,035/+0|ZSS||0> ;DB1;DB 1;0/00:04:11;-;140,00;1,0000;1,030;-;-;54,0;118,0;PZB;True;False;0;-; 0,0; 0,0; 0,0;DB1: Strecke 1 - Gleis 1 - Strecke 2;0,000000;31642,0;  0,0;6227,3;  0,0;1,030;1,00;1,00;"80 0622-19.0;";0;PZB steigend;3521;;True;PZB steigend;False;00:32:37;00:32:37;-;-;False;-;Weiche 01W1 S - Weiche 01W2 S (3521);1957;1957
7015;PZB steigend;0/00:32:38;0/00:32:38;00:33;00:33;00:33;00:33;-;100,00;97,09;100,00;153,00;100,00;-;K;-;Zugsicherungs-Stützstelle;;DB1;DB 1;0/00:04:12;-;140,00;1,0000;1,030;-;-;54,0;118,0;PZB;True;False;0;-; 0,0; 0,0; 0,0;DB1: Strecke 1 - Gleis 1 - Strecke 2;0,000000;31642,0;  0,0;6227,3;  0,0;1,030;1,00;1,00;"80 0622-19.0;";0;PZB steigend;;;False;PZB steigend;False;00:32:38;00:32:38;-;-;False;-;-;1958;1958
7019;PZB steigend;0/00:32:38;0/00:32:38;00:33;00:33;00:33;00:33;-;100,00;97,09;100,00;152,70;100,00;-;K;-;DB1 6.965  Zugschlussstelle, Steigend, Signal, Fa=3.00s, SvL; Ref(6965)=<DB1|6,965/+0|ZSS||0>  Ende(7019)=<DB1|6,965/+0|ZSS||0> ;DB1;DB 1;0/00:04:12;-;140,00;1,0000;1,030;-;-;54,0;118,0;PZB;True;False;54;-; 0,0; 0,0; 0,0;DB1: Strecke 1 - Gleis 1 - Strecke 2;0,000000;31642,0;  0,0;6227,3;  0,0;1,030;1,00;1,00;"80 0622-19.0;";0;PZB steigend;3521;;True;PZB steigend;False;00:32:38;00:32:38;-;-;False;-;Betriebsstellengrenze 3521-0 - Weiche 01W1 A (3521);1958;1958
7035;PZB steigend;0/00:32:38;0/00:32:38;00:33;00:33;00:33;00:33;-;100,00;97,09;100,00;151,20;100,00;-;K;-;DB1 7.035  Zugschlussstelle, Steigend, Fahrstraße, Fa=3.00s, SvL; Ref(7089)=<DB1|7,035/+0|ZSS||0>  Ende(7089)=<DB1|7,035/+0|ZSS||0> ;DB1;DB 1;0/00:04:13;-;140,00;1,0000;1,030;-;-;54,0;118,0;PZB;True;False;0;-; 0,0; 0,0; 0,0;DB1: Strecke 1 - Gleis 1 - Strecke 2;0,000000;31642,0;  0,0;6227,3;  0,0;1,030;1,00;1,00;"80 0622-19.0;";0;PZB steigend;3521;;False;PZB steigend;False;00:32:38;00:32:38;-;-;False;-;Weiche 01W1 S - Weiche 01W2 S (3521);1958;1958
7040;PZB steigend;0/00:32:39;0/00:32:39;00:33;00:33;00:33;00:33;-;100,00;97,09;100,00;150,70;100,00;-;K;-;Zugsicherungs-Stützstelle;;DB1;DB 1;0/00:04:13;-;140,00;1,0000;1,030;-;-;54,0;118,0;PZB;True;False;0;-; 0,0; 0,0; 0,0;DB1: Strecke 1 - Gleis 1 - Strecke 2;0,000000;31642,0;  0,0;6227,3;  0,0;1,030;1,00;1,00;"80 0622-19.0;";0;PZB steigend;;;False;PZB steigend;False;00:32:39;00:32:39;-;-;False;-;-;1959;1959
7065;PZB steigend;0/00:32:40;0/00:32:40;00:33;00:33;00:33;00:33;-;100,00;97,09;100,00;148,40;100,00;-;K;-;Zugsicherungs-Stützstelle;;DB1;DB 1;0/00:04:14;-;140,00;1,0000;1,030;-;-;54,0;118,0;PZB;True;False;0;-; 0,0; 0,0; 0,0;DB1: Strecke 1 - Gleis 1 - Strecke 2;0,000000;31642,0;  0,0;6227,3;  0,0;1,030;1,00;1,00;"80 0622-19.0;";0;PZB steigend;;;False;PZB steigend;False;00:32:40;00:32:40;-;-;False;-;-;1960;1960
7089;PZB steigend;0/00:32:40;0/00:32:40;00:33;00:33;00:33;00:33;-;100,00;97,09;100,00;146,10;100,00;-;K;-;DB1 7.035  Zugschlussstelle, Steigend, Fahrstraße, Fa=3.00s, SvL; Ref(7035)=<DB1|7,035/+0|ZSS||0>  Ende(7089)=<DB1|7,035/+0|ZSS||0> ;DB1;DB 1;0/00:04:15;-;140,00;1,0000;1,030;-;-;54,0;118,0;PZB;True;False;54;-; 0,0; 0,0; 0,0;DB1: Strecke 1 - Gleis 1 - Strecke 2;0,000000;31642,0;  0,0;6227,3;  0,0;1,030;1,00;1,00;"80 0622-19.0;";0;PZB steigend;3521;;True;PZB steigend;False;00:32:40;00:32:40;-;-;False;-;Weiche 01W1 S - Weiche 01W2 S (3521);1960;1960
7090;PZB steigend;0/00:32:40;0/00:32:40;00:33;00:33;00:33;00:33;-;100,00;97,09;100,00;146,00;100,00;-;K;-;Zugsicherungs-Stützstelle;;DB1;DB 1;0/00:04:15;-;140,00;1,0000;1,030;-;-;54,0;118,0;PZB;True;False;0;-; 0,0; 0,0; 0,0;DB1: Strecke 1 - Gleis 1 - Strecke 2;0,000000;31642,0;  0,0;6227,3;  0,0;1,030;1,00;1,00;"80 0622-19.0;";0;PZB steigend;;;False;PZB steigend;False;00:32:40;00:32:40;-;-;False;-;-;1960;1960
7115;PZB steigend;0/00:32:41;0/00:32:41;00:33;00:33;00:33;00:33;-;100,00;97,09;100,00;143,60;100,00;-;K;-;Zugsicherungs-Stützstelle;;DB1;DB 1;0/00:04:16;-;140,00;1,0000;1,030;-;-;54,0;118,0;PZB;True;False;0;-; 0,0; 0,0; 0,0;DB1: Strecke 1 - Gleis 1 - Strecke 2;0,000000;31642,0;  0,0;6227,3;  0,0;1,030;1,00;1,00;"80 0622-19.0;";0;PZB steigend;;;False;PZB steigend;False;00:32:41;00:32:41;-;-;False;-;-;1961;1961
7140;PZB steigend;0/00:32:42;0/00:32:42;00:33;00:33;00:33;00:33;-;100,00;97,09;100,00;141,10;100,00;-;K;-;Zugsicherungs-Stützstelle;;DB1;DB 1;0/00:04:17;-;140,00;1,0000;1,030;-;-;54,0;118,0;PZB;True;False;0;-; 0,0; 0,0; 0,0;DB1: Strecke 1 - Gleis 1 - Strecke 2;0,000000;31642,0;  0,0;6227,3;  0,0;1,030;1,00;1,00;"80 0622-19.0;";0;PZB steigend;;;False;PZB steigend;False;00:32:42;00:32:42;-;-;False;-;-;1962;1962
7165;PZB steigend;0/00:32:43;0/00:32:43;00:33;00:33;00:33;00:33;-;100,00;97,09;100,00;138,60;100,00;-;K;-;Zugsicherungs-Stützstelle;;DB1;DB 1;0/00:04:17;-;140,00;1,0000;1,030;-;-;54,0;118,0;PZB;True;False;0;-; 0,0; 0,0; 0,0;DB1: Strecke 1 - Gleis 1 - Strecke 2;0,000000;31642,0;  0,0;6227,3;  0,0;1,030;1,00;1,00;"80 0622-19.0;";0;PZB steigend;;;False;PZB steigend;False;00:32:43;00:32:43;-;-;False;-;-;1963;1963
7187;PZB steigend;0/00:32:44;0/00:32:44;00:33;00:33;00:33;00:33;-;100,00;97,09;100,00;138,60;100,00;-;K;-;;;DB1;DB 1;0/00:04:18;-;140,00;1,0000;1,030;-;-;54,0;118,0;PZB;True;False;0;-; 0,0; 0,0; 0,0;DB1: Strecke 1 - Gleis 1 - Strecke 2;-0,700000;31642,0;  0,0;6227,3;  0,0;1,030;1,00;1,00;"80 0622-19.0;";0;PZB steigend;;;False;PZB steigend;False;00:32:44;00:32:44;-;-;False;-;-;1964;1964
7190;PZB steigend;0/00:32:44;0/00:32:44;00:33;00:33;00:33;00:33;-;99,69;96,79;100,00;136,00;100,00;-;B;-;Zugsicherungs-Stützstelle;;DB1;DB 1;0/00:04:18;-;140,00;1,0000;1,030;-;-;54,0;118,0;PZB;True;False;0;-; 0,0; 0,0; 0,0;DB1: Strecke 1 - Gleis 1 - Strecke 2;-0,700000;31656,3;  0,0;6203,7;  0,0;1,030;1,00;1,00;"80 0622-19.0;";0;PZB steigend;;;False;PZB steigend;False;00:32:44;00:32:44;-;-;False;-;-;1964;1964
7215;PZB steigend;0/00:32:45;0/00:32:45;00:33;00:33;00:33;00:33;-;97,39;94,55;100,00;133,40;100,00;-;B;-;Zugsicherungs-Stützstelle;;DB1;DB 1;0/00:04:19;-;140,00;1,0000;1,030;-;-;54,0;118,0;PZB;True;False;0;-; 0,0; 0,0; 0,0;DB1: Strecke 1 - Gleis 1 - Strecke 2;-0,700000;31761,9;  0,0;6030,3;  0,0;1,030;1,00;1,00;"80 0622-19.0;";0;PZB steigend;;;False;PZB steigend;False;00:32:45;00:32:45;-;-;False;-;-;1965;1965
7240;PZB steigend;0/00:32:46;0/00:32:46;00:33;00:33;00:33;00:33;-;95,03;92,26;100,00;130,80;100,00;-;B;-;Zugsicherungs-Stützstelle;;DB1;DB 1;0/00:04:20;-;140,00;1,0000;1,030;-;-;54,0;118,0;PZB;True;False;0;-; 0,0; 0,0; 0,0;DB1: Strecke 1 - Gleis 1 - Strecke 2;-0,700000;31845,0;  0,0;5856,0;  0,0;1,030;1,00;1,00;"80 0622-19.0;";0;PZB steigend;;;False;PZB steigend;False;00:32:46;00:32:46;-;-;False;-;-;1966;1966
7265;PZB steigend;0/00:32:47;0/00:32:47;00:33;00:33;00:33;00:33;-;92,61;89,91;100,00;128,00;100,00;-;B;-;Zugsicherungs-Stützstelle;;DB1;DB 1;0/00:04:21;-;140,00;1,0000;1,030;-;-;54,0;118,0;PZB;True;False;0;-; 0,0; 0,0; 0,0;DB1: Strecke 1 - Gleis 1 - Strecke 2;-0,700000;31899,8;  0,0;5681,0;  0,0;1,030;1,00;1,00;"80 0622-19.0;";0;PZB steigend;;;False;PZB steigend;False;00:32:47;00:32:47;-;-;False;-;-;1967;1967
7290;PZB steigend;0/00:32:48;0/00:32:48;00:33;00:33;00:33;00:33;-;90,13;87,50;100,00;125,30;100,00;-;B;-;Zugsicherungs-Stützstelle;;DB1;DB 1;0/00:04:22;-;140,00;1,0000;1,030;-;-;54,0;118,0;PZB;True;False;0;-; 0,0; 0,0; 0,0;DB1: Strecke 1 - Gleis 1 - Strecke 2;-0,700000;31920,6;  0,0;5505,8;  0,0;1,030;1,00;1,00;"80 0622-19.0;";0;PZB steigend;;;False;PZB steigend;False;00:32:48;00:32:48;-;-;False;-;-;1968;1968
7315;PZB steigend;0/00:32:49;0/00:32:49;00:33;00:33;00:33;00:33;-;87,58;85,03;100,00;122,40;100,00;-;B;-;Zugsicherungs-Stützstelle;;DB1;DB 1;0/00:04:23;-;140,00;1,0000;1,030;-;-;54,0;118,0;PZB;True;False;0;-; 0,0; 0,0; 0,0;DB1: Strecke 1 - Gleis 1 - Strecke 2;-0,700000;37074,0;  0,0;5329,8;  0,0;1,030;1,00;1,00;"80 0622-19.0;";0;PZB steigend;;;False;PZB steigend;False;00:32:49;00:32:49;-;-;False;-;-;1969;1969
7340;PZB steigend;0/00:32:50;0/00:32:50;00:33;00:33;00:33;00:33;-;84,95;82,48;100,00;119,50;100,00;-;B;-;Zugsicherungs-Stützstelle;;DB1;DB 1;0/00:04:24;-;140,00;1,0000;1,030;-;-;54,0;118,0;PZB;True;False;0;-; 0,0; 0,0; 0,0;DB1: Strecke 1 - Gleis 1 - Strecke 2;-0,700000;40851,0;  0,0;5152,7;  0,0;1,030;1,00;1,00;"80 0622-19.0;";0;PZB steigend;;;False;PZB steigend;False;00:32:50;00:32:50;-;-;False;-;-;1970;1970
7365;PZB steigend;0/00:32:51;0/00:32:51;00:33;00:33;00:33;00:33;-;82,24;79,84;100,00;116,60;100,00;-;B;-;Zugsicherungs-Stützstelle;;DB1;DB 1;0/00:04:25;-;140,00;1,0000;1,030;-;-;54,0;118,0;PZB;True;False;0;-; 0,0; 0,0; 0,0;DB1: Strecke 1 - Gleis 1 - Strecke 2;-0,700000;41662,9;  0,0;4975,1;  0,0;1,030;1,00;1,00;"80 0622-19.0;";0;PZB steigend;;;False;PZB steigend;False;00:32:51;00:32:51;-;-;False;-;-;1971;1971
7390;PZB steigend;0/00:32:52;0/00:32:52;00:33;00:33;00:33;00:33;-;79,43;77,12;100,00;113,50;100,00;-;B;-;Zugsicherungs-Stützstelle;;DB1;DB 1;0/00:04:26;-;140,00;1,0000;1,030;-;-;54,0;118,0;PZB;True;False;0;-; 0,0; 0,0; 0,0;DB1: Strecke 1 - Gleis 1 - Strecke 2;-0,700000;42230,8;  0,0;4796,0;  0,0;1,030;1,00;1,00;"80 0622-19.0;";0;PZB steigend;;;False;PZB steigend;False;00:32:52;00:32:52;-;-;False;-;-;1972;1972
7391;PZB steigend;0/00:32:52;0/00:32:52;00:33;00:33;00:33;00:33;-;79,32;77,01;100,00;85,00;100,00;-;B;-;Zugsicherungs-Stützstelle;;DB1;DB 1;0/00:04:26;-;140,00;1,0000;1,030;-;-;54,0;118,0;PZB;True;False;0;-; 0,0; 0,0; 0,0;DB1: Strecke 1 - Gleis 1 - Strecke 2;-0,700000;42254,3;  0,0;4789,1;  0,0;1,030;1,00;1,00;"80 0622-19.0;";0;PZB steigend;;;False;PZB steigend;False;00:32:52;00:32:52;-;-;False;-;-;1972;1972
7415;PZB steigend;0/00:32:54;0/00:32:54;00:33;00:33;00:33;00:33;-;76,53;74,30;100,00;85,00;100,00;-;B;-;Zugsicherungs-Stützstelle;;DB1;DB 1;0/00:04:28;-;140,00;1,0000;1,030;-;-;54,0;118,0;PZB;True;False;0;-; 0,0; 0,0; 0,0;DB1: Strecke 1 - Gleis 1 - Strecke 2;-0,700000;42828,2;  0,0;4616,6;  0,0;1,030;1,00;1,00;"80 0622-19.0;";0;PZB steigend;;;False;PZB steigend;False;00:32:54;00:32:54;-;-;False;-;-;1974;1974
7440;PZB steigend;0/00:32:55;0/00:32:55;00:33;00:33;00:33;00:33;-;73,51;71,37;100,00;85,00;100,00;-;B;-;Zugsicherungs-Stützstelle;;DB1;DB 1;0/00:04:29;-;140,00;1,0000;1,030;-;-;54,0;118,0;PZB;True;False;0;-; 0,0; 0,0; 0,0;DB1: Strecke 1 - Gleis 1 - Strecke 2;-0,700000;43096,1;  0,0;4435,7;  0,0;1,030;1,00;1,00;"80 0622-19.0;";0;PZB steigend;;;False;PZB steigend;False;00:32:55;00:32:55;-;-;False;-;-;1975;1975
7460;PZB steigend;0/00:32:56;0/00:32:56;00:33;00:33;00:33;00:33;-;71,00;68,93;100,00;85,00;100,00;-;B;-;Zugsicherungs-Stützstelle;;DB1;DB 1;0/00:04:30;-;140,00;1,0000;1,030;-;-;54,0;118,0;PZB;True;False;0;-; 0,0; 0,0; 0,0;DB1: Strecke 1 - Gleis 1 - Strecke 2;-0,700000;43312,0;  0,0;4290,0;  0,0;1,030;1,00;1,00;"80 0622-19.0;";0;PZB steigend;;;False;PZB steigend;False;00:32:56;00:32:56;-;-;False;-;-;1976;1976
7465;PZB steigend;0/00:32:56;0/00:32:56;00:33;00:33;00:33;00:33;-;70,36;68,31;100,00;85,00;100,00;-;B;-;Zugsicherungs-Stützstelle;;DB1;DB 1;0/00:04:30;-;140,00;1,0000;1,030;-;-;54,0;118,0;PZB;True;False;0;-; 0,0; 0,0; 0,0;DB1: Strecke 1 - Gleis 1 - Strecke 2;-0,700000;43348,1;  0,0;4253,5;  0,0;1,030;1,00;1,00;"80 0622-19.0;";0;PZB steigend;;;False;PZB steigend;False;00:32:56;00:32:56;-;-;False;-;-;1976;1976
7470;PZB steigend;0/00:32:56;0/00:32:56;00:33;00:33;00:33;00:33;-;69,71;67,68;100,00;85,00;100,00;-;B;-;Zugsicherungs-Stützstelle;;DB1;DB 1;0/00:04:30;-;140,00;1,0000;1,030;-;-;54,0;118,0;PZB;True;False;0;-; 0,0; 0,0; 0,0;DB1: Strecke 1 - Gleis 1 - Strecke 2;-0,700000;43388,5;  0,0;4216,7;  0,0;1,030;1,00;1,00;"80 0622-19.0;";0;PZB steigend;;;False;PZB steigend;False;00:32:56;00:32:56;-;-;False;-;-;1976;1976
7490;PZB steigend;0/00:32:57;0/00:32:57;00:33;00:33;00:33;00:33;-;67,06;65,11;100,00;85,00;100,00;-;B;-;Zugsicherungs-Stützstelle;;DB1;DB 1;0/00:04:31;-;140,00;1,0000;1,030;-;-;54,0;118,0;PZB;True;False;0;-; 0,0; 0,0; 0,0;DB1: Strecke 1 - Gleis 1 - Strecke 2;-0,700000;43479,4;  0,0;4069,5;  0,0;1,030;1,00;1,00;"80 0622-19.0;";0;PZB steigend;;;False;PZB steigend;False;00:32:57;00:32:57;-;-;False;-;-;1977;1977
7500;PZB steigend;0/00:32:58;0/00:32:58;00:33;00:33;00:33;00:33;-;65,69;63,78;100,00;85,00;100,00;-;K;-;DB1 7.500 Gleis 1 Fahrzeitmesspunkt, Beide Richtungen;;DB1;DB 1;0/00:04:32;-;140,00;1,0000;1,030;-;-;54,0;118,0;PZB;True;False;0;-; 0,0; 0,0; 0,0;DB1: Strecke 1 - Gleis 1 - Strecke 2;-0,700000;43503,1;  0,0;3995,3;  0,0;1,030;1,00;1,00;"80 0622-19.0;";0;PZB steigend;3521;;True;PZB steigend;False;00:32:58;00:32:58;-;-;False;-;Weiche 01W1 S - Weiche 01W2 S (3521);1978;1978
7505;PZB steigend;0/00:32:58;0/00:32:58;00:33;00:33;00:33;00:33;-;65,00;63,11;100,00;65,00;100,00;-;K;-;DB1 7.505 PZB 500 Punktbeeinflussung, Steigend, Konventionell, kennung=500; Ref(7760)=<DB1|7,760/+0|HP|Gl 1 s|0>|1 ;DB1;DB 1;0/00:04:32;-;140,00;1,0000;1,030;-;-;54,0;118,0;PZB;True;False;0;-; 0,0; 0,0; 0,0;DB1: Strecke 1 - Gleis 1 - Strecke 2;-0,649000;43527,0;  0,0;3958,3;  0,0;1,030;1,00;1,00;"80 0622-19.0;";0;PZB steigend;3521;;True;PZB steigend;False;00:32:58;00:32:58;-;-;False;-;Weiche 01W1 S - Weiche 01W2 S (3521);1978;1978
7515;PZB steigend;0/00:32:59;0/00:32:59;00:33;00:33;00:33;00:33;-;63,69;61,83;100,00;63,70;100,00;-;K;-;Zugsicherungs-Stützstelle;;DB1;DB 1;0/00:04:33;-;140,00;1,0000;1,030;-;-;54,0;118,0;PZB;True;False;0;-; 0,0; 0,0; 0,0;DB1: Strecke 1 - Gleis 1 - Strecke 2;-0,639000;50421,5;  0,0;3889,1;  0,0;1,030;1,00;1,00;"80 0622-19.0;";0;PZB steigend;;;False;PZB steigend;False;00:32:59;00:32:59;-;-;False;-;-;1979;1979
7525;PZB steigend;0/00:32:59;0/00:32:59;00:33;00:33;00:33;00:33;-;62,39;60,57;100,00;62,40;100,00;-;K;-;Zugsicherungs-Stützstelle;;DB1;DB 1;0/00:04:33;-;140,00;1,0000;1,030;-;-;54,0;118,0;PZB;True;False;0;-; 0,0; 0,0; 0,0;DB1: Strecke 1 - Gleis 1 - Strecke 2;-0,625000;54053,0;  0,0;3821,5;  0,0;1,030;1,00;1,00;"80 0622-19.0;";0;PZB steigend;;;False;PZB steigend;False;00:32:59;00:32:59;-;-;False;-;-;1979;1979
7535;PZB steigend;0/00:33:00;0/00:33:00;00:33;00:33;00:33;00:33;-;61,08;59,30;100,00;61,10;100,00;-;K;-;Zugsicherungs-Stützstelle;;DB1;DB 1;0/00:04:34;-;140,00;1,0000;1,030;-;-;54,0;118,0;PZB;True;False;0;-; 0,0; 0,0; 0,0;DB1: Strecke 1 - Gleis 1 - Strecke 2;0,411000;54053,0;  0,0;3754,5;  0,0;1,030;1,00;1,00;"80 0622-19.0;";0;PZB steigend;;;False;PZB steigend;False;00:33:00;00:33:00;-;-;False;-;-;1980;1980
7535;PZB steigend;0/00:33:00;0/00:33:00;00:33;00:33;00:33;00:33;-;61,08;59,30;100,00;61,10;100,00;-;K;-;;;DB1;DB 1;0/00:04:34;-;140,00;1,0000;1,030;-;-;54,0;118,0;PZB;True;False;0;-; 0,0; 0,0; 0,0;DB1: Strecke 1 - Gleis 1 - Strecke 2;-0,700000;54053,0;  0,0;3754,5;  0,0;1,030;1,00;1,00;"80 0622-19.0;";0;PZB steigend;;;False;PZB steigend;False;00:33:00;00:33:00;-;-;False;-;-;1980;1980
7540;PZB steigend;0/00:33:00;0/00:33:00;00:33;00:33;00:33;00:33;-;60,40;58,64;100,00;60,40;100,00;-;K;-;Zugsicherungs-Stützstelle;;DB1;DB 1;0/00:04:34;-;140,00;1,0000;1,030;-;-;54,0;118,0;PZB;True;False;0;-; 0,0; 0,0; 0,0;DB1: Strecke 1 - Gleis 1 - Strecke 2;-0,583000;54053,0;  0,0;3720,1;  0,0;1,030;1,00;1,00;"80 0622-19.0;";0;PZB steigend;;;False;PZB steigend;False;00:33:00;00:33:00;-;-;False;-;-;1980;1980
7545;PZB steigend;0/00:33:01;0/00:33:01;00:33;00:33;00:33;00:33;-;59,77;58,03;100,00;59,80;100,00;-;K;-;Zugsicherungs-Stützstelle;;DB1;DB 1;0/00:04:34;-;140,00;1,0000;1,030;-;-;54,0;118,0;PZB;True;False;0;-; 0,0; 0,0; 0,0;DB1: Strecke 1 - Gleis 1 - Strecke 2;0,411000;54053,0;  0,0;3688,6;  0,0;1,030;1,00;1,00;"80 0622-19.0;";0;PZB steigend;;;False;PZB steigend;False;00:33:01;00:33:01;-;-;False;-;-;1981;1981
7546;PZB steigend;0/00:33:01;0/00:33:01;00:33;00:33;00:33;00:33;-;59,77;58,03;100,00;59,80;100,00;-;K;-;;;DB1;DB 1;0/00:04:34;-;140,00;1,0000;1,030;-;-;54,0;118,0;PZB;True;False;0;-; 0,0; 0,0; 0,0;DB1: Strecke 1 - Gleis 1 - Strecke 2;-0,700000;54053,0;  0,0;3688,6;  0,0;1,030;1,00;1,00;"80 0622-19.0;";0;PZB steigend;;;False;PZB steigend;False;00:33:01;00:33:01;-;-;False;-;-;1981;1981
7555;PZB steigend;0/00:33:01;0/00:33:01;00:33;00:33;00:33;00:33;-;58,50;56,80;100,00;58,50;100,00;-;K;-;Zugsicherungs-Stützstelle;;DB1;DB 1;0/00:04:35;-;140,00;1,0000;1,030;-;-;54,0;118,0;PZB;True;False;0;-; 0,0; 0,0; 0,0;DB1: Strecke 1 - Gleis 1 - Strecke 2;-0,599000;54053,0;  0,0;3625,8;  0,0;1,030;1,00;1,00;"80 0622-19.0;";0;PZB steigend;;;False;PZB steigend;False;00:33:01;00:33:01;-;-;False;-;-;1981;1981
7565;PZB steigend;0/00:33:02;0/00:33:02;00:33;00:33;00:33;00:33;-;57,16;55,50;100,00;57,20;100,00;-;K;-;Zugsicherungs-Stützstelle;;DB1;DB 1;0/00:04:36;-;140,00;1,0000;1,030;-;-;54,0;118,0;PZB;True;False;0;-; 0,0; 0,0; 0,0;DB1: Strecke 1 - Gleis 1 - Strecke 2;0,412000;54053,0;  0,0;3560,7;  0,0;1,030;1,00;1,00;"80 0622-19.0;";0;PZB steigend;;;False;PZB steigend;False;00:33:02;00:33:02;-;-;False;-;-;1982;1982
7566;PZB steigend;0/00:33:02;0/00:33:02;00:33;00:33;00:33;00:33;-;57,16;55,50;100,00;57,20;100,00;-;K;-;;;DB1;DB 1;0/00:04:36;-;140,00;1,0000;1,030;-;-;54,0;118,0;PZB;True;False;0;-; 0,0; 0,0; 0,0;DB1: Strecke 1 - Gleis 1 - Strecke 2;-0,700000;54053,0;  0,0;3560,7;  0,0;1,030;1,00;1,00;"80 0622-19.0;";0;PZB steigend;;;False;PZB steigend;False;00:33:02;00:33:02;-;-;False;-;-;1982;1982
7575;PZB steigend;0/00:33:03;0/00:33:03;00:33;00:33;00:33;00:33;-;55,80;54,17;100,00;55,80;100,00;-;K;-;Zugsicherungs-Stützstelle;;DB1;DB 1;0/00:04:36;-;140,00;1,0000;1,030;-;-;54,0;118,0;PZB;True;False;0;-; 0,0; 0,0; 0,0;DB1: Strecke 1 - Gleis 1 - Strecke 2;-0,535000;54053,0;  0,0;3495,9;  0,0;1,030;1,00;1,00;"80 0622-19.0;";0;PZB steigend;;;False;PZB steigend;False;00:33:03;00:33:03;-;-;False;-;-;1983;1983
7585;PZB steigend;0/00:33:03;0/00:33:03;00:33;00:33;00:33;00:33;-;54,50;52,91;100,00;54,50;100,00;-;K;-;Zugsicherungs-Stützstelle;;DB1;DB 1;0/00:04:37;-;140,00;1,0000;1,030;-;-;54,0;118,0;PZB;True;False;0;-; 0,0; 0,0; 0,0;DB1: Strecke 1 - Gleis 1 - Strecke 2;0,000000;54053,0;  0,0;3435,0;  0,0;1,030;1,00;1,00;"80 0622-19.0;";0;PZB steigend;;;False;PZB steigend;False;00:33:03;00:33:03;-;-;False;-;-;1983;1983
7586;PZB steigend;0/00:33:03;0/00:33:03;00:33;00:33;00:33;00:33;-;54,50;52,91;100,00;54,50;100,00;-;K;-;;;DB1;DB 1;0/00:04:37;-;140,00;1,0000;1,030;-;-;54,0;118,0;PZB;True;False;0;-; 0,0; 0,0; 0,0;DB1: Strecke 1 - Gleis 1 - Strecke 2;-0,700000;54053,0;  0,0;3435,0;  0,0;1,030;1,00;1,00;"80 0622-19.0;";0;PZB steigend;;;False;PZB steigend;False;00:33:03;00:33:03;-;-;False;-;-;1983;1983
7590;PZB steigend;0/00:33:04;0/00:33:04;00:33;00:33;00:33;00:33;-;53,90;52,33;100,00;53,90;100,00;-;K;-;Zugsicherungs-Stützstelle;;DB1;DB 1;0/00:04:37;-;140,00;1,0000;1,030;-;-;54,0;118,0;PZB;True;False;0;-; 0,0; 0,0; 0,0;DB1: Strecke 1 - Gleis 1 - Strecke 2;-0,549000;54053,0;  0,0;3407,3;  0,0;1,030;1,00;1,00;"80 0622-19.0;";0;PZB steigend;;;False;PZB steigend;False;00:33:04;00:33:04;-;-;False;-;-;1984;1984
7595;PZB steigend;0/00:33:04;0/00:33:04;00:33;00:33;00:33;00:33;-;53,20;51,65;100,00;53,20;100,00;-;K;-;Zugsicherungs-Stützstelle;;DB1;DB 1;0/00:04:38;-;140,00;1,0000;1,030;-;-;54,0;118,0;PZB;True;False;0;-; 0,0; 0,0; 0,0;DB1: Strecke 1 - Gleis 1 - Strecke 2;0,000000;54053,0;  0,0;3375,3;  0,0;1,030;1,00;1,00;"80 0622-19.0;";0;PZB steigend;;;False;PZB steigend;False;00:33:04;00:33:04;-;-;False;-;-;1984;1984
7597;PZB steigend;0/00:33:04;0/00:33:04;00:33;00:33;00:33;00:33;-;53,20;51,65;100,00;53,20;100,00;-;K;-;;;DB1;DB 1;0/00:04:38;-;140,00;1,0000;1,030;-;-;54,0;118,0;PZB;True;False;0;-; 0,0; 0,0; 0,0;DB1: Strecke 1 - Gleis 1 - Strecke 2;-0,700000;54053,0;  0,0;3375,3;  0,0;1,030;1,00;1,00;"80 0622-19.0;";0;PZB steigend;;;False;PZB steigend;False;00:33:04;00:33:04;-;-;False;-;-;1984;1984
7605;PZB steigend;0/00:33:05;0/00:33:05;00:33;00:33;00:33;00:33;-;51,90;50,39;100,00;51,90;100,00;-;K;-;Zugsicherungs-Stützstelle;;DB1;DB 1;0/00:04:38;-;140,00;1,0000;1,030;-;-;54,0;118,0;PZB;True;False;0;-; 0,0; 0,0; 0,0;DB1: Strecke 1 - Gleis 1 - Strecke 2;-0,506000;54053,0;  0,0;3316,7;  0,0;1,030;1,00;1,00;"80 0622-19.0;";0;PZB steigend;;;False;PZB steigend;False;00:33:05;00:33:05;-;-;False;-;-;1985;1985
7615;PZB steigend;0/00:33:05;0/00:33:05;00:33;00:33;00:33;00:33;-;50,60;49,13;100,00;50,60;100,00;-;K;-;Zugsicherungs-Stützstelle;;DB1;DB 1;0/00:04:39;-;140,00;1,0000;1,030;-;-;54,0;118,0;PZB;True;False;0;-; 0,0; 0,0; 0,0;DB1: Strecke 1 - Gleis 1 - Strecke 2;0,000000;54053,0;  0,0;3259,2;  0,0;1,030;1,00;1,00;"80 0622-19.0;";0;PZB steigend;;;False;PZB steigend;False;00:33:05;00:33:05;-;-;False;-;-;1985;1985
7618;PZB steigend;0/00:33:06;0/00:33:06;00:33;00:33;00:33;00:33;-;50,60;49,13;100,00;50,60;100,00;-;K;-;;;DB1;DB 1;0/00:04:39;-;140,00;1,0000;1,030;-;-;54,0;118,0;PZB;True;False;0;-; 0,0; 0,0; 0,0;DB1: Strecke 1 - Gleis 1 - Strecke 2;-0,700000;54053,0;  0,0;3259,2;  0,0;1,030;1,00;1,00;"80 0622-19.0;";0;PZB steigend;;;False;PZB steigend;False;00:33:06;00:33:06;-;-;False;-;-;1986;1986
7625;PZB steigend;0/00:33:06;0/00:33:06;00:33;00:33;00:33;00:33;-;49,30;47,86;100,00;49,30;100,00;-;K;-;Zugsicherungs-Stützstelle;;DB1;DB 1;0/00:04:40;-;140,00;1,0000;1,030;-;-;54,0;118,0;PZB;True;False;0;-; 0,0; 0,0; 0,0;DB1: Strecke 1 - Gleis 1 - Strecke 2;-0,486000;54053,0;  0,0;3202,8;  0,0;1,030;1,00;1,00;"80 0622-19.0;";0;PZB steigend;;;False;PZB steigend;False;00:33:06;00:33:06;-;-;False;-;-;1986;1986
7628;PZB steigend;0/00:33:06;0/00:33:06;00:33;00:33;00:33;00:33;-;48,87;47,45;100,00;49,30;100,00;-;K;-;;;DB1;DB 1;0/00:04:40;-;140,00;1,0000;1,030;-;-;54,0;118,0;PZB;True;False;0;-; 0,0; 0,0; 0,0;DB1: Strecke 1 - Gleis 1 - Strecke 2;-0,700000;54053,0;  0,0;3184,4;  0,0;1,030;1,00;1,00;"80 0622-19.0;";0;PZB steigend;;;False;PZB steigend;False;00:33:06;00:33:06;-;-;False;-;-;1986;1986
7635;PZB steigend;0/00:33:07;0/00:33:07;00:33;00:33;00:33;00:33;-;47,62;46,23;100,00;48,00;100,00;-;B;-;Zugsicherungs-Stützstelle;;DB1;DB 1;0/00:04:40;-;140,00;1,0000;1,030;-;-;54,0;118,0;PZB;True;False;0;-; 0,0; 0,0; 0,0;DB1: Strecke 1 - Gleis 1 - Strecke 2;-0,700000;54053,0;  0,0;3131,6;  0,0;1,030;1,00;1,00;"80 0622-19.0;";0;PZB steigend;;;False;PZB steigend;False;00:33:07;00:33:07;-;-;False;-;-;1987;1987
7640;PZB steigend;0/00:33:07;0/00:33:07;00:33;00:33;00:33;00:33;-;46,66;45,30;100,00;47,40;100,00;-;B;-;Zugsicherungs-Stützstelle;;DB1;DB 1;0/00:04:41;-;140,00;1,0000;1,030;-;-;54,0;118,0;PZB;True;False;0;-; 0,0; 0,0; 0,0;DB1: Strecke 1 - Gleis 1 - Strecke 2;-0,700000;54053,0;  0,0;3091,7;  0,0;1,030;1,00;1,00;"80 0622-19.0;";0;PZB steigend;;;False;PZB steigend;False;00:33:07;00:33:07;-;-;False;-;-;1987;1987
7645;PZB steigend;0/00:33:08;0/00:33:08;00:33;00:33;00:33;00:33;-;45,68;44,35;100,00;46,70;100,00;-;B;-;Zugsicherungs-Stützstelle;;DB1;DB 1;0/00:04:41;-;140,00;1,0000;1,030;-;-;54,0;118,0;PZB;True;False;0;-; 0,0; 0,0; 0,0;DB1: Strecke 1 - Gleis 1 - Strecke 2;-0,700000;54053,0;  0,0;3051,6;  0,0;1,030;1,00;1,00;"80 0622-19.0;";0;PZB steigend;;;False;PZB steigend;False;00:33:08;00:33:08;-;-;False;-;-;1988;1988
7655;PZB steigend;0/00:33:09;0/00:33:09;00:33;00:33;00:33;00:33;-;43,65;42,38;100,00;45,40;100,00;-;B;-;Zugsicherungs-Stützstelle;;DB1;DB 1;0/00:04:42;-;140,00;1,0000;1,030;-;-;54,0;118,0;PZB;True;False;0;-; 0,0; 0,0; 0,0;DB1: Strecke 1 - Gleis 1 - Strecke 2;-0,700000;55390,1;  0,0;2970,6;  0,0;1,030;1,00;1,00;"80 0622-19.0;";0;PZB steigend;;;False;PZB steigend;False;00:33:09;00:33:09;-;-;False;-;-;1989;1989
7658;PZB steigend;0/00:33:09;0/00:33:09;00:33;00:33;00:33;00:33;-;43,02;41,77;100,00;45,00;100,00;-;B;-;Zugsicherungs-Stützstelle;;DB1;DB 1;0/00:04:42;-;140,00;1,0000;1,030;-;-;54,0;118,0;PZB;True;False;0;-; 0,0; 0,0; 0,0;DB1: Strecke 1 - Gleis 1 - Strecke 2;-0,700000;57795,7;  0,0;2946,1;  0,0;1,030;1,00;1,00;"80 0622-19.0;";0;PZB steigend;;;False;PZB steigend;False;00:33:09;00:33:09;-;-;False;-;-;1989;1989
7665;PZB steigend;0/00:33:09;0/00:33:09;00:33;00:33;00:33;00:33;-;41,52;40,31;100,00;45,00;100,00;-;B;-;Zugsicherungs-Stützstelle;;DB1;DB 1;0/00:04:43;-;140,00;1,0000;1,030;-;-;54,0;118,0;PZB;True;False;0;-; 0,0; 0,0; 0,0;DB1: Strecke 1 - Gleis 1 - Strecke 2;-0,700000;75886,6;  0,0;2888,6;  0,0;1,030;1,00;1,00;"80 0622-19.0;";0;PZB steigend;;;False;PZB steigend;False;00:33:09;00:33:09;-;-;False;-;-;1989;1989
7690;PZB steigend;0/00:33:12;0/00:33:12;00:33;00:33;00:33;00:33;-;35,64;34,60;100,00;45,00;100,00;-;B;-;Zugsicherungs-Stützstelle;;DB1;DB 1;0/00:04:45;-;140,00;1,0000;1,030;-;-;54,0;118,0;PZB;True;False;0;-; 0,0; 0,0; 0,0;DB1: Strecke 1 - Gleis 1 - Strecke 2;-0,700000;82216,0;  0,0;2677,6;  0,0;1,030;1,00;1,00;"80 0622-19.0;";0;PZB steigend;;;False;PZB steigend;False;00:33:12;00:33:12;-;-;False;-;-;1992;1992
7705;PZB steigend;0/00:33:13;0/00:33:13;00:33;00:33;00:33;00:33;-;31,59;30,67;100,00;45,00;100,00;-;B;-;Zugsicherungs-Stützstelle;;DB1;DB 1;0/00:04:47;-;140,00;1,0000;1,030;-;-;54,0;118,0;PZB;True;False;0;-; 0,0; 0,0; 0,0;DB1: Strecke 1 - Gleis 1 - Strecke 2;-0,700000;82216,0;  0,0;2545,5;  0,0;1,030;1,00;1,00;"80 0622-19.0;";0;PZB steigend;;;False;PZB steigend;False;00:33:13;00:33:13;-;-;False;-;-;1993;1993
7710;PZB steigend;0/00:33:14;0/00:33:14;00:33;00:33;00:33;00:33;-;30,12;29,24;100,00;45,00;100,00;-;B;-;Zugsicherungs-Stützstelle;;DB1;DB 1;0/00:04:47;-;140,00;1,0000;1,030;-;-;54,0;118,0;PZB;True;False;0;-; 0,0; 0,0; 0,0;DB1: Strecke 1 - Gleis 1 - Strecke 2;-0,700000;82216,0;  0,0;2500,2;  0,0;1,030;1,00;1,00;"80 0622-19.0;";0;PZB steigend;;;False;PZB steigend;False;00:33:14;00:33:14;-;-;False;-;-;1994;1994
7715;PZB steigend;0/00:33:15;0/00:33:15;00:33;00:33;00:33;00:33;-;28,57;27,74;100,00;45,00;100,00;-;B;-;Zugsicherungs-Stützstelle;;DB1;DB 1;0/00:04:48;-;140,00;1,0000;1,030;-;-;54,0;118,0;PZB;True;False;0;-; 0,0; 0,0; 0,0;DB1: Strecke 1 - Gleis 1 - Strecke 2;-0,700000;84002,3;  0,0;2454,0;  0,0;1,030;1,00;1,00;"80 0622-19.0;";0;PZB steigend;;;False;PZB steigend;False;00:33:15;00:33:15;-;-;False;-;-;1995;1995
7740;PZB steigend;0/00:33:19;0/00:33:19;00:33;00:33;00:33;00:33;-;19,05;18,50;100,00;45,00;100,00;-;B;-;Zugsicherungs-Stützstelle;;DB1;DB 1;0/00:04:52;-;140,00;1,0000;1,030;-;-;54,0;118,0;PZB;True;False;0;-; 0,0; 0,0; 0,0;DB1: Strecke 1 - Gleis 1 - Strecke 2;-0,700000;97625,3;  0,0;2205,1;  0,0;1,030;1,00;1,00;"80 0622-19.0;";0;PZB steigend;;;False;PZB steigend;False;00:33:19;00:33:19;-;-;False;-;-;1999;1999
7750;PZB steigend;0/00:33:21;0/00:33:21;00:33;00:33;00:33;00:33;-;13,47;13,08;100,00;45,00;100,00;-;B;-;Zugsicherungs-Stützstelle;;DB1;DB 1;0/00:04:54;-;140,00;1,0000;1,030;-;-;54,0;118,0;PZB;True;False;0;-; 0,0; 0,0; 0,0;DB1: Strecke 1 - Gleis 1 - Strecke 2;-0,700000;104667,9;  0,0;2086,9;  0,0;1,030;1,00;1,00;"80 0622-19.0;";0;PZB steigend;;;False;PZB steigend;False;00:33:21;00:33:21;-;-;False;-;-;2001;2001
7755;PZB steigend;0/00:33:22;0/00:33:22;00:33;00:33;00:33;00:33;-; 9,52; 9,24;100,00;45,00;100,00;-;K;-;Zugsicherungs-Stützstelle;;DB1;DB 1;0/00:04:56;-;140,00;1,0000;1,030;-;-;54,0;118,0;PZB;True;False;0;-; 0,0; 0,0; 0,0;DB1: Strecke 1 - Gleis 1 - Strecke 2;-0,700000;110735,5;  0,0;2015,7;  0,0;1,030;1,00;1,00;"80 0622-19.0;";0;PZB steigend;;;False;PZB steigend;False;00:33:22;00:33:22;-;-;False;-;-;2002;2002
7760;PZB steigend;0/00:35:56;0/00:33:26;00:36;00:33;00:35;00:34;00:02:30/00:01:00; 0,00; 0,00;100,00;85,00;100,00;-;HVerk;-;DB1 7.760 Gl 1 s Halteplatz, Steigend, Personenzug, l=520.0m, Rechts, sEoA=0m, sSVL=0m, rs=-1km/h; Ref(7765)=<DB1|7,765/+0|HS|01N1|0>  Anfang(6765)=<DB1|6,765/+0|HS|01A|0>  Ende(7965)=<DB1|7,965/+0|ZSS||0> ;DB1;DB 1;0/00:04:59;00:35:56;140,00;1,0000;1,030;-;-;54,0;118,0;PZB;True;False;0;-; 0,0; 0,0; 0,0;DB1: Strecke 1 - Gleis 1 - Strecke 2;0,992000;124906,0;  0,0;1886,2;  0,0;1,030;1,00;1,00;"80 0622-19.0;";0;PZB steigend;3521;Gl 1 s;True;PZB steigend;False;00:33:26;00:35:56;2,50;1,00;False;-;Weiche 01W1 S - Weiche 01W2 S (3521);2156;2006
7760;PZB steigend;0/00:35:56;0/00:35:56;00:36;00:36;00:36;00:36;-; 0,00; 0,00;100,00;85,00;100,00;-;V;-;;;DB1;DB 1;0/00:04:59;-;140,00;1,0000;1,030;-;-;54,0;118,0;PZB;True;False;0;-; 0,0; 0,0; 0,0;DB1: Strecke 1 - Gleis 1 - Strecke 2;0,941000;124906,0;  0,0;1886,2;  0,0;1,030;1,00;1,00;"80 0622-19.0;";0;PZB steigend;;;False;PZB steigend;False;00:35:56;00:35:56;-;-;False;-;-;2156;2156
7760;PZB steigend;0/00:35:56;0/00:35:56;00:36;00:36;00:36;00:36;-; 0,00; 0,00;100,00;85,00;100,00;-;V;-;;;DB1;DB 1;0/00:04:59;-;140,00;1,0000;1,030;-;-;54,0;118,0;PZB;True;False;0;-; 0,0; 0,0; 0,0;DB1: Strecke 1 - Gleis 1 - Strecke 2;0,967000;124906,0;  0,0;1886,2;  0,0;1,030;1,00;1,00;"80 0622-19.0;";0;PZB steigend;;;False;PZB steigend;False;00:35:56;00:35:56;-;-;False;-;-;2156;2156
7761;PZB steigend;0/00:35:58;0/00:35:58;00:36;00:36;00:36;00:36;-; 6,00; 5,83;100,00;-;100,00;-;V;-;;;DB1;DB 1;0/00:05:01;-;140,00;1,0000;1,030;-;-;54,0;118,0;PZB;True;False;0;-; 0,0; 0,0; 0,0;DB1: Strecke 1 - Gleis 1 - Strecke 2;0,916000;115565,0;  0,0;1960,8;  0,0;1,030;1,00;1,00;"80 0622-19.0;";0;PZB steigend;;;False;PZB steigend;False;00:35:58;00:35:58;-;-;False;-;-;2158;2158
7762;PZB steigend;0/00:35:58;0/00:35:58;00:36;00:36;00:36;00:36;-; 8,00; 7,77;100,00;-;100,00;-;V;-;;;DB1;DB 1;0/00:05:01;-;140,00;1,0000;1,030;-;-;54,0;118,0;PZB;True;False;0;-; 0,0; 0,0; 0,0;DB1: Strecke 1 - Gleis 1 - Strecke 2;0,893000;112623,0;  0,0;1991,0;  0,0;1,030;1,00;1,00;"80 0622-19.0;";0;PZB steigend;;;False;PZB steigend;False;00:35:58;00:35:58;-;-;False;-;-;2158;2158
7764;PZB steigend;0/00:35:59;0/00:35:59;00:36;00:36;00:36;00:36;-;10,00; 9,71;100,00;-;100,00;-;V;-;;;DB1;DB 1;0/00:05:02;-;140,00;1,0000;1,030;-;-;54,0;118,0;PZB;True;False;0;-; 0,0; 0,0; 0,0;DB1: Strecke 1 - Gleis 1 - Strecke 2;0,869000;110005,0;  0,0;2023,8;  0,0;1,030;1,00;1,00;"80 0622-19.0;";0;PZB steigend;;;False;PZB steigend;False;00:35:59;00:35:59;-;-;False;-;-;2159;2159
7765;PZB steigend;0/00:35:59;0/00:35:59;00:36;00:36;00:36;00:36;-;11,07;10,75;100,00;-;100,00;-;V;-;DB1 7.765 01N1 Hauptsignal, Steigend, DFa=3s, rs=20km/h, appr.=0km/h; Ref(7760)=<DB1|7,760/+0|HP|Gl 1 s|0>|1  Anfang(6765)=<DB1|6,765/+0|HS|01A|0>  Ende(7965)=<DB1|7,965/+0|ZSS||0> ;DB1;DB 1;0/00:05:02;-;140,00;1,0000;1,030;-;-;54,0;118,0;PZB;True;False;0;-; 0,0; 0,0; 0,0;DB1: Strecke 1 - Gleis 1 - Strecke 2;0,862000;108334,9;  0,0;2042,4;  0,0;1,030;1,00;1,00;"80 0622-19.0;";0;PZB steigend;3521;;True;PZB steigend;False;00:35:59;00:35:59;-;-;False;-;Weiche 01W1 S - Weiche 01W2 S (3521);2159;2159
7766;PZB steigend;0/00:36:00;0/00:36:00;00:36;00:36;00:36;00:36;-;12,00;11,65;100,00;-;100,00;-;V;-;;;DB1;DB 1;0/00:05:03;-;140,00;1,0000;1,030;-;-;54,0;118,0;PZB;True;False;0;-; 0,0; 0,0; 0,0;DB1: Strecke 1 - Gleis 1 - Strecke 2;0,844000;106887,0;  0,0;2059,2;  0,0;1,030;1,00;1,00;"80 0622-19.0;";0;PZB steigend;;;False;PZB steigend;False;00:36:00;00:36:00;-;-;False;-;-;2160;2160
7768;PZB steigend;0/00:36:00;0/00:36:00;00:36;00:36;00:36;00:36;-;14,00;13,59;100,00;-;100,00;-;V;-;;;DB1;DB 1;0/00:05:03;-;140,00;1,0000;1,030;-;-;54,0;118,0;PZB;True;False;0;-; 0,0; 0,0; 0,0;DB1: Strecke 1 - Gleis 1 - Strecke 2;0,822000;104004,0;  0,0;2097,2;  0,0;1,030;1,00;1,00;"80 0622-19.0;";0;PZB steigend;;;False;PZB steigend;False;00:36:00;00:36:00;-;-;False;-;-;2160;2160
7770;PZB steigend;0/00:36:01;0/00:36:01;00:36;00:36;00:36;00:36;-;15,45;15,00;100,00;-;100,00;-;V;-;Zugsicherungs-Stützstelle;;DB1;DB 1;0/00:05:04;-;140,00;1,0000;1,030;-;-;54,0;118,0;PZB;True;False;0;-; 0,0; 0,0; 0,0;DB1: Strecke 1 - Gleis 1 - Strecke 2;0,815000;102272,1;  0,0;2126,5;  0,0;1,030;1,00;1,00;"80 0622-19.0;";0;PZB steigend;;;False;PZB steigend;False;00:36:01;00:36:01;-;-;False;-;-;2161;2161
7771;PZB steigend;0/00:36:01;0/00:36:01;00:36;00:36;00:36;00:36;-;16,00;15,53;100,00;-;100,00;-;V;-;;;DB1;DB 1;0/00:05:04;-;140,00;1,0000;1,030;-;-;54,0;118,0;PZB;True;False;0;-; 0,0; 0,0; 0,0;DB1: Strecke 1 - Gleis 1 - Strecke 2;0,801000;101492,0;  0,0;2137,9;  0,0;1,030;1,00;1,00;"80 0622-19.0;";0;PZB steigend;;;False;PZB steigend;False;00:36:01;00:36:01;-;-;False;-;-;2161;2161
7774;PZB steigend;0/00:36:02;0/00:36:02;00:36;00:36;00:36;00:36;-;18,00;17,48;100,00;-;100,00;-;V;-;;;DB1;DB 1;0/00:05:04;-;140,00;1,0000;1,030;-;-;54,0;118,0;PZB;True;False;0;-; 0,0; 0,0; 0,0;DB1: Strecke 1 - Gleis 1 - Strecke 2;0,779000;99000,0;  0,0;2181,3;  0,0;1,030;1,00;1,00;"80 0622-19.0;";0;PZB steigend;;;False;PZB steigend;False;00:36:02;00:36:02;-;-;False;-;-;2162;2162
7775;PZB steigend;0/00:36:02;0/00:36:02;00:36;00:36;00:36;00:36;-;18,55;18,01;100,00;-;100,00;-;V;-;Zugsicherungs-Stützstelle;;DB1;DB 1;0/00:05:05;-;140,00;1,0000;1,030;-;-;54,0;118,0;PZB;True;False;0;-; 0,0; 0,0; 0,0;DB1: Strecke 1 - Gleis 1 - Strecke 2;0,776000;98297,9;  0,0;2193,6;  0,0;1,030;1,00;1,00;"80 0622-19.0;";0;PZB steigend;;;False;PZB steigend;False;00:36:02;00:36:02;-;-;False;-;-;2162;2162
7778;PZB steigend;0/00:36:02;0/00:36:02;00:36;00:36;00:36;00:36;-;20,00;19,42;100,00;-;100,00;-;V;-;;;DB1;DB 1;0/00:05:05;-;140,00;1,0000;1,030;-;-;54,0;118,0;PZB;True;False;0;-; 0,0; 0,0; 0,0;DB1: Strecke 1 - Gleis 1 - Strecke 2;0,760000;96257,0;  0,0;2227,2;  0,0;1,030;1,00;1,00;"80 0622-19.0;";0;PZB steigend;;;False;PZB steigend;False;00:36:02;00:36:02;-;-;False;-;-;2162;2162
7780;PZB steigend;0/00:36:03;0/00:36:03;00:36;00:36;00:36;00:36;-;20,96;20,35;100,00;-;100,00;-;V;-;Zugsicherungs-Stützstelle;;DB1;DB 1;0/00:05:06;-;140,00;1,0000;1,030;-;-;54,0;118,0;PZB;True;False;0;-; 0,0; 0,0; 0,0;DB1: Strecke 1 - Gleis 1 - Strecke 2;0,756000;95314,5;  0,0;2250,2;  0,0;1,030;1,00;1,00;"80 0622-19.0;";0;PZB steigend;;;False;PZB steigend;False;00:36:03;00:36:03;-;-;False;-;-;2163;2163
7782;PZB steigend;0/00:36:03;0/00:36:03;00:36;00:36;00:36;00:36;-;22,00;21,36;100,00;-;100,00;-;V;-;;;DB1;DB 1;0/00:05:06;-;140,00;1,0000;1,030;-;-;54,0;118,0;PZB;True;False;0;-; 0,0; 0,0; 0,0;DB1: Strecke 1 - Gleis 1 - Strecke 2;0,743000;94279,0;  0,0;2275,8;  0,0;1,030;1,00;1,00;"80 0622-19.0;";0;PZB steigend;;;False;PZB steigend;False;00:36:03;00:36:03;-;-;False;-;-;2163;2163
7785;PZB steigend;0/00:36:04;0/00:36:04;00:36;00:36;00:36;00:36;-;23,28;22,60;100,00;-;100,00;-;V;-;Zugsicherungs-Stützstelle;;DB1;DB 1;0/00:05:06;-;140,00;1,0000;1,030;-;-;54,0;118,0;PZB;True;False;0;-; 0,0; 0,0; 0,0;DB1: Strecke 1 - Gleis 1 - Strecke 2;0,737000;92918,2;  0,0;2308,3;  0,0;1,030;1,00;1,00;"80 0622-19.0;";0;PZB steigend;;;False;PZB steigend;False;00:36:04;00:36:04;-;-;False;-;-;2164;2164
7787;PZB steigend;0/00:36:04;0/00:36:04;00:36;00:36;00:36;00:36;-;24,00;23,30;100,00;-;100,00;-;V;-;;;DB1;DB 1;0/00:05:07;-;140,00;1,0000;1,030;-;-;54,0;118,0;PZB;True;False;0;-; 0,0; 0,0; 0,0;DB1: Strecke 1 - Gleis 1 - Strecke 2;0,726000;92188,0;  0,0;2327,1;  0,0;1,030;1,00;1,00;"80 0622-19.0;";0;PZB steigend;;;False;PZB steigend;False;00:36:04;00:36:04;-;-;False;-;-;2164;2164
7790;PZB steigend;0/00:36:04;0/00:36:04;00:36;00:36;00:36;00:36;-;25,15;24,42;100,00;-;100,00;-;V;-;Zugsicherungs-Stützstelle;;DB1;DB 1;0/00:05:07;-;140,00;1,0000;1,030;-;-;54,0;118,0;PZB;True;False;0;-; 0,0; 0,0; 0,0;DB1: Strecke 1 - Gleis 1 - Strecke 2;0,722000;91216,3;  0,0;2357,7;  0,0;1,030;1,00;1,00;"80 0622-19.0;";0;PZB steigend;;;False;PZB steigend;False;00:36:04;00:36:04;-;-;False;-;-;2164;2164
7792;PZB steigend;0/00:36:05;0/00:36:05;00:36;00:36;00:36;00:36;-;26,00;25,24;100,00;-;100,00;-;V;-;;;DB1;DB 1;0/00:05:07;-;140,00;1,0000;1,030;-;-;54,0;118,0;PZB;True;False;0;-; 0,0; 0,0; 0,0;DB1: Strecke 1 - Gleis 1 - Strecke 2;0,709000;90363,0;  0,0;2380,9;  0,0;1,030;1,00;1,00;"80 0622-19.0;";0;PZB steigend;;;False;PZB steigend;False;00:36:05;00:36:05;-;-;False;-;-;2165;2165
7798;PZB steigend;0/00:36:05;0/00:36:05;00:36;00:36;00:36;00:36;-;28,00;27,18;100,00;-;100,00;-;V;-;;;DB1;DB 1;0/00:05:08;-;140,00;1,0000;1,030;-;-;54,0;118,0;PZB;True;False;0;-; 0,0; 0,0; 0,0;DB1: Strecke 1 - Gleis 1 - Strecke 2;0,675000;88026,0;  0,0;2437,4;  0,0;1,030;1,00;1,00;"80 0622-19.0;";0;PZB steigend;;;False;PZB steigend;False;00:36:05;00:36:05;-;-;False;-;-;2165;2165
7805;PZB steigend;0/00:36:06;0/00:36:06;00:36;00:36;00:36;00:36;-;30,00;29,13;100,00;-;100,00;-;V;-;;;DB1;DB 1;0/00:05:09;-;140,00;1,0000;1,030;-;-;54,0;118,0;PZB;True;False;0;-; 0,0; 0,0; 0,0;DB1: Strecke 1 - Gleis 1 - Strecke 2;0,650000;82216,0;  0,0;2496,6;  0,0;1,030;1,00;1,00;"80 0622-19.0;";0;PZB steigend;;;False;PZB steigend;False;00:36:06;00:36:06;-;-;False;-;-;2166;2166
7815;PZB steigend;0/00:36:08;0/00:36:08;00:36;00:36;00:36;00:36;-;32,69;31,74;100,00;-;100,00;-;V;-;Zugsicherungs-Stützstelle;;DB1;DB 1;0/00:05:10;-;140,00;1,0000;1,030;-;-;54,0;118,0;PZB;True;False;0;-; 0,0; 0,0; 0,0;DB1: Strecke 1 - Gleis 1 - Strecke 2;0,650000;82216,0;  0,0;2580,3;  0,0;1,030;1,00;1,00;"80 0622-19.0;";0;PZB steigend;;;False;PZB steigend;False;00:36:08;00:36:08;-;-;False;-;-;2168;2168
7836;PZB steigend;0/00:36:10;0/00:36:10;00:36;00:36;00:36;00:36;-;37,69;36,59;100,00;-;100,00;-;V;-;;;DB1;DB 1;0/00:05:12;-;140,00;1,0000;1,030;-;-;54,0;118,0;PZB;True;False;0;-; 0,0; 0,0; 0,0;DB1: Strecke 1 - Gleis 1 - Strecke 2;0,649000;82216,0;  0,0;2748,6;  0,0;1,030;1,00;1,00;"80 0622-19.0;";0;PZB steigend;;;False;PZB steigend;False;00:36:10;00:36:10;-;-;False;-;-;2170;2170
7840;PZB steigend;0/00:36:10;0/00:36:10;00:36;00:36;00:36;00:36;-;38,57;37,45;100,00;-;100,00;-;V;-;Zugsicherungs-Stützstelle;;DB1;DB 1;0/00:05:13;-;140,00;1,0000;1,030;-;-;54,0;118,0;PZB;True;False;0;-; 0,0; 0,0; 0,0;DB1: Strecke 1 - Gleis 1 - Strecke 2;0,648000;82216,0;  0,0;2779,9;  0,0;1,030;1,00;1,00;"80 0622-19.0;";0;PZB steigend;;;False;PZB steigend;False;00:36:10;00:36:10;-;-;False;-;-;2170;2170
7852;PZB steigend;0/00:36:11;0/00:36:11;00:36;00:36;00:36;00:36;-;41,00;39,81;100,00;-;100,00;-;V;-;;;DB1;DB 1;0/00:05:14;-;140,00;1,0000;1,030;-;-;54,0;118,0;PZB;True;False;0;-; 0,0; 0,0; 0,0;DB1: Strecke 1 - Gleis 1 - Strecke 2;0,548000;82216,0;  0,0;2869,0;  0,0;1,030;1,00;1,00;"80 0622-19.0;";0;PZB steigend;;;False;PZB steigend;False;00:36:11;00:36:11;-;-;False;-;-;2171;2171
7864;PZB steigend;0/00:36:12;0/00:36:12;00:36;00:36;00:36;00:36;-;43,00;41,75;100,00;-;100,00;-;V;-;;;DB1;DB 1;0/00:05:15;-;140,00;1,0000;1,030;-;-;54,0;118,0;PZB;True;False;0;-; 0,0; 0,0; 0,0;DB1: Strecke 1 - Gleis 1 - Strecke 2;0,433000;57872,0;  0,0;2945,3;  0,0;1,030;1,00;1,00;"80 0622-19.0;";0;PZB steigend;;;False;PZB steigend;False;00:36:12;00:36:12;-;-;False;-;-;2172;2172
7865;PZB steigend;0/00:36:12;0/00:36:12;00:36;00:36;00:36;00:36;-;43,13;41,87;100,00;-;100,00;-;V;-;Zugsicherungs-Stützstelle;;DB1;DB 1;0/00:05:15;-;140,00;1,0000;1,030;-;-;54,0;118,0;PZB;True;False;0;-; 0,0; 0,0; 0,0;DB1: Strecke 1 - Gleis 1 - Strecke 2;0,431000;57375,8;  0,0;2950,3;  0,0;1,030;1,00;1,00;"80 0622-19.0;";0;PZB steigend;;;False;PZB steigend;False;00:36:12;00:36:12;-;-;False;-;-;2172;2172
7872;PZB steigend;0/00:36:13;0/00:36:13;00:36;00:36;00:36;00:36;-;44,00;42,72;100,00;-;100,00;-;V;-;;;DB1;DB 1;0/00:05:15;-;140,00;1,0000;1,030;-;-;54,0;118,0;PZB;True;False;0;-; 0,0; 0,0; 0,0;DB1: Strecke 1 - Gleis 1 - Strecke 2;0,416000;54053,0;  0,0;2984,4;  0,0;1,030;1,00;1,00;"80 0622-19.0;";0;PZB steigend;;;False;PZB steigend;False;00:36:13;00:36:13;-;-;False;-;-;2173;2173
7890;PZB steigend;0/00:36:14;0/00:36:14;00:36;00:36;00:36;00:36;-;46,15;44,81;100,00;-;100,00;-;V;-;Zugsicherungs-Stützstelle;;DB1;DB 1;0/00:05:17;-;140,00;1,0000;1,030;-;-;54,0;118,0;PZB;True;False;0;-; 0,0; 0,0; 0,0;DB1: Strecke 1 - Gleis 1 - Strecke 2;0,416000;54053,0;  0,0;3070,8;  0,0;1,030;1,00;1,00;"80 0622-19.0;";0;PZB steigend;;;False;PZB steigend;False;00:36:14;00:36:14;-;-;False;-;-;2174;2174
7915;PZB steigend;0/00:36:16;0/00:36:16;00:36;00:36;00:36;00:36;-;48,98;47,55;100,00;-;100,00;-;V;-;Zugsicherungs-Stützstelle;;DB1;DB 1;0/00:05:19;-;140,00;1,0000;1,030;-;-;54,0;118,0;PZB;True;False;0;-; 0,0; 0,0; 0,0;DB1: Strecke 1 - Gleis 1 - Strecke 2;0,415000;54053,0;  0,0;3189,1;  0,0;1,030;1,00;1,00;"80 0622-19.0;";0;PZB steigend;;;False;PZB steigend;False;00:36:16;00:36:16;-;-;False;-;-;2176;2176
7940;PZB steigend;0/00:36:18;0/00:36:18;00:36;00:36;00:36;00:36;-;51,65;50,15;100,00;-;100,00;-;V;-;Zugsicherungs-Stützstelle;;DB1;DB 1;0/00:05:21;-;140,00;1,0000;1,030;-;-;54,0;118,0;PZB;True;False;0;-; 0,0; 0,0; 0,0;DB1: Strecke 1 - Gleis 1 - Strecke 2;0,414000;54053,0;  0,0;3305,5;  0,0;1,030;1,00;1,00;"80 0622-19.0;";0;PZB steigend;;;False;PZB steigend;False;00:36:18;00:36:18;-;-;False;-;-;2178;2178
7965;PZB steigend;0/00:36:20;0/00:36:20;00:36;00:36;00:36;00:36;-;54,18;52,60;100,00;-;100,00;-;V;-;DB1 7.965  Zugschlussstelle, Steigend, Signal, Fa=3.00s, SvL; Ref(8019)=<DB1|7,965/+0|ZSS||0>  Ende(8019)=<DB1|7,965/+0|ZSS||0> ;DB1;DB 1;0/00:05:22;-;140,00;1,0000;1,030;-;-;54,0;118,0;PZB;True;False;0;-; 0,0; 0,0; 0,0;DB1: Strecke 1 - Gleis 1 - Strecke 2;0,413000;54053,0;  0,0;3420,2;  0,0;1,030;1,00;1,00;"80 0622-19.0;";0;PZB steigend;3521;;False;PZB steigend;False;00:36:20;00:36:20;-;-;False;-;Weiche 01W1 S - Weiche 01W2 S (3521);2180;2180
7990;PZB steigend;0/00:36:22;0/00:36:22;00:36;00:36;00:36;00:36;-;56,59;54,94;100,00;-;100,00;-;V;-;Zugsicherungs-Stützstelle;;DB1;DB 1;0/00:05:24;-;140,00;1,0000;1,030;-;-;54,0;118,0;PZB;True;False;0;-; 0,0; 0,0; 0,0;DB1: Strecke 1 - Gleis 1 - Strecke 2;0,412000;54053,0;  0,0;3533,4;  0,0;1,030;1,00;1,00;"80 0622-19.0;";0;PZB steigend;;;False;PZB steigend;False;00:36:22;00:36:22;-;-;False;-;-;2182;2182
8010;PZB steigend;0/00:36:23;0/00:36:23;00:36;00:36;00:36;00:36;-;58,44;56,74;100,00;-;100,00;-;V;-;DB1 8.010 01W2 Weiche, lt=25m, Stamm <8.010 01W2 Weiche, Anfang>; Ref(21765)=<DB2|21,765/+0|HS|02A|0>  Anfang(21765)=<DB2|21,765/+0|HS|02A|0>  Ende(8035)=<DB1|8,035/+0|ZSS||0> ;DB1;DB 1;0/00:05:25;-;140,00;1,0000;1,030;-;-;54,0;118,0;PZB;True;False;0;-; 0,0; 0,0; 0,0;DB1: Strecke 1 - Gleis 1 - Strecke 2;0,411000;54053,0;  0,0;3622,9;  0,0;1,030;1,00;1,00;"80 0622-19.0;";0;PZB steigend;3521;;True;PZB steigend;False;00:36:23;00:36:23;-;-;False;-;Weiche 01W1 S - Weiche 01W2 S (3521);2183;2183
8010;PZB steigend;0/00:36:23;0/00:36:23;00:36;00:36;00:36;00:36;-;58,44;56,74;100,00;-;100,00;-;V;-;DB1 8.010 01W2 Weiche, lt=25m, Anfang <8.010 01W2 Weiche, Stamm/8.010 01W2 Weiche, Abzweig rechts>; Ref(21765)=<DB2|21,765/+0|HS|02A|0>  Anfang(21765)=<DB2|21,765/+0|HS|02A|0>  Ende(8035)=<DB1|8,035/+0|ZSS||0> ;DB1;DB 1;0/00:05:25;-;140,00;1,0000;1,030;-;-;54,0;118,0;PZB;True;False;0;-; 0,0; 0,0; 0,0;DB1: Strecke 1 - Gleis 1 - Strecke 2;0,411000;54053,0;  0,0;3622,9;  0,0;1,030;1,00;1,00;"80 0622-19.0;";0;PZB steigend;3521;;True;PZB steigend;False;00:36:23;00:36:23;-;-;False;-;Weiche 01W2 A - Betriebsstellengrenze 3521-0 (3521);2183;2183
8015;PZB steigend;0/00:36:23;0/00:36:23;00:36;00:36;00:36;00:36;-;58,89;57,17;100,00;-;100,00;-;V;-;Zugsicherungs-Stützstelle;;DB1;DB 1;0/00:05:26;-;140,00;1,0000;1,030;-;-;54,0;118,0;PZB;True;False;0;-; 0,0; 0,0; 0,0;DB1: Strecke 1 - Gleis 1 - Strecke 2;0,411000;54053,0;  0,0;3645,0;  0,0;1,030;1,00;1,00;"80 0622-19.0;";0;PZB steigend;;;False;PZB steigend;False;00:36:23;00:36:23;-;-;False;-;-;2183;2183
8019;PZB steigend;0/00:36:24;0/00:36:24;00:36;00:36;00:36;00:36;-;59,25;57,52;100,00;-;100,00;-;V;-;DB1 7.965  Zugschlussstelle, Steigend, Signal, Fa=3.00s, SvL; Ref(7965)=<DB1|7,965/+0|ZSS||0>  Ende(8019)=<DB1|7,965/+0|ZSS||0> ;DB1;DB 1;0/00:05:26;-;140,00;1,0000;1,030;-;-;54,0;118,0;PZB;True;False;54;-; 0,0; 0,0; 0,0;DB1: Strecke 1 - Gleis 1 - Strecke 2;0,411000;54053,0;  0,0;3662,8;  0,0;1,030;1,00;1,00;"80 0622-19.0;";0;PZB steigend;3521;;True;PZB steigend;False;00:36:24;00:36:24;-;-;False;-;Weiche 01W1 S - Weiche 01W2 S (3521);2184;2184
8035;PZB steigend;0/00:36:25;0/00:36:25;00:36;00:36;00:36;00:36;-;60,67;58,90;100,00;-;100,00;-;V;-;DB1 8.035  Zugschlussstelle, Steigend, Fahrstraße, Fa=3.00s, SvL; Ref(8089)=<DB1|8,035/+0|ZSS||0>  Ende(8089)=<DB1|8,035/+0|ZSS||0> ;DB1;DB 1;0/00:05:27;-;140,00;1,0000;1,030;-;-;54,0;118,0;PZB;True;False;0;-; 0,0; 0,0; 0,0;DB1: Strecke 1 - Gleis 1 - Strecke 2;0,410000;54053,0;  0,0;3733,7;  0,0;1,030;1,00;1,00;"80 0622-19.0;";0;PZB steigend;3521;;False;PZB steigend;False;00:36:25;00:36:25;-;-;False;-;Weiche 01W2 A - Betriebsstellengrenze 3521-0 (3521);2185;2185
8035;PZB steigend;0/00:36:25;0/00:36:25;00:36;00:36;00:36;00:36;-;60,67;58,90;100,00;-;100,00;-;V;-;DB1 8.035  Geschwindigkeit Zulässig, Steigend, v=100km/h, Wirkung ab hier, Alle;;DB1;DB 1;0/00:05:27;-;140,00;1,0000;1,030;-;-;54,0;118,0;PZB;True;False;0;-; 0,0; 0,0; 0,0;DB1: Strecke 1 - Gleis 1 - Strecke 2;0,410000;54053,0;  0,0;3733,7;  0,0;1,030;1,00;1,00;"80 0622-19.0;";0;PZB steigend;3521;;True;PZB steigend;False;00:36:25;00:36:25;-;-;False;-;Weiche 01W2 A - Betriebsstellengrenze 3521-0 (3521);2185;2185
8040;PZB steigend;0/00:36:25;0/00:36:25;00:36;00:36;00:36;00:36;-;61,11;59,33;100,00;-;100,00;-;V;-;Zugsicherungs-Stützstelle;;DB1;DB 1;0/00:05:27;-;140,00;1,0000;1,030;-;-;54,0;118,0;PZB;True;False;0;-; 0,0; 0,0; 0,0;DB1: Strecke 1 - Gleis 1 - Strecke 2;0,410000;54053,0;  0,0;3756,0;  0,0;1,030;1,00;1,00;"80 0622-19.0;";0;PZB steigend;;;False;PZB steigend;False;00:36:25;00:36:25;-;-;False;-;-;2185;2185
8062;PZB steigend;0/00:36:26;0/00:36:26;00:36;00:36;00:36;00:36;-;63,00;61,17;100,00;-;100,00;-;V;-;;;DB1;DB 1;0/00:05:28;-;140,00;1,0000;1,030;-;-;54,0;118,0;PZB;True;False;0;-; 0,0; 0,0; 0,0;DB1: Strecke 1 - Gleis 1 - Strecke 2;0,367000;54053,0;  0,0;3853,1;  0,0;1,030;1,00;1,00;"80 0622-19.0;";0;PZB steigend;;;False;PZB steigend;False;00:36:26;00:36:26;-;-;False;-;-;2186;2186
8065;PZB steigend;0/00:36:26;0/00:36:26;00:36;00:36;00:36;00:36;-;63,23;61,39;100,00;-;100,00;-;V;-;Zugsicherungs-Stützstelle;;DB1;DB 1;0/00:05:28;-;140,00;1,0000;1,030;-;-;54,0;118,0;PZB;True;False;0;-; 0,0; 0,0; 0,0;DB1: Strecke 1 - Gleis 1 - Strecke 2;0,362000;52842,5;  0,0;3865,0;  0,0;1,030;1,00;1,00;"80 0622-19.0;";0;PZB steigend;;;False;PZB steigend;False;00:36:26;00:36:26;-;-;False;-;-;2186;2186
8089;PZB steigend;0/00:36:28;0/00:36:28;00:36;00:36;00:36;00:36;-;64,98;63,09;100,00;-;100,00;-;V;-;DB1 8.035  Zugschlussstelle, Steigend, Fahrstraße, Fa=3.00s, SvL; Ref(8035)=<DB1|8,035/+0|ZSS||0>  Ende(8089)=<DB1|8,035/+0|ZSS||0> ;DB1;DB 1;0/00:05:30;-;140,00;1,0000;1,030;-;-;54,0;118,0;PZB;True;False;54;-; 0,0; 0,0; 0,0;DB1: Strecke 1 - Gleis 1 - Strecke 2;0,324000;43632,3;  0,0;3957,3;  0,0;1,030;1,00;1,00;"80 0622-19.0;";0;PZB steigend;3521;;True;PZB steigend;False;00:36:28;00:36:28;-;-;False;-;Weiche 01W2 A - Betriebsstellengrenze 3521-0 (3521);2188;2188
8089;PZB steigend;0/00:36:28;0/00:36:28;00:36;00:36;00:36;00:36;-;65,00;63,11;100,00;-;100,00;-;V;-;;;DB1;DB 1;0/00:05:30;-;140,00;1,0000;1,030;-;-;54,0;118,0;PZB;True;False;0;-; 0,0; 0,0; 0,0;DB1: Strecke 1 - Gleis 1 - Strecke 2;0,323000;43527,0;  0,0;3958,3;  0,0;1,030;1,00;1,00;"80 0622-19.0;";0;PZB steigend;;;False;PZB steigend;False;00:36:28;00:36:28;-;-;False;-;-;2188;2188
8090;PZB steigend;0/00:36:28;0/00:36:28;00:36;00:36;00:36;00:36;-;65,06;63,17;100,00;-;100,00;-;V;-;Zugsicherungs-Stützstelle;;DB1;DB 1;0/00:05:30;-;140,00;1,0000;1,030;-;-;54,0;118,0;PZB;True;False;0;-; 0,0; 0,0; 0,0;DB1: Strecke 1 - Gleis 1 - Strecke 2;0,323000;43524,6;  0,0;3961,5;  0,0;1,030;1,00;1,00;"80 0622-19.0;";0;PZB steigend;;;False;PZB steigend;False;00:36:28;00:36:28;-;-;False;-;-;2188;2188
8115;PZB steigend;0/00:36:29;0/00:36:29;00:36;00:36;00:36;00:36;-;66,65;64,71;100,00;-;100,00;-;V;-;Zugsicherungs-Stützstelle;;DB1;DB 1;0/00:05:31;-;140,00;1,0000;1,030;-;-;54,0;118,0;PZB;True;False;0;-; 0,0; 0,0; 0,0;DB1: Strecke 1 - Gleis 1 - Strecke 2;0,322000;43483,3;  0,0;4047,2;  0,0;1,030;1,00;1,00;"80 0622-19.0;";0;PZB steigend;;;False;PZB steigend;False;00:36:29;00:36:29;-;-;False;-;-;2189;2189
8121;PZB steigend;0/00:36:30;0/00:36:30;00:37;00:37;00:37;00:37;-;67,00;65,05;100,00;-;100,00;-;V;-;;;DB1;DB 1;0/00:05:32;-;140,00;1,0000;1,030;-;-;54,0;118,0;PZB;True;False;0;-; 0,0; 0,0; 0,0;DB1: Strecke 1 - Gleis 1 - Strecke 2;0,321000;43480,0;  0,0;4066,2;  0,0;1,030;1,00;1,00;"80 0622-19.0;";0;PZB steigend;;;False;PZB steigend;False;00:36:30;00:36:30;-;-;False;-;-;2190;2190
8140;PZB steigend;0/00:36:31;0/00:36:31;00:37;00:37;00:37;00:37;-;68,17;66,18;100,00;-;100,00;-;V;-;Zugsicherungs-Stützstelle;;DB1;DB 1;0/00:05:33;-;140,00;1,0000;1,030;-;-;54,0;118,0;PZB;True;False;0;-; 0,0; 0,0; 0,0;DB1: Strecke 1 - Gleis 1 - Strecke 2;0,321000;43460,2;  0,0;4130,6;  0,0;1,030;1,00;1,00;"80 0622-19.0;";0;PZB steigend;;;False;PZB steigend;False;00:36:31;00:36:31;-;-;False;-;-;2191;2191
8154;PZB steigend;0/00:36:31;0/00:36:31;00:37;00:37;00:37;00:37;-;69,00;66,99;100,00;-;100,00;-;V;-;;;DB1;DB 1;0/00:05:33;-;140,00;1,0000;1,030;-;-;54,0;118,0;PZB;True;False;0;-; 0,0; 0,0; 0,0;DB1: Strecke 1 - Gleis 1 - Strecke 2;0,320000;43437,0;  0,0;4176,8;  0,0;1,030;1,00;1,00;"80 0622-19.0;";0;PZB steigend;;;False;PZB steigend;False;00:36:31;00:36:31;-;-;False;-;-;2191;2191
8165;PZB steigend;0/00:36:32;0/00:36:32;00:37;00:37;00:37;00:37;-;69,66;67,63;100,00;-;100,00;-;V;-;Zugsicherungs-Stützstelle;;DB1;DB 1;0/00:05:34;-;140,00;1,0000;1,030;-;-;54,0;118,0;PZB;True;False;0;-; 0,0; 0,0; 0,0;DB1: Strecke 1 - Gleis 1 - Strecke 2;0,319000;43391,8;  0,0;4213,8;  0,0;1,030;1,00;1,00;"80 0622-19.0;";0;PZB steigend;;;False;PZB steigend;False;00:36:32;00:36:32;-;-;False;-;-;2192;2192
8188;PZB steigend;0/00:36:33;0/00:36:33;00:37;00:37;00:37;00:37;-;71,00;68,93;100,00;-;100,00;-;V;-;;;DB1;DB 1;0/00:05:35;-;140,00;1,0000;1,030;-;-;54,0;118,0;PZB;True;False;0;-; 0,0; 0,0; 0,0;DB1: Strecke 1 - Gleis 1 - Strecke 2;0,318000;43312,0;  0,0;4290,0;  0,0;1,030;1,00;1,00;"80 0622-19.0;";0;PZB steigend;;;False;PZB steigend;False;00:36:33;00:36:33;-;-;False;-;-;2193;2193
8190;PZB steigend;0/00:36:33;0/00:36:33;00:37;00:37;00:37;00:37;-;71,12;69,05;100,00;-;100,00;-;V;-;Zugsicherungs-Stützstelle;;DB1;DB 1;0/00:05:35;-;140,00;1,0000;1,030;-;-;54,0;118,0;PZB;True;False;0;-; 0,0; 0,0; 0,0;DB1: Strecke 1 - Gleis 1 - Strecke 2;0,317000;43301,8;  0,0;4296,8;  0,0;1,030;1,00;1,00;"80 0622-19.0;";0;PZB steigend;;;False;PZB steigend;False;00:36:33;00:36:33;-;-;False;-;-;2193;2193
8215;PZB steigend;0/00:36:35;0/00:36:35;00:37;00:37;00:37;00:37;-;72,55;70,44;100,00;-;100,00;-;V;-;Zugsicherungs-Stützstelle;;DB1;DB 1;0/00:05:36;-;140,00;1,0000;1,030;-;-;54,0;118,0;PZB;True;False;0;-; 0,0; 0,0; 0,0;DB1: Strecke 1 - Gleis 1 - Strecke 2;0,317000;43180,3;  0,0;4379,5;  0,0;1,030;1,00;1,00;"80 0622-19.0;";0;PZB steigend;;;False;PZB steigend;False;00:36:35;00:36:35;-;-;False;-;-;2195;2195
8223;PZB steigend;0/00:36:35;0/00:36:35;00:37;00:37;00:37;00:37;-;73,00;70,87;100,00;-;100,00;-;V;-;;;DB1;DB 1;0/00:05:37;-;140,00;1,0000;1,030;-;-;54,0;118,0;PZB;True;False;0;-; 0,0; 0,0; 0,0;DB1: Strecke 1 - Gleis 1 - Strecke 2;0,315000;43142,0;  0,0;4405,8;  0,0;1,030;1,00;1,00;"80 0622-19.0;";0;PZB steigend;;;False;PZB steigend;False;00:36:35;00:36:35;-;-;False;-;-;2195;2195
8240;PZB steigend;0/00:36:36;0/00:36:36;00:37;00:37;00:37;00:37;-;73,95;71,80;100,00;-;100,00;-;V;-;Zugsicherungs-Stützstelle;;DB1;DB 1;0/00:05:38;-;140,00;1,0000;1,030;-;-;54,0;118,0;PZB;True;False;0;-; 0,0; 0,0; 0,0;DB1: Strecke 1 - Gleis 1 - Strecke 2;0,315000;43059,1;  0,0;4461,7;  0,0;1,030;1,00;1,00;"80 0622-19.0;";0;PZB steigend;;;False;PZB steigend;False;00:36:36;00:36:36;-;-;False;-;-;2196;2196
8259;PZB steigend;0/00:36:37;0/00:36:37;00:37;00:37;00:37;00:37;-;75,00;72,82;100,00;-;100,00;-;V;-;;;DB1;DB 1;0/00:05:39;-;140,00;1,0000;1,030;-;-;54,0;118,0;PZB;True;False;0;-; 0,0; 0,0; 0,0;DB1: Strecke 1 - Gleis 1 - Strecke 2;0,313000;42980,0;  0,0;4524,2;  0,0;1,030;1,00;1,00;"80 0622-19.0;";0;PZB steigend;;;False;PZB steigend;False;00:36:37;00:36:37;-;-;False;-;-;2197;2197
8265;PZB steigend;0/00:36:37;0/00:36:37;00:37;00:37;00:37;00:37;-;75,32;73,13;100,00;-;100,00;-;V;-;Zugsicherungs-Stützstelle;;DB1;DB 1;0/00:05:39;-;140,00;1,0000;1,030;-;-;54,0;118,0;PZB;True;False;0;-; 0,0; 0,0; 0,0;DB1: Strecke 1 - Gleis 1 - Strecke 2;0,312000;42963,7;  0,0;4543,4;  0,0;1,030;1,00;1,00;"80 0622-19.0;";0;PZB steigend;;;False;PZB steigend;False;00:36:37;00:36:37;-;-;False;-;-;2197;2197
8297;PZB steigend;0/00:36:39;0/00:36:39;00:37;00:37;00:37;00:37;-;77,00;74,76;100,00;-;100,00;-;V;-;;;DB1;DB 1;0/00:05:40;-;140,00;1,0000;1,030;-;-;54,0;118,0;PZB;True;False;0;-; 0,0; 0,0; 0,0;DB1: Strecke 1 - Gleis 1 - Strecke 2;0,309000;42744,0;  0,0;4645,3;  0,0;1,030;1,00;1,00;"80 0622-19.0;";0;PZB steigend;;;False;PZB steigend;False;00:36:39;00:36:39;-;-;False;-;-;2199;2199
8336;PZB steigend;0/00:36:40;0/00:36:40;00:37;00:37;00:37;00:37;-;79,00;76,70;100,00;-;100,00;-;V;-;;;DB1;DB 1;0/00:05:42;-;140,00;1,0000;1,030;-;-;54,0;118,0;PZB;True;False;0;-; 0,0; 0,0; 0,0;DB1: Strecke 1 - Gleis 1 - Strecke 2;0,304000;42323,0;  0,0;4769,1;  0,0;1,030;1,00;1,00;"80 0622-19.0;";0;PZB steigend;;;False;PZB steigend;False;00:36:40;00:36:40;-;-;False;-;-;2200;2200
8377;PZB steigend;0/00:36:42;0/00:36:42;00:37;00:37;00:37;00:37;-;81,00;78,64;100,00;-;100,00;-;V;-;;;DB1;DB 1;0/00:05:44;-;140,00;1,0000;1,030;-;-;54,0;118,0;PZB;True;False;0;-; 0,0; 0,0; 0,0;DB1: Strecke 1 - Gleis 1 - Strecke 2;0,300000;41902,0;  0,0;4895,4;  0,0;1,030;1,00;1,00;"80 0622-19.0;";0;PZB steigend;;;False;PZB steigend;False;00:36:42;00:36:42;-;-;False;-;-;2202;2202
8419;PZB steigend;0/00:36:44;0/00:36:44;00:37;00:37;00:37;00:37;-;83,00;80,58;100,00;-;100,00;-;V;-;;;DB1;DB 1;0/00:05:46;-;140,00;1,0000;1,030;-;-;54,0;118,0;PZB;True;False;0;-; 0,0; 0,0; 0,0;DB1: Strecke 1 - Gleis 1 - Strecke 2;0,295000;41549,0;  0,0;5024,4;  0,0;1,030;1,00;1,00;"80 0622-19.0;";0;PZB steigend;;;False;PZB steigend;False;00:36:44;00:36:44;-;-;False;-;-;2204;2204
8463;PZB steigend;0/00:36:46;0/00:36:46;00:37;00:37;00:37;00:37;-;85,00;82,52;100,00;-;100,00;-;V;-;;;DB1;DB 1;0/00:05:48;-;140,00;1,0000;1,030;-;-;54,0;118,0;PZB;True;False;0;-; 0,0; 0,0; 0,0;DB1: Strecke 1 - Gleis 1 - Strecke 2;0,284000;40795,0;  0,0;5156,1;  0,0;1,030;1,00;1,00;"80 0622-19.0;";0;PZB steigend;;;False;PZB steigend;False;00:36:46;00:36:46;-;-;False;-;-;2206;2206
8510;PZB steigend;0/00:36:48;0/00:36:48;00:37;00:37;00:37;00:37;-;87,00;84,47;100,00;-;100,00;-;V;-;;;DB1;DB 1;0/00:05:50;-;140,00;1,0000;1,030;-;-;54,0;118,0;PZB;True;False;0;-; 0,0; 0,0; 0,0;DB1: Strecke 1 - Gleis 1 - Strecke 2;0,247000;39173,0;  0,0;5290,3;  0,0;1,030;1,00;1,00;"80 0622-19.0;";0;PZB steigend;;;False;PZB steigend;False;00:36:48;00:36:48;-;-;False;-;-;2208;2208
8565;PZB steigend;0/00:36:51;0/00:36:51;00:37;00:37;00:37;00:37;-;89,00;86,41;100,00;-;100,00;-;V;-;;;DB1;DB 1;0/00:05:52;-;140,00;1,0000;1,030;-;-;54,0;118,0;PZB;True;False;0;-; 0,0; 0,0; 0,0;DB1: Strecke 1 - Gleis 1 - Strecke 2;0,216000;31935,0;  0,0;5427,2;  0,0;1,030;1,00;1,00;"80 0622-19.0;";0;PZB steigend;;;False;PZB steigend;False;00:36:51;00:36:51;-;-;False;-;-;2211;2211
8629;PZB steigend;0/00:36:53;0/00:36:53;00:37;00:37;00:37;00:37;-;91,00;88,35;100,00;-;100,00;-;V;-;;;DB1;DB 1;0/00:05:54;-;140,00;1,0000;1,030;-;-;54,0;118,0;PZB;True;False;0;-; 0,0; 0,0; 0,0;DB1: Strecke 1 - Gleis 1 - Strecke 2;0,215000;31913,0;  0,0;5566,8;  0,0;1,030;1,00;1,00;"80 0622-19.0;";0;PZB steigend;;;False;PZB steigend;False;00:36:53;00:36:53;-;-;False;-;-;2213;2213
8695;PZB steigend;0/00:36:56;0/00:36:56;00:37;00:37;00:37;00:37;-;93,00;90,29;100,00;-;100,00;-;V;-;;;DB1;DB 1;0/00:05:57;-;140,00;1,0000;1,030;-;-;54,0;118,0;PZB;True;False;0;-; 0,0; 0,0; 0,0;DB1: Strecke 1 - Gleis 1 - Strecke 2;0,213000;31895,0;  0,0;5709,0;  0,0;1,030;1,00;1,00;"80 0622-19.0;";0;PZB steigend;;;False;PZB steigend;False;00:36:56;00:36:56;-;-;False;-;-;2216;2216
8763;PZB steigend;0/00:36:59;0/00:36:59;00:37;00:37;00:37;00:37;-;95,00;92,23;100,00;-;100,00;-;V;-;;;DB1;DB 1;0/00:06:00;-;140,00;1,0000;1,030;-;-;54,0;118,0;PZB;True;False;0;-; 0,0; 0,0; 0,0;DB1: Strecke 1 - Gleis 1 - Strecke 2;0,211000;31846,0;  0,0;5853,8;  0,0;1,030;1,00;1,00;"80 0622-19.0;";0;PZB steigend;;;False;PZB steigend;False;00:36:59;00:36:59;-;-;False;-;-;2219;2219
8833;PZB steigend;0/00:37:01;0/00:37:01;00:37;00:37;00:37;00:37;-;97,00;94,17;100,00;-;100,00;-;V;-;;;DB1;DB 1;0/00:06:02;-;140,00;1,0000;1,030;-;-;54,0;118,0;PZB;True;False;0;-; 0,0; 0,0; 0,0;DB1: Strecke 1 - Gleis 1 - Strecke 2;0,210000;31781,0;  0,0;6001,2;  0,0;1,030;1,00;1,00;"80 0622-19.0;";0;PZB steigend;;;False;PZB steigend;False;00:37:01;00:37:01;-;-;False;-;-;2221;2221
8905;PZB steigend;0/00:37:04;0/00:37:04;00:37;00:37;00:37;00:37;-;99,00;96,12;100,00;-;100,00;-;V;-;;;DB1;DB 1;0/00:06:05;-;140,00;1,0000;1,030;-;-;54,0;118,0;PZB;True;False;0;-; 0,0; 0,0; 0,0;DB1: Strecke 1 - Gleis 1 - Strecke 2;0,208000;31688,0;  0,0;6151,3;  0,0;1,030;1,00;1,00;"80 0622-19.0;";0;PZB steigend;;;False;PZB steigend;False;00:37:04;00:37:04;-;-;False;-;-;2224;2224
8942;PZB steigend;0/00:37:05;0/00:37:05;00:37;00:37;00:37;00:37;-;100,00;97,09;100,00;-;100,00;-;K;-;;;DB1;DB 1;0/00:06:06;-;140,00;1,0000;1,030;-;-;54,0;118,0;PZB;True;False;0;-; 0,0; 0,0; 0,0;DB1: Strecke 1 - Gleis 1 - Strecke 2;0,000000;31642,0;  0,0;6227,3;  0,0;1,030;1,00;1,00;"80 0622-19.0;";0;PZB steigend;;;False;PZB steigend;False;00:37:05;00:37:05;-;-;False;-;-;2225;2225
9500;PZB steigend;0/00:37:26;0/00:37:26;00:37;00:37;00:37;00:37;-;100,00;97,09;100,00;-;100,00;-;K;-;DB1 9.500 3521-0 Betriebsstellengrenze, =>S2 3521-0, Gleis 0;;DB1;DB 1;0/00:06:26;-;140,00;1,0000;1,030;-;-;54,0;118,0;PZB;True;False;0;-; 0,0; 0,0; 0,0;DB1: Strecke 1 - Gleis 1 - Strecke 2;0,000000;31642,0;  0,0;6227,3;  0,0;1,030;1,00;1,00;"80 0622-19.0;";0;PZB steigend;3521;0;True;PZB steigend;False;00:37:26;00:37:26;-;-;False;-;Weiche 01W2 A - Betriebsstellengrenze 3521-0 (3521);2246;2246
9500;PZB steigend;0/00:37:26;0/00:37:26;00:37;00:37;00:37;00:37;-;100,00;97,09;100,00;-;100,00;-;K;-;S2 9.500 3521-0 Betriebsstellengrenze, =>DB1 3521-0, Gleis 0;;S2;Strecke 2;0/00:06:26;-;140,00;1,0000;1,030;-;-;54,0;118,0;PZB;True;False;0;-; 0,0; 0,0; 0,0;S2: VDV 1 - Strecke 2 - VDV 2;0,000000;31642,0;  0,0;6227,3;  0,0;1,030;1,00;1,00;"80 0622-19.0;";0;PZB steigend;3521;0;True;PZB steigend;False;00:37:26;00:37:26;-;-;False;-;Betriebsstellengrenze 3521-0 - Betriebsstellengrenze 3521-0 (3521);2246;2246
15000;PZB steigend;0/00:40:50;0/00:40:50;00:41;00:41;00:41;00:41;-;100,00;97,09;100,00;-;100,00;-;K;-;S2 15.000 Streckengleis Fahrzeitmesspunkt, Beide Richtungen, BS-Mitte;;S2;Strecke 2;0/00:09:44;00:40:50;140,00;1,0000;1,030;-;-;54,0;118,0;PZB;True;False;0;-; 0,0; 0,0; 0,0;S2: VDV 1 - Strecke 2 - VDV 2;0,000000;31642,0;  0,0;6227,3;  0,0;1,030;1,00;1,00;"80 0622-19.0;";0;PZB steigend;3521;;True;PZB steigend;False;00:40:50;00:40:50;-;-;False;-;Betriebsstellengrenze 3521-0 - Betriebsstellengrenze 3521-0 (3521);2450;2450
20500;PZB steigend;0/00:44:14;0/00:44:14;00:44;00:44;00:44;00:44;-;100,00;97,09;100,00;-;100,00;-;K;-;S2 20.500 3521-0 Betriebsstellengrenze, =>DB2 3521-0, Gleis 0;;S2;Strecke 2;0/00:13:02;-;140,00;1,0000;1,030;-;-;54,0;118,0;PZB;True;False;0;-; 0,0; 0,0; 0,0;S2: VDV 1 - Strecke 2 - VDV 2;0,000000;31642,0;  0,0;6227,3;  0,0;1,030;1,00;1,00;"80 0622-19.0;";0;PZB steigend;3521;0;True;PZB steigend;False;00:44:14;00:44:14;-;-;False;-;Betriebsstellengrenze 3521-0 - Betriebsstellengrenze 3521-0 (3521);2654;2654
20500;PZB steigend;0/00:44:14;0/00:44:14;00:44;00:44;00:44;00:44;-;100,00;97,09;100,00;-;100,00;-;K;-;DB2 20.500 3521-0 Betriebsstellengrenze, =>S2 3521-0, Gleis 0;;DB2;DB 2;0/00:13:02;-;140,00;1,0000;1,030;-;-;54,0;118,0;PZB;True;False;0;-; 0,0; 0,0; 0,0;DB2: Strecke 2 - Gleis 2 - Strecke 3;0,000000;31642,0;  0,0;6227,3;  0,0;1,030;1,00;1,00;"80 0622-19.0;";0;PZB steigend;3521;0;True;PZB steigend;False;00:44:14;00:44:14;-;-;False;-;Betriebsstellengrenze 3521-0 - Weiche 02W1 A (3521);2654;2654
20765;PZB steigend;0/00:44:24;0/00:44:24;00:44;00:44;00:44;00:44;-;100,00;97,09;100,00;-;100,00;-;K;-;DB2 20.765 02Va Vorsignal, Steigend, Fb=9s, Unbekannt; Ref(21765)=<DB2|21,765/+0|HS|02A|0>  Anfang(20765)=<DB2|20,765/+0|VS|02Va|0> ;DB2;DB 2;0/00:13:12;-;140,00;1,0000;1,030;-;-;54,0;118,0;PZB;True;False;0;-; 0,0; 0,0; 0,0;DB2: Strecke 2 - Gleis 2 - Strecke 3;0,000000;31642,0;  0,0;6227,3;  0,0;1,030;1,00;1,00;"80 0622-19.0;";0;PZB steigend;3521;;True;PZB steigend;False;00:44:24;00:44:24;-;-;False;-;Betriebsstellengrenze 3521-0 - Weiche 02W1 A (3521);2664;2664
20765;PZB steigend;0/00:44:24;0/00:44:24;00:44;00:44;00:44;00:44;-;100,00;97,09;100,00;165,00;100,00;-;K;-;DB2 -978.010 1000Hz Punktbeeinflussung, Steigend, Konventionell, kennung=1000; Ref(21765)=<DB2|21,765/+0|HS|02A|0> ;DB2;DB 2;0/00:13:12;-;140,00;1,0000;1,030;-;-;54,0;118,0;PZB;True;False;0;-; 0,0; 0,0; 0,0;DB2: Strecke 2 - Gleis 2 - Strecke 3;0,000000;31642,0;  0,0;6227,3;  0,0;1,030;1,00;1,00;"80 0622-19.0;";0;PZB steigend;3521;;True;PZB steigend;False;00:44:24;00:44:24;-;-;False;-;Betriebsstellengrenze 3521-0 - Weiche 02W1 A (3521);2664;2664
20790;PZB steigend;0/00:44:25;0/00:44:25;00:44;00:44;00:44;00:44;-;100,00;97,09;100,00;165,00;100,00;-;K;-;Zugsicherungs-Stützstelle;;DB2;DB 2;0/00:13:13;-;140,00;1,0000;1,030;-;-;54,0;118,0;PZB;True;False;0;-; 0,0; 0,0; 0,0;DB2: Strecke 2 - Gleis 2 - Strecke 3;0,000000;31642,0;  0,0;6227,3;  0,0;1,030;1,00;1,00;"80 0622-19.0;";0;PZB steigend;;;False;PZB steigend;False;00:44:25;00:44:25;-;-;False;-;-;2665;2665
20815;PZB steigend;0/00:44:26;0/00:44:26;00:44;00:44;00:44;00:44;-;100,00;97,09;100,00;165,00;100,00;-;K;-;Zugsicherungs-Stützstelle;;DB2;DB 2;0/00:13:14;-;140,00;1,0000;1,030;-;-;54,0;118,0;PZB;True;False;0;-; 0,0; 0,0; 0,0;DB2: Strecke 2 - Gleis 2 - Strecke 3;0,000000;31642,0;  0,0;6227,3;  0,0;1,030;1,00;1,00;"80 0622-19.0;";0;PZB steigend;;;False;PZB steigend;False;00:44:26;00:44:26;-;-;False;-;-;2666;2666
20840;PZB steigend;0/00:44:26;0/00:44:26;00:44;00:44;00:44;00:44;-;100,00;97,09;100,00;163,90;100,00;-;K;-;Zugsicherungs-Stützstelle;;DB2;DB 2;0/00:13:15;-;140,00;1,0000;1,030;-;-;54,0;118,0;PZB;True;False;0;-; 0,0; 0,0; 0,0;DB2: Strecke 2 - Gleis 2 - Strecke 3;0,000000;31642,0;  0,0;6227,3;  0,0;1,030;1,00;1,00;"80 0622-19.0;";0;PZB steigend;;;False;PZB steigend;False;00:44:26;00:44:26;-;-;False;-;-;2666;2666
20865;PZB steigend;0/00:44:27;0/00:44:27;00:44;00:44;00:44;00:44;-;100,00;97,09;100,00;160,30;100,00;-;K;-;Zugsicherungs-Stützstelle;;DB2;DB 2;0/00:13:16;-;140,00;1,0000;1,030;-;-;54,0;118,0;PZB;True;False;0;-; 0,0; 0,0; 0,0;DB2: Strecke 2 - Gleis 2 - Strecke 3;0,000000;31642,0;  0,0;6227,3;  0,0;1,030;1,00;1,00;"80 0622-19.0;";0;PZB steigend;;;False;PZB steigend;False;00:44:27;00:44:27;-;-;False;-;-;2667;2667
20890;PZB steigend;0/00:44:28;0/00:44:28;00:44;00:44;00:44;00:44;-;100,00;97,09;100,00;156,70;100,00;-;K;-;Zugsicherungs-Stützstelle;;DB2;DB 2;0/00:13:16;-;140,00;1,0000;1,030;-;-;54,0;118,0;PZB;True;False;0;-; 0,0; 0,0; 0,0;DB2: Strecke 2 - Gleis 2 - Strecke 3;0,000000;31642,0;  0,0;6227,3;  0,0;1,030;1,00;1,00;"80 0622-19.0;";0;PZB steigend;;;False;PZB steigend;False;00:44:28;00:44:28;-;-;False;-;-;2668;2668
20915;PZB steigend;0/00:44:29;0/00:44:29;00:44;00:44;00:44;00:44;-;100,00;97,09;100,00;153,10;100,00;-;K;-;Zugsicherungs-Stützstelle;;DB2;DB 2;0/00:13:17;-;140,00;1,0000;1,030;-;-;54,0;118,0;PZB;True;False;0;-; 0,0; 0,0; 0,0;DB2: Strecke 2 - Gleis 2 - Strecke 3;0,000000;31642,0;  0,0;6227,3;  0,0;1,030;1,00;1,00;"80 0622-19.0;";0;PZB steigend;;;False;PZB steigend;False;00:44:29;00:44:29;-;-;False;-;-;2669;2669
20940;PZB steigend;0/00:44:30;0/00:44:30;00:45;00:45;00:45;00:45;-;100,00;97,09;100,00;149,40;100,00;-;K;-;Zugsicherungs-Stützstelle;;DB2;DB 2;0/00:13:18;-;140,00;1,0000;1,030;-;-;54,0;118,0;PZB;True;False;0;-; 0,0; 0,0; 0,0;DB2: Strecke 2 - Gleis 2 - Strecke 3;0,000000;31642,0;  0,0;6227,3;  0,0;1,030;1,00;1,00;"80 0622-19.0;";0;PZB steigend;;;False;PZB steigend;False;00:44:30;00:44:30;-;-;False;-;-;2670;2670
20965;PZB steigend;0/00:44:31;0/00:44:31;00:45;00:45;00:45;00:45;-;100,00;97,09;100,00;145,80;100,00;-;K;-;Zugsicherungs-Stützstelle;;DB2;DB 2;0/00:13:19;-;140,00;1,0000;1,030;-;-;54,0;118,0;PZB;True;False;0;-; 0,0; 0,0; 0,0;DB2: Strecke 2 - Gleis 2 - Strecke 3;0,000000;31642,0;  0,0;6227,3;  0,0;1,030;1,00;1,00;"80 0622-19.0;";0;PZB steigend;;;False;PZB steigend;False;00:44:31;00:44:31;-;-;False;-;-;2671;2671
20990;PZB steigend;0/00:44:32;0/00:44:32;00:45;00:45;00:45;00:45;-;100,00;97,09;100,00;142,20;100,00;-;K;-;Zugsicherungs-Stützstelle;;DB2;DB 2;0/00:13:20;-;140,00;1,0000;1,030;-;-;54,0;118,0;PZB;True;False;0;-; 0,0; 0,0; 0,0;DB2: Strecke 2 - Gleis 2 - Strecke 3;0,000000;31642,0;  0,0;6227,3;  0,0;1,030;1,00;1,00;"80 0622-19.0;";0;PZB steigend;;;False;PZB steigend;False;00:44:32;00:44:32;-;-;False;-;-;2672;2672
21015;PZB steigend;0/00:44:33;0/00:44:33;00:45;00:45;00:45;00:45;-;100,00;97,09;100,00;138,60;100,00;-;K;-;Zugsicherungs-Stützstelle;;DB2;DB 2;0/00:13:21;-;140,00;1,0000;1,030;-;-;54,0;118,0;PZB;True;False;0;-; 0,0; 0,0; 0,0;DB2: Strecke 2 - Gleis 2 - Strecke 3;0,000000;31642,0;  0,0;6227,3;  0,0;1,030;1,00;1,00;"80 0622-19.0;";0;PZB steigend;;;False;PZB steigend;False;00:44:33;00:44:33;-;-;False;-;-;2673;2673
21040;PZB steigend;0/00:44:34;0/00:44:34;00:45;00:45;00:45;00:45;-;100,00;97,09;100,00;135,00;100,00;-;K;-;Zugsicherungs-Stützstelle;;DB2;DB 2;0/00:13:22;-;140,00;1,0000;1,030;-;-;54,0;118,0;PZB;True;False;0;-; 0,0; 0,0; 0,0;DB2: Strecke 2 - Gleis 2 - Strecke 3;0,000000;31642,0;  0,0;6227,3;  0,0;1,030;1,00;1,00;"80 0622-19.0;";0;PZB steigend;;;False;PZB steigend;False;00:44:34;00:44:34;-;-;False;-;-;2674;2674
21065;PZB steigend;0/00:44:35;0/00:44:35;00:45;00:45;00:45;00:45;-;100,00;97,09;100,00;131,30;100,00;-;K;-;Zugsicherungs-Stützstelle;;DB2;DB 2;0/00:13:23;-;140,00;1,0000;1,030;-;-;54,0;118,0;PZB;True;False;0;-; 0,0; 0,0; 0,0;DB2: Strecke 2 - Gleis 2 - Strecke 3;0,000000;31642,0;  0,0;6227,3;  0,0;1,030;1,00;1,00;"80 0622-19.0;";0;PZB steigend;;;False;PZB steigend;False;00:44:35;00:44:35;-;-;False;-;-;2675;2675
21090;PZB steigend;0/00:44:36;0/00:44:36;00:45;00:45;00:45;00:45;-;100,00;97,09;100,00;127,70;100,00;-;K;-;Zugsicherungs-Stützstelle;;DB2;DB 2;0/00:13:24;-;140,00;1,0000;1,030;-;-;54,0;118,0;PZB;True;False;0;-; 0,0; 0,0; 0,0;DB2: Strecke 2 - Gleis 2 - Strecke 3;0,000000;31642,0;  0,0;6227,3;  0,0;1,030;1,00;1,00;"80 0622-19.0;";0;PZB steigend;;;False;PZB steigend;False;00:44:36;00:44:36;-;-;False;-;-;2676;2676
21115;PZB steigend;0/00:44:37;0/00:44:37;00:45;00:45;00:45;00:45;-;100,00;97,09;100,00;124,10;100,00;-;K;-;Zugsicherungs-Stützstelle;;DB2;DB 2;0/00:13:25;-;140,00;1,0000;1,030;-;-;54,0;118,0;PZB;True;False;0;-; 0,0; 0,0; 0,0;DB2: Strecke 2 - Gleis 2 - Strecke 3;0,000000;31642,0;  0,0;6227,3;  0,0;1,030;1,00;1,00;"80 0622-19.0;";0;PZB steigend;;;False;PZB steigend;False;00:44:37;00:44:37;-;-;False;-;-;2677;2677
21140;PZB steigend;0/00:44:38;0/00:44:38;00:45;00:45;00:45;00:45;-;100,00;97,09;100,00;120,50;100,00;-;K;-;Zugsicherungs-Stützstelle;;DB2;DB 2;0/00:13:25;-;140,00;1,0000;1,030;-;-;54,0;118,0;PZB;True;False;0;-; 0,0; 0,0; 0,0;DB2: Strecke 2 - Gleis 2 - Strecke 3;0,000000;31642,0;  0,0;6227,3;  0,0;1,030;1,00;1,00;"80 0622-19.0;";0;PZB steigend;;;False;PZB steigend;False;00:44:38;00:44:38;-;-;False;-;-;2678;2678
21165;PZB steigend;0/00:44:39;0/00:44:39;00:45;00:45;00:45;00:45;-;100,00;97,09;100,00;116,90;100,00;-;K;-;Zugsicherungs-Stützstelle;;DB2;DB 2;0/00:13:26;-;140,00;1,0000;1,030;-;-;54,0;118,0;PZB;True;False;0;-; 0,0; 0,0; 0,0;DB2: Strecke 2 - Gleis 2 - Strecke 3;0,000000;31642,0;  0,0;6227,3;  0,0;1,030;1,00;1,00;"80 0622-19.0;";0;PZB steigend;;;False;PZB steigend;False;00:44:39;00:44:39;-;-;False;-;-;2679;2679
21190;PZB steigend;0/00:44:39;0/00:44:39;00:45;00:45;00:45;00:45;-;100,00;97,09;100,00;113,30;100,00;-;K;-;Zugsicherungs-Stützstelle;;DB2;DB 2;0/00:13:27;-;140,00;1,0000;1,030;-;-;54,0;118,0;PZB;True;False;0;-; 0,0; 0,0; 0,0;DB2: Strecke 2 - Gleis 2 - Strecke 3;0,000000;31642,0;  0,0;6227,3;  0,0;1,030;1,00;1,00;"80 0622-19.0;";0;PZB steigend;;;False;PZB steigend;False;00:44:39;00:44:39;-;-;False;-;-;2679;2679
21215;PZB steigend;0/00:44:40;0/00:44:40;00:45;00:45;00:45;00:45;-;100,00;97,09;100,00;109,60;100,00;-;K;-;Zugsicherungs-Stützstelle;;DB2;DB 2;0/00:13:28;-;140,00;1,0000;1,030;-;-;54,0;118,0;PZB;True;False;0;-; 0,0; 0,0; 0,0;DB2: Strecke 2 - Gleis 2 - Strecke 3;0,000000;31642,0;  0,0;6227,3;  0,0;1,030;1,00;1,00;"80 0622-19.0;";0;PZB steigend;;;False;PZB steigend;False;00:44:40;00:44:40;-;-;False;-;-;2680;2680
21238;PZB steigend;0/00:44:41;0/00:44:41;00:45;00:45;00:45;00:45;-;100,00;97,09;100,00;106,30;100,00;-;K;-;;;DB2;DB 2;0/00:13:29;-;140,00;1,0000;1,030;-;-;54,0;118,0;PZB;True;False;0;-; 0,0; 0,0; 0,0;DB2: Strecke 2 - Gleis 2 - Strecke 3;-0,700000;31642,0;  0,0;6227,3;  0,0;1,030;1,00;1,00;"80 0622-19.0;";0;PZB steigend;;;False;PZB steigend;False;00:44:41;00:44:41;-;-;False;-;-;2681;2681
21240;PZB steigend;0/00:44:41;0/00:44:41;00:45;00:45;00:45;00:45;-;99,82;96,91;100,00;106,00;100,00;-;B;-;Zugsicherungs-Stützstelle;;DB2;DB 2;0/00:13:29;-;140,00;1,0000;1,030;-;-;54,0;118,0;PZB;True;False;0;-; 0,0; 0,0; 0,0;DB2: Strecke 2 - Gleis 2 - Strecke 3;-0,700000;31650,3;  0,0;6213,6;  0,0;1,030;1,00;1,00;"80 0622-19.0;";0;PZB steigend;;;False;PZB steigend;False;00:44:41;00:44:41;-;-;False;-;-;2681;2681
21265;PZB steigend;0/00:44:42;0/00:44:42;00:45;00:45;00:45;00:45;-;97,52;94,68;100,00;102,40;100,00;-;B;-;Zugsicherungs-Stützstelle;;DB2;DB 2;0/00:13:30;-;140,00;1,0000;1,030;-;-;54,0;118,0;PZB;True;False;0;-; 0,0; 0,0; 0,0;DB2: Strecke 2 - Gleis 2 - Strecke 3;-0,700000;31755,7;  0,0;6040,0;  0,0;1,030;1,00;1,00;"80 0622-19.0;";0;PZB steigend;;;False;PZB steigend;False;00:44:42;00:44:42;-;-;False;-;-;2682;2682
21290;PZB steigend;0/00:44:43;0/00:44:43;00:45;00:45;00:45;00:45;-;95,17;92,40;100,00;98,60;100,00;-;B;-;Zugsicherungs-Stützstelle;;DB2;DB 2;0/00:13:31;-;140,00;1,0000;1,030;-;-;54,0;118,0;PZB;True;False;0;-; 0,0; 0,0; 0,0;DB2: Strecke 2 - Gleis 2 - Strecke 3;-0,700000;31840,3;  0,0;5866,2;  0,0;1,030;1,00;1,00;"80 0622-19.0;";0;PZB steigend;;;False;PZB steigend;False;00:44:43;00:44:43;-;-;False;-;-;2683;2683
21315;PZB steigend;0/00:44:44;0/00:44:44;00:45;00:45;00:45;00:45;-;92,76;90,06;100,00;94,80;100,00;-;B;-;Zugsicherungs-Stützstelle;;DB2;DB 2;0/00:13:32;-;140,00;1,0000;1,030;-;-;54,0;118,0;PZB;True;False;0;-; 0,0; 0,0; 0,0;DB2: Strecke 2 - Gleis 2 - Strecke 3;-0,700000;31898,0;  0,0;5691,8;  0,0;1,030;1,00;1,00;"80 0622-19.0;";0;PZB steigend;;;False;PZB steigend;False;00:44:44;00:44:44;-;-;False;-;-;2684;2684
21340;PZB steigend;0/00:44:45;0/00:44:45;00:45;00:45;00:45;00:45;-;90,28;87,65;100,00;90,80;100,00;-;B;-;Zugsicherungs-Stützstelle;;DB2;DB 2;0/00:13:33;-;140,00;1,0000;1,030;-;-;54,0;118,0;PZB;True;False;0;-; 0,0; 0,0; 0,0;DB2: Strecke 2 - Gleis 2 - Strecke 3;-0,700000;31919,1;  0,0;5516,2;  0,0;1,030;1,00;1,00;"80 0622-19.0;";0;PZB steigend;;;False;PZB steigend;False;00:44:45;00:44:45;-;-;False;-;-;2685;2685
21365;PZB steigend;0/00:44:46;0/00:44:46;00:45;00:45;00:45;00:45;-;86,70;84,17;100,00;86,70;100,00;-;B;-;Zugsicherungs-Stützstelle;;DB2;DB 2;0/00:13:34;-;140,00;1,0000;1,030;-;-;54,0;118,0;PZB;True;False;0;-; 0,0; 0,0; 0,0;DB2: Strecke 2 - Gleis 2 - Strecke 3;-0,700000;39413,8;  0,0;5270,0;  0,0;1,030;1,00;1,00;"80 0622-19.0;";0;PZB steigend;;;False;PZB steigend;False;00:44:46;00:44:46;-;-;False;-;-;2686;2686
21390;PZB steigend;0/00:44:47;0/00:44:47;00:45;00:45;00:45;00:45;-;85,11;82,63;100,00;-;100,00;-;K;-;Zugsicherungs-Stützstelle;;DB2;DB 2;0/00:13:35;-;140,00;1,0000;1,030;-;-;54,0;118,0;PZB;True;False;0;-; 0,0; 0,0; 0,0;DB2: Strecke 2 - Gleis 2 - Strecke 3;-0,700000;40704,8;  0,0;5163,4;  0,0;1,030;1,00;1,00;"80 0622-19.0;";0;PZB steigend;;;False;PZB steigend;False;00:44:47;00:44:47;-;-;False;-;-;2687;2687
21391;PZB steigend;0/00:44:47;0/00:44:47;00:45;00:45;00:45;00:45;-;85,00;82,52;100,00;-;100,00;-;K;-;Zugsicherungs-Stützstelle;;DB2;DB 2;0/00:13:35;-;140,00;1,0000;1,030;-;-;54,0;118,0;PZB;True;False;0;-; 0,0; 0,0; 0,0;DB2: Strecke 2 - Gleis 2 - Strecke 3;0,000000;40795,0;  0,0;5156,1;  0,0;1,030;1,00;1,00;"80 0622-19.0;";0;PZB steigend;;;False;PZB steigend;False;00:44:47;00:44:47;-;-;False;-;-;2687;2687
21415;PZB steigend;0/00:44:48;0/00:44:48;00:45;00:45;00:45;00:45;-;85,00;82,52;100,00;-;100,00;-;K;-;Zugsicherungs-Stützstelle;;DB2;DB 2;0/00:13:36;-;140,00;1,0000;1,030;-;-;54,0;118,0;PZB;True;False;0;-; 0,0; 0,0; 0,0;DB2: Strecke 2 - Gleis 2 - Strecke 3;0,000000;40795,0;  0,0;5156,1;  0,0;1,030;1,00;1,00;"80 0622-19.0;";0;PZB steigend;;;False;PZB steigend;False;00:44:48;00:44:48;-;-;False;-;-;2688;2688
21440;PZB steigend;0/00:44:50;0/00:44:50;00:45;00:45;00:45;00:45;-;85,00;82,52;100,00;-;100,00;-;K;-;Zugsicherungs-Stützstelle;;DB2;DB 2;0/00:13:37;-;140,00;1,0000;1,030;-;-;54,0;118,0;PZB;True;False;0;-; 0,0; 0,0; 0,0;DB2: Strecke 2 - Gleis 2 - Strecke 3;0,000000;40795,0;  0,0;5156,1;  0,0;1,030;1,00;1,00;"80 0622-19.0;";0;PZB steigend;;;False;PZB steigend;False;00:44:50;00:44:50;-;-;False;-;-;2690;2690
21460;PZB steigend;0/00:44:50;0/00:44:50;00:45;00:45;00:45;00:45;-;85,00;82,52;100,00;-;100,00;-;K;-;Zugsicherungs-Stützstelle;;DB2;DB 2;0/00:13:38;-;140,00;1,0000;1,030;-;-;54,0;118,0;PZB;True;False;0;-; 0,0; 0,0; 0,0;DB2: Strecke 2 - Gleis 2 - Strecke 3;0,000000;40795,0;  0,0;5156,1;  0,0;1,030;1,00;1,00;"80 0622-19.0;";0;PZB steigend;;;False;PZB steigend;False;00:44:50;00:44:50;-;-;False;-;-;2690;2690
21465;PZB steigend;0/00:44:51;0/00:44:51;00:45;00:45;00:45;00:45;-;85,00;82,52;100,00;-;100,00;-;K;-;Zugsicherungs-Stützstelle;;DB2;DB 2;0/00:13:38;-;140,00;1,0000;1,030;-;-;54,0;118,0;PZB;True;False;0;-; 0,0; 0,0; 0,0;DB2: Strecke 2 - Gleis 2 - Strecke 3;0,000000;40795,0;  0,0;5156,1;  0,0;1,030;1,00;1,00;"80 0622-19.0;";0;PZB steigend;;;False;PZB steigend;False;00:44:51;00:44:51;-;-;False;-;-;2691;2691
21470;PZB steigend;0/00:44:51;0/00:44:51;00:45;00:45;00:45;00:45;-;85,00;82,52;100,00;-;100,00;-;K;-;Zugsicherungs-Stützstelle;;DB2;DB 2;0/00:13:38;-;140,00;1,0000;1,030;-;-;54,0;118,0;PZB;True;False;0;-; 0,0; 0,0; 0,0;DB2: Strecke 2 - Gleis 2 - Strecke 3;0,000000;40795,0;  0,0;5156,1;  0,0;1,030;1,00;1,00;"80 0622-19.0;";0;PZB steigend;;;False;PZB steigend;False;00:44:51;00:44:51;-;-;False;-;-;2691;2691
21490;PZB steigend;0/00:44:52;0/00:44:52;00:45;00:45;00:45;00:45;-;85,00;82,52;100,00;-;100,00;-;K;-;Zugsicherungs-Stützstelle;;DB2;DB 2;0/00:13:39;-;140,00;1,0000;1,030;-;-;54,0;118,0;PZB;True;False;0;-; 0,0; 0,0; 0,0;DB2: Strecke 2 - Gleis 2 - Strecke 3;0,000000;40795,0;  0,0;5156,1;  0,0;1,030;1,00;1,00;"80 0622-19.0;";0;PZB steigend;;;False;PZB steigend;False;00:44:52;00:44:52;-;-;False;-;-;2692;2692
21505;PZB steigend;0/00:44:52;0/00:44:52;00:45;00:45;00:45;00:45;-;85,00;82,52;100,00;-;100,00;-;K;-;DB2 21.505  Punktbeeinflussung, Steigend, Konventionell, kennung=500; Ref(21765)=<DB2|21,765/+0|HS|02A|0> ;DB2;DB 2;0/00:13:40;-;140,00;1,0000;1,030;-;-;54,0;118,0;PZB;True;False;0;-; 0,0; 0,0; 0,0;DB2: Strecke 2 - Gleis 2 - Strecke 3;0,000000;40795,0;  0,0;5156,1;  0,0;1,030;1,00;1,00;"80 0622-19.0;";0;PZB steigend;3521;;True;PZB steigend;False;00:44:52;00:44:52;-;-;False;-;Betriebsstellengrenze 3521-0 - Weiche 02W1 A (3521);2692;2692
21515;PZB steigend;0/00:44:53;0/00:44:53;00:45;00:45;00:45;00:45;-;85,00;82,52;100,00;-;100,00;-;K;-;Zugsicherungs-Stützstelle;;DB2;DB 2;0/00:13:40;-;140,00;1,0000;1,030;-;-;54,0;118,0;PZB;True;False;0;-; 0,0; 0,0; 0,0;DB2: Strecke 2 - Gleis 2 - Strecke 3;0,000000;40795,0;  0,0;5156,1;  0,0;1,030;1,00;1,00;"80 0622-19.0;";0;PZB steigend;;;False;PZB steigend;False;00:44:53;00:44:53;-;-;False;-;-;2693;2693
21525;PZB steigend;0/00:44:53;0/00:44:53;00:45;00:45;00:45;00:45;-;85,00;82,52;100,00;-;100,00;-;K;-;Zugsicherungs-Stützstelle;;DB2;DB 2;0/00:13:41;-;140,00;1,0000;1,030;-;-;54,0;118,0;PZB;True;False;0;-; 0,0; 0,0; 0,0;DB2: Strecke 2 - Gleis 2 - Strecke 3;0,000000;40795,0;  0,0;5156,1;  0,0;1,030;1,00;1,00;"80 0622-19.0;";0;PZB steigend;;;False;PZB steigend;False;00:44:53;00:44:53;-;-;False;-;-;2693;2693
21535;PZB steigend;0/00:44:54;0/00:44:54;00:45;00:45;00:45;00:45;-;85,00;82,52;100,00;-;100,00;-;K;-;Zugsicherungs-Stützstelle;;DB2;DB 2;0/00:13:41;-;140,00;1,0000;1,030;-;-;54,0;118,0;PZB;True;False;0;-; 0,0; 0,0; 0,0;DB2: Strecke 2 - Gleis 2 - Strecke 3;0,000000;40795,0;  0,0;5156,1;  0,0;1,030;1,00;1,00;"80 0622-19.0;";0;PZB steigend;;;False;PZB steigend;False;00:44:54;00:44:54;-;-;False;-;-;2694;2694
21540;PZB steigend;0/00:44:54;0/00:44:54;00:45;00:45;00:45;00:45;-;85,00;82,52;100,00;-;100,00;-;K;-;Zugsicherungs-Stützstelle;;DB2;DB 2;0/00:13:41;-;140,00;1,0000;1,030;-;-;54,0;118,0;PZB;True;False;0;-; 0,0; 0,0; 0,0;DB2: Strecke 2 - Gleis 2 - Strecke 3;0,000000;40795,0;  0,0;5156,1;  0,0;1,030;1,00;1,00;"80 0622-19.0;";0;PZB steigend;;;False;PZB steigend;False;00:44:54;00:44:54;-;-;False;-;-;2694;2694
21545;PZB steigend;0/00:44:54;0/00:44:54;00:45;00:45;00:45;00:45;-;85,00;82,52;100,00;-;100,00;-;K;-;Zugsicherungs-Stützstelle;;DB2;DB 2;0/00:13:41;-;140,00;1,0000;1,030;-;-;54,0;118,0;PZB;True;False;0;-; 0,0; 0,0; 0,0;DB2: Strecke 2 - Gleis 2 - Strecke 3;0,000000;40795,0;  0,0;5156,1;  0,0;1,030;1,00;1,00;"80 0622-19.0;";0;PZB steigend;;;False;PZB steigend;False;00:44:54;00:44:54;-;-;False;-;-;2694;2694
21555;PZB steigend;0/00:44:55;0/00:44:55;00:45;00:45;00:45;00:45;-;85,00;82,52;100,00;-;100,00;-;K;-;Zugsicherungs-Stützstelle;;DB2;DB 2;0/00:13:42;-;140,00;1,0000;1,030;-;-;54,0;118,0;PZB;True;False;0;-; 0,0; 0,0; 0,0;DB2: Strecke 2 - Gleis 2 - Strecke 3;0,000000;40795,0;  0,0;5156,1;  0,0;1,030;1,00;1,00;"80 0622-19.0;";0;PZB steigend;;;False;PZB steigend;False;00:44:55;00:44:55;-;-;False;-;-;2695;2695
21565;PZB steigend;0/00:44:55;0/00:44:55;00:45;00:45;00:45;00:45;-;85,00;82,52;100,00;-;100,00;-;K;-;Zugsicherungs-Stützstelle;;DB2;DB 2;0/00:13:42;-;140,00;1,0000;1,030;-;-;54,0;118,0;PZB;True;False;0;-; 0,0; 0,0; 0,0;DB2: Strecke 2 - Gleis 2 - Strecke 3;0,000000;40795,0;  0,0;5156,1;  0,0;1,030;1,00;1,00;"80 0622-19.0;";0;PZB steigend;;;False;PZB steigend;False;00:44:55;00:44:55;-;-;False;-;-;2695;2695
21565;PZB steigend;0/00:44:55;0/00:44:55;00:45;00:45;00:45;00:45;-;85,00;82,52;100,00;-;100,00;-;K;-;;;DB2;DB 2;0/00:13:42;-;140,00;1,0000;1,030;-;-;54,0;118,0;PZB;True;False;0;-; 0,0; 0,0; 0,0;DB2: Strecke 2 - Gleis 2 - Strecke 3;-0,700000;40795,0;  0,0;5156,1;  0,0;1,030;1,00;1,00;"80 0622-19.0;";0;PZB steigend;;;False;PZB steigend;False;00:44:55;00:44:55;-;-;False;-;-;2695;2695
21575;PZB steigend;0/00:44:55;0/00:44:55;00:45;00:45;00:45;00:45;-;83,94;81,50;100,00;-;100,00;-;B;-;Zugsicherungs-Stützstelle;;DB2;DB 2;0/00:13:43;-;140,00;1,0000;1,030;-;-;54,0;118,0;PZB;True;False;0;-; 0,0; 0,0; 0,0;DB2: Strecke 2 - Gleis 2 - Strecke 3;-0,700000;41574,2;  0,0;5086,0;  0,0;1,030;1,00;1,00;"80 0622-19.0;";0;PZB steigend;;;False;PZB steigend;False;00:44:55;00:44:55;-;-;False;-;-;2695;2695
21585;PZB steigend;0/00:44:56;0/00:44:56;00:45;00:45;00:45;00:45;-;82,85;80,44;100,00;-;100,00;-;B;-;Zugsicherungs-Stützstelle;;DB2;DB 2;0/00:13:43;-;140,00;1,0000;1,030;-;-;54,0;118,0;PZB;True;False;0;-; 0,0; 0,0; 0,0;DB2: Strecke 2 - Gleis 2 - Strecke 3;-0,700000;41569,5;  0,0;5014,7;  0,0;1,030;1,00;1,00;"80 0622-19.0;";0;PZB steigend;;;False;PZB steigend;False;00:44:56;00:44:56;-;-;False;-;-;2696;2696
21590;PZB steigend;0/00:44:56;0/00:44:56;00:45;00:45;00:45;00:45;-;82,30;79,90;100,00;-;100,00;-;B;-;Zugsicherungs-Stützstelle;;DB2;DB 2;0/00:13:43;-;140,00;1,0000;1,030;-;-;54,0;118,0;PZB;True;False;0;-; 0,0; 0,0; 0,0;DB2: Strecke 2 - Gleis 2 - Strecke 3;-0,700000;41653,0;  0,0;4979,0;  0,0;1,030;1,00;1,00;"80 0622-19.0;";0;PZB steigend;;;False;PZB steigend;False;00:44:56;00:44:56;-;-;False;-;-;2696;2696
21595;PZB steigend;0/00:44:56;0/00:44:56;00:45;00:45;00:45;00:45;-;81,75;79,37;100,00;-;100,00;-;B;-;Zugsicherungs-Stützstelle;;DB2;DB 2;0/00:13:44;-;140,00;1,0000;1,030;-;-;54,0;118,0;PZB;True;False;0;-; 0,0; 0,0; 0,0;DB2: Strecke 2 - Gleis 2 - Strecke 3;-0,700000;41749,5;  0,0;4943,5;  0,0;1,030;1,00;1,00;"80 0622-19.0;";0;PZB steigend;;;False;PZB steigend;False;00:44:56;00:44:56;-;-;False;-;-;2696;2696
21605;PZB steigend;0/00:44:57;0/00:44:57;00:45;00:45;00:45;00:45;-;80,63;78,28;100,00;-;100,00;-;B;-;Zugsicherungs-Stützstelle;;DB2;DB 2;0/00:13:44;-;140,00;1,0000;1,030;-;-;54,0;118,0;PZB;True;False;0;-; 0,0; 0,0; 0,0;DB2: Strecke 2 - Gleis 2 - Strecke 3;-0,700000;41978,4;  0,0;4871,8;  0,0;1,030;1,00;1,00;"80 0622-19.0;";0;PZB steigend;;;False;PZB steigend;False;00:44:57;00:44:57;-;-;False;-;-;2697;2697
21615;PZB steigend;0/00:44:57;0/00:44:57;00:45;00:45;00:45;00:45;-;79,50;77,18;100,00;-;100,00;-;B;-;Zugsicherungs-Stützstelle;;DB2;DB 2;0/00:13:44;-;140,00;1,0000;1,030;-;-;54,0;118,0;PZB;True;False;0;-; 0,0; 0,0; 0,0;DB2: Strecke 2 - Gleis 2 - Strecke 3;-0,700000;42215,9;  0,0;4800,4;  0,0;1,030;1,00;1,00;"80 0622-19.0;";0;PZB steigend;;;False;PZB steigend;False;00:44:57;00:44:57;-;-;False;-;-;2697;2697
21625;PZB steigend;0/00:44:58;0/00:44:58;00:45;00:45;00:45;00:45;-;78,35;76,07;100,00;-;100,00;-;B;-;Zugsicherungs-Stützstelle;;DB2;DB 2;0/00:13:45;-;140,00;1,0000;1,030;-;-;54,0;118,0;PZB;True;False;0;-; 0,0; 0,0; 0,0;DB2: Strecke 2 - Gleis 2 - Strecke 3;-0,700000;42469,9;  0,0;4728,6;  0,0;1,030;1,00;1,00;"80 0622-19.0;";0;PZB steigend;;;False;PZB steigend;False;00:44:58;00:44:58;-;-;False;-;-;2698;2698
21635;PZB steigend;0/00:44:58;0/00:44:58;00:45;00:45;00:45;00:45;-;77,18;74,93;100,00;-;100,00;-;B;-;Zugsicherungs-Stützstelle;;DB2;DB 2;0/00:13:45;-;140,00;1,0000;1,030;-;-;54,0;118,0;PZB;True;False;0;-; 0,0; 0,0; 0,0;DB2: Strecke 2 - Gleis 2 - Strecke 3;-0,700000;42709,9;  0,0;4656,4;  0,0;1,030;1,00;1,00;"80 0622-19.0;";0;PZB steigend;;;False;PZB steigend;False;00:44:58;00:44:58;-;-;False;-;-;2698;2698
21640;PZB steigend;0/00:44:58;0/00:44:58;00:45;00:45;00:45;00:45;-;76,59;74,36;100,00;-;100,00;-;B;-;Zugsicherungs-Stützstelle;;DB2;DB 2;0/00:13:46;-;140,00;1,0000;1,030;-;-;54,0;118,0;PZB;True;False;0;-; 0,0; 0,0; 0,0;DB2: Strecke 2 - Gleis 2 - Strecke 3;-0,700000;42818,5;  0,0;4620,3;  0,0;1,030;1,00;1,00;"80 0622-19.0;";0;PZB steigend;;;False;PZB steigend;False;00:44:58;00:44:58;-;-;False;-;-;2698;2698
21645;PZB steigend;0/00:44:59;0/00:44:59;00:45;00:45;00:45;00:45;-;76,00;73,79;100,00;-;100,00;-;B;-;Zugsicherungs-Stützstelle;;DB2;DB 2;0/00:13:46;-;140,00;1,0000;1,030;-;-;54,0;118,0;PZB;True;False;0;-; 0,0; 0,0; 0,0;DB2: Strecke 2 - Gleis 2 - Strecke 3;-0,700000;42902,0;  0,0;4584,5;  0,0;1,030;1,00;1,00;"80 0622-19.0;";0;PZB steigend;;;False;PZB steigend;False;00:44:59;00:44:59;-;-;False;-;-;2699;2699
21655;PZB steigend;0/00:44:59;0/00:44:59;00:45;00:45;00:45;00:45;-;74,80;72,62;100,00;-;100,00;-;B;-;Zugsicherungs-Stützstelle;;DB2;DB 2;0/00:13:46;-;140,00;1,0000;1,030;-;-;54,0;118,0;PZB;True;False;0;-; 0,0; 0,0; 0,0;DB2: Strecke 2 - Gleis 2 - Strecke 3;-0,700000;42994,0;  0,0;4512,3;  0,0;1,030;1,00;1,00;"80 0622-19.0;";0;PZB steigend;;;False;PZB steigend;False;00:44:59;00:44:59;-;-;False;-;-;2699;2699
21658;PZB steigend;0/00:44:59;0/00:44:59;00:45;00:45;00:45;00:45;-;74,44;72,27;100,00;-;100,00;-;B;-;Zugsicherungs-Stützstelle;;DB2;DB 2;0/00:13:46;-;140,00;1,0000;1,030;-;-;54,0;118,0;PZB;True;False;0;-; 0,0; 0,0; 0,0;DB2: Strecke 2 - Gleis 2 - Strecke 3;-0,700000;43020,5;  0,0;4490,8;  0,0;1,030;1,00;1,00;"80 0622-19.0;";0;PZB steigend;;;False;PZB steigend;False;00:44:59;00:44:59;-;-;False;-;-;2699;2699
21665;PZB steigend;0/00:45:00;0/00:45:00;00:45;00:45;00:45;00:45;-;73,58;71,44;100,00;-;100,00;-;B;-;Zugsicherungs-Stützstelle;;DB2;DB 2;0/00:13:47;-;140,00;1,0000;1,030;-;-;54,0;118,0;PZB;True;False;0;-; 0,0; 0,0; 0,0;DB2: Strecke 2 - Gleis 2 - Strecke 3;-0,700000;43090,1;  0,0;4439,9;  0,0;1,030;1,00;1,00;"80 0622-19.0;";0;PZB steigend;;;False;PZB steigend;False;00:45:00;00:45:00;-;-;False;-;-;2700;2700
21690;PZB steigend;0/00:45:01;0/00:45:01;00:45;00:45;00:45;00:45;-;70,43;68,38;100,00;-;100,00;-;B;-;Zugsicherungs-Stützstelle;;DB2;DB 2;0/00:13:48;-;140,00;1,0000;1,030;-;-;54,0;118,0;PZB;True;False;0;-; 0,0; 0,0; 0,0;DB2: Strecke 2 - Gleis 2 - Strecke 3;-0,700000;43344,0;  0,0;4257,4;  0,0;1,030;1,00;1,00;"80 0622-19.0;";0;PZB steigend;;;False;PZB steigend;False;00:45:01;00:45:01;-;-;False;-;-;2701;2701
21705;PZB steigend;0/00:45:02;0/00:45:02;00:45;00:45;00:45;00:45;-;68,47;66,48;100,00;-;100,00;-;B;-;Zugsicherungs-Stützstelle;;DB2;DB 2;0/00:13:49;-;140,00;1,0000;1,030;-;-;54,0;118,0;PZB;True;False;0;-; 0,0; 0,0; 0,0;DB2: Strecke 2 - Gleis 2 - Strecke 3;-0,700000;43452,7;  0,0;4147,2;  0,0;1,030;1,00;1,00;"80 0622-19.0;";0;PZB steigend;;;False;PZB steigend;False;00:45:02;00:45:02;-;-;False;-;-;2702;2702
21710;PZB steigend;0/00:45:02;0/00:45:02;00:45;00:45;00:45;00:45;-;67,80;65,83;100,00;-;100,00;-;B;-;Zugsicherungs-Stützstelle;;DB2;DB 2;0/00:13:49;-;140,00;1,0000;1,030;-;-;54,0;118,0;PZB;True;False;0;-; 0,0; 0,0; 0,0;DB2: Strecke 2 - Gleis 2 - Strecke 3;-0,700000;43468,1;  0,0;4110,1;  0,0;1,030;1,00;1,00;"80 0622-19.0;";0;PZB steigend;;;False;PZB steigend;False;00:45:02;00:45:02;-;-;False;-;-;2702;2702
21715;PZB steigend;0/00:45:02;0/00:45:02;00:45;00:45;00:45;00:45;-;67,13;65,17;100,00;-;100,00;-;B;-;Zugsicherungs-Stützstelle;;DB2;DB 2;0/00:13:49;-;140,00;1,0000;1,030;-;-;54,0;118,0;PZB;True;False;0;-; 0,0; 0,0; 0,0;DB2: Strecke 2 - Gleis 2 - Strecke 3;-0,700000;43478,5;  0,0;4073,3;  0,0;1,030;1,00;1,00;"80 0622-19.0;";0;PZB steigend;;;False;PZB steigend;False;00:45:02;00:45:02;-;-;False;-;-;2702;2702
21740;PZB steigend;0/00:45:04;0/00:45:04;00:45;00:45;00:45;00:45;-;63,66;61,81;100,00;-;100,00;-;B;-;Zugsicherungs-Stützstelle;;DB2;DB 2;0/00:13:51;-;140,00;1,0000;1,030;-;-;54,0;118,0;PZB;True;False;0;-; 0,0; 0,0; 0,0;DB2: Strecke 2 - Gleis 2 - Strecke 3;-0,700000;50579,4;  0,0;3887,5;  0,0;1,030;1,00;1,00;"80 0622-19.0;";0;PZB steigend;;;False;PZB steigend;False;00:45:04;00:45:04;-;-;False;-;-;2704;2704
21750;PZB steigend;0/00:45:04;0/00:45:04;00:45;00:45;00:45;00:45;-;62,22;60,41;100,00;-;100,00;-;B;-;Zugsicherungs-Stützstelle;;DB2;DB 2;0/00:13:51;-;140,00;1,0000;1,030;-;-;54,0;118,0;PZB;True;False;0;-; 0,0; 0,0; 0,0;DB2: Strecke 2 - Gleis 2 - Strecke 3;-0,700000;54053,0;  0,0;3812,7;  0,0;1,030;1,00;1,00;"80 0622-19.0;";0;PZB steigend;;;False;PZB steigend;False;00:45:04;00:45:04;-;-;False;-;-;2704;2704
21755;PZB steigend;0/00:45:05;0/00:45:05;00:45;00:45;00:45;00:45;-;61,49;59,70;100,00;-;100,00;-;B;-;Zugsicherungs-Stützstelle;;DB2;DB 2;0/00:13:52;-;140,00;1,0000;1,030;-;-;54,0;118,0;PZB;True;False;0;-; 0,0; 0,0; 0,0;DB2: Strecke 2 - Gleis 2 - Strecke 3;-0,700000;54053,0;  0,0;3775,3;  0,0;1,030;1,00;1,00;"80 0622-19.0;";0;PZB steigend;;;False;PZB steigend;False;00:45:05;00:45:05;-;-;False;-;-;2705;2705
21760;PZB steigend;0/00:45:05;0/00:45:05;00:45;00:45;00:45;00:45;-;60,75;58,98;100,00;-;100,00;-;K;-;Zugsicherungs-Stützstelle;;DB2;DB 2;0/00:13:52;-;140,00;1,0000;1,030;-;-;54,0;118,0;PZB;True;False;0;-; 0,0; 0,0; 0,0;DB2: Strecke 2 - Gleis 2 - Strecke 3;-0,700000;54053,0;  0,0;3737,8;  0,0;1,030;1,00;1,00;"80 0622-19.0;";0;PZB steigend;;;False;PZB steigend;False;00:45:05;00:45:05;-;-;False;-;-;2705;2705
21765;PZB steigend;0/00:45:05;0/00:45:05;00:45;00:45;00:45;00:45;-;60,00;58,25;100,00;-;100,00;-;K;-;DB2 21.765 02A Hauptsignal, Steigend, DFa=3s, rs=20km/h, appr.=0km/h; Ref(20765)=<DB2|20,765/+0|VS|02Va|0>  Anfang(7765)=<DB1|7,765/+0|HS|01N1|0>  Ende(21965)=<DB2|21,965/+0|ZSS||0> ;DB2;DB 2;0/00:13:52;-;140,00;1,0000;1,030;-;-;54,0;118,0;PZB;True;False;0;-; 0,0; 0,0; 0,0;DB2: Strecke 2 - Gleis 2 - Strecke 3;0,000000;54053,0;  0,0;3700,1;  0,0;1,030;1,00;1,00;"80 0622-19.0;";0;PZB steigend;3521;;True;PZB steigend;False;00:45:05;00:45:05;-;-;False;-;Betriebsstellengrenze 3521-0 - Weiche 02W1 A (3521);2705;2705
21765;PZB steigend;0/00:45:05;0/00:45:05;00:45;00:45;00:45;00:45;-;60,00;58,25;100,00;165,00;100,00;-;K;-;DB2 21.765 02Vn Vorsignal, Steigend, Fb=9s, Unbekannt; Ref(22765)=<DB2|22,765/+0|HS|02N2|0>  Anfang(22760)=<DB2|22,760/+0|HP|Gl 2 s|0>|1 ;DB2;DB 2;0/00:13:52;-;140,00;1,0000;1,030;-;-;54,0;118,0;PZB;True;False;0;-; 0,0; 0,0; 0,0;DB2: Strecke 2 - Gleis 2 - Strecke 3;0,000000;54053,0;  0,0;3700,1;  0,0;1,030;1,00;1,00;"80 0622-19.0;";0;PZB steigend;3521;;True;PZB steigend;False;00:45:05;00:45:05;-;-;False;-;Betriebsstellengrenze 3521-0 - Weiche 02W1 A (3521);2705;2705
21765;PZB steigend;0/00:45:05;0/00:45:05;00:45;00:45;00:45;00:45;-;60,00;58,25;60,00;165,00;60,00;-;K;-;DB2 21.990  Geschwindigkeit Zulässig, Steigend, v=60km/h, Wirkung ab Signal, PZB; Ref(20765)=<DB2|-978,010/+0|PU|1000Hz|0> ;DB2;DB 2;0/00:13:52;-;140,00;1,0000;1,030;-;-;54,0;118,0;PZB;True;False;0;-; 0,0; 0,0; 0,0;DB2: Strecke 2 - Gleis 2 - Strecke 3;0,000000;54053,0;  0,0;3700,1;  0,0;1,030;1,00;1,00;"80 0622-19.0;";0;PZB steigend;3521;;True;PZB steigend;False;00:45:05;00:45:05;-;-;False;-;Weiche 02W1 B - Weiche 02W2 B (3521);2705;2705
21790;PZB steigend;0/00:45:07;0/00:45:07;00:45;00:45;00:45;00:45;-;60,00;58,25;60,00;-;60,00;-;K;-;Zugsicherungs-Stützstelle;;DB2;DB 2;0/00:13:54;-;140,00;1,0000;1,030;-;-;54,0;118,0;PZB;True;False;0;-; 0,0; 0,0; 0,0;DB2: Strecke 2 - Gleis 2 - Strecke 3;0,000000;54053,0;  0,0;3700,1;  0,0;1,030;1,00;1,00;"80 0622-19.0;";0;PZB steigend;;;False;PZB steigend;False;00:45:07;00:45:07;-;-;False;-;-;2707;2707
21815;PZB steigend;0/00:45:08;0/00:45:08;00:45;00:45;00:45;00:45;-;60,00;58,25;60,00;-;60,00;-;K;-;Zugsicherungs-Stützstelle;;DB2;DB 2;0/00:13:55;-;140,00;1,0000;1,030;-;-;54,0;118,0;PZB;True;False;0;-; 0,0; 0,0; 0,0;DB2: Strecke 2 - Gleis 2 - Strecke 3;0,000000;54053,0;  0,0;3700,1;  0,0;1,030;1,00;1,00;"80 0622-19.0;";0;PZB steigend;;;False;PZB steigend;False;00:45:08;00:45:08;-;-;False;-;-;2708;2708
21840;PZB steigend;0/00:45:10;0/00:45:10;00:45;00:45;00:45;00:45;-;60,00;58,25;60,00;-;60,00;-;K;-;Zugsicherungs-Stützstelle;;DB2;DB 2;0/00:13:57;-;140,00;1,0000;1,030;-;-;54,0;118,0;PZB;True;False;0;-; 0,0; 0,0; 0,0;DB2: Strecke 2 - Gleis 2 - Strecke 3;0,000000;54053,0;  0,0;3700,1;  0,0;1,030;1,00;1,00;"80 0622-19.0;";0;PZB steigend;;;False;PZB steigend;False;00:45:10;00:45:10;-;-;False;-;-;2710;2710
21865;PZB steigend;0/00:45:11;0/00:45:11;00:45;00:45;00:45;00:45;-;60,00;58,25;60,00;-;60,00;-;K;-;Zugsicherungs-Stützstelle;;DB2;DB 2;0/00:13:58;-;140,00;1,0000;1,030;-;-;54,0;118,0;PZB;True;False;0;-; 0,0; 0,0; 0,0;DB2: Strecke 2 - Gleis 2 - Strecke 3;0,000000;54053,0;  0,0;3700,1;  0,0;1,030;1,00;1,00;"80 0622-19.0;";0;PZB steigend;;;False;PZB steigend;False;00:45:11;00:45:11;-;-;False;-;-;2711;2711
21890;PZB steigend;0/00:45:13;0/00:45:13;00:45;00:45;00:45;00:45;-;60,00;58,25;60,00;-;60,00;-;K;-;Zugsicherungs-Stützstelle;;DB2;DB 2;0/00:14:00;-;140,00;1,0000;1,030;-;-;54,0;118,0;PZB;True;False;0;-; 0,0; 0,0; 0,0;DB2: Strecke 2 - Gleis 2 - Strecke 3;0,000000;54053,0;  0,0;3700,1;  0,0;1,030;1,00;1,00;"80 0622-19.0;";0;PZB steigend;;;False;PZB steigend;False;00:45:13;00:45:13;-;-;False;-;-;2713;2713
21915;PZB steigend;0/00:45:14;0/00:45:14;00:45;00:45;00:45;00:45;-;60,00;58,25;60,00;-;60,00;-;K;-;Zugsicherungs-Stützstelle;;DB2;DB 2;0/00:14:01;-;140,00;1,0000;1,030;-;-;54,0;118,0;PZB;True;False;0;-; 0,0; 0,0; 0,0;DB2: Strecke 2 - Gleis 2 - Strecke 3;0,000000;54053,0;  0,0;3700,1;  0,0;1,030;1,00;1,00;"80 0622-19.0;";0;PZB steigend;;;False;PZB steigend;False;00:45:14;00:45:14;-;-;False;-;-;2714;2714
21940;PZB steigend;0/00:45:16;0/00:45:16;00:45;00:45;00:45;00:45;-;60,00;58,25;60,00;-;60,00;-;K;-;Zugsicherungs-Stützstelle;;DB2;DB 2;0/00:14:03;-;140,00;1,0000;1,030;-;-;54,0;118,0;PZB;True;False;0;-; 0,0; 0,0; 0,0;DB2: Strecke 2 - Gleis 2 - Strecke 3;0,000000;54053,0;  0,0;3700,1;  0,0;1,030;1,00;1,00;"80 0622-19.0;";0;PZB steigend;;;False;PZB steigend;False;00:45:16;00:45:16;-;-;False;-;-;2716;2716
21965;PZB steigend;0/00:45:18;0/00:45:18;00:45;00:45;00:45;00:45;-;60,00;58,25;60,00;-;60,00;-;K;-;DB2 21.965  Zugschlussstelle, Steigend, Signal, Fa=3.00s, SvL; Ref(22019)=<DB2|21,965/+0|ZSS||0>  Ende(22019)=<DB2|21,965/+0|ZSS||0> ;DB2;DB 2;0/00:14:04;-;140,00;1,0000;1,030;-;-;54,0;118,0;PZB;True;False;0;-; 0,0; 0,0; 0,0;DB2: Strecke 2 - Gleis 2 - Strecke 3;0,000000;54053,0;  0,0;3700,1;  0,0;1,030;1,00;1,00;"80 0622-19.0;";0;PZB steigend;3521;;False;PZB steigend;False;00:45:18;00:45:18;-;-;False;-;Betriebsstellengrenze 3521-0 - Weiche 02W1 A (3521);2718;2718
21990;PZB steigend;0/00:45:19;0/00:45:19;00:45;00:45;00:45;00:45;-;60,00;58,25;60,00;-;60,00;-;K;-;DB2 21.990 02W1 Weiche, lt=25m, Anfang <21.990 02W1 Weiche, Stamm/21.990 02W1 Weiche, Abzweig links>; Ref(22760)=<DB2|22,760/+0|HP|Gl 2 s|0>|1  Anfang(22760)=<DB2|22,760/+0|HP|Gl 2 s|0>|1  Ende(22035)=<DB2|22,035/+0|ZSS||0> ;DB2;DB 2;0/00:14:06;-;140,00;1,0000;1,030;-;-;54,0;118,0;PZB;True;False;0;-; 0,0; 0,0; 0,0;DB2: Strecke 2 - Gleis 2 - Strecke 3;0,000000;54053,0;  0,0;3700,1;  0,0;1,030;1,00;1,00;"80 0622-19.0;";0;PZB steigend;3521;;True;PZB steigend;False;00:45:19;00:45:19;-;-;False;-;Betriebsstellengrenze 3521-0 - Weiche 02W1 A (3521);2719;2719
21990;PZB steigend;0/00:45:19;0/00:45:19;00:45;00:45;00:45;00:45;-;60,00;58,25;60,00;-;60,00;-;K;-;DB2 21.990 02W1 Weiche, lt=25m, Abzweig links <21.990 02W1 Weiche, Anfang>; Ref(22760)=<DB2|22,760/+0|HP|Gl 2 s|0>|1  Anfang(22760)=<DB2|22,760/+0|HP|Gl 2 s|0>|1  Ende(22035)=<DB2|22,035/+0|ZSS||0> ;DB2;DB 2;0/00:14:06;-;140,00;1,0000;1,030;-;-;54,0;118,0;PZB;True;False;0;-; 0,0; 0,0; 0,0;DB2: Strecke 2 - Gleis 2 - Strecke 3;0,000000;54053,0;  0,0;3700,1;  0,0;1,030;1,00;1,00;"80 0622-19.0;";0;PZB steigend;3521;;True;PZB steigend;False;00:45:19;00:45:19;-;-;False;-;Weiche 02W1 B - Weiche 02W2 B (3521);2719;2719
22015;PZB steigend;0/00:45:21;0/00:45:21;00:45;00:45;00:45;00:45;-;60,00;58,25;60,00;-;60,00;-;K;-;Zugsicherungs-Stützstelle;;DB2;DB 2;0/00:14:07;-;140,00;1,0000;1,030;-;-;54,0;118,0;PZB;True;False;0;-; 0,0; 0,0; 0,0;DB2: Strecke 2 - Gleis 2 - Strecke 3;0,000000;54053,0;  0,0;3700,1;  0,0;1,030;1,00;1,00;"80 0622-19.0;";0;PZB steigend;;;False;PZB steigend;False;00:45:21;00:45:21;-;-;False;-;-;2721;2721
22019;PZB steigend;0/00:45:21;0/00:45:21;00:45;00:45;00:45;00:45;-;60,00;58,25;60,00;152,70;60,00;-;K;-;DB2 21.965  Zugschlussstelle, Steigend, Signal, Fa=3.00s, SvL; Ref(21965)=<DB2|21,965/+0|ZSS||0>  Ende(22019)=<DB2|21,965/+0|ZSS||0> ;DB2;DB 2;0/00:14:07;-;140,00;1,0000;1,030;-;-;54,0;118,0;PZB;True;False;54;-; 0,0; 0,0; 0,0;DB2: Strecke 2 - Gleis 2 - Strecke 3;0,000000;54053,0;  0,0;3700,1;  0,0;1,030;1,00;1,00;"80 0622-19.0;";0;PZB steigend;3521;;True;PZB steigend;False;00:45:21;00:45:21;-;-;False;-;Betriebsstellengrenze 3521-0 - Weiche 02W1 A (3521);2721;2721
22035;PZB steigend;0/00:45:22;0/00:45:22;00:45;00:45;00:45;00:45;-;60,00;58,25;60,00;151,20;60,00;-;K;-;DB2 22.035  Zugschlussstelle, Steigend, Fahrstraße, Fa=3.00s, SvL; Ref(22089)=<DB2|22,035/+0|ZSS||0>  Ende(22089)=<DB2|22,035/+0|ZSS||0> ;DB2;DB 2;0/00:14:08;-;140,00;1,0000;1,030;-;-;54,0;118,0;PZB;True;False;0;-; 0,0; 0,0; 0,0;DB2: Strecke 2 - Gleis 2 - Strecke 3;0,000000;54053,0;  0,0;3700,1;  0,0;1,030;1,00;1,00;"80 0622-19.0;";0;PZB steigend;3521;;False;PZB steigend;False;00:45:22;00:45:22;-;-;False;-;Weiche 02W1 B - Weiche 02W2 B (3521);2722;2722
22040;PZB steigend;0/00:45:22;0/00:45:22;00:45;00:45;00:45;00:45;-;60,00;58,25;60,00;150,70;60,00;-;K;-;Zugsicherungs-Stützstelle;;DB2;DB 2;0/00:14:09;-;140,00;1,0000;1,030;-;-;54,0;118,0;PZB;True;False;0;-; 0,0; 0,0; 0,0;DB2: Strecke 2 - Gleis 2 - Strecke 3;0,000000;54053,0;  0,0;3700,1;  0,0;1,030;1,00;1,00;"80 0622-19.0;";0;PZB steigend;;;False;PZB steigend;False;00:45:22;00:45:22;-;-;False;-;-;2722;2722
22065;PZB steigend;0/00:45:24;0/00:45:24;00:45;00:45;00:45;00:45;-;60,00;58,25;60,00;148,40;60,00;-;K;-;Zugsicherungs-Stützstelle;;DB2;DB 2;0/00:14:10;-;140,00;1,0000;1,030;-;-;54,0;118,0;PZB;True;False;0;-; 0,0; 0,0; 0,0;DB2: Strecke 2 - Gleis 2 - Strecke 3;0,000000;54053,0;  0,0;3700,1;  0,0;1,030;1,00;1,00;"80 0622-19.0;";0;PZB steigend;;;False;PZB steigend;False;00:45:24;00:45:24;-;-;False;-;-;2724;2724
22089;PZB steigend;0/00:45:25;0/00:45:25;00:45;00:45;00:45;00:45;-;60,00;58,25;60,00;146,10;60,00;-;K;-;DB2 22.035  Zugschlussstelle, Steigend, Fahrstraße, Fa=3.00s, SvL; Ref(22035)=<DB2|22,035/+0|ZSS||0>  Ende(22089)=<DB2|22,035/+0|ZSS||0> ;DB2;DB 2;0/00:14:12;-;140,00;1,0000;1,030;-;-;54,0;118,0;PZB;True;False;54;-; 0,0; 0,0; 0,0;DB2: Strecke 2 - Gleis 2 - Strecke 3;0,000000;54053,0;  0,0;3700,1;  0,0;1,030;1,00;1,00;"80 0622-19.0;";0;PZB steigend;3521;;True;PZB steigend;False;00:45:25;00:45:25;-;-;False;-;Weiche 02W1 B - Weiche 02W2 B (3521);2725;2725
22090;PZB steigend;0/00:45:25;0/00:45:25;00:45;00:45;00:45;00:45;-;60,00;58,25;60,00;146,00;60,00;-;K;-;Zugsicherungs-Stützstelle;;DB2;DB 2;0/00:14:12;-;140,00;1,0000;1,030;-;-;54,0;118,0;PZB;True;False;0;-; 0,0; 0,0; 0,0;DB2: Strecke 2 - Gleis 2 - Strecke 3;0,000000;54053,0;  0,0;3700,1;  0,0;1,030;1,00;1,00;"80 0622-19.0;";0;PZB steigend;;;False;PZB steigend;False;00:45:25;00:45:25;-;-;False;-;-;2725;2725
22115;PZB steigend;0/00:45:27;0/00:45:27;00:45;00:45;00:45;00:45;-;60,00;58,25;60,00;143,60;60,00;-;K;-;Zugsicherungs-Stützstelle;;DB2;DB 2;0/00:14:13;-;140,00;1,0000;1,030;-;-;54,0;118,0;PZB;True;False;0;-; 0,0; 0,0; 0,0;DB2: Strecke 2 - Gleis 2 - Strecke 3;0,000000;54053,0;  0,0;3700,1;  0,0;1,030;1,00;1,00;"80 0622-19.0;";0;PZB steigend;;;False;PZB steigend;False;00:45:27;00:45:27;-;-;False;-;-;2727;2727
22140;PZB steigend;0/00:45:28;0/00:45:28;00:45;00:45;00:45;00:45;-;60,00;58,25;60,00;141,10;60,00;-;K;-;Zugsicherungs-Stützstelle;;DB2;DB 2;0/00:14:15;-;140,00;1,0000;1,030;-;-;54,0;118,0;PZB;True;False;0;-; 0,0; 0,0; 0,0;DB2: Strecke 2 - Gleis 2 - Strecke 3;0,000000;54053,0;  0,0;3700,1;  0,0;1,030;1,00;1,00;"80 0622-19.0;";0;PZB steigend;;;False;PZB steigend;False;00:45:28;00:45:28;-;-;False;-;-;2728;2728
22165;PZB steigend;0/00:45:30;0/00:45:30;00:46;00:46;00:46;00:46;-;60,00;58,25;60,00;138,60;60,00;-;K;-;Zugsicherungs-Stützstelle;;DB2;DB 2;0/00:14:16;-;140,00;1,0000;1,030;-;-;54,0;118,0;PZB;True;False;0;-; 0,0; 0,0; 0,0;DB2: Strecke 2 - Gleis 2 - Strecke 3;0,000000;54053,0;  0,0;3700,1;  0,0;1,030;1,00;1,00;"80 0622-19.0;";0;PZB steigend;;;False;PZB steigend;False;00:45:30;00:45:30;-;-;False;-;-;2730;2730
22190;PZB steigend;0/00:45:31;0/00:45:31;00:46;00:46;00:46;00:46;-;60,00;58,25;60,00;136,00;60,00;-;K;-;Zugsicherungs-Stützstelle;;DB2;DB 2;0/00:14:18;-;140,00;1,0000;1,030;-;-;54,0;118,0;PZB;True;False;0;-; 0,0; 0,0; 0,0;DB2: Strecke 2 - Gleis 2 - Strecke 3;0,000000;54053,0;  0,0;3700,1;  0,0;1,030;1,00;1,00;"80 0622-19.0;";0;PZB steigend;;;False;PZB steigend;False;00:45:31;00:45:31;-;-;False;-;-;2731;2731
22215;PZB steigend;0/00:45:33;0/00:45:33;00:46;00:46;00:46;00:46;-;60,00;58,25;60,00;133,40;60,00;-;K;-;Zugsicherungs-Stützstelle;;DB2;DB 2;0/00:14:19;-;140,00;1,0000;1,030;-;-;54,0;118,0;PZB;True;False;0;-; 0,0; 0,0; 0,0;DB2: Strecke 2 - Gleis 2 - Strecke 3;0,000000;54053,0;  0,0;3700,1;  0,0;1,030;1,00;1,00;"80 0622-19.0;";0;PZB steigend;;;False;PZB steigend;False;00:45:33;00:45:33;-;-;False;-;-;2733;2733
22240;PZB steigend;0/00:45:35;0/00:45:35;00:46;00:46;00:46;00:46;-;60,00;58,25;60,00;130,80;60,00;-;K;-;Zugsicherungs-Stützstelle;;DB2;DB 2;0/00:14:21;-;140,00;1,0000;1,030;-;-;54,0;118,0;PZB;True;False;0;-; 0,0; 0,0; 0,0;DB2: Strecke 2 - Gleis 2 - Strecke 3;0,000000;54053,0;  0,0;3700,1;  0,0;1,030;1,00;1,00;"80 0622-19.0;";0;PZB steigend;;;False;PZB steigend;False;00:45:35;00:45:35;-;-;False;-;-;2735;2735
22265;PZB steigend;0/00:45:36;0/00:45:36;00:46;00:46;00:46;00:46;-;60,00;58,25;60,00;128,00;60,00;-;K;-;Zugsicherungs-Stützstelle;;DB2;DB 2;0/00:14:22;-;140,00;1,0000;1,030;-;-;54,0;118,0;PZB;True;False;0;-; 0,0; 0,0; 0,0;DB2: Strecke 2 - Gleis 2 - Strecke 3;0,000000;54053,0;  0,0;3700,1;  0,0;1,030;1,00;1,00;"80 0622-19.0;";0;PZB steigend;;;False;PZB steigend;False;00:45:36;00:45:36;-;-;False;-;-;2736;2736
22290;PZB steigend;0/00:45:38;0/00:45:38;00:46;00:46;00:46;00:46;-;60,00;58,25;60,00;125,30;60,00;-;K;-;Zugsicherungs-Stützstelle;;DB2;DB 2;0/00:14:24;-;140,00;1,0000;1,030;-;-;54,0;118,0;PZB;True;False;0;-; 0,0; 0,0; 0,0;DB2: Strecke 2 - Gleis 2 - Strecke 3;0,000000;54053,0;  0,0;3700,1;  0,0;1,030;1,00;1,00;"80 0622-19.0;";0;PZB steigend;;;False;PZB steigend;False;00:45:38;00:45:38;-;-;False;-;-;2738;2738
22315;PZB steigend;0/00:45:39;0/00:45:39;00:46;00:46;00:46;00:46;-;60,00;58,25;60,00;122,40;60,00;-;K;-;Zugsicherungs-Stützstelle;;DB2;DB 2;0/00:14:25;-;140,00;1,0000;1,030;-;-;54,0;118,0;PZB;True;False;0;-; 0,0; 0,0; 0,0;DB2: Strecke 2 - Gleis 2 - Strecke 3;0,000000;54053,0;  0,0;3700,1;  0,0;1,030;1,00;1,00;"80 0622-19.0;";0;PZB steigend;;;False;PZB steigend;False;00:45:39;00:45:39;-;-;False;-;-;2739;2739
22340;PZB steigend;0/00:45:41;0/00:45:41;00:46;00:46;00:46;00:46;-;60,00;58,25;60,00;119,50;60,00;-;K;-;Zugsicherungs-Stützstelle;;DB2;DB 2;0/00:14:27;-;140,00;1,0000;1,030;-;-;54,0;118,0;PZB;True;False;0;-; 0,0; 0,0; 0,0;DB2: Strecke 2 - Gleis 2 - Strecke 3;0,000000;54053,0;  0,0;3700,1;  0,0;1,030;1,00;1,00;"80 0622-19.0;";0;PZB steigend;;;False;PZB steigend;False;00:45:41;00:45:41;-;-;False;-;-;2741;2741
22365;PZB steigend;0/00:45:42;0/00:45:42;00:46;00:46;00:46;00:46;-;60,00;58,25;60,00;116,60;60,00;-;K;-;Zugsicherungs-Stützstelle;;DB2;DB 2;0/00:14:28;-;140,00;1,0000;1,030;-;-;54,0;118,0;PZB;True;False;0;-; 0,0; 0,0; 0,0;DB2: Strecke 2 - Gleis 2 - Strecke 3;0,000000;54053,0;  0,0;3700,1;  0,0;1,030;1,00;1,00;"80 0622-19.0;";0;PZB steigend;;;False;PZB steigend;False;00:45:42;00:45:42;-;-;False;-;-;2742;2742
22390;PZB steigend;0/00:45:44;0/00:45:44;00:46;00:46;00:46;00:46;-;60,00;58,25;60,00;113,50;60,00;-;K;-;Zugsicherungs-Stützstelle;;DB2;DB 2;0/00:14:30;-;140,00;1,0000;1,030;-;-;54,0;118,0;PZB;True;False;0;-; 0,0; 0,0; 0,0;DB2: Strecke 2 - Gleis 2 - Strecke 3;0,000000;54053,0;  0,0;3700,1;  0,0;1,030;1,00;1,00;"80 0622-19.0;";0;PZB steigend;;;False;PZB steigend;False;00:45:44;00:45:44;-;-;False;-;-;2744;2744
22415;PZB steigend;0/00:45:45;0/00:45:45;00:46;00:46;00:46;00:46;-;60,00;58,25;60,00;110,40;60,00;-;K;-;Zugsicherungs-Stützstelle;;DB2;DB 2;0/00:14:31;-;140,00;1,0000;1,030;-;-;54,0;118,0;PZB;True;False;0;-; 0,0; 0,0; 0,0;DB2: Strecke 2 - Gleis 2 - Strecke 3;0,000000;54053,0;  0,0;3700,1;  0,0;1,030;1,00;1,00;"80 0622-19.0;";0;PZB steigend;;;False;PZB steigend;False;00:45:45;00:45:45;-;-;False;-;-;2745;2745
22440;PZB steigend;0/00:45:47;0/00:45:47;00:46;00:46;00:46;00:46;-;60,00;58,25;60,00;107,10;60,00;-;K;-;Zugsicherungs-Stützstelle;;DB2;DB 2;0/00:14:33;-;140,00;1,0000;1,030;-;-;54,0;118,0;PZB;True;False;0;-; 0,0; 0,0; 0,0;DB2: Strecke 2 - Gleis 2 - Strecke 3;0,000000;54053,0;  0,0;3700,1;  0,0;1,030;1,00;1,00;"80 0622-19.0;";0;PZB steigend;;;False;PZB steigend;False;00:45:47;00:45:47;-;-;False;-;-;2747;2747
22460;PZB steigend;0/00:45:48;0/00:45:48;00:46;00:46;00:46;00:46;-;60,00;58,25;60,00;104,50;60,00;-;K;-;Zugsicherungs-Stützstelle;;DB2;DB 2;0/00:14:34;-;140,00;1,0000;1,030;-;-;54,0;118,0;PZB;True;False;0;-; 0,0; 0,0; 0,0;DB2: Strecke 2 - Gleis 2 - Strecke 3;0,000000;54053,0;  0,0;3700,1;  0,0;1,030;1,00;1,00;"80 0622-19.0;";0;PZB steigend;;;False;PZB steigend;False;00:45:48;00:45:48;-;-;False;-;-;2748;2748
22465;PZB steigend;0/00:45:48;0/00:45:48;00:46;00:46;00:46;00:46;-;60,00;58,25;60,00;103,80;60,00;-;K;-;Zugsicherungs-Stützstelle;;DB2;DB 2;0/00:14:34;-;140,00;1,0000;1,030;-;-;54,0;118,0;PZB;True;False;0;-; 0,0; 0,0; 0,0;DB2: Strecke 2 - Gleis 2 - Strecke 3;0,000000;54053,0;  0,0;3700,1;  0,0;1,030;1,00;1,00;"80 0622-19.0;";0;PZB steigend;;;False;PZB steigend;False;00:45:48;00:45:48;-;-;False;-;-;2748;2748
22470;PZB steigend;0/00:45:49;0/00:45:49;00:46;00:46;00:46;00:46;-;60,00;58,25;60,00;103,10;60,00;-;K;-;Zugsicherungs-Stützstelle;;DB2;DB 2;0/00:14:34;-;140,00;1,0000;1,030;-;-;54,0;118,0;PZB;True;False;0;-; 0,0; 0,0; 0,0;DB2: Strecke 2 - Gleis 2 - Strecke 3;0,000000;54053,0;  0,0;3700,1;  0,0;1,030;1,00;1,00;"80 0622-19.0;";0;PZB steigend;;;False;PZB steigend;False;00:45:49;00:45:49;-;-;False;-;-;2749;2749
22490;PZB steigend;0/00:45:50;0/00:45:50;00:46;00:46;00:46;00:46;-;60,00;58,25;60,00;100,40;60,00;-;K;-;Zugsicherungs-Stützstelle;;DB2;DB 2;0/00:14:36;-;140,00;1,0000;1,030;-;-;54,0;118,0;PZB;True;False;0;-; 0,0; 0,0; 0,0;DB2: Strecke 2 - Gleis 2 - Strecke 3;0,000000;54053,0;  0,0;3700,1;  0,0;1,030;1,00;1,00;"80 0622-19.0;";0;PZB steigend;;;False;PZB steigend;False;00:45:50;00:45:50;-;-;False;-;-;2750;2750
22500;PZB steigend;0/00:45:51;0/00:45:51;00:46;00:46;00:46;00:46;-;60,00;58,25;60,00;99,00;60,00;-;K;-;DB2 22.500 Gleis 2 Fahrzeitmesspunkt, Beide Richtungen, BS-Mitte;;DB2;DB 2;0/00:14:36;-;140,00;1,0000;1,030;-;-;54,0;118,0;PZB;True;False;0;-; 0,0; 0,0; 0,0;DB2: Strecke 2 - Gleis 2 - Strecke 3;0,000000;54053,0;  0,0;3700,1;  0,0;1,030;1,00;1,00;"80 0622-19.0;";0;PZB steigend;3521;;True;PZB steigend;False;00:45:51;00:45:51;-;-;False;-;Weiche 02W1 B - Weiche 02W2 B (3521);2751;2751
22505;PZB steigend;0/00:45:51;0/00:45:51;00:46;00:46;00:46;00:46;-;60,00;58,25;60,00;65,00;60,00;-;K;-;DB2 22.505 PZB 500 Punktbeeinflussung, Steigend, Konventionell, kennung=500; Ref(22760)=<DB2|22,760/+0|HP|Gl 2 s|0>|1 ;DB2;DB 2;0/00:14:37;-;140,00;1,0000;1,030;-;-;54,0;118,0;PZB;True;False;0;-; 0,0; 0,0; 0,0;DB2: Strecke 2 - Gleis 2 - Strecke 3;0,000000;54053,0;  0,0;3700,1;  0,0;1,030;1,00;1,00;"80 0622-19.0;";0;PZB steigend;3521;;True;PZB steigend;False;00:45:51;00:45:51;-;-;False;-;Weiche 02W1 B - Weiche 02W2 B (3521);2751;2751
22515;PZB steigend;0/00:45:52;0/00:45:52;00:46;00:46;00:46;00:46;-;60,00;58,25;60,00;63,70;60,00;-;K;-;Zugsicherungs-Stützstelle;;DB2;DB 2;0/00:14:37;-;140,00;1,0000;1,030;-;-;54,0;118,0;PZB;True;False;0;-; 0,0; 0,0; 0,0;DB2: Strecke 2 - Gleis 2 - Strecke 3;0,000000;54053,0;  0,0;3700,1;  0,0;1,030;1,00;1,00;"80 0622-19.0;";0;PZB steigend;;;False;PZB steigend;False;00:45:52;00:45:52;-;-;False;-;-;2752;2752
22525;PZB steigend;0/00:45:52;0/00:45:52;00:46;00:46;00:46;00:46;-;60,00;58,25;60,00;62,40;60,00;-;K;-;Zugsicherungs-Stützstelle;;DB2;DB 2;0/00:14:38;-;140,00;1,0000;1,030;-;-;54,0;118,0;PZB;True;False;0;-; 0,0; 0,0; 0,0;DB2: Strecke 2 - Gleis 2 - Strecke 3;0,000000;54053,0;  0,0;3700,1;  0,0;1,030;1,00;1,00;"80 0622-19.0;";0;PZB steigend;;;False;PZB steigend;False;00:45:52;00:45:52;-;-;False;-;-;2752;2752
22535;PZB steigend;0/00:45:53;0/00:45:53;00:46;00:46;00:46;00:46;-;60,00;58,25;60,00;61,10;60,00;-;K;-;Zugsicherungs-Stützstelle;;DB2;DB 2;0/00:14:38;-;140,00;1,0000;1,030;-;-;54,0;118,0;PZB;True;False;0;-; 0,0; 0,0; 0,0;DB2: Strecke 2 - Gleis 2 - Strecke 3;0,000000;54053,0;  0,0;3700,1;  0,0;1,030;1,00;1,00;"80 0622-19.0;";0;PZB steigend;;;False;PZB steigend;False;00:45:53;00:45:53;-;-;False;-;-;2753;2753
22540;PZB steigend;0/00:45:53;0/00:45:53;00:46;00:46;00:46;00:46;-;60,00;58,25;60,00;60,40;60,00;-;K;-;Zugsicherungs-Stützstelle;;DB2;DB 2;0/00:14:39;-;140,00;1,0000;1,030;-;-;54,0;118,0;PZB;True;False;0;-; 0,0; 0,0; 0,0;DB2: Strecke 2 - Gleis 2 - Strecke 3;-0,211000;54053,0;  0,0;3700,1;  0,0;1,030;1,00;1,00;"80 0622-19.0;";0;PZB steigend;;;False;PZB steigend;False;00:45:53;00:45:53;-;-;False;-;-;2753;2753
22545;PZB steigend;0/00:45:53;0/00:45:53;00:46;00:46;00:46;00:46;-;59,77;58,03;60,00;59,80;60,00;-;K;-;Zugsicherungs-Stützstelle;;DB2;DB 2;0/00:14:39;-;140,00;1,0000;1,030;-;-;54,0;118,0;PZB;True;False;0;-; 0,0; 0,0; 0,0;DB2: Strecke 2 - Gleis 2 - Strecke 3;0,411000;54053,0;  0,0;3688,6;  0,0;1,030;1,00;1,00;"80 0622-19.0;";0;PZB steigend;;;False;PZB steigend;False;00:45:53;00:45:53;-;-;False;-;-;2753;2753
22546;PZB steigend;0/00:45:53;0/00:45:53;00:46;00:46;00:46;00:46;-;59,77;58,03;60,00;59,80;60,00;-;K;-;;;DB2;DB 2;0/00:14:39;-;140,00;1,0000;1,030;-;-;54,0;118,0;PZB;True;False;0;-; 0,0; 0,0; 0,0;DB2: Strecke 2 - Gleis 2 - Strecke 3;-0,700000;54053,0;  0,0;3688,6;  0,0;1,030;1,00;1,00;"80 0622-19.0;";0;PZB steigend;;;False;PZB steigend;False;00:45:53;00:45:53;-;-;False;-;-;2753;2753
22555;PZB steigend;0/00:45:54;0/00:45:54;00:46;00:46;00:46;00:46;-;58,50;56,80;60,00;58,50;60,00;-;K;-;Zugsicherungs-Stützstelle;;DB2;DB 2;0/00:14:40;-;140,00;1,0000;1,030;-;-;54,0;118,0;PZB;True;False;0;-; 0,0; 0,0; 0,0;DB2: Strecke 2 - Gleis 2 - Strecke 3;-0,599000;54053,0;  0,0;3625,8;  0,0;1,030;1,00;1,00;"80 0622-19.0;";0;PZB steigend;;;False;PZB steigend;False;00:45:54;00:45:54;-;-;False;-;-;2754;2754
22565;PZB steigend;0/00:45:55;0/00:45:55;00:46;00:46;00:46;00:46;-;57,16;55,50;60,00;57,20;60,00;-;K;-;Zugsicherungs-Stützstelle;;DB2;DB 2;0/00:14:40;-;140,00;1,0000;1,030;-;-;54,0;118,0;PZB;True;False;0;-; 0,0; 0,0; 0,0;DB2: Strecke 2 - Gleis 2 - Strecke 3;0,412000;54053,0;  0,0;3560,7;  0,0;1,030;1,00;1,00;"80 0622-19.0;";0;PZB steigend;;;False;PZB steigend;False;00:45:55;00:45:55;-;-;False;-;-;2755;2755
22566;PZB steigend;0/00:45:55;0/00:45:55;00:46;00:46;00:46;00:46;-;57,16;55,50;60,00;57,20;60,00;-;K;-;;;DB2;DB 2;0/00:14:40;-;140,00;1,0000;1,030;-;-;54,0;118,0;PZB;True;False;0;-; 0,0; 0,0; 0,0;DB2: Strecke 2 - Gleis 2 - Strecke 3;-0,700000;54053,0;  0,0;3560,7;  0,0;1,030;1,00;1,00;"80 0622-19.0;";0;PZB steigend;;;False;PZB steigend;False;00:45:55;00:45:55;-;-;False;-;-;2755;2755
22575;PZB steigend;0/00:45:55;0/00:45:55;00:46;00:46;00:46;00:46;-;55,80;54,17;60,00;55,80;60,00;-;K;-;Zugsicherungs-Stützstelle;;DB2;DB 2;0/00:14:41;-;140,00;1,0000;1,030;-;-;54,0;118,0;PZB;True;False;0;-; 0,0; 0,0; 0,0;DB2: Strecke 2 - Gleis 2 - Strecke 3;-0,535000;54053,0;  0,0;3495,9;  0,0;1,030;1,00;1,00;"80 0622-19.0;";0;PZB steigend;;;False;PZB steigend;False;00:45:55;00:45:55;-;-;False;-;-;2755;2755
22585;PZB steigend;0/00:45:56;0/00:45:56;00:46;00:46;00:46;00:46;-;54,50;52,91;60,00;54,50;60,00;-;K;-;Zugsicherungs-Stützstelle;;DB2;DB 2;0/00:14:42;-;140,00;1,0000;1,030;-;-;54,0;118,0;PZB;True;False;0;-; 0,0; 0,0; 0,0;DB2: Strecke 2 - Gleis 2 - Strecke 3;0,000000;54053,0;  0,0;3435,0;  0,0;1,030;1,00;1,00;"80 0622-19.0;";0;PZB steigend;;;False;PZB steigend;False;00:45:56;00:45:56;-;-;False;-;-;2756;2756
22586;PZB steigend;0/00:45:56;0/00:45:56;00:46;00:46;00:46;00:46;-;54,50;52,91;60,00;54,50;60,00;-;K;-;;;DB2;DB 2;0/00:14:42;-;140,00;1,0000;1,030;-;-;54,0;118,0;PZB;True;False;0;-; 0,0; 0,0; 0,0;DB2: Strecke 2 - Gleis 2 - Strecke 3;-0,700000;54053,0;  0,0;3435,0;  0,0;1,030;1,00;1,00;"80 0622-19.0;";0;PZB steigend;;;False;PZB steigend;False;00:45:56;00:45:56;-;-;False;-;-;2756;2756
22590;PZB steigend;0/00:45:56;0/00:45:56;00:46;00:46;00:46;00:46;-;53,90;52,33;60,00;53,90;60,00;-;K;-;Zugsicherungs-Stützstelle;;DB2;DB 2;0/00:14:42;-;140,00;1,0000;1,030;-;-;54,0;118,0;PZB;True;False;0;-; 0,0; 0,0; 0,0;DB2: Strecke 2 - Gleis 2 - Strecke 3;-0,549000;54053,0;  0,0;3407,3;  0,0;1,030;1,00;1,00;"80 0622-19.0;";0;PZB steigend;;;False;PZB steigend;False;00:45:56;00:45:56;-;-;False;-;-;2756;2756
22595;PZB steigend;0/00:45:57;0/00:45:57;00:46;00:46;00:46;00:46;-;53,20;51,65;60,00;53,20;60,00;-;K;-;Zugsicherungs-Stützstelle;;DB2;DB 2;0/00:14:42;-;140,00;1,0000;1,030;-;-;54,0;118,0;PZB;True;False;0;-; 0,0; 0,0; 0,0;DB2: Strecke 2 - Gleis 2 - Strecke 3;0,000000;54053,0;  0,0;3375,3;  0,0;1,030;1,00;1,00;"80 0622-19.0;";0;PZB steigend;;;False;PZB steigend;False;00:45:57;00:45:57;-;-;False;-;-;2757;2757
22597;PZB steigend;0/00:45:57;0/00:45:57;00:46;00:46;00:46;00:46;-;53,20;51,65;60,00;53,20;60,00;-;K;-;;;DB2;DB 2;0/00:14:42;-;140,00;1,0000;1,030;-;-;54,0;118,0;PZB;True;False;0;-; 0,0; 0,0; 0,0;DB2: Strecke 2 - Gleis 2 - Strecke 3;-0,700000;54053,0;  0,0;3375,3;  0,0;1,030;1,00;1,00;"80 0622-19.0;";0;PZB steigend;;;False;PZB steigend;False;00:45:57;00:45:57;-;-;False;-;-;2757;2757
22605;PZB steigend;0/00:45:57;0/00:45:57;00:46;00:46;00:46;00:46;-;51,90;50,39;60,00;51,90;60,00;-;K;-;Zugsicherungs-Stützstelle;;DB2;DB 2;0/00:14:43;-;140,00;1,0000;1,030;-;-;54,0;118,0;PZB;True;False;0;-; 0,0; 0,0; 0,0;DB2: Strecke 2 - Gleis 2 - Strecke 3;-0,506000;54053,0;  0,0;3316,7;  0,0;1,030;1,00;1,00;"80 0622-19.0;";0;PZB steigend;;;False;PZB steigend;False;00:45:57;00:45:57;-;-;False;-;-;2757;2757
22615;PZB steigend;0/00:45:58;0/00:45:58;00:46;00:46;00:46;00:46;-;50,60;49,13;60,00;50,60;60,00;-;K;-;Zugsicherungs-Stützstelle;;DB2;DB 2;0/00:14:44;-;140,00;1,0000;1,030;-;-;54,0;118,0;PZB;True;False;0;-; 0,0; 0,0; 0,0;DB2: Strecke 2 - Gleis 2 - Strecke 3;0,000000;54053,0;  0,0;3259,2;  0,0;1,030;1,00;1,00;"80 0622-19.0;";0;PZB steigend;;;False;PZB steigend;False;00:45:58;00:45:58;-;-;False;-;-;2758;2758
22618;PZB steigend;0/00:45:58;0/00:45:58;00:46;00:46;00:46;00:46;-;50,60;49,13;60,00;50,60;60,00;-;K;-;;;DB2;DB 2;0/00:14:44;-;140,00;1,0000;1,030;-;-;54,0;118,0;PZB;True;False;0;-; 0,0; 0,0; 0,0;DB2: Strecke 2 - Gleis 2 - Strecke 3;-0,700000;54053,0;  0,0;3259,2;  0,0;1,030;1,00;1,00;"80 0622-19.0;";0;PZB steigend;;;False;PZB steigend;False;00:45:58;00:45:58;-;-;False;-;-;2758;2758
22625;PZB steigend;0/00:45:59;0/00:45:59;00:46;00:46;00:46;00:46;-;49,30;47,86;60,00;49,30;60,00;-;K;-;Zugsicherungs-Stützstelle;;DB2;DB 2;0/00:14:44;-;140,00;1,0000;1,030;-;-;54,0;118,0;PZB;True;False;0;-; 0,0; 0,0; 0,0;DB2: Strecke 2 - Gleis 2 - Strecke 3;-0,486000;54053,0;  0,0;3202,8;  0,0;1,030;1,00;1,00;"80 0622-19.0;";0;PZB steigend;;;False;PZB steigend;False;00:45:59;00:45:59;-;-;False;-;-;2759;2759
22628;PZB steigend;0/00:45:59;0/00:45:59;00:46;00:46;00:46;00:46;-;48,87;47,45;60,00;49,30;60,00;-;K;-;;;DB2;DB 2;0/00:14:45;-;140,00;1,0000;1,030;-;-;54,0;118,0;PZB;True;False;0;-; 0,0; 0,0; 0,0;DB2: Strecke 2 - Gleis 2 - Strecke 3;-0,700000;54053,0;  0,0;3184,4;  0,0;1,030;1,00;1,00;"80 0622-19.0;";0;PZB steigend;;;False;PZB steigend;False;00:45:59;00:45:59;-;-;False;-;-;2759;2759
22635;PZB steigend;0/00:46:00;0/00:46:00;00:46;00:46;00:46;00:46;-;47,62;46,23;60,00;48,00;60,00;-;B;-;Zugsicherungs-Stützstelle;;DB2;DB 2;0/00:14:45;-;140,00;1,0000;1,030;-;-;54,0;118,0;PZB;True;False;0;-; 0,0; 0,0; 0,0;DB2: Strecke 2 - Gleis 2 - Strecke 3;-0,700000;54053,0;  0,0;3131,6;  0,0;1,030;1,00;1,00;"80 0622-19.0;";0;PZB steigend;;;False;PZB steigend;False;00:46:00;00:46:00;-;-;False;-;-;2760;2760
22640;PZB steigend;0/00:46:00;0/00:46:00;00:46;00:46;00:46;00:46;-;46,66;45,30;60,00;47,40;60,00;-;B;-;Zugsicherungs-Stützstelle;;DB2;DB 2;0/00:14:45;-;140,00;1,0000;1,030;-;-;54,0;118,0;PZB;True;False;0;-; 0,0; 0,0; 0,0;DB2: Strecke 2 - Gleis 2 - Strecke 3;-0,700000;54053,0;  0,0;3091,7;  0,0;1,030;1,00;1,00;"80 0622-19.0;";0;PZB steigend;;;False;PZB steigend;False;00:46:00;00:46:00;-;-;False;-;-;2760;2760
22645;PZB steigend;0/00:46:00;0/00:46:00;00:46;00:46;00:46;00:46;-;45,68;44,35;60,00;46,70;60,00;-;B;-;Zugsicherungs-Stützstelle;;DB2;DB 2;0/00:14:46;-;140,00;1,0000;1,030;-;-;54,0;118,0;PZB;True;False;0;-; 0,0; 0,0; 0,0;DB2: Strecke 2 - Gleis 2 - Strecke 3;-0,700000;54053,0;  0,0;3051,6;  0,0;1,030;1,00;1,00;"80 0622-19.0;";0;PZB steigend;;;False;PZB steigend;False;00:46:00;00:46:00;-;-;False;-;-;2760;2760
22655;PZB steigend;0/00:46:01;0/00:46:01;00:46;00:46;00:46;00:46;-;43,65;42,38;60,00;45,40;60,00;-;B;-;Zugsicherungs-Stützstelle;;DB2;DB 2;0/00:14:47;-;140,00;1,0000;1,030;-;-;54,0;118,0;PZB;True;False;0;-; 0,0; 0,0; 0,0;DB2: Strecke 2 - Gleis 2 - Strecke 3;-0,700000;55390,1;  0,0;2970,6;  0,0;1,030;1,00;1,00;"80 0622-19.0;";0;PZB steigend;;;False;PZB steigend;False;00:46:01;00:46:01;-;-;False;-;-;2761;2761
22658;PZB steigend;0/00:46:02;0/00:46:02;00:46;00:46;00:46;00:46;-;43,02;41,77;60,00;45,00;60,00;-;B;-;Zugsicherungs-Stützstelle;;DB2;DB 2;0/00:14:47;-;140,00;1,0000;1,030;-;-;54,0;118,0;PZB;True;False;0;-; 0,0; 0,0; 0,0;DB2: Strecke 2 - Gleis 2 - Strecke 3;-0,700000;57795,7;  0,0;2946,1;  0,0;1,030;1,00;1,00;"80 0622-19.0;";0;PZB steigend;;;False;PZB steigend;False;00:46:02;00:46:02;-;-;False;-;-;2762;2762
22665;PZB steigend;0/00:46:02;0/00:46:02;00:46;00:46;00:46;00:46;-;41,52;40,31;60,00;45,00;60,00;-;B;-;Zugsicherungs-Stützstelle;;DB2;DB 2;0/00:14:47;-;140,00;1,0000;1,030;-;-;54,0;118,0;PZB;True;False;0;-; 0,0; 0,0; 0,0;DB2: Strecke 2 - Gleis 2 - Strecke 3;-0,700000;75886,6;  0,0;2888,6;  0,0;1,030;1,00;1,00;"80 0622-19.0;";0;PZB steigend;;;False;PZB steigend;False;00:46:02;00:46:02;-;-;False;-;-;2762;2762
22690;PZB steigend;0/00:46:05;0/00:46:05;00:46;00:46;00:46;00:46;-;35,64;34,60;60,00;45,00;60,00;-;B;-;Zugsicherungs-Stützstelle;;DB2;DB 2;0/00:14:50;-;140,00;1,0000;1,030;-;-;54,0;118,0;PZB;True;False;0;-; 0,0; 0,0; 0,0;DB2: Strecke 2 - Gleis 2 - Strecke 3;-0,700000;82216,0;  0,0;2677,6;  0,0;1,030;1,00;1,00;"80 0622-19.0;";0;PZB steigend;;;False;PZB steigend;False;00:46:05;00:46:05;-;-;False;-;-;2765;2765
22705;PZB steigend;0/00:46:06;0/00:46:06;00:46;00:46;00:46;00:46;-;31,59;30,67;60,00;45,00;60,00;-;B;-;Zugsicherungs-Stützstelle;;DB2;DB 2;0/00:14:51;-;140,00;1,0000;1,030;-;-;54,0;118,0;PZB;True;False;0;-; 0,0; 0,0; 0,0;DB2: Strecke 2 - Gleis 2 - Strecke 3;-0,700000;82216,0;  0,0;2545,5;  0,0;1,030;1,00;1,00;"80 0622-19.0;";0;PZB steigend;;;False;PZB steigend;False;00:46:06;00:46:06;-;-;False;-;-;2766;2766
22710;PZB steigend;0/00:46:07;0/00:46:07;00:46;00:46;00:46;00:46;-;30,12;29,24;60,00;45,00;60,00;-;B;-;Zugsicherungs-Stützstelle;;DB2;DB 2;0/00:14:52;-;140,00;1,0000;1,030;-;-;54,0;118,0;PZB;True;False;0;-; 0,0; 0,0; 0,0;DB2: Strecke 2 - Gleis 2 - Strecke 3;-0,700000;82216,0;  0,0;2500,2;  0,0;1,030;1,00;1,00;"80 0622-19.0;";0;PZB steigend;;;False;PZB steigend;False;00:46:07;00:46:07;-;-;False;-;-;2767;2767
22715;PZB steigend;0/00:46:07;0/00:46:07;00:46;00:46;00:46;00:46;-;28,57;27,74;60,00;45,00;60,00;-;B;-;Zugsicherungs-Stützstelle;;DB2;DB 2;0/00:14:53;-;140,00;1,0000;1,030;-;-;54,0;118,0;PZB;True;False;0;-; 0,0; 0,0; 0,0;DB2: Strecke 2 - Gleis 2 - Strecke 3;-0,700000;84002,3;  0,0;2454,0;  0,0;1,030;1,00;1,00;"80 0622-19.0;";0;PZB steigend;;;False;PZB steigend;False;00:46:07;00:46:07;-;-;False;-;-;2767;2767
22740;PZB steigend;0/00:46:11;0/00:46:11;00:46;00:46;00:46;00:46;-;19,05;18,50;60,00;45,00;60,00;-;B;-;Zugsicherungs-Stützstelle;;DB2;DB 2;0/00:14:56;-;140,00;1,0000;1,030;-;-;54,0;118,0;PZB;True;False;0;-; 0,0; 0,0; 0,0;DB2: Strecke 2 - Gleis 2 - Strecke 3;-0,700000;97625,3;  0,0;2205,1;  0,0;1,030;1,00;1,00;"80 0622-19.0;";0;PZB steigend;;;False;PZB steigend;False;00:46:11;00:46:11;-;-;False;-;-;2771;2771
22750;PZB steigend;0/00:46:14;0/00:46:14;00:46;00:46;00:46;00:46;-;13,47;13,08;60,00;45,00;60,00;-;B;-;Zugsicherungs-Stützstelle;;DB2;DB 2;0/00:14:59;-;140,00;1,0000;1,030;-;-;54,0;118,0;PZB;True;False;0;-; 0,0; 0,0; 0,0;DB2: Strecke 2 - Gleis 2 - Strecke 3;-0,700000;104667,9;  0,0;2086,9;  0,0;1,030;1,00;1,00;"80 0622-19.0;";0;PZB steigend;;;False;PZB steigend;False;00:46:14;00:46:14;-;-;False;-;-;2774;2774
22755;PZB steigend;0/00:46:15;0/00:46:15;00:46;00:46;00:46;00:46;-; 9,52; 9,24;60,00;45,00;60,00;-;K;-;Zugsicherungs-Stützstelle;;DB2;DB 2;0/00:15:00;-;140,00;1,0000;1,030;-;-;54,0;118,0;PZB;True;False;0;-; 0,0; 0,0; 0,0;DB2: Strecke 2 - Gleis 2 - Strecke 3;-0,700000;110735,5;  0,0;2015,7;  0,0;1,030;1,00;1,00;"80 0622-19.0;";0;PZB steigend;;;False;PZB steigend;False;00:46:15;00:46:15;-;-;False;-;-;2775;2775
22760;PZB steigend;0/00:48:49;0/00:46:19;00:49;00:46;00:48;00:47;00:02:30/00:01:00; 0,00; 0,00;60,00;85,00;60,00;-;HVerk;-;DB2 22.760 Gl 2 s Halteplatz, Steigend, Personenzug, l=520.0m, Links, sEoA=0m, sSVL=0m, rs=-1km/h; Ref(22765)=<DB2|22,765/+0|HS|02N2|0>  Anfang(21765)=<DB2|21,765/+0|HS|02A|0>  Ende(22965)=<DB2|22,965/+0|ZSS||0> ;DB2;DB 2;0/00:15:04;00:48:49;140,00;1,0000;1,030;-;-;54,0;118,0;PZB;True;False;0;-; 0,0; 0,0; 0,0;DB2: Strecke 2 - Gleis 2 - Strecke 3;0,992000;124906,0;  0,0;1886,2;  0,0;1,030;1,00;1,00;"80 0622-19.0;";0;PZB steigend;3521;Gl 2 s;True;PZB steigend;False;00:46:19;00:48:49;2,50;1,00;False;-;Weiche 02W1 B - Weiche 02W2 B (3521);2929;2779
22760;PZB steigend;0/00:48:49;0/00:48:49;00:49;00:49;00:49;00:49;-; 0,00; 0,00;60,00;85,00;60,00;-;V;-;;;DB2;DB 2;0/00:15:04;-;140,00;1,0000;1,030;-;-;54,0;118,0;PZB;True;False;0;-; 0,0; 0,0; 0,0;DB2: Strecke 2 - Gleis 2 - Strecke 3;0,941000;124906,0;  0,0;1886,2;  0,0;1,030;1,00;1,00;"80 0622-19.0;";0;PZB steigend;;;False;PZB steigend;False;00:48:49;00:48:49;-;-;False;-;-;2929;2929
22760;PZB steigend;0/00:48:49;0/00:48:49;00:49;00:49;00:49;00:49;-; 0,00; 0,00;60,00;85,00;60,00;-;V;-;;;DB2;DB 2;0/00:15:04;-;140,00;1,0000;1,030;-;-;54,0;118,0;PZB;True;False;0;-; 0,0; 0,0; 0,0;DB2: Strecke 2 - Gleis 2 - Strecke 3;0,967000;124906,0;  0,0;1886,2;  0,0;1,030;1,00;1,00;"80 0622-19.0;";0;PZB steigend;;;False;PZB steigend;False;00:48:49;00:48:49;-;-;False;-;-;2929;2929
22761;PZB steigend;0/00:48:50;0/00:48:50;00:49;00:49;00:49;00:49;-; 6,00; 5,83;60,00;-;60,00;-;V;-;;;DB2;DB 2;0/00:15:05;-;140,00;1,0000;1,030;-;-;54,0;118,0;PZB;True;False;0;-; 0,0; 0,0; 0,0;DB2: Strecke 2 - Gleis 2 - Strecke 3;0,916000;115565,0;  0,0;1960,8;  0,0;1,030;1,00;1,00;"80 0622-19.0;";0;PZB steigend;;;False;PZB steigend;False;00:48:50;00:48:50;-;-;False;-;-;2930;2930
22762;PZB steigend;0/00:48:51;0/00:48:51;00:49;00:49;00:49;00:49;-; 8,00; 7,77;60,00;-;60,00;-;V;-;;;DB2;DB 2;0/00:15:06;-;140,00;1,0000;1,030;-;-;54,0;118,0;PZB;True;False;0;-; 0,0; 0,0; 0,0;DB2: Strecke 2 - Gleis 2 - Strecke 3;0,893000;112623,0;  0,0;1991,0;  0,0;1,030;1,00;1,00;"80 0622-19.0;";0;PZB steigend;;;False;PZB steigend;False;00:48:51;00:48:51;-;-;False;-;-;2931;2931
22764;PZB steigend;0/00:48:52;0/00:48:52;00:49;00:49;00:49;00:49;-;10,00; 9,71;60,00;-;60,00;-;V;-;;;DB2;DB 2;0/00:15:06;-;140,00;1,0000;1,030;-;-;54,0;118,0;PZB;True;False;0;-; 0,0; 0,0; 0,0;DB2: Strecke 2 - Gleis 2 - Strecke 3;0,869000;110005,0;  0,0;2023,8;  0,0;1,030;1,00;1,00;"80 0622-19.0;";0;PZB steigend;;;False;PZB steigend;False;00:48:52;00:48:52;-;-;False;-;-;2932;2932
22765;PZB steigend;0/00:48:52;0/00:48:52;00:49;00:49;00:49;00:49;-;11,07;10,75;60,00;-;60,00;-;V;-;DB2 22.765 02N2 Hauptsignal, Steigend, DFa=3s, rs=20km/h, appr.=0km/h; Ref(22760)=<DB2|22,760/+0|HP|Gl 2 s|0>|1  Anfang(21765)=<DB2|21,765/+0|HS|02A|0>  Ende(22965)=<DB2|22,965/+0|ZSS||0> ;DB2;DB 2;0/00:15:07;-;140,00;1,0000;1,030;-;-;54,0;118,0;PZB;True;False;0;-; 0,0; 0,0; 0,0;DB2: Strecke 2 - Gleis 2 - Strecke 3;0,862000;108334,9;  0,0;2042,4;  0,0;1,030;1,00;1,00;"80 0622-19.0;";0;PZB steigend;3521;;True;PZB steigend;False;00:48:52;00:48:52;-;-;False;-;Weiche 02W1 B - Weiche 02W2 B (3521);2932;2932
22765;PZB steigend;0/00:48:52;0/00:48:52;00:49;00:49;00:49;00:49;-;11,07;10,75;60,00;-;60,00;-;V;-;DB2 22.765  Geschwindigkeit Zulässig, Steigend, v=60km/h, Wirkung ab hier, PZB;;DB2;DB 2;0/00:15:07;-;140,00;1,0000;1,030;-;-;54,0;118,0;PZB;True;False;0;-; 0,0; 0,0; 0,0;DB2: Strecke 2 - Gleis 2 - Strecke 3;0,862000;108334,9;  0,0;2042,4;  0,0;1,030;1,00;1,00;"80 0622-19.0;";0;PZB steigend;3521;;True;PZB steigend;False;00:48:52;00:48:52;-;-;False;-;Weiche 02W1 B - Weiche 02W2 B (3521);2932;2932
22766;PZB steigend;0/00:48:52;0/00:48:52;00:49;00:49;00:49;00:49;-;12,00;11,65;60,00;-;60,00;-;V;-;;;DB2;DB 2;0/00:15:07;-;140,00;1,0000;1,030;-;-;54,0;118,0;PZB;True;False;0;-; 0,0; 0,0; 0,0;DB2: Strecke 2 - Gleis 2 - Strecke 3;0,844000;106887,0;  0,0;2059,2;  0,0;1,030;1,00;1,00;"80 0622-19.0;";0;PZB steigend;;;False;PZB steigend;False;00:48:52;00:48:52;-;-;False;-;-;2932;2932
22768;PZB steigend;0/00:48:53;0/00:48:53;00:49;00:49;00:49;00:49;-;14,00;13,59;60,00;-;60,00;-;V;-;;;DB2;DB 2;0/00:15:08;-;140,00;1,0000;1,030;-;-;54,0;118,0;PZB;True;False;0;-; 0,0; 0,0; 0,0;DB2: Strecke 2 - Gleis 2 - Strecke 3;0,822000;104004,0;  0,0;2097,2;  0,0;1,030;1,00;1,00;"80 0622-19.0;";0;PZB steigend;;;False;PZB steigend;False;00:48:53;00:48:53;-;-;False;-;-;2933;2933
22770;PZB steigend;0/00:48:53;0/00:48:53;00:49;00:49;00:49;00:49;-;15,45;15,00;60,00;-;60,00;-;V;-;Zugsicherungs-Stützstelle;;DB2;DB 2;0/00:15:08;-;140,00;1,0000;1,030;-;-;54,0;118,0;PZB;True;False;0;-; 0,0; 0,0; 0,0;DB2: Strecke 2 - Gleis 2 - Strecke 3;0,815000;102272,1;  0,0;2126,5;  0,0;1,030;1,00;1,00;"80 0622-19.0;";0;PZB steigend;;;False;PZB steigend;False;00:48:53;00:48:53;-;-;False;-;-;2933;2933
22771;PZB steigend;0/00:48:54;0/00:48:54;00:49;00:49;00:49;00:49;-;16,00;15,53;60,00;-;60,00;-;V;-;;;DB2;DB 2;0/00:15:08;-;140,00;1,0000;1,030;-;-;54,0;118,0;PZB;True;False;0;-; 0,0; 0,0; 0,0;DB2: Strecke 2 - Gleis 2 - Strecke 3;0,801000;101492,0;  0,0;2137,9;  0,0;1,030;1,00;1,00;"80 0622-19.0;";0;PZB steigend;;;False;PZB steigend;False;00:48:54;00:48:54;-;-;False;-;-;2934;2934
22774;PZB steigend;0/00:48:54;0/00:48:54;00:49;00:49;00:49;00:49;-;18,00;17,48;60,00;-;60,00;-;V;-;;;DB2;DB 2;0/00:15:09;-;140,00;1,0000;1,030;-;-;54,0;118,0;PZB;True;False;0;-; 0,0; 0,0; 0,0;DB2: Strecke 2 - Gleis 2 - Strecke 3;0,779000;99000,0;  0,0;2181,3;  0,0;1,030;1,00;1,00;"80 0622-19.0;";0;PZB steigend;;;False;PZB steigend;False;00:48:54;00:48:54;-;-;False;-;-;2934;2934
22775;PZB steigend;0/00:48:55;0/00:48:55;00:49;00:49;00:49;00:49;-;18,55;18,01;60,00;-;60,00;-;V;-;Zugsicherungs-Stützstelle;;DB2;DB 2;0/00:15:09;-;140,00;1,0000;1,030;-;-;54,0;118,0;PZB;True;False;0;-; 0,0; 0,0; 0,0;DB2: Strecke 2 - Gleis 2 - Strecke 3;0,776000;98297,9;  0,0;2193,6;  0,0;1,030;1,00;1,00;"80 0622-19.0;";0;PZB steigend;;;False;PZB steigend;False;00:48:55;00:48:55;-;-;False;-;-;2935;2935
22778;PZB steigend;0/00:48:55;0/00:48:55;00:49;00:49;00:49;00:49;-;20,00;19,42;60,00;-;60,00;-;V;-;;;DB2;DB 2;0/00:15:10;-;140,00;1,0000;1,030;-;-;54,0;118,0;PZB;True;False;0;-; 0,0; 0,0; 0,0;DB2: Strecke 2 - Gleis 2 - Strecke 3;0,760000;96257,0;  0,0;2227,2;  0,0;1,030;1,00;1,00;"80 0622-19.0;";0;PZB steigend;;;False;PZB steigend;False;00:48:55;00:48:55;-;-;False;-;-;2935;2935
22780;PZB steigend;0/00:48:55;0/00:48:55;00:49;00:49;00:49;00:49;-;20,96;20,35;60,00;-;60,00;-;V;-;Zugsicherungs-Stützstelle;;DB2;DB 2;0/00:15:10;-;140,00;1,0000;1,030;-;-;54,0;118,0;PZB;True;False;0;-; 0,0; 0,0; 0,0;DB2: Strecke 2 - Gleis 2 - Strecke 3;0,756000;95314,5;  0,0;2250,2;  0,0;1,030;1,00;1,00;"80 0622-19.0;";0;PZB steigend;;;False;PZB steigend;False;00:48:55;00:48:55;-;-;False;-;-;2935;2935
22782;PZB steigend;0/00:48:56;0/00:48:56;00:49;00:49;00:49;00:49;-;22,00;21,36;60,00;-;60,00;-;V;-;;;DB2;DB 2;0/00:15:10;-;140,00;1,0000;1,030;-;-;54,0;118,0;PZB;True;False;0;-; 0,0; 0,0; 0,0;DB2: Strecke 2 - Gleis 2 - Strecke 3;0,743000;94279,0;  0,0;2275,8;  0,0;1,030;1,00;1,00;"80 0622-19.0;";0;PZB steigend;;;False;PZB steigend;False;00:48:56;00:48:56;-;-;False;-;-;2936;2936
22785;PZB steigend;0/00:48:56;0/00:48:56;00:49;00:49;00:49;00:49;-;23,28;22,60;60,00;-;60,00;-;V;-;Zugsicherungs-Stützstelle;;DB2;DB 2;0/00:15:11;-;140,00;1,0000;1,030;-;-;54,0;118,0;PZB;True;False;0;-; 0,0; 0,0; 0,0;DB2: Strecke 2 - Gleis 2 - Strecke 3;0,737000;92918,2;  0,0;2308,3;  0,0;1,030;1,00;1,00;"80 0622-19.0;";0;PZB steigend;;;False;PZB steigend;False;00:48:56;00:48:56;-;-;False;-;-;2936;2936
22787;PZB steigend;0/00:48:57;0/00:48:57;00:49;00:49;00:49;00:49;-;24,00;23,30;60,00;-;60,00;-;V;-;;;DB2;DB 2;0/00:15:11;-;140,00;1,0000;1,030;-;-;54,0;118,0;PZB;True;False;0;-; 0,0; 0,0; 0,0;DB2: Strecke 2 - Gleis 2 - Strecke 3;0,726000;92188,0;  0,0;2327,1;  0,0;1,030;1,00;1,00;"80 0622-19.0;";0;PZB steigend;;;False;PZB steigend;False;00:48:57;00:48:57;-;-;False;-;-;2937;2937
22790;PZB steigend;0/00:48:57;0/00:48:57;00:49;00:49;00:49;00:49;-;25,15;24,42;60,00;-;60,00;-;V;-;Zugsicherungs-Stützstelle;;DB2;DB 2;0/00:15:12;-;140,00;1,0000;1,030;-;-;54,0;118,0;PZB;True;False;0;-; 0,0; 0,0; 0,0;DB2: Strecke 2 - Gleis 2 - Strecke 3;0,722000;91216,3;  0,0;2357,7;  0,0;1,030;1,00;1,00;"80 0622-19.0;";0;PZB steigend;;;False;PZB steigend;False;00:48:57;00:48:57;-;-;False;-;-;2937;2937
22792;PZB steigend;0/00:48:57;0/00:48:57;00:49;00:49;00:49;00:49;-;26,00;25,24;60,00;-;60,00;-;V;-;;;DB2;DB 2;0/00:15:12;-;140,00;1,0000;1,030;-;-;54,0;118,0;PZB;True;False;0;-; 0,0; 0,0; 0,0;DB2: Strecke 2 - Gleis 2 - Strecke 3;0,709000;90363,0;  0,0;2380,9;  0,0;1,030;1,00;1,00;"80 0622-19.0;";0;PZB steigend;;;False;PZB steigend;False;00:48:57;00:48:57;-;-;False;-;-;2937;2937
22798;PZB steigend;0/00:48:58;0/00:48:58;00:49;00:49;00:49;00:49;-;28,00;27,18;60,00;-;60,00;-;V;-;;;DB2;DB 2;0/00:15:13;-;140,00;1,0000;1,030;-;-;54,0;118,0;PZB;True;False;0;-; 0,0; 0,0; 0,0;DB2: Strecke 2 - Gleis 2 - Strecke 3;0,675000;88026,0;  0,0;2437,4;  0,0;1,030;1,00;1,00;"80 0622-19.0;";0;PZB steigend;;;False;PZB steigend;False;00:48:58;00:48:58;-;-;False;-;-;2938;2938
22805;PZB steigend;0/00:48:59;0/00:48:59;00:49;00:49;00:49;00:49;-;30,00;29,13;60,00;-;60,00;-;V;-;;;DB2;DB 2;0/00:15:14;-;140,00;1,0000;1,030;-;-;54,0;118,0;PZB;True;False;0;-; 0,0; 0,0; 0,0;DB2: Strecke 2 - Gleis 2 - Strecke 3;0,650000;82216,0;  0,0;2496,6;  0,0;1,030;1,00;1,00;"80 0622-19.0;";0;PZB steigend;;;False;PZB steigend;False;00:48:59;00:48:59;-;-;False;-;-;2939;2939
22815;PZB steigend;0/00:49:00;0/00:49:00;00:49;00:49;00:49;00:49;-;32,69;31,74;60,00;-;60,00;-;V;-;Zugsicherungs-Stützstelle;;DB2;DB 2;0/00:15:15;-;140,00;1,0000;1,030;-;-;54,0;118,0;PZB;True;False;0;-; 0,0; 0,0; 0,0;DB2: Strecke 2 - Gleis 2 - Strecke 3;0,650000;82216,0;  0,0;2580,3;  0,0;1,030;1,00;1,00;"80 0622-19.0;";0;PZB steigend;;;False;PZB steigend;False;00:49:00;00:49:00;-;-;False;-;-;2940;2940
22836;PZB steigend;0/00:49:02;0/00:49:02;00:49;00:49;00:49;00:49;-;37,69;36,59;60,00;-;60,00;-;V;-;;;DB2;DB 2;0/00:15:17;-;140,00;1,0000;1,030;-;-;54,0;118,0;PZB;True;False;0;-; 0,0; 0,0; 0,0;DB2: Strecke 2 - Gleis 2 - Strecke 3;0,649000;82216,0;  0,0;2748,6;  0,0;1,030;1,00;1,00;"80 0622-19.0;";0;PZB steigend;;;False;PZB steigend;False;00:49:02;00:49:02;-;-;False;-;-;2942;2942
22840;PZB steigend;0/00:49:03;0/00:49:03;00:49;00:49;00:49;00:49;-;38,57;37,45;60,00;-;60,00;-;V;-;Zugsicherungs-Stützstelle;;DB2;DB 2;0/00:15:17;-;140,00;1,0000;1,030;-;-;54,0;118,0;PZB;True;False;0;-; 0,0; 0,0; 0,0;DB2: Strecke 2 - Gleis 2 - Strecke 3;0,648000;82216,0;  0,0;2779,9;  0,0;1,030;1,00;1,00;"80 0622-19.0;";0;PZB steigend;;;False;PZB steigend;False;00:49:03;00:49:03;-;-;False;-;-;2943;2943
22852;PZB steigend;0/00:49:04;0/00:49:04;00:49;00:49;00:49;00:49;-;41,00;39,81;60,00;-;60,00;-;V;-;;;DB2;DB 2;0/00:15:18;-;140,00;1,0000;1,030;-;-;54,0;118,0;PZB;True;False;0;-; 0,0; 0,0; 0,0;DB2: Strecke 2 - Gleis 2 - Strecke 3;0,548000;82216,0;  0,0;2869,0;  0,0;1,030;1,00;1,00;"80 0622-19.0;";0;PZB steigend;;;False;PZB steigend;False;00:49:04;00:49:04;-;-;False;-;-;2944;2944
22864;PZB steigend;0/00:49:05;0/00:49:05;00:49;00:49;00:49;00:49;-;43,00;41,75;60,00;-;60,00;-;V;-;;;DB2;DB 2;0/00:15:19;-;140,00;1,0000;1,030;-;-;54,0;118,0;PZB;True;False;0;-; 0,0; 0,0; 0,0;DB2: Strecke 2 - Gleis 2 - Strecke 3;0,433000;57872,0;  0,0;2945,3;  0,0;1,030;1,00;1,00;"80 0622-19.0;";0;PZB steigend;;;False;PZB steigend;False;00:49:05;00:49:05;-;-;False;-;-;2945;2945
22865;PZB steigend;0/00:49:05;0/00:49:05;00:49;00:49;00:49;00:49;-;43,13;41,87;60,00;-;60,00;-;V;-;Zugsicherungs-Stützstelle;;DB2;DB 2;0/00:15:19;-;140,00;1,0000;1,030;-;-;54,0;118,0;PZB;True;False;0;-; 0,0; 0,0; 0,0;DB2: Strecke 2 - Gleis 2 - Strecke 3;0,431000;57375,8;  0,0;2950,3;  0,0;1,030;1,00;1,00;"80 0622-19.0;";0;PZB steigend;;;False;PZB steigend;False;00:49:05;00:49:05;-;-;False;-;-;2945;2945
22872;PZB steigend;0/00:49:06;0/00:49:06;00:49;00:49;00:49;00:49;-;44,00;42,72;60,00;-;60,00;-;V;-;;;DB2;DB 2;0/00:15:20;-;140,00;1,0000;1,030;-;-;54,0;118,0;PZB;True;False;0;-; 0,0; 0,0; 0,0;DB2: Strecke 2 - Gleis 2 - Strecke 3;0,416000;54053,0;  0,0;2984,4;  0,0;1,030;1,00;1,00;"80 0622-19.0;";0;PZB steigend;;;False;PZB steigend;False;00:49:06;00:49:06;-;-;False;-;-;2946;2946
22890;PZB steigend;0/00:49:07;0/00:49:07;00:49;00:49;00:49;00:49;-;46,15;44,81;60,00;-;60,00;-;V;-;Zugsicherungs-Stützstelle;;DB2;DB 2;0/00:15:22;-;140,00;1,0000;1,030;-;-;54,0;118,0;PZB;True;False;0;-; 0,0; 0,0; 0,0;DB2: Strecke 2 - Gleis 2 - Strecke 3;0,416000;54053,0;  0,0;3070,8;  0,0;1,030;1,00;1,00;"80 0622-19.0;";0;PZB steigend;;;False;PZB steigend;False;00:49:07;00:49:07;-;-;False;-;-;2947;2947
22915;PZB steigend;0/00:49:09;0/00:49:09;00:49;00:49;00:49;00:49;-;48,98;47,55;60,00;-;60,00;-;V;-;Zugsicherungs-Stützstelle;;DB2;DB 2;0/00:15:23;-;140,00;1,0000;1,030;-;-;54,0;118,0;PZB;True;False;0;-; 0,0; 0,0; 0,0;DB2: Strecke 2 - Gleis 2 - Strecke 3;0,415000;54053,0;  0,0;3189,1;  0,0;1,030;1,00;1,00;"80 0622-19.0;";0;PZB steigend;;;False;PZB steigend;False;00:49:09;00:49:09;-;-;False;-;-;2949;2949
22940;PZB steigend;0/00:49:11;0/00:49:11;00:49;00:49;00:49;00:49;-;51,65;50,15;60,00;-;60,00;-;V;-;Zugsicherungs-Stützstelle;;DB2;DB 2;0/00:15:25;-;140,00;1,0000;1,030;-;-;54,0;118,0;PZB;True;False;0;-; 0,0; 0,0; 0,0;DB2: Strecke 2 - Gleis 2 - Strecke 3;0,414000;54053,0;  0,0;3305,5;  0,0;1,030;1,00;1,00;"80 0622-19.0;";0;PZB steigend;;;False;PZB steigend;False;00:49:11;00:49:11;-;-;False;-;-;2951;2951
22965;PZB steigend;0/00:49:13;0/00:49:13;00:49;00:49;00:49;00:49;-;54,18;52,60;60,00;-;60,00;-;V;-;DB2 22.965  Zugschlussstelle, Steigend, Signal, Fa=3.00s, SvL; Ref(23019)=<DB2|22,965/+0|ZSS||0>  Ende(23019)=<DB2|22,965/+0|ZSS||0> ;DB2;DB 2;0/00:15:27;-;140,00;1,0000;1,030;-;-;54,0;118,0;PZB;True;False;0;-; 0,0; 0,0; 0,0;DB2: Strecke 2 - Gleis 2 - Strecke 3;0,413000;54053,0;  0,0;3420,2;  0,0;1,030;1,00;1,00;"80 0622-19.0;";0;PZB steigend;3521;;False;PZB steigend;False;00:49:13;00:49:13;-;-;False;-;Weiche 02W1 B - Weiche 02W2 B (3521);2953;2953
22990;PZB steigend;0/00:49:14;0/00:49:14;00:49;00:49;00:49;00:49;-;56,59;54,94;60,00;-;60,00;-;V;-;Zugsicherungs-Stützstelle;;DB2;DB 2;0/00:15:29;-;140,00;1,0000;1,030;-;-;54,0;118,0;PZB;True;False;0;-; 0,0; 0,0; 0,0;DB2: Strecke 2 - Gleis 2 - Strecke 3;0,412000;54053,0;  0,0;3533,4;  0,0;1,030;1,00;1,00;"80 0622-19.0;";0;PZB steigend;;;False;PZB steigend;False;00:49:14;00:49:14;-;-;False;-;-;2954;2954
23010;PZB steigend;0/00:49:16;0/00:49:16;00:49;00:49;00:49;00:49;-;58,45;56,75;60,00;-;60,00;-;V;-;DB2 23.010 02W2 Weiche, lt=25m, Abzweig rechts <23.010 02W2 Weiche, Anfang>; Ref(30054)=<S3|30,000/+0|GE|3521-0|2>  Anfang(30054)=<S3|30,000/+0|GE|3521-0|2>  Ende(23035)=<DB2|23,035/+0|ZSS||0> ;DB2;DB 2;0/00:15:30;-;140,00;1,0000;1,030;-;-;54,0;118,0;PZB;True;False;0;-; 0,0; 0,0; 0,0;DB2: Strecke 2 - Gleis 2 - Strecke 3;0,412000;54053,0;  0,0;3623,4;  0,0;1,030;1,00;1,00;"80 0622-19.0;";0;PZB steigend;3521;;True;PZB steigend;False;00:49:16;00:49:16;-;-;False;-;Weiche 02W1 B - Weiche 02W2 B (3521);2956;2956
23010;PZB steigend;0/00:49:16;0/00:49:16;00:49;00:49;00:49;00:49;-;58,45;56,75;60,00;-;60,00;-;V;-;DB2 23.010 02W2 Weiche, lt=25m, Anfang <23.010 02W2 Weiche, Stamm/23.010 02W2 Weiche, Abzweig rechts>; Ref(30054)=<S3|30,000/+0|GE|3521-0|2>  Anfang(30054)=<S3|30,000/+0|GE|3521-0|2>  Ende(23035)=<DB2|23,035/+0|ZSS||0> ;DB2;DB 2;0/00:15:30;-;140,00;1,0000;1,030;-;-;54,0;118,0;PZB;True;False;0;-; 0,0; 0,0; 0,0;DB2: Strecke 2 - Gleis 2 - Strecke 3;0,412000;54053,0;  0,0;3623,4;  0,0;1,030;1,00;1,00;"80 0622-19.0;";0;PZB steigend;3521;;True;PZB steigend;False;00:49:16;00:49:16;-;-;False;-;Weiche 02W2 A - Betriebsstellengrenze 3521-0 (3521);2956;2956
23015;PZB steigend;0/00:49:16;0/00:49:16;00:49;00:49;00:49;00:49;-;58,90;57,18;60,00;-;60,00;-;V;-;Zugsicherungs-Stützstelle;;DB2;DB 2;0/00:15:30;-;140,00;1,0000;1,030;-;-;54,0;118,0;PZB;True;False;0;-; 0,0; 0,0; 0,0;DB2: Strecke 2 - Gleis 2 - Strecke 3;0,411000;54053,0;  0,0;3645,5;  0,0;1,030;1,00;1,00;"80 0622-19.0;";0;PZB steigend;;;False;PZB steigend;False;00:49:16;00:49:16;-;-;False;-;-;2956;2956
23019;PZB steigend;0/00:49:16;0/00:49:16;00:49;00:49;00:49;00:49;-;59,26;57,53;60,00;-;60,00;-;V;-;DB2 22.965  Zugschlussstelle, Steigend, Signal, Fa=3.00s, SvL; Ref(22965)=<DB2|22,965/+0|ZSS||0>  Ende(23019)=<DB2|22,965/+0|ZSS||0> ;DB2;DB 2;0/00:15:30;-;140,00;1,0000;1,030;-;-;54,0;118,0;PZB;True;False;54;-; 0,0; 0,0; 0,0;DB2: Strecke 2 - Gleis 2 - Strecke 3;0,411000;54053,0;  0,0;3663,3;  0,0;1,030;1,00;1,00;"80 0622-19.0;";0;PZB steigend;3521;;True;PZB steigend;False;00:49:16;00:49:16;-;-;False;-;Weiche 02W1 B - Weiche 02W2 B (3521);2956;2956
23027;PZB steigend;0/00:49:17;0/00:49:17;00:49;00:49;00:49;00:49;-;60,00;58,25;60,00;-;60,00;-;K;-;;;DB2;DB 2;0/00:15:31;-;140,00;1,0000;1,030;-;-;54,0;118,0;PZB;True;False;0;-; 0,0; 0,0; 0,0;DB2: Strecke 2 - Gleis 2 - Strecke 3;0,000000;54053,0;  0,0;3700,1;  0,0;1,030;1,00;1,00;"80 0622-19.0;";0;PZB steigend;;;False;PZB steigend;False;00:49:17;00:49:17;-;-;False;-;-;2957;2957
23035;PZB steigend;0/00:49:17;0/00:49:17;00:49;00:49;00:49;00:49;-;60,00;58,25;60,00;-;60,00;-;K;-;DB2 23.035  Zugschlussstelle, Steigend, Fahrstraße, Fa=3.00s, SvL; Ref(23089)=<DB2|23,035/+0|ZSS||0>  Ende(23089)=<DB2|23,035/+0|ZSS||0> ;DB2;DB 2;0/00:15:31;-;140,00;1,0000;1,030;-;-;54,0;118,0;PZB;True;False;0;-; 0,0; 0,0; 0,0;DB2: Strecke 2 - Gleis 2 - Strecke 3;0,000000;54053,0;  0,0;3700,1;  0,0;1,030;1,00;1,00;"80 0622-19.0;";0;PZB steigend;3521;;False;PZB steigend;False;00:49:17;00:49:17;-;-;False;-;Weiche 02W2 A - Betriebsstellengrenze 3521-0 (3521);2957;2957
23035;PZB steigend;0/00:49:17;0/00:49:17;00:49;00:49;00:49;00:49;-;60,00;58,25;60,00;-;60,00;-;K;-;DB2 23.035  Geschwindigkeit Zulässig, Steigend, v=100km/h, Wirkung ab hier, Alle; Ref(23089)=<DB2|23,035/+0|VZ||0> ;DB2;DB 2;0/00:15:31;-;140,00;1,0000;1,030;-;-;54,0;118,0;PZB;True;False;0;-; 0,0; 0,0; 0,0;DB2: Strecke 2 - Gleis 2 - Strecke 3;0,000000;54053,0;  0,0;3700,1;  0,0;1,030;1,00;1,00;"80 0622-19.0;";0;PZB steigend;3521;;False;PZB steigend;False;00:49:17;00:49:17;-;-;False;-;Weiche 02W2 A - Betriebsstellengrenze 3521-0 (3521);2957;2957
23040;PZB steigend;0/00:49:18;0/00:49:18;00:49;00:49;00:49;00:49;-;60,00;58,25;60,00;-;60,00;-;K;-;Zugsicherungs-Stützstelle;;DB2;DB 2;0/00:15:32;-;140,00;1,0000;1,030;-;-;54,0;118,0;PZB;True;False;0;-; 0,0; 0,0; 0,0;DB2: Strecke 2 - Gleis 2 - Strecke 3;0,000000;54053,0;  0,0;3700,1;  0,0;1,030;1,00;1,00;"80 0622-19.0;";0;PZB steigend;;;False;PZB steigend;False;00:49:18;00:49:18;-;-;False;-;-;2958;2958
23065;PZB steigend;0/00:49:19;0/00:49:19;00:49;00:49;00:49;00:49;-;60,00;58,25;60,00;-;60,00;-;K;-;Zugsicherungs-Stützstelle;;DB2;DB 2;0/00:15:33;-;140,00;1,0000;1,030;-;-;54,0;118,0;PZB;True;False;0;-; 0,0; 0,0; 0,0;DB2: Strecke 2 - Gleis 2 - Strecke 3;0,000000;54053,0;  0,0;3700,1;  0,0;1,030;1,00;1,00;"80 0622-19.0;";0;PZB steigend;;;False;PZB steigend;False;00:49:19;00:49:19;-;-;False;-;-;2959;2959
23089;PZB steigend;0/00:49:21;0/00:49:21;00:49;00:49;00:49;00:49;-;60,00;58,25;100,00;-;100,00;-;K;-;DB2 23.035  Geschwindigkeit Zulässig, Steigend, v=100km/h, Wirkung ab hier, Alle; Ref(23035)=<DB2|23,035/+0|VZ||0> ;DB2;DB 2;0/00:15:35;-;140,00;1,0000;1,030;-;-;54,0;118,0;PZB;True;False;54;-; 0,0; 0,0; 0,0;DB2: Strecke 2 - Gleis 2 - Strecke 3;0,411000;54053,0;  0,0;3700,1;  0,0;1,030;1,00;1,00;"80 0622-19.0;";0;PZB steigend;3521;;True;PZB steigend;False;00:49:21;00:49:21;-;-;False;-;Weiche 02W2 A - Betriebsstellengrenze 3521-0 (3521);2961;2961
23089;PZB steigend;0/00:49:21;0/00:49:21;00:49;00:49;00:49;00:49;-;60,00;58,25;100,00;-;100,00;-;V;-;DB2 23.035  Zugschlussstelle, Steigend, Fahrstraße, Fa=3.00s, SvL; Ref(23035)=<DB2|23,035/+0|ZSS||0>  Ende(23089)=<DB2|23,035/+0|ZSS||0> ;DB2;DB 2;0/00:15:35;-;140,00;1,0000;1,030;-;-;54,0;118,0;PZB;True;False;54;-; 0,0; 0,0; 0,0;DB2: Strecke 2 - Gleis 2 - Strecke 3;0,411000;54053,0;  0,0;3700,1;  0,0;1,030;1,00;1,00;"80 0622-19.0;";0;PZB steigend;3521;;True;PZB steigend;False;00:49:21;00:49:21;-;-;False;-;Weiche 02W2 A - Betriebsstellengrenze 3521-0 (3521);2961;2961
23090;PZB steigend;0/00:49:21;0/00:49:21;00:49;00:49;00:49;00:49;-;60,09;58,34;100,00;-;100,00;-;V;-;Zugsicherungs-Stützstelle;;DB2;DB 2;0/00:15:35;-;140,00;1,0000;1,030;-;-;54,0;118,0;PZB;True;False;0;-; 0,0; 0,0; 0,0;DB2: Strecke 2 - Gleis 2 - Strecke 3;0,411000;54053,0;  0,0;3704,6;  0,0;1,030;1,00;1,00;"80 0622-19.0;";0;PZB steigend;;;False;PZB steigend;False;00:49:21;00:49:21;-;-;False;-;-;2961;2961
23115;PZB steigend;0/00:49:22;0/00:49:22;00:49;00:49;00:49;00:49;-;62,26;60,45;100,00;-;100,00;-;V;-;Zugsicherungs-Stützstelle;;DB2;DB 2;0/00:15:36;-;140,00;1,0000;1,030;-;-;54,0;118,0;PZB;True;False;0;-; 0,0; 0,0; 0,0;DB2: Strecke 2 - Gleis 2 - Strecke 3;0,410000;54053,0;  0,0;3814,8;  0,0;1,030;1,00;1,00;"80 0622-19.0;";0;PZB steigend;;;False;PZB steigend;False;00:49:22;00:49:22;-;-;False;-;-;2962;2962
23124;PZB steigend;0/00:49:23;0/00:49:23;00:49;00:49;00:49;00:49;-;63,00;61,17;100,00;-;100,00;-;V;-;;;DB2;DB 2;0/00:15:37;-;140,00;1,0000;1,030;-;-;54,0;118,0;PZB;True;False;0;-; 0,0; 0,0; 0,0;DB2: Strecke 2 - Gleis 2 - Strecke 3;0,367000;54053,0;  0,0;3853,1;  0,0;1,030;1,00;1,00;"80 0622-19.0;";0;PZB steigend;;;False;PZB steigend;False;00:49:23;00:49:23;-;-;False;-;-;2963;2963
23140;PZB steigend;0/00:49:24;0/00:49:24;00:49;00:49;00:49;00:49;-;64,20;62,33;100,00;-;100,00;-;V;-;Zugsicherungs-Stützstelle;;DB2;DB 2;0/00:15:37;-;140,00;1,0000;1,030;-;-;54,0;118,0;PZB;True;False;0;-; 0,0; 0,0; 0,0;DB2: Strecke 2 - Gleis 2 - Strecke 3;0,341000;47737,4;  0,0;3915,9;  0,0;1,030;1,00;1,00;"80 0622-19.0;";0;PZB steigend;;;False;PZB steigend;False;00:49:24;00:49:24;-;-;False;-;-;2964;2964
23152;PZB steigend;0/00:49:24;0/00:49:24;00:49;00:49;00:49;00:49;-;65,00;63,11;100,00;-;100,00;-;V;-;;;DB2;DB 2;0/00:15:38;-;140,00;1,0000;1,030;-;-;54,0;118,0;PZB;True;False;0;-; 0,0; 0,0; 0,0;DB2: Strecke 2 - Gleis 2 - Strecke 3;0,323000;43527,0;  0,0;3958,3;  0,0;1,030;1,00;1,00;"80 0622-19.0;";0;PZB steigend;;;False;PZB steigend;False;00:49:24;00:49:24;-;-;False;-;-;2964;2964
23165;PZB steigend;0/00:49:25;0/00:49:25;00:49;00:49;00:49;00:49;-;65,83;63,91;100,00;-;100,00;-;V;-;Zugsicherungs-Stützstelle;;DB2;DB 2;0/00:15:39;-;140,00;1,0000;1,030;-;-;54,0;118,0;PZB;True;False;0;-; 0,0; 0,0; 0,0;DB2: Strecke 2 - Gleis 2 - Strecke 3;0,322000;43499,2;  0,0;4002,8;  0,0;1,030;1,00;1,00;"80 0622-19.0;";0;PZB steigend;;;False;PZB steigend;False;00:49:25;00:49:25;-;-;False;-;-;2965;2965
23184;PZB steigend;0/00:49:26;0/00:49:26;00:49;00:49;00:49;00:49;-;67,00;65,05;100,00;-;100,00;-;V;-;;;DB2;DB 2;0/00:15:40;-;140,00;1,0000;1,030;-;-;54,0;118,0;PZB;True;False;0;-; 0,0; 0,0; 0,0;DB2: Strecke 2 - Gleis 2 - Strecke 3;0,321000;43480,0;  0,0;4066,2;  0,0;1,030;1,00;1,00;"80 0622-19.0;";0;PZB steigend;;;False;PZB steigend;False;00:49:26;00:49:26;-;-;False;-;-;2966;2966
23190;PZB steigend;0/00:49:26;0/00:49:26;00:49;00:49;00:49;00:49;-;67,37;65,41;100,00;-;100,00;-;V;-;Zugsicherungs-Stützstelle;;DB2;DB 2;0/00:15:40;-;140,00;1,0000;1,030;-;-;54,0;118,0;PZB;True;False;0;-; 0,0; 0,0; 0,0;DB2: Strecke 2 - Gleis 2 - Strecke 3;0,321000;43475,4;  0,0;4086,5;  0,0;1,030;1,00;1,00;"80 0622-19.0;";0;PZB steigend;;;False;PZB steigend;False;00:49:26;00:49:26;-;-;False;-;-;2966;2966
23215;PZB steigend;0/00:49:28;0/00:49:28;00:49;00:49;00:49;00:49;-;68,90;66,89;100,00;-;100,00;-;V;-;Zugsicherungs-Stützstelle;;DB2;DB 2;0/00:15:42;-;140,00;1,0000;1,030;-;-;54,0;118,0;PZB;True;False;0;-; 0,0; 0,0; 0,0;DB2: Strecke 2 - Gleis 2 - Strecke 3;0,321000;43440,2;  0,0;4171,2;  0,0;1,030;1,00;1,00;"80 0622-19.0;";0;PZB steigend;;;False;PZB steigend;False;00:49:28;00:49:28;-;-;False;-;-;2968;2968
23217;PZB steigend;0/00:49:28;0/00:49:28;00:49;00:49;00:49;00:49;-;69,00;66,99;100,00;-;100,00;-;V;-;;;DB2;DB 2;0/00:15:42;-;140,00;1,0000;1,030;-;-;54,0;118,0;PZB;True;False;0;-; 0,0; 0,0; 0,0;DB2: Strecke 2 - Gleis 2 - Strecke 3;0,320000;43437,0;  0,0;4176,8;  0,0;1,030;1,00;1,00;"80 0622-19.0;";0;PZB steigend;;;False;PZB steigend;False;00:49:28;00:49:28;-;-;False;-;-;2968;2968
23240;PZB steigend;0/00:49:29;0/00:49:29;00:49;00:49;00:49;00:49;-;70,37;68,32;100,00;-;100,00;-;V;-;Zugsicherungs-Stützstelle;;DB2;DB 2;0/00:15:43;-;140,00;1,0000;1,030;-;-;54,0;118,0;PZB;True;False;0;-; 0,0; 0,0; 0,0;DB2: Strecke 2 - Gleis 2 - Strecke 3;0,319000;43347,5;  0,0;4254,0;  0,0;1,030;1,00;1,00;"80 0622-19.0;";0;PZB steigend;;;False;PZB steigend;False;00:49:29;00:49:29;-;-;False;-;-;2969;2969
23251;PZB steigend;0/00:49:30;0/00:49:30;00:50;00:50;00:50;00:50;-;71,00;68,93;100,00;-;100,00;-;V;-;;;DB2;DB 2;0/00:15:43;-;140,00;1,0000;1,030;-;-;54,0;118,0;PZB;True;False;0;-; 0,0; 0,0; 0,0;DB2: Strecke 2 - Gleis 2 - Strecke 3;0,318000;43312,0;  0,0;4290,0;  0,0;1,030;1,00;1,00;"80 0622-19.0;";0;PZB steigend;;;False;PZB steigend;False;00:49:30;00:49:30;-;-;False;-;-;2970;2970
23265;PZB steigend;0/00:49:30;0/00:49:30;00:50;00:50;00:50;00:50;-;71,81;69,72;100,00;-;100,00;-;V;-;Zugsicherungs-Stützstelle;;DB2;DB 2;0/00:15:44;-;140,00;1,0000;1,030;-;-;54,0;118,0;PZB;True;False;0;-; 0,0; 0,0; 0,0;DB2: Strecke 2 - Gleis 2 - Strecke 3;0,317000;43243,2;  0,0;4336,6;  0,0;1,030;1,00;1,00;"80 0622-19.0;";0;PZB steigend;;;False;PZB steigend;False;00:49:30;00:49:30;-;-;False;-;-;2970;2970
23286;PZB steigend;0/00:49:32;0/00:49:32;00:50;00:50;00:50;00:50;-;73,00;70,87;100,00;-;100,00;-;V;-;;;DB2;DB 2;0/00:15:45;-;140,00;1,0000;1,030;-;-;54,0;118,0;PZB;True;False;0;-; 0,0; 0,0; 0,0;DB2: Strecke 2 - Gleis 2 - Strecke 3;0,315000;43142,0;  0,0;4405,8;  0,0;1,030;1,00;1,00;"80 0622-19.0;";0;PZB steigend;;;False;PZB steigend;False;00:49:32;00:49:32;-;-;False;-;-;2972;2972
23322;PZB steigend;0/00:49:33;0/00:49:33;00:50;00:50;00:50;00:50;-;75,00;72,82;100,00;-;100,00;-;V;-;;;DB2;DB 2;0/00:15:47;-;140,00;1,0000;1,030;-;-;54,0;118,0;PZB;True;False;0;-; 0,0; 0,0; 0,0;DB2: Strecke 2 - Gleis 2 - Strecke 3;0,313000;42980,0;  0,0;4524,2;  0,0;1,030;1,00;1,00;"80 0622-19.0;";0;PZB steigend;;;False;PZB steigend;False;00:49:33;00:49:33;-;-;False;-;-;2973;2973
23360;PZB steigend;0/00:49:35;0/00:49:35;00:50;00:50;00:50;00:50;-;77,00;74,76;100,00;-;100,00;-;V;-;;;DB2;DB 2;0/00:15:49;-;140,00;1,0000;1,030;-;-;54,0;118,0;PZB;True;False;0;-; 0,0; 0,0; 0,0;DB2: Strecke 2 - Gleis 2 - Strecke 3;0,309000;42744,0;  0,0;4645,3;  0,0;1,030;1,00;1,00;"80 0622-19.0;";0;PZB steigend;;;False;PZB steigend;False;00:49:35;00:49:35;-;-;False;-;-;2975;2975
23399;PZB steigend;0/00:49:37;0/00:49:37;00:50;00:50;00:50;00:50;-;79,00;76,70;100,00;-;100,00;-;V;-;;;DB2;DB 2;0/00:15:50;-;140,00;1,0000;1,030;-;-;54,0;118,0;PZB;True;False;0;-; 0,0; 0,0; 0,0;DB2: Strecke 2 - Gleis 2 - Strecke 3;0,304000;42323,0;  0,0;4769,1;  0,0;1,030;1,00;1,00;"80 0622-19.0;";0;PZB steigend;;;False;PZB steigend;False;00:49:37;00:49:37;-;-;False;-;-;2977;2977
23440;PZB steigend;0/00:49:39;0/00:49:39;00:50;00:50;00:50;00:50;-;81,00;78,64;100,00;-;100,00;-;V;-;;;DB2;DB 2;0/00:15:52;-;140,00;1,0000;1,030;-;-;54,0;118,0;PZB;True;False;0;-; 0,0; 0,0; 0,0;DB2: Strecke 2 - Gleis 2 - Strecke 3;0,300000;41902,0;  0,0;4895,4;  0,0;1,030;1,00;1,00;"80 0622-19.0;";0;PZB steigend;;;False;PZB steigend;False;00:49:39;00:49:39;-;-;False;-;-;2979;2979
23482;PZB steigend;0/00:49:41;0/00:49:41;00:50;00:50;00:50;00:50;-;83,00;80,58;100,00;-;100,00;-;V;-;;;DB2;DB 2;0/00:15:54;-;140,00;1,0000;1,030;-;-;54,0;118,0;PZB;True;False;0;-; 0,0; 0,0; 0,0;DB2: Strecke 2 - Gleis 2 - Strecke 3;0,295000;41549,0;  0,0;5024,4;  0,0;1,030;1,00;1,00;"80 0622-19.0;";0;PZB steigend;;;False;PZB steigend;False;00:49:41;00:49:41;-;-;False;-;-;2981;2981
23526;PZB steigend;0/00:49:43;0/00:49:43;00:50;00:50;00:50;00:50;-;85,00;82,52;100,00;-;100,00;-;V;-;;;DB2;DB 2;0/00:15:56;-;140,00;1,0000;1,030;-;-;54,0;118,0;PZB;True;False;0;-; 0,0; 0,0; 0,0;DB2: Strecke 2 - Gleis 2 - Strecke 3;0,284000;40795,0;  0,0;5156,1;  0,0;1,030;1,00;1,00;"80 0622-19.0;";0;PZB steigend;;;False;PZB steigend;False;00:49:43;00:49:43;-;-;False;-;-;2983;2983
23573;PZB steigend;0/00:49:45;0/00:49:45;00:50;00:50;00:50;00:50;-;87,00;84,47;100,00;-;100,00;-;V;-;;;DB2;DB 2;0/00:15:58;-;140,00;1,0000;1,030;-;-;54,0;118,0;PZB;True;False;0;-; 0,0; 0,0; 0,0;DB2: Strecke 2 - Gleis 2 - Strecke 3;0,247000;39173,0;  0,0;5290,3;  0,0;1,030;1,00;1,00;"80 0622-19.0;";0;PZB steigend;;;False;PZB steigend;False;00:49:45;00:49:45;-;-;False;-;-;2985;2985
23628;PZB steigend;0/00:49:47;0/00:49:47;00:50;00:50;00:50;00:50;-;89,00;86,41;100,00;-;100,00;-;V;-;;;DB2;DB 2;0/00:16:00;-;140,00;1,0000;1,030;-;-;54,0;118,0;PZB;True;False;0;-; 0,0; 0,0; 0,0;DB2: Strecke 2 - Gleis 2 - Strecke 3;0,216000;31935,0;  0,0;5427,2;  0,0;1,030;1,00;1,00;"80 0622-19.0;";0;PZB steigend;;;False;PZB steigend;False;00:49:47;00:49:47;-;-;False;-;-;2987;2987
23692;PZB steigend;0/00:49:50;0/00:49:50;00:50;00:50;00:50;00:50;-;91,00;88,35;100,00;-;100,00;-;V;-;;;DB2;DB 2;0/00:16:03;-;140,00;1,0000;1,030;-;-;54,0;118,0;PZB;True;False;0;-; 0,0; 0,0; 0,0;DB2: Strecke 2 - Gleis 2 - Strecke 3;0,215000;31913,0;  0,0;5566,8;  0,0;1,030;1,00;1,00;"80 0622-19.0;";0;PZB steigend;;;False;PZB steigend;False;00:49:50;00:49:50;-;-;False;-;-;2990;2990
23758;PZB steigend;0/00:49:52;0/00:49:52;00:50;00:50;00:50;00:50;-;93,00;90,29;100,00;-;100,00;-;V;-;;;DB2;DB 2;0/00:16:05;-;140,00;1,0000;1,030;-;-;54,0;118,0;PZB;True;False;0;-; 0,0; 0,0; 0,0;DB2: Strecke 2 - Gleis 2 - Strecke 3;0,213000;31895,0;  0,0;5709,0;  0,0;1,030;1,00;1,00;"80 0622-19.0;";0;PZB steigend;;;False;PZB steigend;False;00:49:52;00:49:52;-;-;False;-;-;2992;2992
23826;PZB steigend;0/00:49:55;0/00:49:55;00:50;00:50;00:50;00:50;-;95,00;92,23;100,00;-;100,00;-;V;-;;;DB2;DB 2;0/00:16:08;-;140,00;1,0000;1,030;-;-;54,0;118,0;PZB;True;False;0;-; 0,0; 0,0; 0,0;DB2: Strecke 2 - Gleis 2 - Strecke 3;0,211000;31846,0;  0,0;5853,8;  0,0;1,030;1,00;1,00;"80 0622-19.0;";0;PZB steigend;;;False;PZB steigend;False;00:49:55;00:49:55;-;-;False;-;-;2995;2995
23896;PZB steigend;0/00:49:58;0/00:49:58;00:50;00:50;00:50;00:50;-;97,00;94,17;100,00;-;100,00;-;V;-;;;DB2;DB 2;0/00:16:11;-;140,00;1,0000;1,030;-;-;54,0;118,0;PZB;True;False;0;-; 0,0; 0,0; 0,0;DB2: Strecke 2 - Gleis 2 - Strecke 3;0,210000;31781,0;  0,0;6001,2;  0,0;1,030;1,00;1,00;"80 0622-19.0;";0;PZB steigend;;;False;PZB steigend;False;00:49:58;00:49:58;-;-;False;-;-;2998;2998
23968;PZB steigend;0/00:50:01;0/00:50:01;00:50;00:50;00:50;00:50;-;99,00;96,12;100,00;-;100,00;-;V;-;;;DB2;DB 2;0/00:16:13;-;140,00;1,0000;1,030;-;-;54,0;118,0;PZB;True;False;0;-; 0,0; 0,0; 0,0;DB2: Strecke 2 - Gleis 2 - Strecke 3;0,208000;31688,0;  0,0;6151,3;  0,0;1,030;1,00;1,00;"80 0622-19.0;";0;PZB steigend;;;False;PZB steigend;False;00:50:01;00:50:01;-;-;False;-;-;3001;3001
24005;PZB steigend;0/00:50:02;0/00:50:02;00:50;00:50;00:50;00:50;-;100,00;97,09;100,00;-;100,00;-;K;-;;;DB2;DB 2;0/00:16:15;-;140,00;1,0000;1,030;-;-;54,0;118,0;PZB;True;False;0;-; 0,0; 0,0; 0,0;DB2: Strecke 2 - Gleis 2 - Strecke 3;0,000000;31642,0;  0,0;6227,3;  0,0;1,030;1,00;1,00;"80 0622-19.0;";0;PZB steigend;;;False;PZB steigend;False;00:50:02;00:50:02;-;-;False;-;-;3002;3002
24500;PZB steigend;0/00:50:20;0/00:50:20;00:50;00:50;00:50;00:50;-;100,00;97,09;100,00;-;100,00;-;K;-;DB2 24.500 3521-0 Betriebsstellengrenze, =>S3 3521-0, Gleis 0;;DB2;DB 2;0/00:16:32;-;140,00;1,0000;1,030;-;-;54,0;118,0;PZB;True;False;0;-; 0,0; 0,0; 0,0;DB2: Strecke 2 - Gleis 2 - Strecke 3;0,000000;31642,0;  0,0;6227,3;  0,0;1,030;1,00;1,00;"80 0622-19.0;";0;PZB steigend;3521;0;True;PZB steigend;False;00:50:20;00:50:20;-;-;False;-;Weiche 02W2 A - Betriebsstellengrenze 3521-0 (3521);3020;3020
24500;PZB steigend;0/00:50:20;0/00:50:20;00:50;00:50;00:50;00:50;-;100,00;97,09;100,00;-;100,00;-;K;-;S3 24.500 3521-0 Betriebsstellengrenze, =>DB2 3521-0, Gleis 0;;S3;Strecke 3;0/00:16:32;-;140,00;1,0000;1,030;-;-;54,0;118,0;PZB;True;False;0;-; 0,0; 0,0; 0,0;S3: VDV 2 - Strecke 3 - null;0,000000;31642,0;  0,0;6227,3;  0,0;1,030;1,00;1,00;"80 0622-19.0;";0;PZB steigend;3521;0;True;PZB steigend;False;00:50:20;00:50:20;-;-;False;-;Betriebsstellengrenze 3521-0 - Gleisende 3521-0 (3521);3020;3020
27250;PZB steigend;0/00:52:02;0/00:52:02;00:52;00:52;00:52;00:52;-;100,00;97,09;100,00;-;100,00;-;K;-;S3 27.250 Streckengleis Fahrzeitmesspunkt, Beide Richtungen, BS-Mitte;;S3;Strecke 3;0/00:18:11;00:52:02;140,00;1,0000;1,030;-;-;54,0;118,0;PZB;True;False;0;-; 0,0; 0,0; 0,0;S3: VDV 2 - Strecke 3 - null;0,000000;31642,0;  0,0;6227,3;  0,0;1,030;1,00;1,00;"80 0622-19.0;";0;PZB steigend;3521;;True;PZB steigend;False;00:52:02;00:52:02;-;-;False;-;Betriebsstellengrenze 3521-0 - Gleisende 3521-0 (3521);3122;3122
30000;PZB steigend;0/00:53:44;0/00:53:44;00:54;00:54;00:54;00:54;-;100,00;97,09;100,00;-;100,00;-;K;-;S3 30.000 3521-0 Gleisende; Ref(30054)=<S3|30,000/+0|GE|3521-0|2>  Anfang(30054)=<S3|30,000/+0|GE|3521-0|2>  Ende(30054)=<S3|30,000/+0|GE|3521-0|2> ;S3;Strecke 3;0/00:19:50;-;140,00;1,0000;1,030;-;-;54,0;118,0;PZB;True;False;0;-; 0,0; 0,0; 0,0;S3: VDV 2 - Strecke 3 - null;0,000000;31642,0;  0,0;6227,3;  0,0;1,030;1,00;1,00;"80 0622-19.0;";0;PZB steigend;3521;;False;PZB steigend;False;00:53:44;00:53:44;-;-;False;-;Betriebsstellengrenze 3521-0 - Gleisende 3521-0 (3521);3224;3224
30054;PZB steigend;0/00:53:46;0/00:53:46;00:54;00:54;00:54;00:54;-;100,00;97,09;100,00;-;100,00;-;K;-;S3 30.000 3521-0 Gleisende; Anfang(22765)=<DB2|22,765/+0|HS|02N2|0>  Ende(30054)=<S3|30,000/+0|GE|3521-0|2> ;S3;Strecke 3;0/00:19:52;-;140,00;1,0000;1,030;-;-;54,0;118,0;PZB;True;False;54;-; 0,0; 0,0; 0,0;S3: VDV 2 - Strecke 3 - null;0,000000;31642,0;  0,0;6227,3;  0,0;1,030;1,00;1,00;"80 0622-19.0;";0;PZB steigend;3521;;True;PZB steigend;False;00:53:46;00:53:46;-;-;False;-;Betriebsstellengrenze 3521-0 - Gleisende 3521-0 (3521);3226;3226
