Zugstrecke;Teilzugname;Ist-Abfahrt;Ist-Ankunft;Ist-Abfahrt gerundet;Ist-Ankunft gerundet;Ist-Abfahrt abgerundet;Ist-Ankunft aufgerundet;Haltezeiten;v;vReal;vMax;vMaxZugsicherung;vMaxStrecke;vMaxBrH;Zustand;DynStatus;Infrastrukturelement;Referenzelemente;Betriebsstelle;Betriebsstelle Langname;Relative Abfahrtzeit;Soll-Abfahrt;VMaxZug;Zuschlag;Regelzuschlag;SonderZuschlag;BauZuschlag;Laenge;Masse;Zugbeeinflussung;Steigend;Entfernt;Verschoben;Besonderheit;Bogen;Neigung;Tunnelquerschnitt;Fahrweg;a;Zugkraft;WFZ;WTFZ;WStrecke;Gesamtzuschlag;Verspätungszuschlag;Zuschlagabbau;Triebfahrzeuge;Wagenanzahl;Zugfamilienname;Streckennummer;Gleis;Wirkt;Einzelzugname;ATO;Ist-Ankunft ohne Tag;Ist-Abfahrt ohne Tag;Haltezeit;Mindesthaltezeit;No-Stopping Zone;ETCS-Kurve für Belegung;Zwischenweichenabschnitt;Ist-Abfahrt in Sekunden;Ist-Ankunft in Sekunden
0;PZB fallend;0/00:27:52;0/00:27:52;00:28;00:28;00:28;00:28;-;80,00;77,67;140,00;-;140,00;155,00;K;-;S3 30.000 3521-0 Gleisende; Ref(7065)=<VDV2|22,935/+0|HS|02F|1>  Anfang(7065)=<VDV2|22,935/+0|HS|02F|1>  Ende(7115)=<VDV2|22,885/+0|ZSS||1> ;S3;Strecke 3;0/00:00:00;-;140,00;1,0000;1,030;-;-;54,0;118,0;PZB;False;False;0;-; 0,0; 0,0; 0,0;S3: null - Strecke 3 - VDV 2;0,000000;42110,0;  0,0;4831,9;  0,0;1,030;1,00;1,00;"80 0622-19.0;";0;PZB fallend;3521;;True;PZB fallend;False;00:27:52;00:27:52;-;-;False;-;Betriebsstellengrenze 3521-0 - Gleisende 3521-0 (3521);1672;1672
0;PZB fallend;0/00:27:52;0/00:27:52;00:28;00:28;00:28;00:28;-;80,00;77,67;140,00;-;140,00;155,00;K;-;S3 30.000  ZB-Anfang, Fallend, PZB;;S3;Strecke 3;0/00:00:00;-;140,00;1,0000;1,030;-;-;54,0;118,0;PZB;False;False;0;-; 0,0; 0,0; 0,0;S3: null - Strecke 3 - VDV 2;0,000000;42110,0;  0,0;4831,9;  0,0;1,030;1,00;1,00;"80 0622-19.0;";0;PZB fallend;3521;;True;PZB fallend;False;00:27:52;00:27:52;-;-;False;-;Betriebsstellengrenze 3521-0 - Gleisende 3521-0 (3521);1672;1672
0;PZB fallend;0/00:27:52;0/00:27:52;00:28;00:28;00:28;00:28;-;80,00;77,67;80,00;-;80,00;155,00;K;-;S3 30.000  Geschwindigkeit Zulässig, Fallend, v=80km/h, Wirkung ab hier, Alle;;S3;Strecke 3;0/00:00:00;-;140,00;1,0000;1,030;-;-;54,0;118,0;PZB;False;False;0;-; 0,0; 0,0; 0,0;S3: null - Strecke 3 - VDV 2;0,000000;42110,0;  0,0;4831,9;  0,0;1,030;1,00;1,00;"80 0622-19.0;";0;PZB fallend;3521;;True;PZB fallend;False;00:27:52;00:27:52;-;-;False;-;Betriebsstellengrenze 3521-0 - Gleisende 3521-0 (3521);1672;1672
0;PZB fallend;0/00:27:52;0/00:27:52;00:28;00:28;00:28;00:28;-;80,00;77,67;80,00;-;80,00;130,00;K;-;S3 30.000  Bremsweg, Fallend, l=700m;;S3;Strecke 3;0/00:00:00;-;140,00;1,0000;1,030;-;-;54,0;118,0;PZB;False;False;0;-; 0,0; 0,0; 0,0;S3: null - Strecke 3 - VDV 2;0,000000;42110,0;  0,0;4831,9;  0,0;1,030;1,00;1,00;"80 0622-19.0;";0;PZB fallend;3521;;True;PZB fallend;False;00:27:52;00:27:52;-;-;False;-;Betriebsstellengrenze 3521-0 - Gleisende 3521-0 (3521);1672;1672
2750;PZB fallend;0/00:30:00;0/00:30:00;00:30;00:30;00:30;00:30;-;80,00;77,67;80,00;-;80,00;130,00;K;-;S3 27.250 Streckengleis Fahrzeitmesspunkt, Beide Richtungen, BS-Mitte;;S3;Strecke 3;0/00:02:03;00:30:00;140,00;1,0000;1,030;-;-;54,0;118,0;PZB;False;False;0;-; 0,0; 0,0; 0,0;S3: null - Strecke 3 - VDV 2;0,000000;42110,0;  0,0;4831,9;  0,0;1,030;1,00;1,00;"80 0622-19.0;";0;PZB fallend;3521;;True;PZB fallend;False;00:30:00;00:30:00;-;-;False;-;Betriebsstellengrenze 3521-0 - Gleisende 3521-0 (3521);1800;1800
5500;PZB fallend;0/00:32:07;0/00:32:07;00:32;00:32;00:32;00:32;-;80,00;77,67;80,00;-;80,00;130,00;K;-;S3 24.500 3521-0 Betriebsstellengrenze, =>VDV2 3521-0, Gleis 0;;S3;Strecke 3;0/00:04:07;-;140,00;1,0000;1,030;-;-;54,0;118,0;PZB;False;False;0;-; 0,0; 0,0; 0,0;S3: null - Strecke 3 - VDV 2;0,000000;42110,0;  0,0;4831,9;  0,0;1,030;1,00;1,00;"80 0622-19.0;";0;PZB fallend;3521;0;True;PZB fallend;False;00:32:07;00:32:07;-;-;False;-;Betriebsstellengrenze 3521-0 - Gleisende 3521-0 (3521);1927;1927
5500;PZB fallend;0/00:32:07;0/00:32:07;00:32;00:32;00:32;00:32;-;80,00;77,67;80,00;-;80,00;130,00;K;-;VDV2 24.500 3521-0 Betriebsstellengrenze, =>S3 3521-0, Gleis 0;;VDV2;VDV 2;0/00:04:07;-;140,00;1,0000;1,030;-;-;54,0;118,0;PZB;False;False;0;-; 0,0; 0,0; 0,0;VDV2: Strecke 3 - Gleis 1 - Strecke 2;0,000000;42110,0;  0,0;4831,9;  0,0;1,030;1,00;1,00;"80 0622-19.0;";0;PZB fallend;3521;0;True;PZB fallend;False;00:32:07;00:32:07;-;-;False;-;Weiche 02W2 A - Betriebsstellengrenze 3521-0 (3521);1927;1927
6365;PZB fallend;0/00:32:47;0/00:32:47;00:33;00:33;00:33;00:33;-;80,00;77,67;80,00;-;80,00;130,00;K;-;VDV2 23.635 02Vf Vorsignal, Fallend, Fb=9s, Unbekannt; Ref(7065)=<VDV2|22,935/+0|HS|02F|1>  Anfang(6365)=<VDV2|23,635/+0|VS|02Vf|1> ;VDV2;VDV 2;0/00:04:46;-;140,00;1,0000;1,030;-;-;54,0;118,0;PZB;False;False;0;-; 0,0; 0,0; 0,0;VDV2: Strecke 3 - Gleis 1 - Strecke 2;0,000000;42110,0;  0,0;4831,9;  0,0;1,030;1,00;1,00;"80 0622-19.0;";0;PZB fallend;3521;;True;PZB fallend;False;00:32:47;00:32:47;-;-;False;-;Weiche 02W2 A - Betriebsstellengrenze 3521-0 (3521);1967;1967
6390;PZB fallend;0/00:32:48;0/00:32:48;00:33;00:33;00:33;00:33;-;80,00;77,67;80,00;-;80,00;130,00;K;-;Zugsicherungs-Stützstelle;;VDV2;VDV 2;0/00:04:47;-;140,00;1,0000;1,030;-;-;54,0;118,0;PZB;False;False;0;-; 0,0; 0,0; 0,0;VDV2: Strecke 3 - Gleis 1 - Strecke 2;0,000000;42110,0;  0,0;4831,9;  0,0;1,030;1,00;1,00;"80 0622-19.0;";0;PZB fallend;;;False;PZB fallend;False;00:32:48;00:32:48;-;-;False;-;-;1968;1968
6415;PZB fallend;0/00:32:49;0/00:32:49;00:33;00:33;00:33;00:33;-;80,00;77,67;80,00;-;80,00;130,00;K;-;Zugsicherungs-Stützstelle;;VDV2;VDV 2;0/00:04:48;-;140,00;1,0000;1,030;-;-;54,0;118,0;PZB;False;False;0;-; 0,0; 0,0; 0,0;VDV2: Strecke 3 - Gleis 1 - Strecke 2;0,000000;42110,0;  0,0;4831,9;  0,0;1,030;1,00;1,00;"80 0622-19.0;";0;PZB fallend;;;False;PZB fallend;False;00:32:49;00:32:49;-;-;False;-;-;1969;1969
6440;PZB fallend;0/00:32:51;0/00:32:51;00:33;00:33;00:33;00:33;-;80,00;77,67;80,00;-;80,00;130,00;K;-;Zugsicherungs-Stützstelle;;VDV2;VDV 2;0/00:04:49;-;140,00;1,0000;1,030;-;-;54,0;118,0;PZB;False;False;0;-; 0,0; 0,0; 0,0;VDV2: Strecke 3 - Gleis 1 - Strecke 2;0,000000;42110,0;  0,0;4831,9;  0,0;1,030;1,00;1,00;"80 0622-19.0;";0;PZB fallend;;;False;PZB fallend;False;00:32:51;00:32:51;-;-;False;-;-;1971;1971
6465;PZB fallend;0/00:32:52;0/00:32:52;00:33;00:33;00:33;00:33;-;80,00;77,67;80,00;-;80,00;130,00;K;-;Zugsicherungs-Stützstelle;;VDV2;VDV 2;0/00:04:50;-;140,00;1,0000;1,030;-;-;54,0;118,0;PZB;False;False;0;-; 0,0; 0,0; 0,0;VDV2: Strecke 3 - Gleis 1 - Strecke 2;0,000000;42110,0;  0,0;4831,9;  0,0;1,030;1,00;1,00;"80 0622-19.0;";0;PZB fallend;;;False;PZB fallend;False;00:32:52;00:32:52;-;-;False;-;-;1972;1972
6490;PZB fallend;0/00:32:53;0/00:32:53;00:33;00:33;00:33;00:33;-;80,00;77,67;80,00;-;80,00;130,00;K;-;Zugsicherungs-Stützstelle;;VDV2;VDV 2;0/00:04:52;-;140,00;1,0000;1,030;-;-;54,0;118,0;PZB;False;False;0;-; 0,0; 0,0; 0,0;VDV2: Strecke 3 - Gleis 1 - Strecke 2;0,000000;42110,0;  0,0;4831,9;  0,0;1,030;1,00;1,00;"80 0622-19.0;";0;PZB fallend;;;False;PZB fallend;False;00:32:53;00:32:53;-;-;False;-;-;1973;1973
6515;PZB fallend;0/00:32:54;0/00:32:54;00:33;00:33;00:33;00:33;-;80,00;77,67;80,00;-;80,00;130,00;K;-;Zugsicherungs-Stützstelle;;VDV2;VDV 2;0/00:04:53;-;140,00;1,0000;1,030;-;-;54,0;118,0;PZB;False;False;0;-; 0,0; 0,0; 0,0;VDV2: Strecke 3 - Gleis 1 - Strecke 2;0,000000;42110,0;  0,0;4831,9;  0,0;1,030;1,00;1,00;"80 0622-19.0;";0;PZB fallend;;;False;PZB fallend;False;00:32:54;00:32:54;-;-;False;-;-;1974;1974
6540;PZB fallend;0/00:32:55;0/00:32:55;00:33;00:33;00:33;00:33;-;80,00;77,67;80,00;-;80,00;130,00;K;-;Zugsicherungs-Stützstelle;;VDV2;VDV 2;0/00:04:54;-;140,00;1,0000;1,030;-;-;54,0;118,0;PZB;False;False;0;-; 0,0; 0,0; 0,0;VDV2: Strecke 3 - Gleis 1 - Strecke 2;0,000000;42110,0;  0,0;4831,9;  0,0;1,030;1,00;1,00;"80 0622-19.0;";0;PZB fallend;;;False;PZB fallend;False;00:32:55;00:32:55;-;-;False;-;-;1975;1975
6565;PZB fallend;0/00:32:56;0/00:32:56;00:33;00:33;00:33;00:33;-;80,00;77,67;80,00;-;80,00;130,00;K;-;Zugsicherungs-Stützstelle;;VDV2;VDV 2;0/00:04:55;-;140,00;1,0000;1,030;-;-;54,0;118,0;PZB;False;False;0;-; 0,0; 0,0; 0,0;VDV2: Strecke 3 - Gleis 1 - Strecke 2;0,000000;42110,0;  0,0;4831,9;  0,0;1,030;1,00;1,00;"80 0622-19.0;";0;PZB fallend;;;False;PZB fallend;False;00:32:56;00:32:56;-;-;False;-;-;1976;1976
6590;PZB fallend;0/00:32:57;0/00:32:57;00:33;00:33;00:33;00:33;-;80,00;77,67;80,00;-;80,00;130,00;K;-;Zugsicherungs-Stützstelle;;VDV2;VDV 2;0/00:04:56;-;140,00;1,0000;1,030;-;-;54,0;118,0;PZB;False;False;0;-; 0,0; 0,0; 0,0;VDV2: Strecke 3 - Gleis 1 - Strecke 2;0,000000;42110,0;  0,0;4831,9;  0,0;1,030;1,00;1,00;"80 0622-19.0;";0;PZB fallend;;;False;PZB fallend;False;00:32:57;00:32:57;-;-;False;-;-;1977;1977
6615;PZB fallend;0/00:32:59;0/00:32:59;00:33;00:33;00:33;00:33;-;80,00;77,67;80,00;-;80,00;130,00;K;-;Zugsicherungs-Stützstelle;;VDV2;VDV 2;0/00:04:57;-;140,00;1,0000;1,030;-;-;54,0;118,0;PZB;False;False;0;-; 0,0; 0,0; 0,0;VDV2: Strecke 3 - Gleis 1 - Strecke 2;0,000000;42110,0;  0,0;4831,9;  0,0;1,030;1,00;1,00;"80 0622-19.0;";0;PZB fallend;;;False;PZB fallend;False;00:32:59;00:32:59;-;-;False;-;-;1979;1979
6640;PZB fallend;0/00:33:00;0/00:33:00;00:33;00:33;00:33;00:33;-;80,00;77,67;80,00;-;80,00;130,00;K;-;Zugsicherungs-Stützstelle;;VDV2;VDV 2;0/00:04:58;-;140,00;1,0000;1,030;-;-;54,0;118,0;PZB;False;False;0;-; 0,0; 0,0; 0,0;VDV2: Strecke 3 - Gleis 1 - Strecke 2;0,000000;42110,0;  0,0;4831,9;  0,0;1,030;1,00;1,00;"80 0622-19.0;";0;PZB fallend;;;False;PZB fallend;False;00:33:00;00:33:00;-;-;False;-;-;1980;1980
6665;PZB fallend;0/00:33:01;0/00:33:01;00:33;00:33;00:33;00:33;-;80,00;77,67;80,00;-;80,00;130,00;K;-;Zugsicherungs-Stützstelle;;VDV2;VDV 2;0/00:04:59;-;140,00;1,0000;1,030;-;-;54,0;118,0;PZB;False;False;0;-; 0,0; 0,0; 0,0;VDV2: Strecke 3 - Gleis 1 - Strecke 2;0,000000;42110,0;  0,0;4831,9;  0,0;1,030;1,00;1,00;"80 0622-19.0;";0;PZB fallend;;;False;PZB fallend;False;00:33:01;00:33:01;-;-;False;-;-;1981;1981
6690;PZB fallend;0/00:33:02;0/00:33:02;00:33;00:33;00:33;00:33;-;80,00;77,67;80,00;-;80,00;130,00;K;-;Zugsicherungs-Stützstelle;;VDV2;VDV 2;0/00:05:01;-;140,00;1,0000;1,030;-;-;54,0;118,0;PZB;False;False;0;-; 0,0; 0,0; 0,0;VDV2: Strecke 3 - Gleis 1 - Strecke 2;0,000000;42110,0;  0,0;4831,9;  0,0;1,030;1,00;1,00;"80 0622-19.0;";0;PZB fallend;;;False;PZB fallend;False;00:33:02;00:33:02;-;-;False;-;-;1982;1982
6715;PZB fallend;0/00:33:03;0/00:33:03;00:33;00:33;00:33;00:33;-;80,00;77,67;80,00;-;80,00;130,00;K;-;Zugsicherungs-Stützstelle;;VDV2;VDV 2;0/00:05:02;-;140,00;1,0000;1,030;-;-;54,0;118,0;PZB;False;False;0;-; 0,0; 0,0; 0,0;VDV2: Strecke 3 - Gleis 1 - Strecke 2;0,000000;42110,0;  0,0;4831,9;  0,0;1,030;1,00;1,00;"80 0622-19.0;";0;PZB fallend;;;False;PZB fallend;False;00:33:03;00:33:03;-;-;False;-;-;1983;1983
6740;PZB fallend;0/00:33:04;0/00:33:04;00:33;00:33;00:33;00:33;-;80,00;77,67;80,00;-;80,00;130,00;K;-;Zugsicherungs-Stützstelle;;VDV2;VDV 2;0/00:05:03;-;140,00;1,0000;1,030;-;-;54,0;118,0;PZB;False;False;0;-; 0,0; 0,0; 0,0;VDV2: Strecke 3 - Gleis 1 - Strecke 2;0,000000;42110,0;  0,0;4831,9;  0,0;1,030;1,00;1,00;"80 0622-19.0;";0;PZB fallend;;;False;PZB fallend;False;00:33:04;00:33:04;-;-;False;-;-;1984;1984
6765;PZB fallend;0/00:33:06;0/00:33:06;00:33;00:33;00:33;00:33;-;80,00;77,67;80,00;-;80,00;130,00;K;-;Zugsicherungs-Stützstelle;;VDV2;VDV 2;0/00:05:04;-;140,00;1,0000;1,030;-;-;54,0;118,0;PZB;False;False;0;-; 0,0; 0,0; 0,0;VDV2: Strecke 3 - Gleis 1 - Strecke 2;0,000000;42110,0;  0,0;4831,9;  0,0;1,030;1,00;1,00;"80 0622-19.0;";0;PZB fallend;;;False;PZB fallend;False;00:33:06;00:33:06;-;-;False;-;-;1986;1986
6790;PZB fallend;0/00:33:07;0/00:33:07;00:33;00:33;00:33;00:33;-;80,00;77,67;80,00;-;80,00;130,00;K;-;Zugsicherungs-Stützstelle;;VDV2;VDV 2;0/00:05:05;-;140,00;1,0000;1,030;-;-;54,0;118,0;PZB;False;False;0;-; 0,0; 0,0; 0,0;VDV2: Strecke 3 - Gleis 1 - Strecke 2;0,000000;42110,0;  0,0;4831,9;  0,0;1,030;1,00;1,00;"80 0622-19.0;";0;PZB fallend;;;False;PZB fallend;False;00:33:07;00:33:07;-;-;False;-;-;1987;1987
6815;PZB fallend;0/00:33:08;0/00:33:08;00:33;00:33;00:33;00:33;-;80,00;77,67;80,00;-;80,00;130,00;K;-;VDV2 23.185  Punktbeeinflussung, Fallend, Konventionell, kennung=500; Ref(7065)=<VDV2|22,935/+0|HS|02F|1> ;VDV2;VDV 2;0/00:05:06;-;140,00;1,0000;1,030;-;-;54,0;118,0;PZB;False;False;0;-; 0,0; 0,0; 0,0;VDV2: Strecke 3 - Gleis 1 - Strecke 2;0,000000;42110,0;  0,0;4831,9;  0,0;1,030;1,00;1,00;"80 0622-19.0;";0;PZB fallend;3521;;True;PZB fallend;False;00:33:08;00:33:08;-;-;False;-;Weiche 02W2 A - Betriebsstellengrenze 3521-0 (3521);1988;1988
6825;PZB fallend;0/00:33:08;0/00:33:08;00:33;00:33;00:33;00:33;-;80,00;77,67;80,00;-;80,00;130,00;K;-;Zugsicherungs-Stützstelle;;VDV2;VDV 2;0/00:05:07;-;140,00;1,0000;1,030;-;-;54,0;118,0;PZB;False;False;0;-; 0,0; 0,0; 0,0;VDV2: Strecke 3 - Gleis 1 - Strecke 2;0,000000;42110,0;  0,0;4831,9;  0,0;1,030;1,00;1,00;"80 0622-19.0;";0;PZB fallend;;;False;PZB fallend;False;00:33:08;00:33:08;-;-;False;-;-;1988;1988
6835;PZB fallend;0/00:33:09;0/00:33:09;00:33;00:33;00:33;00:33;-;80,00;77,67;80,00;-;80,00;130,00;K;-;Zugsicherungs-Stützstelle;;VDV2;VDV 2;0/00:05:07;-;140,00;1,0000;1,030;-;-;54,0;118,0;PZB;False;False;0;-; 0,0; 0,0; 0,0;VDV2: Strecke 3 - Gleis 1 - Strecke 2;0,000000;42110,0;  0,0;4831,9;  0,0;1,030;1,00;1,00;"80 0622-19.0;";0;PZB fallend;;;False;PZB fallend;False;00:33:09;00:33:09;-;-;False;-;-;1989;1989
6840;PZB fallend;0/00:33:09;0/00:33:09;00:33;00:33;00:33;00:33;-;80,00;77,67;80,00;-;80,00;130,00;K;-;Zugsicherungs-Stützstelle;;VDV2;VDV 2;0/00:05:07;-;140,00;1,0000;1,030;-;-;54,0;118,0;PZB;False;False;0;-; 0,0; 0,0; 0,0;VDV2: Strecke 3 - Gleis 1 - Strecke 2;0,000000;42110,0;  0,0;4831,9;  0,0;1,030;1,00;1,00;"80 0622-19.0;";0;PZB fallend;;;False;PZB fallend;False;00:33:09;00:33:09;-;-;False;-;-;1989;1989
6845;PZB fallend;0/00:33:09;0/00:33:09;00:33;00:33;00:33;00:33;-;80,00;77,67;80,00;-;80,00;130,00;K;-;Zugsicherungs-Stützstelle;;VDV2;VDV 2;0/00:05:08;-;140,00;1,0000;1,030;-;-;54,0;118,0;PZB;False;False;0;-; 0,0; 0,0; 0,0;VDV2: Strecke 3 - Gleis 1 - Strecke 2;0,000000;42110,0;  0,0;4831,9;  0,0;1,030;1,00;1,00;"80 0622-19.0;";0;PZB fallend;;;False;PZB fallend;False;00:33:09;00:33:09;-;-;False;-;-;1989;1989
6855;PZB fallend;0/00:33:10;0/00:33:10;00:33;00:33;00:33;00:33;-;80,00;77,67;80,00;-;80,00;130,00;K;-;Zugsicherungs-Stützstelle;;VDV2;VDV 2;0/00:05:08;-;140,00;1,0000;1,030;-;-;54,0;118,0;PZB;False;False;0;-; 0,0; 0,0; 0,0;VDV2: Strecke 3 - Gleis 1 - Strecke 2;0,000000;42110,0;  0,0;4831,9;  0,0;1,030;1,00;1,00;"80 0622-19.0;";0;PZB fallend;;;False;PZB fallend;False;00:33:10;00:33:10;-;-;False;-;-;1990;1990
6865;PZB fallend;0/00:33:10;0/00:33:10;00:33;00:33;00:33;00:33;-;80,00;77,67;80,00;-;80,00;130,00;K;-;Zugsicherungs-Stützstelle;;VDV2;VDV 2;0/00:05:08;-;140,00;1,0000;1,030;-;-;54,0;118,0;PZB;False;False;0;-; 0,0; 0,0; 0,0;VDV2: Strecke 3 - Gleis 1 - Strecke 2;0,000000;42110,0;  0,0;4831,9;  0,0;1,030;1,00;1,00;"80 0622-19.0;";0;PZB fallend;;;False;PZB fallend;False;00:33:10;00:33:10;-;-;False;-;-;1990;1990
6875;PZB fallend;0/00:33:11;0/00:33:11;00:33;00:33;00:33;00:33;-;80,00;77,67;80,00;-;80,00;130,00;K;-;Zugsicherungs-Stützstelle;;VDV2;VDV 2;0/00:05:09;-;140,00;1,0000;1,030;-;-;54,0;118,0;PZB;False;False;0;-; 0,0; 0,0; 0,0;VDV2: Strecke 3 - Gleis 1 - Strecke 2;0,000000;42110,0;  0,0;4831,9;  0,0;1,030;1,00;1,00;"80 0622-19.0;";0;PZB fallend;;;False;PZB fallend;False;00:33:11;00:33:11;-;-;False;-;-;1991;1991
6885;PZB fallend;0/00:33:11;0/00:33:11;00:33;00:33;00:33;00:33;-;80,00;77,67;80,00;-;80,00;130,00;K;-;Zugsicherungs-Stützstelle;;VDV2;VDV 2;0/00:05:09;-;140,00;1,0000;1,030;-;-;54,0;118,0;PZB;False;False;0;-; 0,0; 0,0; 0,0;VDV2: Strecke 3 - Gleis 1 - Strecke 2;0,000000;42110,0;  0,0;4831,9;  0,0;1,030;1,00;1,00;"80 0622-19.0;";0;PZB fallend;;;False;PZB fallend;False;00:33:11;00:33:11;-;-;False;-;-;1991;1991
6890;PZB fallend;0/00:33:11;0/00:33:11;00:33;00:33;00:33;00:33;-;80,00;77,67;80,00;-;80,00;130,00;K;-;Zugsicherungs-Stützstelle;;VDV2;VDV 2;0/00:05:10;-;140,00;1,0000;1,030;-;-;54,0;118,0;PZB;False;False;0;-; 0,0; 0,0; 0,0;VDV2: Strecke 3 - Gleis 1 - Strecke 2;0,000000;42110,0;  0,0;4831,9;  0,0;1,030;1,00;1,00;"80 0622-19.0;";0;PZB fallend;;;False;PZB fallend;False;00:33:11;00:33:11;-;-;False;-;-;1991;1991
6895;PZB fallend;0/00:33:12;0/00:33:12;00:33;00:33;00:33;00:33;-;80,00;77,67;80,00;-;80,00;130,00;K;-;Zugsicherungs-Stützstelle;;VDV2;VDV 2;0/00:05:10;-;140,00;1,0000;1,030;-;-;54,0;118,0;PZB;False;False;0;-; 0,0; 0,0; 0,0;VDV2: Strecke 3 - Gleis 1 - Strecke 2;0,000000;42110,0;  0,0;4831,9;  0,0;1,030;1,00;1,00;"80 0622-19.0;";0;PZB fallend;;;False;PZB fallend;False;00:33:12;00:33:12;-;-;False;-;-;1992;1992
6905;PZB fallend;0/00:33:12;0/00:33:12;00:33;00:33;00:33;00:33;-;80,00;77,67;80,00;-;80,00;130,00;K;-;Zugsicherungs-Stützstelle;;VDV2;VDV 2;0/00:05:10;-;140,00;1,0000;1,030;-;-;54,0;118,0;PZB;False;False;0;-; 0,0; 0,0; 0,0;VDV2: Strecke 3 - Gleis 1 - Strecke 2;0,000000;42110,0;  0,0;4831,9;  0,0;1,030;1,00;1,00;"80 0622-19.0;";0;PZB fallend;;;False;PZB fallend;False;00:33:12;00:33:12;-;-;False;-;-;1992;1992
6915;PZB fallend;0/00:33:13;0/00:33:13;00:33;00:33;00:33;00:33;-;80,00;77,67;80,00;-;80,00;130,00;K;-;Zugsicherungs-Stützstelle;;VDV2;VDV 2;0/00:05:11;-;140,00;1,0000;1,030;-;-;54,0;118,0;PZB;False;False;0;-; 0,0; 0,0; 0,0;VDV2: Strecke 3 - Gleis 1 - Strecke 2;0,000000;42110,0;  0,0;4831,9;  0,0;1,030;1,00;1,00;"80 0622-19.0;";0;PZB fallend;;;False;PZB fallend;False;00:33:13;00:33:13;-;-;False;-;-;1993;1993
6925;PZB fallend;0/00:33:13;0/00:33:13;00:33;00:33;00:33;00:33;-;80,00;77,67;80,00;-;80,00;130,00;K;-;Zugsicherungs-Stützstelle;;VDV2;VDV 2;0/00:05:11;-;140,00;1,0000;1,030;-;-;54,0;118,0;PZB;False;False;0;-; 0,0; 0,0; 0,0;VDV2: Strecke 3 - Gleis 1 - Strecke 2;0,000000;42110,0;  0,0;4831,9;  0,0;1,030;1,00;1,00;"80 0622-19.0;";0;PZB fallend;;;False;PZB fallend;False;00:33:13;00:33:13;-;-;False;-;-;1993;1993
6935;PZB fallend;0/00:33:13;0/00:33:13;00:33;00:33;00:33;00:33;-;80,00;77,67;80,00;-;80,00;130,00;K;-;Zugsicherungs-Stützstelle;;VDV2;VDV 2;0/00:05:12;-;140,00;1,0000;1,030;-;-;54,0;118,0;PZB;False;False;0;-; 0,0; 0,0; 0,0;VDV2: Strecke 3 - Gleis 1 - Strecke 2;0,000000;42110,0;  0,0;4831,9;  0,0;1,030;1,00;1,00;"80 0622-19.0;";0;PZB fallend;;;False;PZB fallend;False;00:33:13;00:33:13;-;-;False;-;-;1993;1993
6940;PZB fallend;0/00:33:14;0/00:33:14;00:33;00:33;00:33;00:33;-;80,00;77,67;80,00;-;80,00;130,00;K;-;Zugsicherungs-Stützstelle;;VDV2;VDV 2;0/00:05:12;-;140,00;1,0000;1,030;-;-;54,0;118,0;PZB;False;False;0;-; 0,0; 0,0; 0,0;VDV2: Strecke 3 - Gleis 1 - Strecke 2;0,000000;42110,0;  0,0;4831,9;  0,0;1,030;1,00;1,00;"80 0622-19.0;";0;PZB fallend;;;False;PZB fallend;False;00:33:14;00:33:14;-;-;False;-;-;1994;1994
6945;PZB fallend;0/00:33:14;0/00:33:14;00:33;00:33;00:33;00:33;-;80,00;77,67;80,00;-;80,00;130,00;K;-;Zugsicherungs-Stützstelle;;VDV2;VDV 2;0/00:05:12;-;140,00;1,0000;1,030;-;-;54,0;118,0;PZB;False;False;0;-; 0,0; 0,0; 0,0;VDV2: Strecke 3 - Gleis 1 - Strecke 2;0,000000;42110,0;  0,0;4831,9;  0,0;1,030;1,00;1,00;"80 0622-19.0;";0;PZB fallend;;;False;PZB fallend;False;00:33:14;00:33:14;-;-;False;-;-;1994;1994
6955;PZB fallend;0/00:33:14;0/00:33:14;00:33;00:33;00:33;00:33;-;80,00;77,67;80,00;-;80,00;130,00;K;-;Zugsicherungs-Stützstelle;;VDV2;VDV 2;0/00:05:12;-;140,00;1,0000;1,030;-;-;54,0;118,0;PZB;False;False;0;-; 0,0; 0,0; 0,0;VDV2: Strecke 3 - Gleis 1 - Strecke 2;0,000000;42110,0;  0,0;4831,9;  0,0;1,030;1,00;1,00;"80 0622-19.0;";0;PZB fallend;;;False;PZB fallend;False;00:33:14;00:33:14;-;-;False;-;-;1994;1994
6965;PZB fallend;0/00:33:15;0/00:33:15;00:33;00:33;00:33;00:33;-;80,00;77,67;80,00;-;80,00;130,00;K;-;Zugsicherungs-Stützstelle;;VDV2;VDV 2;0/00:05:13;-;140,00;1,0000;1,030;-;-;54,0;118,0;PZB;False;False;0;-; 0,0; 0,0; 0,0;VDV2: Strecke 3 - Gleis 1 - Strecke 2;0,000000;42110,0;  0,0;4831,9;  0,0;1,030;1,00;1,00;"80 0622-19.0;";0;PZB fallend;;;False;PZB fallend;False;00:33:15;00:33:15;-;-;False;-;-;1995;1995
6968;PZB fallend;0/00:33:15;0/00:33:15;00:33;00:33;00:33;00:33;-;80,00;77,67;80,00;-;80,00;130,00;K;-;Zugsicherungs-Stützstelle;;VDV2;VDV 2;0/00:05:13;-;140,00;1,0000;1,030;-;-;54,0;118,0;PZB;False;False;0;-; 0,0; 0,0; 0,0;VDV2: Strecke 3 - Gleis 1 - Strecke 2;0,000000;42110,0;  0,0;4831,9;  0,0;1,030;1,00;1,00;"80 0622-19.0;";0;PZB fallend;;;False;PZB fallend;False;00:33:15;00:33:15;-;-;False;-;-;1995;1995
6990;PZB fallend;0/00:33:16;0/00:33:16;00:33;00:33;00:33;00:33;-;80,00;77,67;80,00;-;80,00;130,00;K;-;Zugsicherungs-Stützstelle;;VDV2;VDV 2;0/00:05:14;-;140,00;1,0000;1,030;-;-;54,0;118,0;PZB;False;False;0;-; 0,0; 0,0; 0,0;VDV2: Strecke 3 - Gleis 1 - Strecke 2;0,000000;42110,0;  0,0;4831,9;  0,0;1,030;1,00;1,00;"80 0622-19.0;";0;PZB fallend;;;False;PZB fallend;False;00:33:16;00:33:16;-;-;False;-;-;1996;1996
7015;PZB fallend;0/00:33:17;0/00:33:17;00:33;00:33;00:33;00:33;-;80,00;77,67;80,00;-;80,00;130,00;K;-;Zugsicherungs-Stützstelle;;VDV2;VDV 2;0/00:05:15;-;140,00;1,0000;1,030;-;-;54,0;118,0;PZB;False;False;0;-; 0,0; 0,0; 0,0;VDV2: Strecke 3 - Gleis 1 - Strecke 2;0,000000;42110,0;  0,0;4831,9;  0,0;1,030;1,00;1,00;"80 0622-19.0;";0;PZB fallend;;;False;PZB fallend;False;00:33:17;00:33:17;-;-;False;-;-;1997;1997
7020;PZB fallend;0/00:33:17;0/00:33:17;00:33;00:33;00:33;00:33;-;80,00;77,67;80,00;-;80,00;130,00;K;-;Zugsicherungs-Stützstelle;;VDV2;VDV 2;0/00:05:15;-;140,00;1,0000;1,030;-;-;54,0;118,0;PZB;False;False;0;-; 0,0; 0,0; 0,0;VDV2: Strecke 3 - Gleis 1 - Strecke 2;0,000000;42110,0;  0,0;4831,9;  0,0;1,030;1,00;1,00;"80 0622-19.0;";0;PZB fallend;;;False;PZB fallend;False;00:33:17;00:33:17;-;-;False;-;-;1997;1997
7040;PZB fallend;0/00:33:18;0/00:33:18;00:33;00:33;00:33;00:33;-;80,00;77,67;80,00;-;80,00;130,00;K;-;Zugsicherungs-Stützstelle;;VDV2;VDV 2;0/00:05:16;-;140,00;1,0000;1,030;-;-;54,0;118,0;PZB;False;False;0;-; 0,0; 0,0; 0,0;VDV2: Strecke 3 - Gleis 1 - Strecke 2;0,000000;42110,0;  0,0;4831,9;  0,0;1,030;1,00;1,00;"80 0622-19.0;";0;PZB fallend;;;False;PZB fallend;False;00:33:18;00:33:18;-;-;False;-;-;1998;1998
7060;PZB fallend;0/00:33:19;0/00:33:19;00:33;00:33;00:33;00:33;-;80,00;77,67;80,00;-;80,00;130,00;K;-;Zugsicherungs-Stützstelle;;VDV2;VDV 2;0/00:05:17;-;140,00;1,0000;1,030;-;-;54,0;118,0;PZB;False;False;0;-; 0,0; 0,0; 0,0;VDV2: Strecke 3 - Gleis 1 - Strecke 2;0,000000;42110,0;  0,0;4831,9;  0,0;1,030;1,00;1,00;"80 0622-19.0;";0;PZB fallend;;;False;PZB fallend;False;00:33:19;00:33:19;-;-;False;-;-;1999;1999
7065;PZB fallend;0/00:33:20;0/00:33:20;00:33;00:33;00:33;00:33;-;80,00;77,67;80,00;-;80,00;130,00;K;-;VDV2 22.935 02F Hauptsignal, Fallend, DFa=3s, rs=20km/h, appr.=0km/h; Ref(6365)=<VDV2|23,635/+0|VS|02Vf|1>  Anfang(0)=<S3|30,000/+0|GE|3521-0|2>  Ende(7115)=<VDV2|22,885/+0|ZSS||1> ;VDV2;VDV 2;0/00:05:17;-;140,00;1,0000;1,030;-;-;54,0;118,0;PZB;False;False;0;-; 0,0; 0,0; 0,0;VDV2: Strecke 3 - Gleis 1 - Strecke 2;0,000000;42110,0;  0,0;4831,9;  0,0;1,030;1,00;1,00;"80 0622-19.0;";0;PZB fallend;3521;;True;PZB fallend;False;00:33:20;00:33:20;-;-;False;-;Weiche 02W2 A - Betriebsstellengrenze 3521-0 (3521);2000;2000
7065;PZB fallend;0/00:33:20;0/00:33:20;00:33;00:33;00:33;00:33;-;80,00;77,67;80,00;165,00;80,00;130,00;K;-;VDV2 22.935 02Vp Vorsignal, Fallend, Fb=9s, Unbekannt; Ref(7765)=<VDV2|22,235/+0|HS|02P1|1>  Anfang(7760)=<VDV2|22,240/+0|HP|Gl 1 f|1>|1 ;VDV2;VDV 2;0/00:05:17;-;140,00;1,0000;1,030;-;-;54,0;118,0;PZB;False;False;0;-; 0,0; 0,0; 0,0;VDV2: Strecke 3 - Gleis 1 - Strecke 2;0,000000;42110,0;  0,0;4831,9;  0,0;1,030;1,00;1,00;"80 0622-19.0;";0;PZB fallend;3521;;True;PZB fallend;False;00:33:20;00:33:20;-;-;False;-;Weiche 02W2 A - Betriebsstellengrenze 3521-0 (3521);2000;2000
7070;PZB fallend;0/00:33:20;0/00:33:20;00:33;00:33;00:33;00:33;-;80,00;77,67;80,00;165,00;80,00;130,00;K;-;Zugsicherungs-Stützstelle;;VDV2;VDV 2;0/00:05:18;-;140,00;1,0000;1,030;-;-;54,0;118,0;PZB;False;False;0;-; 0,0; 0,0; 0,0;VDV2: Strecke 3 - Gleis 1 - Strecke 2;0,000000;42110,0;  0,0;4831,9;  0,0;1,030;1,00;1,00;"80 0622-19.0;";0;PZB fallend;;;False;PZB fallend;False;00:33:20;00:33:20;-;-;False;-;-;2000;2000
7090;PZB fallend;0/00:33:21;0/00:33:21;00:33;00:33;00:33;00:33;-;80,00;77,67;80,00;165,00;80,00;130,00;K;-;Zugsicherungs-Stützstelle;;VDV2;VDV 2;0/00:05:19;-;140,00;1,0000;1,030;-;-;54,0;118,0;PZB;False;False;0;-; 0,0; 0,0; 0,0;VDV2: Strecke 3 - Gleis 1 - Strecke 2;0,000000;42110,0;  0,0;4831,9;  0,0;1,030;1,00;1,00;"80 0622-19.0;";0;PZB fallend;;;False;PZB fallend;False;00:33:21;00:33:21;-;-;False;-;-;2001;2001
7115;PZB fallend;0/00:33:22;0/00:33:22;00:33;00:33;00:33;00:33;-;80,00;77,67;80,00;165,00;80,00;130,00;K;-;VDV2 22.885  Zugschlussstelle, Fallend, Signal, Fa=3.00s, SvL; Ref(7169)=<VDV2|22,885/+0|ZSS||1>  Ende(7169)=<VDV2|22,885/+0|ZSS||1> ;VDV2;VDV 2;0/00:05:20;-;140,00;1,0000;1,030;-;-;54,0;118,0;PZB;False;False;0;-; 0,0; 0,0; 0,0;VDV2: Strecke 3 - Gleis 1 - Strecke 2;0,000000;42110,0;  0,0;4831,9;  0,0;1,030;1,00;1,00;"80 0622-19.0;";0;PZB fallend;3521;;False;PZB fallend;False;00:33:22;00:33:22;-;-;False;-;Weiche 02W2 A - Betriebsstellengrenze 3521-0 (3521);2002;2002
7140;PZB fallend;0/00:33:23;0/00:33:23;00:33;00:33;00:33;00:33;-;80,00;77,67;80,00;165,00;80,00;130,00;K;-;VDV2 22.860 02W2 Weiche, lt=25m, Anfang <22.860 02W2 Weiche, Stamm/22.860 02W2 Weiche, Abzweig rechts>; Ref(7760)=<VDV2|22,240/+0|HP|Gl 1 f|1>|1  Anfang(7760)=<VDV2|22,240/+0|HP|Gl 1 f|1>|1  Ende(7185)=<VDV2|22,815/+0|ZSS||1> ;VDV2;VDV 2;0/00:05:21;-;140,00;1,0000;1,030;-;-;54,0;118,0;PZB;False;False;0;-; 0,0; 0,0; 0,0;VDV2: Strecke 3 - Gleis 1 - Strecke 2;0,000000;42110,0;  0,0;4831,9;  0,0;1,030;1,00;1,00;"80 0622-19.0;";0;PZB fallend;3521;;True;PZB fallend;False;00:33:23;00:33:23;-;-;False;-;Weiche 02W2 A - Betriebsstellengrenze 3521-0 (3521);2003;2003
7140;PZB fallend;0/00:33:23;0/00:33:23;00:33;00:33;00:33;00:33;-;80,00;77,67;80,00;165,00;80,00;130,00;K;-;VDV2 22.860 02W2 Weiche, lt=25m, Stamm <22.860 02W2 Weiche, Anfang>; Ref(7760)=<VDV2|22,240/+0|HP|Gl 1 f|1>|1  Anfang(7760)=<VDV2|22,240/+0|HP|Gl 1 f|1>|1  Ende(7185)=<VDV2|22,815/+0|ZSS||1> ;VDV2;VDV 2;0/00:05:21;-;140,00;1,0000;1,030;-;-;54,0;118,0;PZB;False;False;0;-; 0,0; 0,0; 0,0;VDV2: Strecke 3 - Gleis 1 - Strecke 2;0,000000;42110,0;  0,0;4831,9;  0,0;1,030;1,00;1,00;"80 0622-19.0;";0;PZB fallend;3521;;True;PZB fallend;False;00:33:23;00:33:23;-;-;False;-;Weiche 02W1 S - Weiche 02W2 S (3521);2003;2003
7165;PZB fallend;0/00:33:24;0/00:33:24;00:33;00:33;00:33;00:33;-;80,00;77,67;80,00;165,00;80,00;130,00;K;-;Zugsicherungs-Stützstelle;;VDV2;VDV 2;0/00:05:22;-;140,00;1,0000;1,030;-;-;54,0;118,0;PZB;False;False;0;-; 0,0; 0,0; 0,0;VDV2: Strecke 3 - Gleis 1 - Strecke 2;0,000000;42110,0;  0,0;4831,9;  0,0;1,030;1,00;1,00;"80 0622-19.0;";0;PZB fallend;;;False;PZB fallend;False;00:33:24;00:33:24;-;-;False;-;-;2004;2004
7169;PZB fallend;0/00:33:24;0/00:33:24;00:33;00:33;00:33;00:33;-;80,00;77,67;80,00;165,00;80,00;130,00;K;-;VDV2 22.885  Zugschlussstelle, Fallend, Signal, Fa=3.00s, SvL; Ref(7115)=<VDV2|22,885/+0|ZSS||1>  Ende(7169)=<VDV2|22,885/+0|ZSS||1> ;VDV2;VDV 2;0/00:05:22;-;140,00;1,0000;1,030;-;-;54,0;118,0;PZB;False;False;54;-; 0,0; 0,0; 0,0;VDV2: Strecke 3 - Gleis 1 - Strecke 2;0,000000;42110,0;  0,0;4831,9;  0,0;1,030;1,00;1,00;"80 0622-19.0;";0;PZB fallend;3521;;True;PZB fallend;False;00:33:24;00:33:24;-;-;False;-;Weiche 02W2 A - Betriebsstellengrenze 3521-0 (3521);2004;2004
7185;PZB fallend;0/00:33:25;0/00:33:25;00:33;00:33;00:33;00:33;-;80,00;77,67;80,00;164,50;80,00;130,00;K;-;VDV2 22.815  Zugschlussstelle, Fallend, Fahrstraße, Fa=3.00s, SvL; Ref(7239)=<VDV2|22,815/+0|ZSS||1>  Ende(7239)=<VDV2|22,815/+0|ZSS||1> ;VDV2;VDV 2;0/00:05:23;-;140,00;1,0000;1,030;-;-;54,0;118,0;PZB;False;False;0;-; 0,0; 0,0; 0,0;VDV2: Strecke 3 - Gleis 1 - Strecke 2;0,000000;42110,0;  0,0;4831,9;  0,0;1,030;1,00;1,00;"80 0622-19.0;";0;PZB fallend;3521;;False;PZB fallend;False;00:33:25;00:33:25;-;-;False;-;Weiche 02W1 S - Weiche 02W2 S (3521);2005;2005
7190;PZB fallend;0/00:33:25;0/00:33:25;00:33;00:33;00:33;00:33;-;80,00;77,67;80,00;164,10;80,00;130,00;K;-;Zugsicherungs-Stützstelle;;VDV2;VDV 2;0/00:05:23;-;140,00;1,0000;1,030;-;-;54,0;118,0;PZB;False;False;0;-; 0,0; 0,0; 0,0;VDV2: Strecke 3 - Gleis 1 - Strecke 2;0,000000;42110,0;  0,0;4831,9;  0,0;1,030;1,00;1,00;"80 0622-19.0;";0;PZB fallend;;;False;PZB fallend;False;00:33:25;00:33:25;-;-;False;-;-;2005;2005
7215;PZB fallend;0/00:33:26;0/00:33:26;00:33;00:33;00:33;00:33;-;80,00;77,67;80,00;162,00;80,00;130,00;K;-;Zugsicherungs-Stützstelle;;VDV2;VDV 2;0/00:05:24;-;140,00;1,0000;1,030;-;-;54,0;118,0;PZB;False;False;0;-; 0,0; 0,0; 0,0;VDV2: Strecke 3 - Gleis 1 - Strecke 2;0,000000;42110,0;  0,0;4831,9;  0,0;1,030;1,00;1,00;"80 0622-19.0;";0;PZB fallend;;;False;PZB fallend;False;00:33:26;00:33:26;-;-;False;-;-;2006;2006
7239;PZB fallend;0/00:33:28;0/00:33:28;00:33;00:33;00:33;00:33;-;80,00;77,67;80,00;159,90;80,00;130,00;K;-;VDV2 22.815  Zugschlussstelle, Fallend, Fahrstraße, Fa=3.00s, SvL; Ref(7185)=<VDV2|22,815/+0|ZSS||1>  Ende(7239)=<VDV2|22,815/+0|ZSS||1> ;VDV2;VDV 2;0/00:05:25;-;140,00;1,0000;1,030;-;-;54,0;118,0;PZB;False;False;54;-; 0,0; 0,0; 0,0;VDV2: Strecke 3 - Gleis 1 - Strecke 2;0,000000;42110,0;  0,0;4831,9;  0,0;1,030;1,00;1,00;"80 0622-19.0;";0;PZB fallend;3521;;True;PZB fallend;False;00:33:28;00:33:28;-;-;False;-;Weiche 02W1 S - Weiche 02W2 S (3521);2008;2008
7240;PZB fallend;0/00:33:28;0/00:33:28;00:33;00:33;00:33;00:33;-;80,00;77,67;80,00;159,80;80,00;130,00;K;-;Zugsicherungs-Stützstelle;;VDV2;VDV 2;0/00:05:25;-;140,00;1,0000;1,030;-;-;54,0;118,0;PZB;False;False;0;-; 0,0; 0,0; 0,0;VDV2: Strecke 3 - Gleis 1 - Strecke 2;0,000000;42110,0;  0,0;4831,9;  0,0;1,030;1,00;1,00;"80 0622-19.0;";0;PZB fallend;;;False;PZB fallend;False;00:33:28;00:33:28;-;-;False;-;-;2008;2008
7265;PZB fallend;0/00:33:29;0/00:33:29;00:33;00:33;00:33;00:33;-;80,00;77,67;80,00;157,60;80,00;130,00;K;-;Zugsicherungs-Stützstelle;;VDV2;VDV 2;0/00:05:26;-;140,00;1,0000;1,030;-;-;54,0;118,0;PZB;False;False;0;-; 0,0; 0,0; 0,0;VDV2: Strecke 3 - Gleis 1 - Strecke 2;0,000000;42110,0;  0,0;4831,9;  0,0;1,030;1,00;1,00;"80 0622-19.0;";0;PZB fallend;;;False;PZB fallend;False;00:33:29;00:33:29;-;-;False;-;-;2009;2009
7290;PZB fallend;0/00:33:30;0/00:33:30;00:34;00:34;00:34;00:34;-;80,00;77,67;80,00;155,30;80,00;130,00;K;-;Zugsicherungs-Stützstelle;;VDV2;VDV 2;0/00:05:28;-;140,00;1,0000;1,030;-;-;54,0;118,0;PZB;False;False;0;-; 0,0; 0,0; 0,0;VDV2: Strecke 3 - Gleis 1 - Strecke 2;0,000000;42110,0;  0,0;4831,9;  0,0;1,030;1,00;1,00;"80 0622-19.0;";0;PZB fallend;;;False;PZB fallend;False;00:33:30;00:33:30;-;-;False;-;-;2010;2010
7315;PZB fallend;0/00:33:31;0/00:33:31;00:34;00:34;00:34;00:34;-;80,00;77,67;80,00;153,00;80,00;130,00;K;-;Zugsicherungs-Stützstelle;;VDV2;VDV 2;0/00:05:29;-;140,00;1,0000;1,030;-;-;54,0;118,0;PZB;False;False;0;-; 0,0; 0,0; 0,0;VDV2: Strecke 3 - Gleis 1 - Strecke 2;0,000000;42110,0;  0,0;4831,9;  0,0;1,030;1,00;1,00;"80 0622-19.0;";0;PZB fallend;;;False;PZB fallend;False;00:33:31;00:33:31;-;-;False;-;-;2011;2011
7340;PZB fallend;0/00:33:32;0/00:33:32;00:34;00:34;00:34;00:34;-;80,00;77,67;80,00;150,70;80,00;130,00;K;-;Zugsicherungs-Stützstelle;;VDV2;VDV 2;0/00:05:30;-;140,00;1,0000;1,030;-;-;54,0;118,0;PZB;False;False;0;-; 0,0; 0,0; 0,0;VDV2: Strecke 3 - Gleis 1 - Strecke 2;0,000000;42110,0;  0,0;4831,9;  0,0;1,030;1,00;1,00;"80 0622-19.0;";0;PZB fallend;;;False;PZB fallend;False;00:33:32;00:33:32;-;-;False;-;-;2012;2012
7365;PZB fallend;0/00:33:33;0/00:33:33;00:34;00:34;00:34;00:34;-;80,00;77,67;80,00;148,40;80,00;130,00;K;-;Zugsicherungs-Stützstelle;;VDV2;VDV 2;0/00:05:31;-;140,00;1,0000;1,030;-;-;54,0;118,0;PZB;False;False;0;-; 0,0; 0,0; 0,0;VDV2: Strecke 3 - Gleis 1 - Strecke 2;0,000000;42110,0;  0,0;4831,9;  0,0;1,030;1,00;1,00;"80 0622-19.0;";0;PZB fallend;;;False;PZB fallend;False;00:33:33;00:33:33;-;-;False;-;-;2013;2013
7390;PZB fallend;0/00:33:35;0/00:33:35;00:34;00:34;00:34;00:34;-;80,00;77,67;80,00;146,00;80,00;130,00;K;-;Zugsicherungs-Stützstelle;;VDV2;VDV 2;0/00:05:32;-;140,00;1,0000;1,030;-;-;54,0;118,0;PZB;False;False;0;-; 0,0; 0,0; 0,0;VDV2: Strecke 3 - Gleis 1 - Strecke 2;0,000000;42110,0;  0,0;4831,9;  0,0;1,030;1,00;1,00;"80 0622-19.0;";0;PZB fallend;;;False;PZB fallend;False;00:33:35;00:33:35;-;-;False;-;-;2015;2015
7395;PZB fallend;0/00:33:35;0/00:33:35;00:34;00:34;00:34;00:34;-;80,00;77,67;80,00;146,00;80,00;130,00;K;-;;;VDV2;VDV 2;0/00:05:32;-;140,00;1,0000;1,030;-;-;54,0;118,0;PZB;False;False;0;-; 0,0; 0,0; 0,0;VDV2: Strecke 3 - Gleis 1 - Strecke 2;-0,700000;42110,0;  0,0;4831,9;  0,0;1,030;1,00;1,00;"80 0622-19.0;";0;PZB fallend;;;False;PZB fallend;False;00:33:35;00:33:35;-;-;False;-;-;2015;2015
7415;PZB fallend;0/00:33:36;0/00:33:36;00:34;00:34;00:34;00:34;-;77,72;75,46;80,00;143,60;80,00;130,00;B;-;Zugsicherungs-Stützstelle;;VDV2;VDV 2;0/00:05:33;-;140,00;1,0000;1,030;-;-;54,0;118,0;PZB;False;False;0;-; 0,0; 0,0; 0,0;VDV2: Strecke 3 - Gleis 1 - Strecke 2;-0,700000;42603,0;  0,0;4689,6;  0,0;1,030;1,00;1,00;"80 0622-19.0;";0;PZB fallend;;;False;PZB fallend;False;00:33:36;00:33:36;-;-;False;-;-;2016;2016
7440;PZB fallend;0/00:33:37;0/00:33:37;00:34;00:34;00:34;00:34;-;74,74;72,56;80,00;141,10;80,00;130,00;B;-;Zugsicherungs-Stützstelle;;VDV2;VDV 2;0/00:05:34;-;140,00;1,0000;1,030;-;-;54,0;118,0;PZB;False;False;0;-; 0,0; 0,0; 0,0;VDV2: Strecke 3 - Gleis 1 - Strecke 2;-0,700000;42998,3;  0,0;4508,7;  0,0;1,030;1,00;1,00;"80 0622-19.0;";0;PZB fallend;;;False;PZB fallend;False;00:33:37;00:33:37;-;-;False;-;-;2017;2017
7465;PZB fallend;0/00:33:38;0/00:33:38;00:34;00:34;00:34;00:34;-;71,64;69,55;80,00;138,60;80,00;130,00;B;-;Zugsicherungs-Stützstelle;;VDV2;VDV 2;0/00:05:36;-;140,00;1,0000;1,030;-;-;54,0;118,0;PZB;False;False;0;-; 0,0; 0,0; 0,0;VDV2: Strecke 3 - Gleis 1 - Strecke 2;-0,700000;43257,6;  0,0;4326,7;  0,0;1,030;1,00;1,00;"80 0622-19.0;";0;PZB fallend;;;False;PZB fallend;False;00:33:38;00:33:38;-;-;False;-;-;2018;2018
7490;PZB fallend;0/00:33:40;0/00:33:40;00:34;00:34;00:34;00:34;-;68,40;66,41;80,00;136,00;80,00;130,00;B;-;Zugsicherungs-Stützstelle;;VDV2;VDV 2;0/00:05:37;-;140,00;1,0000;1,030;-;-;54,0;118,0;PZB;False;False;0;-; 0,0; 0,0; 0,0;VDV2: Strecke 3 - Gleis 1 - Strecke 2;-0,700000;43454,5;  0,0;4143,3;  0,0;1,030;1,00;1,00;"80 0622-19.0;";0;PZB fallend;;;False;PZB fallend;False;00:33:40;00:33:40;-;-;False;-;-;2020;2020
7500;PZB fallend;0/00:33:40;0/00:33:40;00:34;00:34;00:34;00:34;-;67,06;65,11;80,00;135,00;80,00;130,00;K;-;VDV2 22.500 Gleis 1 Fahrzeitmesspunkt, Beide Richtungen, BS-Mitte;;VDV2;VDV 2;0/00:05:37;-;140,00;1,0000;1,030;-;-;54,0;118,0;PZB;False;False;0;-; 0,0; 0,0; 0,0;VDV2: Strecke 3 - Gleis 1 - Strecke 2;-0,700000;43479,4;  0,0;4069,5;  0,0;1,030;1,00;1,00;"80 0622-19.0;";0;PZB fallend;3521;;True;PZB fallend;False;00:33:40;00:33:40;-;-;False;-;Weiche 02W1 S - Weiche 02W2 S (3521);2020;2020
7515;PZB fallend;0/00:33:41;0/00:33:41;00:34;00:34;00:34;00:34;-;65,00;63,11;80,00;65,00;80,00;130,00;K;-;VDV2 22.485 PZB 500 Punktbeeinflussung, Fallend, Konventionell, kennung=500; Ref(7760)=<VDV2|22,240/+0|HP|Gl 1 f|1>|1 ;VDV2;VDV 2;0/00:05:38;-;140,00;1,0000;1,030;-;-;54,0;118,0;PZB;False;False;0;-; 0,0; 0,0; 0,0;VDV2: Strecke 3 - Gleis 1 - Strecke 2;-0,649000;43527,0;  0,0;3958,3;  0,0;1,030;1,00;1,00;"80 0622-19.0;";0;PZB fallend;3521;;True;PZB fallend;False;00:33:41;00:33:41;-;-;False;-;Weiche 02W1 S - Weiche 02W2 S (3521);2021;2021
7525;PZB fallend;0/00:33:42;0/00:33:42;00:34;00:34;00:34;00:34;-;63,69;61,83;80,00;63,70;80,00;130,00;K;-;Zugsicherungs-Stützstelle;;VDV2;VDV 2;0/00:05:39;-;140,00;1,0000;1,030;-;-;54,0;118,0;PZB;False;False;0;-; 0,0; 0,0; 0,0;VDV2: Strecke 3 - Gleis 1 - Strecke 2;-0,639000;50421,5;  0,0;3889,1;  0,0;1,030;1,00;1,00;"80 0622-19.0;";0;PZB fallend;;;False;PZB fallend;False;00:33:42;00:33:42;-;-;False;-;-;2022;2022
7535;PZB fallend;0/00:33:42;0/00:33:42;00:34;00:34;00:34;00:34;-;62,39;60,57;80,00;62,40;80,00;130,00;K;-;Zugsicherungs-Stützstelle;;VDV2;VDV 2;0/00:05:39;-;140,00;1,0000;1,030;-;-;54,0;118,0;PZB;False;False;0;-; 0,0; 0,0; 0,0;VDV2: Strecke 3 - Gleis 1 - Strecke 2;-0,630000;54053,0;  0,0;3821,5;  0,0;1,030;1,00;1,00;"80 0622-19.0;";0;PZB fallend;;;False;PZB fallend;False;00:33:42;00:33:42;-;-;False;-;-;2022;2022
7540;PZB fallend;0/00:33:42;0/00:33:42;00:34;00:34;00:34;00:34;-;61,70;59,90;80,00;61,70;80,00;130,00;K;-;Zugsicherungs-Stützstelle;;VDV2;VDV 2;0/00:05:40;-;140,00;1,0000;1,030;-;-;54,0;118,0;PZB;False;False;0;-; 0,0; 0,0; 0,0;VDV2: Strecke 3 - Gleis 1 - Strecke 2;0,000000;54053,0;  0,0;3786,0;  0,0;1,030;1,00;1,00;"80 0622-19.0;";0;PZB fallend;;;False;PZB fallend;False;00:33:42;00:33:42;-;-;False;-;-;2022;2022
7541;PZB fallend;0/00:33:42;0/00:33:42;00:34;00:34;00:34;00:34;-;61,70;59,90;80,00;61,70;80,00;130,00;K;-;;;VDV2;VDV 2;0/00:05:40;-;140,00;1,0000;1,030;-;-;54,0;118,0;PZB;False;False;0;-; 0,0; 0,0; 0,0;VDV2: Strecke 3 - Gleis 1 - Strecke 2;-0,700000;54053,0;  0,0;3786,0;  0,0;1,030;1,00;1,00;"80 0622-19.0;";0;PZB fallend;;;False;PZB fallend;False;00:33:42;00:33:42;-;-;False;-;-;2022;2022
7545;PZB fallend;0/00:33:43;0/00:33:43;00:34;00:34;00:34;00:34;-;61,10;59,32;80,00;61,10;80,00;130,00;K;-;Zugsicherungs-Stützstelle;;VDV2;VDV 2;0/00:05:40;-;140,00;1,0000;1,030;-;-;54,0;118,0;PZB;False;False;0;-; 0,0; 0,0; 0,0;VDV2: Strecke 3 - Gleis 1 - Strecke 2;-0,620000;54053,0;  0,0;3755,5;  0,0;1,030;1,00;1,00;"80 0622-19.0;";0;PZB fallend;;;False;PZB fallend;False;00:33:43;00:33:43;-;-;False;-;-;2023;2023
7555;PZB fallend;0/00:33:43;0/00:33:43;00:34;00:34;00:34;00:34;-;59,77;58,03;80,00;59,80;80,00;130,00;K;-;Zugsicherungs-Stützstelle;;VDV2;VDV 2;0/00:05:41;-;140,00;1,0000;1,030;-;-;54,0;118,0;PZB;False;False;0;-; 0,0; 0,0; 0,0;VDV2: Strecke 3 - Gleis 1 - Strecke 2;0,411000;54053,0;  0,0;3688,6;  0,0;1,030;1,00;1,00;"80 0622-19.0;";0;PZB fallend;;;False;PZB fallend;False;00:33:43;00:33:43;-;-;False;-;-;2023;2023
7556;PZB fallend;0/00:33:43;0/00:33:43;00:34;00:34;00:34;00:34;-;59,77;58,03;80,00;59,80;80,00;130,00;K;-;;;VDV2;VDV 2;0/00:05:41;-;140,00;1,0000;1,030;-;-;54,0;118,0;PZB;False;False;0;-; 0,0; 0,0; 0,0;VDV2: Strecke 3 - Gleis 1 - Strecke 2;-0,700000;54053,0;  0,0;3688,6;  0,0;1,030;1,00;1,00;"80 0622-19.0;";0;PZB fallend;;;False;PZB fallend;False;00:33:43;00:33:43;-;-;False;-;-;2023;2023
7565;PZB fallend;0/00:33:44;0/00:33:44;00:34;00:34;00:34;00:34;-;58,50;56,80;80,00;58,50;80,00;130,00;K;-;Zugsicherungs-Stützstelle;;VDV2;VDV 2;0/00:05:41;-;140,00;1,0000;1,030;-;-;54,0;118,0;PZB;False;False;0;-; 0,0; 0,0; 0,0;VDV2: Strecke 3 - Gleis 1 - Strecke 2;-0,599000;54053,0;  0,0;3625,8;  0,0;1,030;1,00;1,00;"80 0622-19.0;";0;PZB fallend;;;False;PZB fallend;False;00:33:44;00:33:44;-;-;False;-;-;2024;2024
7575;PZB fallend;0/00:33:45;0/00:33:45;00:34;00:34;00:34;00:34;-;57,16;55,50;80,00;57,20;80,00;130,00;K;-;Zugsicherungs-Stützstelle;;VDV2;VDV 2;0/00:05:42;-;140,00;1,0000;1,030;-;-;54,0;118,0;PZB;False;False;0;-; 0,0; 0,0; 0,0;VDV2: Strecke 3 - Gleis 1 - Strecke 2;0,412000;54053,0;  0,0;3560,7;  0,0;1,030;1,00;1,00;"80 0622-19.0;";0;PZB fallend;;;False;PZB fallend;False;00:33:45;00:33:45;-;-;False;-;-;2025;2025
7576;PZB fallend;0/00:33:45;0/00:33:45;00:34;00:34;00:34;00:34;-;57,16;55,50;80,00;57,20;80,00;130,00;K;-;;;VDV2;VDV 2;0/00:05:42;-;140,00;1,0000;1,030;-;-;54,0;118,0;PZB;False;False;0;-; 0,0; 0,0; 0,0;VDV2: Strecke 3 - Gleis 1 - Strecke 2;-0,700000;54053,0;  0,0;3560,7;  0,0;1,030;1,00;1,00;"80 0622-19.0;";0;PZB fallend;;;False;PZB fallend;False;00:33:45;00:33:45;-;-;False;-;-;2025;2025
7585;PZB fallend;0/00:33:45;0/00:33:45;00:34;00:34;00:34;00:34;-;55,80;54,17;80,00;55,80;80,00;130,00;K;-;Zugsicherungs-Stützstelle;;VDV2;VDV 2;0/00:05:42;-;140,00;1,0000;1,030;-;-;54,0;118,0;PZB;False;False;0;-; 0,0; 0,0; 0,0;VDV2: Strecke 3 - Gleis 1 - Strecke 2;-0,517000;54053,0;  0,0;3495,9;  0,0;1,030;1,00;1,00;"80 0622-19.0;";0;PZB fallend;;;False;PZB fallend;False;00:33:45;00:33:45;-;-;False;-;-;2025;2025
7590;PZB fallend;0/00:33:46;0/00:33:46;00:34;00:34;00:34;00:34;-;55,20;53,59;80,00;55,20;80,00;130,00;K;-;Zugsicherungs-Stützstelle;;VDV2;VDV 2;0/00:05:43;-;140,00;1,0000;1,030;-;-;54,0;118,0;PZB;False;False;0;-; 0,0; 0,0; 0,0;VDV2: Strecke 3 - Gleis 1 - Strecke 2;-0,557000;54053,0;  0,0;3467,7;  0,0;1,030;1,00;1,00;"80 0622-19.0;";0;PZB fallend;;;False;PZB fallend;False;00:33:46;00:33:46;-;-;False;-;-;2026;2026
7595;PZB fallend;0/00:33:46;0/00:33:46;00:34;00:34;00:34;00:34;-;54,50;52,91;80,00;54,50;80,00;130,00;K;-;Zugsicherungs-Stützstelle;;VDV2;VDV 2;0/00:05:43;-;140,00;1,0000;1,030;-;-;54,0;118,0;PZB;False;False;0;-; 0,0; 0,0; 0,0;VDV2: Strecke 3 - Gleis 1 - Strecke 2;0,000000;54053,0;  0,0;3435,0;  0,0;1,030;1,00;1,00;"80 0622-19.0;";0;PZB fallend;;;False;PZB fallend;False;00:33:46;00:33:46;-;-;False;-;-;2026;2026
7596;PZB fallend;0/00:33:46;0/00:33:46;00:34;00:34;00:34;00:34;-;54,50;52,91;80,00;54,50;80,00;130,00;K;-;;;VDV2;VDV 2;0/00:05:43;-;140,00;1,0000;1,030;-;-;54,0;118,0;PZB;False;False;0;-; 0,0; 0,0; 0,0;VDV2: Strecke 3 - Gleis 1 - Strecke 2;-0,700000;54053,0;  0,0;3435,0;  0,0;1,030;1,00;1,00;"80 0622-19.0;";0;PZB fallend;;;False;PZB fallend;False;00:33:46;00:33:46;-;-;False;-;-;2026;2026
7605;PZB fallend;0/00:33:47;0/00:33:47;00:34;00:34;00:34;00:34;-;53,02;51,48;80,00;53,20;80,00;130,00;B;-;Zugsicherungs-Stützstelle;;VDV2;VDV 2;0/00:05:44;-;140,00;1,0000;1,030;-;-;54,0;118,0;PZB;False;False;0;-; 0,0; 0,0; 0,0;VDV2: Strecke 3 - Gleis 1 - Strecke 2;-0,700000;54053,0;  0,0;3367,1;  0,0;1,030;1,00;1,00;"80 0622-19.0;";0;PZB fallend;;;False;PZB fallend;False;00:33:47;00:33:47;-;-;False;-;-;2027;2027
7615;PZB fallend;0/00:33:47;0/00:33:47;00:34;00:34;00:34;00:34;-;51,28;49,79;80,00;51,90;80,00;130,00;B;-;Zugsicherungs-Stützstelle;;VDV2;VDV 2;0/00:05:44;-;140,00;1,0000;1,030;-;-;54,0;118,0;PZB;False;False;0;-; 0,0; 0,0; 0,0;VDV2: Strecke 3 - Gleis 1 - Strecke 2;-0,700000;54053,0;  0,0;3289,1;  0,0;1,030;1,00;1,00;"80 0622-19.0;";0;PZB fallend;;;False;PZB fallend;False;00:33:47;00:33:47;-;-;False;-;-;2027;2027
7625;PZB fallend;0/00:33:48;0/00:33:48;00:34;00:34;00:34;00:34;-;49,48;48,04;80,00;50,60;80,00;130,00;B;-;Zugsicherungs-Stützstelle;;VDV2;VDV 2;0/00:05:45;-;140,00;1,0000;1,030;-;-;54,0;118,0;PZB;False;False;0;-; 0,0; 0,0; 0,0;VDV2: Strecke 3 - Gleis 1 - Strecke 2;-0,700000;54053,0;  0,0;3210,5;  0,0;1,030;1,00;1,00;"80 0622-19.0;";0;PZB fallend;;;False;PZB fallend;False;00:33:48;00:33:48;-;-;False;-;-;2028;2028
7635;PZB fallend;0/00:33:49;0/00:33:49;00:34;00:34;00:34;00:34;-;47,61;46,22;80,00;49,30;80,00;130,00;B;-;Zugsicherungs-Stützstelle;;VDV2;VDV 2;0/00:05:46;-;140,00;1,0000;1,030;-;-;54,0;118,0;PZB;False;False;0;-; 0,0; 0,0; 0,0;VDV2: Strecke 3 - Gleis 1 - Strecke 2;-0,700000;54053,0;  0,0;3131,1;  0,0;1,030;1,00;1,00;"80 0622-19.0;";0;PZB fallend;;;False;PZB fallend;False;00:33:49;00:33:49;-;-;False;-;-;2029;2029
7640;PZB fallend;0/00:33:49;0/00:33:49;00:34;00:34;00:34;00:34;-;46,65;45,29;80,00;48,70;80,00;130,00;B;-;Zugsicherungs-Stützstelle;;VDV2;VDV 2;0/00:05:46;-;140,00;1,0000;1,030;-;-;54,0;118,0;PZB;False;False;0;-; 0,0; 0,0; 0,0;VDV2: Strecke 3 - Gleis 1 - Strecke 2;-0,700000;54053,0;  0,0;3091,3;  0,0;1,030;1,00;1,00;"80 0622-19.0;";0;PZB fallend;;;False;PZB fallend;False;00:33:49;00:33:49;-;-;False;-;-;2029;2029
7645;PZB fallend;0/00:33:50;0/00:33:50;00:34;00:34;00:34;00:34;-;45,67;44,34;80,00;48,00;80,00;130,00;B;-;Zugsicherungs-Stützstelle;;VDV2;VDV 2;0/00:05:47;-;140,00;1,0000;1,030;-;-;54,0;118,0;PZB;False;False;0;-; 0,0; 0,0; 0,0;VDV2: Strecke 3 - Gleis 1 - Strecke 2;-0,700000;54053,0;  0,0;3051,2;  0,0;1,030;1,00;1,00;"80 0622-19.0;";0;PZB fallend;;;False;PZB fallend;False;00:33:50;00:33:50;-;-;False;-;-;2030;2030
7655;PZB fallend;0/00:33:50;0/00:33:50;00:34;00:34;00:34;00:34;-;43,64;42,37;80,00;46,70;80,00;130,00;B;-;Zugsicherungs-Stützstelle;;VDV2;VDV 2;0/00:05:47;-;140,00;1,0000;1,030;-;-;54,0;118,0;PZB;False;False;0;-; 0,0; 0,0; 0,0;VDV2: Strecke 3 - Gleis 1 - Strecke 2;-0,700000;55428,3;  0,0;2970,2;  0,0;1,030;1,00;1,00;"80 0622-19.0;";0;PZB fallend;;;False;PZB fallend;False;00:33:50;00:33:50;-;-;False;-;-;2030;2030
7665;PZB fallend;0/00:33:51;0/00:33:51;00:34;00:34;00:34;00:34;-;41,51;40,30;80,00;45,40;80,00;130,00;B;-;Zugsicherungs-Stützstelle;;VDV2;VDV 2;0/00:05:48;-;140,00;1,0000;1,030;-;-;54,0;118,0;PZB;False;False;0;-; 0,0; 0,0; 0,0;VDV2: Strecke 3 - Gleis 1 - Strecke 2;-0,700000;76008,3;  0,0;2888,2;  0,0;1,030;1,00;1,00;"80 0622-19.0;";0;PZB fallend;;;False;PZB fallend;False;00:33:51;00:33:51;-;-;False;-;-;2031;2031
7668;PZB fallend;0/00:33:52;0/00:33:52;00:34;00:34;00:34;00:34;-;40,85;39,66;80,00;45,00;80,00;130,00;B;-;Zugsicherungs-Stützstelle;;VDV2;VDV 2;0/00:05:49;-;140,00;1,0000;1,030;-;-;54,0;118,0;PZB;False;False;0;-; 0,0; 0,0; 0,0;VDV2: Strecke 3 - Gleis 1 - Strecke 2;-0,700000;82216,0;  0,0;2863,4;  0,0;1,030;1,00;1,00;"80 0622-19.0;";0;PZB fallend;;;False;PZB fallend;False;00:33:52;00:33:52;-;-;False;-;-;2032;2032
7690;PZB fallend;0/00:33:54;0/00:33:54;00:34;00:34;00:34;00:34;-;35,63;34,59;80,00;45,00;80,00;130,00;B;-;Zugsicherungs-Stützstelle;;VDV2;VDV 2;0/00:05:51;-;140,00;1,0000;1,030;-;-;54,0;118,0;PZB;False;False;0;-; 0,0; 0,0; 0,0;VDV2: Strecke 3 - Gleis 1 - Strecke 2;-0,700000;82216,0;  0,0;2677,2;  0,0;1,030;1,00;1,00;"80 0622-19.0;";0;PZB fallend;;;False;PZB fallend;False;00:33:54;00:33:54;-;-;False;-;-;2034;2034
7715;PZB fallend;0/00:33:57;0/00:33:57;00:34;00:34;00:34;00:34;-;28,57;27,74;80,00;45,00;80,00;130,00;B;-;Zugsicherungs-Stützstelle;;VDV2;VDV 2;0/00:05:53;-;140,00;1,0000;1,030;-;-;54,0;118,0;PZB;False;False;0;-; 0,0; 0,0; 0,0;VDV2: Strecke 3 - Gleis 1 - Strecke 2;-0,700000;84002,3;  0,0;2454,0;  0,0;1,030;1,00;1,00;"80 0622-19.0;";0;PZB fallend;;;False;PZB fallend;False;00:33:57;00:33:57;-;-;False;-;-;2037;2037
7720;PZB fallend;0/00:33:57;0/00:33:57;00:34;00:34;00:34;00:34;-;26,94;26,16;80,00;45,00;80,00;130,00;B;-;Zugsicherungs-Stützstelle;;VDV2;VDV 2;0/00:05:54;-;140,00;1,0000;1,030;-;-;54,0;118,0;PZB;False;False;0;-; 0,0; 0,0; 0,0;VDV2: Strecke 3 - Gleis 1 - Strecke 2;-0,700000;89470,4;  0,0;2407,2;  0,0;1,030;1,00;1,00;"80 0622-19.0;";0;PZB fallend;;;False;PZB fallend;False;00:33:57;00:33:57;-;-;False;-;-;2037;2037
7740;PZB fallend;0/00:34:00;0/00:34:00;00:34;00:34;00:34;00:34;-;19,05;18,50;80,00;45,00;80,00;130,00;K;-;Zugsicherungs-Stützstelle;;VDV2;VDV 2;0/00:05:57;-;140,00;1,0000;1,030;-;-;54,0;118,0;PZB;False;False;0;-; 0,0; 0,0; 0,0;VDV2: Strecke 3 - Gleis 1 - Strecke 2;-0,700000;97625,3;  0,0;2205,1;  0,0;1,030;1,00;1,00;"80 0622-19.0;";0;PZB fallend;;;False;PZB fallend;False;00:34:00;00:34:00;-;-;False;-;-;2040;2040
7760;PZB fallend;0/00:36:38;0/00:34:08;00:37;00:34;00:36;00:35;00:02:30/00:01:00; 0,00; 0,00;80,00;45,00;80,00;130,00;HVerk;-;VDV2 22.240 Gl 1 f Halteplatz, Fallend, Personenzug, l=520.0m, Links, sEoA=0m, sSVL=0m, rs=-1km/h; Ref(7765)=<VDV2|22,235/+0|HS|02P1|1>  Anfang(7065)=<VDV2|22,935/+0|HS|02F|1>  Ende(7815)=<VDV2|22,185/+0|ZSS||1> ;VDV2;VDV 2;0/00:06:05;00:36:38;140,00;1,0000;1,030;-;-;54,0;118,0;PZB;False;False;0;-; 0,0; 0,0; 0,0;VDV2: Strecke 3 - Gleis 1 - Strecke 2;0,992000;124906,0;  0,0;1886,2;  0,0;1,030;1,00;1,00;"80 0622-19.0;";0;PZB fallend;3521;Gl 1 f;True;PZB fallend;False;00:34:08;00:36:38;2,50;1,00;False;-;Weiche 02W1 S - Weiche 02W2 S (3521);2198;2048
7760;PZB fallend;0/00:36:38;0/00:36:38;00:37;00:37;00:37;00:37;-; 0,00; 0,00;80,00;45,00;80,00;130,00;V;-;;;VDV2;VDV 2;0/00:06:05;-;140,00;1,0000;1,030;-;-;54,0;118,0;PZB;False;False;0;-; 0,0; 0,0; 0,0;VDV2: Strecke 3 - Gleis 1 - Strecke 2;0,941000;124906,0;  0,0;1886,2;  0,0;1,030;1,00;1,00;"80 0622-19.0;";0;PZB fallend;;;False;PZB fallend;False;00:36:38;00:36:38;-;-;False;-;-;2198;2198
7760;PZB fallend;0/00:36:38;0/00:36:38;00:37;00:37;00:37;00:37;-; 0,00; 0,00;80,00;45,00;80,00;130,00;V;-;;;VDV2;VDV 2;0/00:06:05;-;140,00;1,0000;1,030;-;-;54,0;118,0;PZB;False;False;0;-; 0,0; 0,0; 0,0;VDV2: Strecke 3 - Gleis 1 - Strecke 2;0,967000;124906,0;  0,0;1886,2;  0,0;1,030;1,00;1,00;"80 0622-19.0;";0;PZB fallend;;;False;PZB fallend;False;00:36:38;00:36:38;-;-;False;-;-;2198;2198
7761;PZB fallend;0/00:36:40;0/00:36:40;00:37;00:37;00:37;00:37;-; 6,00; 5,83;80,00;-;80,00;130,00;V;-;;;VDV2;VDV 2;0/00:06:06;-;140,00;1,0000;1,030;-;-;54,0;118,0;PZB;False;False;0;-; 0,0; 0,0; 0,0;VDV2: Strecke 3 - Gleis 1 - Strecke 2;0,916000;115565,0;  0,0;1960,8;  0,0;1,030;1,00;1,00;"80 0622-19.0;";0;PZB fallend;;;False;PZB fallend;False;00:36:40;00:36:40;-;-;False;-;-;2200;2200
7762;PZB fallend;0/00:36:40;0/00:36:40;00:37;00:37;00:37;00:37;-; 8,00; 7,77;80,00;-;80,00;130,00;V;-;;;VDV2;VDV 2;0/00:06:06;-;140,00;1,0000;1,030;-;-;54,0;118,0;PZB;False;False;0;-; 0,0; 0,0; 0,0;VDV2: Strecke 3 - Gleis 1 - Strecke 2;0,893000;112623,0;  0,0;1991,0;  0,0;1,030;1,00;1,00;"80 0622-19.0;";0;PZB fallend;;;False;PZB fallend;False;00:36:40;00:36:40;-;-;False;-;-;2200;2200
7764;PZB fallend;0/00:36:41;0/00:36:41;00:37;00:37;00:37;00:37;-;10,00; 9,71;80,00;-;80,00;130,00;V;-;;;VDV2;VDV 2;0/00:06:07;-;140,00;1,0000;1,030;-;-;54,0;118,0;PZB;False;False;0;-; 0,0; 0,0; 0,0;VDV2: Strecke 3 - Gleis 1 - Strecke 2;0,869000;110005,0;  0,0;2023,8;  0,0;1,030;1,00;1,00;"80 0622-19.0;";0;PZB fallend;;;False;PZB fallend;False;00:36:41;00:36:41;-;-;False;-;-;2201;2201
7765;PZB fallend;0/00:36:41;0/00:36:41;00:37;00:37;00:37;00:37;-;11,07;10,75;80,00;25,00;80,00;130,00;V;-;VDV2 22.235 02P1 Hauptsignal, Fallend, DFa=3s, rs=20km/h, appr.=0km/h; Ref(7760)=<VDV2|22,240/+0|HP|Gl 1 f|1>|1  Anfang(7065)=<VDV2|22,935/+0|HS|02F|1>  Ende(7815)=<VDV2|22,185/+0|ZSS||1> ;VDV2;VDV 2;0/00:06:08;-;140,00;1,0000;1,030;-;-;54,0;118,0;PZB;False;False;0;-; 0,0; 0,0; 0,0;VDV2: Strecke 3 - Gleis 1 - Strecke 2;0,862000;108334,9;  0,0;2042,4;  0,0;1,030;1,00;1,00;"80 0622-19.0;";0;PZB fallend;3521;;True;PZB fallend;False;00:36:41;00:36:41;-;-;False;-;Weiche 02W1 S - Weiche 02W2 S (3521);2201;2201
7766;PZB fallend;0/00:36:42;0/00:36:42;00:37;00:37;00:37;00:37;-;12,00;11,65;80,00;-;80,00;130,00;V;-;;;VDV2;VDV 2;0/00:06:08;-;140,00;1,0000;1,030;-;-;54,0;118,0;PZB;False;False;0;-; 0,0; 0,0; 0,0;VDV2: Strecke 3 - Gleis 1 - Strecke 2;0,844000;106887,0;  0,0;2059,2;  0,0;1,030;1,00;1,00;"80 0622-19.0;";0;PZB fallend;;;False;PZB fallend;False;00:36:42;00:36:42;-;-;False;-;-;2202;2202
7768;PZB fallend;0/00:36:42;0/00:36:42;00:37;00:37;00:37;00:37;-;14,00;13,59;80,00;-;80,00;130,00;V;-;;;VDV2;VDV 2;0/00:06:08;-;140,00;1,0000;1,030;-;-;54,0;118,0;PZB;False;False;0;-; 0,0; 0,0; 0,0;VDV2: Strecke 3 - Gleis 1 - Strecke 2;0,822000;104004,0;  0,0;2097,2;  0,0;1,030;1,00;1,00;"80 0622-19.0;";0;PZB fallend;;;False;PZB fallend;False;00:36:42;00:36:42;-;-;False;-;-;2202;2202
7770;PZB fallend;0/00:36:43;0/00:36:43;00:37;00:37;00:37;00:37;-;15,45;15,00;80,00;-;80,00;130,00;V;-;Zugsicherungs-Stützstelle;;VDV2;VDV 2;0/00:06:09;-;140,00;1,0000;1,030;-;-;54,0;118,0;PZB;False;False;0;-; 0,0; 0,0; 0,0;VDV2: Strecke 3 - Gleis 1 - Strecke 2;0,815000;102272,1;  0,0;2126,5;  0,0;1,030;1,00;1,00;"80 0622-19.0;";0;PZB fallend;;;False;PZB fallend;False;00:36:43;00:36:43;-;-;False;-;-;2203;2203
7771;PZB fallend;0/00:36:43;0/00:36:43;00:37;00:37;00:37;00:37;-;16,00;15,53;80,00;-;80,00;130,00;V;-;;;VDV2;VDV 2;0/00:06:09;-;140,00;1,0000;1,030;-;-;54,0;118,0;PZB;False;False;0;-; 0,0; 0,0; 0,0;VDV2: Strecke 3 - Gleis 1 - Strecke 2;0,801000;101492,0;  0,0;2137,9;  0,0;1,030;1,00;1,00;"80 0622-19.0;";0;PZB fallend;;;False;PZB fallend;False;00:36:43;00:36:43;-;-;False;-;-;2203;2203
7774;PZB fallend;0/00:36:43;0/00:36:43;00:37;00:37;00:37;00:37;-;18,00;17,48;80,00;-;80,00;130,00;V;-;;;VDV2;VDV 2;0/00:06:10;-;140,00;1,0000;1,030;-;-;54,0;118,0;PZB;False;False;0;-; 0,0; 0,0; 0,0;VDV2: Strecke 3 - Gleis 1 - Strecke 2;0,779000;99000,0;  0,0;2181,3;  0,0;1,030;1,00;1,00;"80 0622-19.0;";0;PZB fallend;;;False;PZB fallend;False;00:36:43;00:36:43;-;-;False;-;-;2203;2203
7775;PZB fallend;0/00:36:44;0/00:36:44;00:37;00:37;00:37;00:37;-;18,55;18,01;80,00;-;80,00;130,00;V;-;Zugsicherungs-Stützstelle;;VDV2;VDV 2;0/00:06:10;-;140,00;1,0000;1,030;-;-;54,0;118,0;PZB;False;False;0;-; 0,0; 0,0; 0,0;VDV2: Strecke 3 - Gleis 1 - Strecke 2;0,776000;98297,9;  0,0;2193,6;  0,0;1,030;1,00;1,00;"80 0622-19.0;";0;PZB fallend;;;False;PZB fallend;False;00:36:44;00:36:44;-;-;False;-;-;2204;2204
7778;PZB fallend;0/00:36:44;0/00:36:44;00:37;00:37;00:37;00:37;-;20,00;19,42;80,00;-;80,00;130,00;V;-;;;VDV2;VDV 2;0/00:06:11;-;140,00;1,0000;1,030;-;-;54,0;118,0;PZB;False;False;0;-; 0,0; 0,0; 0,0;VDV2: Strecke 3 - Gleis 1 - Strecke 2;0,760000;96257,0;  0,0;2227,2;  0,0;1,030;1,00;1,00;"80 0622-19.0;";0;PZB fallend;;;False;PZB fallend;False;00:36:44;00:36:44;-;-;False;-;-;2204;2204
7780;PZB fallend;0/00:36:45;0/00:36:45;00:37;00:37;00:37;00:37;-;20,96;20,35;80,00;-;80,00;130,00;V;-;Zugsicherungs-Stützstelle;;VDV2;VDV 2;0/00:06:11;-;140,00;1,0000;1,030;-;-;54,0;118,0;PZB;False;False;0;-; 0,0; 0,0; 0,0;VDV2: Strecke 3 - Gleis 1 - Strecke 2;0,756000;95314,5;  0,0;2250,2;  0,0;1,030;1,00;1,00;"80 0622-19.0;";0;PZB fallend;;;False;PZB fallend;False;00:36:45;00:36:45;-;-;False;-;-;2205;2205
7782;PZB fallend;0/00:36:45;0/00:36:45;00:37;00:37;00:37;00:37;-;22,00;21,36;80,00;-;80,00;130,00;V;-;;;VDV2;VDV 2;0/00:06:11;-;140,00;1,0000;1,030;-;-;54,0;118,0;PZB;False;False;0;-; 0,0; 0,0; 0,0;VDV2: Strecke 3 - Gleis 1 - Strecke 2;0,743000;94279,0;  0,0;2275,8;  0,0;1,030;1,00;1,00;"80 0622-19.0;";0;PZB fallend;;;False;PZB fallend;False;00:36:45;00:36:45;-;-;False;-;-;2205;2205
7785;PZB fallend;0/00:36:45;0/00:36:45;00:37;00:37;00:37;00:37;-;23,28;22,60;80,00;-;80,00;130,00;V;-;Zugsicherungs-Stützstelle;;VDV2;VDV 2;0/00:06:12;-;140,00;1,0000;1,030;-;-;54,0;118,0;PZB;False;False;0;-; 0,0; 0,0; 0,0;VDV2: Strecke 3 - Gleis 1 - Strecke 2;0,737000;92918,2;  0,0;2308,3;  0,0;1,030;1,00;1,00;"80 0622-19.0;";0;PZB fallend;;;False;PZB fallend;False;00:36:45;00:36:45;-;-;False;-;-;2205;2205
7787;PZB fallend;0/00:36:46;0/00:36:46;00:37;00:37;00:37;00:37;-;24,00;23,30;80,00;-;80,00;130,00;V;-;;;VDV2;VDV 2;0/00:06:12;-;140,00;1,0000;1,030;-;-;54,0;118,0;PZB;False;False;0;-; 0,0; 0,0; 0,0;VDV2: Strecke 3 - Gleis 1 - Strecke 2;0,726000;92188,0;  0,0;2327,1;  0,0;1,030;1,00;1,00;"80 0622-19.0;";0;PZB fallend;;;False;PZB fallend;False;00:36:46;00:36:46;-;-;False;-;-;2206;2206
7790;PZB fallend;0/00:36:46;0/00:36:46;00:37;00:37;00:37;00:37;-;25,15;24,42;80,00;-;80,00;130,00;V;-;Zugsicherungs-Stützstelle;;VDV2;VDV 2;0/00:06:13;-;140,00;1,0000;1,030;-;-;54,0;118,0;PZB;False;False;0;-; 0,0; 0,0; 0,0;VDV2: Strecke 3 - Gleis 1 - Strecke 2;0,722000;91216,3;  0,0;2357,7;  0,0;1,030;1,00;1,00;"80 0622-19.0;";0;PZB fallend;;;False;PZB fallend;False;00:36:46;00:36:46;-;-;False;-;-;2206;2206
7792;PZB fallend;0/00:36:47;0/00:36:47;00:37;00:37;00:37;00:37;-;26,00;25,24;80,00;-;80,00;130,00;V;-;;;VDV2;VDV 2;0/00:06:13;-;140,00;1,0000;1,030;-;-;54,0;118,0;PZB;False;False;0;-; 0,0; 0,0; 0,0;VDV2: Strecke 3 - Gleis 1 - Strecke 2;0,709000;90363,0;  0,0;2380,9;  0,0;1,030;1,00;1,00;"80 0622-19.0;";0;PZB fallend;;;False;PZB fallend;False;00:36:47;00:36:47;-;-;False;-;-;2207;2207
7798;PZB fallend;0/00:36:47;0/00:36:47;00:37;00:37;00:37;00:37;-;28,00;27,18;80,00;-;80,00;130,00;V;-;;;VDV2;VDV 2;0/00:06:14;-;140,00;1,0000;1,030;-;-;54,0;118,0;PZB;False;False;0;-; 0,0; 0,0; 0,0;VDV2: Strecke 3 - Gleis 1 - Strecke 2;0,675000;88026,0;  0,0;2437,4;  0,0;1,030;1,00;1,00;"80 0622-19.0;";0;PZB fallend;;;False;PZB fallend;False;00:36:47;00:36:47;-;-;False;-;-;2207;2207
7805;PZB fallend;0/00:36:48;0/00:36:48;00:37;00:37;00:37;00:37;-;30,00;29,13;80,00;-;80,00;130,00;V;-;;;VDV2;VDV 2;0/00:06:14;-;140,00;1,0000;1,030;-;-;54,0;118,0;PZB;False;False;0;-; 0,0; 0,0; 0,0;VDV2: Strecke 3 - Gleis 1 - Strecke 2;0,650000;82216,0;  0,0;2496,6;  0,0;1,030;1,00;1,00;"80 0622-19.0;";0;PZB fallend;;;False;PZB fallend;False;00:36:48;00:36:48;-;-;False;-;-;2208;2208
7815;PZB fallend;0/00:36:49;0/00:36:49;00:37;00:37;00:37;00:37;-;32,69;31,74;80,00;-;80,00;130,00;V;-;VDV2 22.185  Zugschlussstelle, Fallend, Signal, Fa=3.00s, SvL; Ref(7869)=<VDV2|22,185/+0|ZSS||1>  Ende(7869)=<VDV2|22,185/+0|ZSS||1> ;VDV2;VDV 2;0/00:06:16;-;140,00;1,0000;1,030;-;-;54,0;118,0;PZB;False;False;0;-; 0,0; 0,0; 0,0;VDV2: Strecke 3 - Gleis 1 - Strecke 2;0,650000;82216,0;  0,0;2580,3;  0,0;1,030;1,00;1,00;"80 0622-19.0;";0;PZB fallend;3521;;False;PZB fallend;False;00:36:49;00:36:49;-;-;False;-;Weiche 02W1 S - Weiche 02W2 S (3521);2209;2209
7836;PZB fallend;0/00:36:52;0/00:36:52;00:37;00:37;00:37;00:37;-;37,69;36,59;80,00;-;80,00;130,00;V;-;;;VDV2;VDV 2;0/00:06:18;-;140,00;1,0000;1,030;-;-;54,0;118,0;PZB;False;False;0;-; 0,0; 0,0; 0,0;VDV2: Strecke 3 - Gleis 1 - Strecke 2;0,649000;82216,0;  0,0;2748,6;  0,0;1,030;1,00;1,00;"80 0622-19.0;";0;PZB fallend;;;False;PZB fallend;False;00:36:52;00:36:52;-;-;False;-;-;2212;2212
7840;PZB fallend;0/00:36:52;0/00:36:52;00:37;00:37;00:37;00:37;-;38,57;37,45;80,00;-;80,00;130,00;V;-;Zugsicherungs-Stützstelle;;VDV2;VDV 2;0/00:06:18;-;140,00;1,0000;1,030;-;-;54,0;118,0;PZB;False;False;0;-; 0,0; 0,0; 0,0;VDV2: Strecke 3 - Gleis 1 - Strecke 2;0,648000;82216,0;  0,0;2779,9;  0,0;1,030;1,00;1,00;"80 0622-19.0;";0;PZB fallend;;;False;PZB fallend;False;00:36:52;00:36:52;-;-;False;-;-;2212;2212
7852;PZB fallend;0/00:36:53;0/00:36:53;00:37;00:37;00:37;00:37;-;41,00;39,81;80,00;-;80,00;130,00;V;-;;;VDV2;VDV 2;0/00:06:19;-;140,00;1,0000;1,030;-;-;54,0;118,0;PZB;False;False;0;-; 0,0; 0,0; 0,0;VDV2: Strecke 3 - Gleis 1 - Strecke 2;0,548000;82216,0;  0,0;2869,0;  0,0;1,030;1,00;1,00;"80 0622-19.0;";0;PZB fallend;;;False;PZB fallend;False;00:36:53;00:36:53;-;-;False;-;-;2213;2213
7860;PZB fallend;0/00:36:54;0/00:36:54;00:37;00:37;00:37;00:37;-;42,36;41,13;80,00;-;80,00;130,00;V;-;VDV2 22.140 02W1 Weiche, lt=25m, Stamm <22.140 02W1 Weiche, Anfang>; Ref(22065)=<VDV1|7,935/+0|HS|01F|1>  Anfang(22065)=<VDV1|7,935/+0|HS|01F|1>  Ende(7885)=<VDV2|22,115/+0|ZSS||1> ;VDV2;VDV 2;0/00:06:20;-;140,00;1,0000;1,030;-;-;54,0;118,0;PZB;False;False;0;-; 0,0; 0,0; 0,0;VDV2: Strecke 3 - Gleis 1 - Strecke 2;0,481000;65662,1;  0,0;2920,6;  0,0;1,030;1,00;1,00;"80 0622-19.0;";0;PZB fallend;3521;;True;PZB fallend;False;00:36:54;00:36:54;-;-;False;-;Weiche 02W1 S - Weiche 02W2 S (3521);2214;2214
7860;PZB fallend;0/00:36:54;0/00:36:54;00:37;00:37;00:37;00:37;-;42,36;41,13;80,00;-;80,00;130,00;V;-;VDV2 22.140 02W1 Weiche, lt=25m, Anfang <22.140 02W1 Weiche, Stamm/22.140 02W1 Weiche, Abzweig links>; Ref(22065)=<VDV1|7,935/+0|HS|01F|1>  Anfang(22065)=<VDV1|7,935/+0|HS|01F|1>  Ende(7885)=<VDV2|22,115/+0|ZSS||1> ;VDV2;VDV 2;0/00:06:20;-;140,00;1,0000;1,030;-;-;54,0;118,0;PZB;False;False;0;-; 0,0; 0,0; 0,0;VDV2: Strecke 3 - Gleis 1 - Strecke 2;0,481000;65662,1;  0,0;2920,6;  0,0;1,030;1,00;1,00;"80 0622-19.0;";0;PZB fallend;3521;;True;PZB fallend;False;00:36:54;00:36:54;-;-;False;-;Betriebsstellengrenze 3521-0 - Weiche 02W1 A (3521);2214;2214
7864;PZB fallend;0/00:36:54;0/00:36:54;00:37;00:37;00:37;00:37;-;43,00;41,75;80,00;-;80,00;130,00;V;-;;;VDV2;VDV 2;0/00:06:20;-;140,00;1,0000;1,030;-;-;54,0;118,0;PZB;False;False;0;-; 0,0; 0,0; 0,0;VDV2: Strecke 3 - Gleis 1 - Strecke 2;0,433000;57872,0;  0,0;2945,3;  0,0;1,030;1,00;1,00;"80 0622-19.0;";0;PZB fallend;;;False;PZB fallend;False;00:36:54;00:36:54;-;-;False;-;-;2214;2214
7865;PZB fallend;0/00:36:54;0/00:36:54;00:37;00:37;00:37;00:37;-;43,13;41,87;80,00;-;80,00;130,00;V;-;Zugsicherungs-Stützstelle;;VDV2;VDV 2;0/00:06:20;-;140,00;1,0000;1,030;-;-;54,0;118,0;PZB;False;False;0;-; 0,0; 0,0; 0,0;VDV2: Strecke 3 - Gleis 1 - Strecke 2;0,431000;57375,8;  0,0;2950,3;  0,0;1,030;1,00;1,00;"80 0622-19.0;";0;PZB fallend;;;False;PZB fallend;False;00:36:54;00:36:54;-;-;False;-;-;2214;2214
7869;PZB fallend;0/00:36:55;0/00:36:55;00:37;00:37;00:37;00:37;-;43,64;42,37;80,00;-;80,00;130,00;V;-;VDV2 22.185  Zugschlussstelle, Fallend, Signal, Fa=3.00s, SvL; Ref(7815)=<VDV2|22,185/+0|ZSS||1>  Ende(7869)=<VDV2|22,185/+0|ZSS||1> ;VDV2;VDV 2;0/00:06:21;-;140,00;1,0000;1,030;-;-;54,0;118,0;PZB;False;False;54;-; 0,0; 0,0; 0,0;VDV2: Strecke 3 - Gleis 1 - Strecke 2;0,423000;55428,3;  0,0;2970,2;  0,0;1,030;1,00;1,00;"80 0622-19.0;";0;PZB fallend;3521;;True;PZB fallend;False;00:36:55;00:36:55;-;-;False;-;Weiche 02W1 S - Weiche 02W2 S (3521);2215;2215
7872;PZB fallend;0/00:36:55;0/00:36:55;00:37;00:37;00:37;00:37;-;44,00;42,72;80,00;-;80,00;130,00;V;-;;;VDV2;VDV 2;0/00:06:21;-;140,00;1,0000;1,030;-;-;54,0;118,0;PZB;False;False;0;-; 0,0; 0,0; 0,0;VDV2: Strecke 3 - Gleis 1 - Strecke 2;0,416000;54053,0;  0,0;2984,4;  0,0;1,030;1,00;1,00;"80 0622-19.0;";0;PZB fallend;;;False;PZB fallend;False;00:36:55;00:36:55;-;-;False;-;-;2215;2215
7885;PZB fallend;0/00:36:56;0/00:36:56;00:37;00:37;00:37;00:37;-;45,57;44,24;80,00;-;80,00;130,00;V;-;VDV2 22.115  Zugschlussstelle, Fallend, Fahrstraße, Fa=3.00s, SvL; Ref(7939)=<VDV2|22,115/+0|ZSS||1>  Ende(7939)=<VDV2|22,115/+0|ZSS||1> ;VDV2;VDV 2;0/00:06:22;-;140,00;1,0000;1,030;-;-;54,0;118,0;PZB;False;False;0;-; 0,0; 0,0; 0,0;VDV2: Strecke 3 - Gleis 1 - Strecke 2;0,416000;54053,0;  0,0;3047,2;  0,0;1,030;1,00;1,00;"80 0622-19.0;";0;PZB fallend;3521;;False;PZB fallend;False;00:36:56;00:36:56;-;-;False;-;Betriebsstellengrenze 3521-0 - Weiche 02W1 A (3521);2216;2216
7885;PZB fallend;0/00:36:56;0/00:36:56;00:37;00:37;00:37;00:37;-;45,57;44,24;80,00;-;80,00;130,00;V;-;VDV2 22.115  Geschwindigkeit Zulässig, Fallend, v=80km/h, Wirkung ab hier, Alle;;VDV2;VDV 2;0/00:06:22;-;140,00;1,0000;1,030;-;-;54,0;118,0;PZB;False;False;0;-; 0,0; 0,0; 0,0;VDV2: Strecke 3 - Gleis 1 - Strecke 2;0,416000;54053,0;  0,0;3047,2;  0,0;1,030;1,00;1,00;"80 0622-19.0;";0;PZB fallend;3521;;True;PZB fallend;False;00:36:56;00:36:56;-;-;False;-;Betriebsstellengrenze 3521-0 - Weiche 02W1 A (3521);2216;2216
7890;PZB fallend;0/00:36:56;0/00:36:56;00:37;00:37;00:37;00:37;-;46,16;44,82;80,00;-;80,00;130,00;V;-;Zugsicherungs-Stützstelle;;VDV2;VDV 2;0/00:06:22;-;140,00;1,0000;1,030;-;-;54,0;118,0;PZB;False;False;0;-; 0,0; 0,0; 0,0;VDV2: Strecke 3 - Gleis 1 - Strecke 2;0,416000;54053,0;  0,0;3071,2;  0,0;1,030;1,00;1,00;"80 0622-19.0;";0;PZB fallend;;;False;PZB fallend;False;00:36:56;00:36:56;-;-;False;-;-;2216;2216
7915;PZB fallend;0/00:36:58;0/00:36:58;00:37;00:37;00:37;00:37;-;48,99;47,56;80,00;-;80,00;130,00;V;-;Zugsicherungs-Stützstelle;;VDV2;VDV 2;0/00:06:24;-;140,00;1,0000;1,030;-;-;54,0;118,0;PZB;False;False;0;-; 0,0; 0,0; 0,0;VDV2: Strecke 3 - Gleis 1 - Strecke 2;0,415000;54053,0;  0,0;3189,5;  0,0;1,030;1,00;1,00;"80 0622-19.0;";0;PZB fallend;;;False;PZB fallend;False;00:36:58;00:36:58;-;-;False;-;-;2218;2218
7939;PZB fallend;0/00:37:00;0/00:37:00;00:37;00:37;00:37;00:37;-;51,55;50,05;80,00;-;80,00;130,00;V;-;VDV2 22.115  Zugschlussstelle, Fallend, Fahrstraße, Fa=3.00s, SvL; Ref(7885)=<VDV2|22,115/+0|ZSS||1>  Ende(7939)=<VDV2|22,115/+0|ZSS||1> ;VDV2;VDV 2;0/00:06:26;-;140,00;1,0000;1,030;-;-;54,0;118,0;PZB;False;False;54;-; 0,0; 0,0; 0,0;VDV2: Strecke 3 - Gleis 1 - Strecke 2;0,414000;54053,0;  0,0;3301,1;  0,0;1,030;1,00;1,00;"80 0622-19.0;";0;PZB fallend;3521;;True;PZB fallend;False;00:37:00;00:37:00;-;-;False;-;Betriebsstellengrenze 3521-0 - Weiche 02W1 A (3521);2220;2220
7940;PZB fallend;0/00:37:00;0/00:37:00;00:37;00:37;00:37;00:37;-;51,65;50,15;80,00;-;80,00;130,00;V;-;Zugsicherungs-Stützstelle;;VDV2;VDV 2;0/00:06:26;-;140,00;1,0000;1,030;-;-;54,0;118,0;PZB;False;False;0;-; 0,0; 0,0; 0,0;VDV2: Strecke 3 - Gleis 1 - Strecke 2;0,414000;54053,0;  0,0;3305,5;  0,0;1,030;1,00;1,00;"80 0622-19.0;";0;PZB fallend;;;False;PZB fallend;False;00:37:00;00:37:00;-;-;False;-;-;2220;2220
7965;PZB fallend;0/00:37:02;0/00:37:02;00:37;00:37;00:37;00:37;-;54,18;52,60;80,00;-;80,00;130,00;V;-;Zugsicherungs-Stützstelle;;VDV2;VDV 2;0/00:06:28;-;140,00;1,0000;1,030;-;-;54,0;118,0;PZB;False;False;0;-; 0,0; 0,0; 0,0;VDV2: Strecke 3 - Gleis 1 - Strecke 2;0,413000;54053,0;  0,0;3420,2;  0,0;1,030;1,00;1,00;"80 0622-19.0;";0;PZB fallend;;;False;PZB fallend;False;00:37:02;00:37:02;-;-;False;-;-;2222;2222
7990;PZB fallend;0/00:37:04;0/00:37:04;00:37;00:37;00:37;00:37;-;56,59;54,94;80,00;-;80,00;130,00;V;-;Zugsicherungs-Stützstelle;;VDV2;VDV 2;0/00:06:29;-;140,00;1,0000;1,030;-;-;54,0;118,0;PZB;False;False;0;-; 0,0; 0,0; 0,0;VDV2: Strecke 3 - Gleis 1 - Strecke 2;0,412000;54053,0;  0,0;3533,4;  0,0;1,030;1,00;1,00;"80 0622-19.0;";0;PZB fallend;;;False;PZB fallend;False;00:37:04;00:37:04;-;-;False;-;-;2224;2224
8015;PZB fallend;0/00:37:05;0/00:37:05;00:37;00:37;00:37;00:37;-;58,90;57,18;80,00;-;80,00;130,00;V;-;Zugsicherungs-Stützstelle;;VDV2;VDV 2;0/00:06:31;-;140,00;1,0000;1,030;-;-;54,0;118,0;PZB;False;False;0;-; 0,0; 0,0; 0,0;VDV2: Strecke 3 - Gleis 1 - Strecke 2;0,411000;54053,0;  0,0;3645,5;  0,0;1,030;1,00;1,00;"80 0622-19.0;";0;PZB fallend;;;False;PZB fallend;False;00:37:05;00:37:05;-;-;False;-;-;2225;2225
8040;PZB fallend;0/00:37:07;0/00:37:07;00:37;00:37;00:37;00:37;-;61,12;59,34;80,00;-;80,00;130,00;V;-;Zugsicherungs-Stützstelle;;VDV2;VDV 2;0/00:06:32;-;140,00;1,0000;1,030;-;-;54,0;118,0;PZB;False;False;0;-; 0,0; 0,0; 0,0;VDV2: Strecke 3 - Gleis 1 - Strecke 2;0,410000;54053,0;  0,0;3756,5;  0,0;1,030;1,00;1,00;"80 0622-19.0;";0;PZB fallend;;;False;PZB fallend;False;00:37:07;00:37:07;-;-;False;-;-;2227;2227
8062;PZB fallend;0/00:37:08;0/00:37:08;00:37;00:37;00:37;00:37;-;63,00;61,17;80,00;-;80,00;130,00;V;-;;;VDV2;VDV 2;0/00:06:34;-;140,00;1,0000;1,030;-;-;54,0;118,0;PZB;False;False;0;-; 0,0; 0,0; 0,0;VDV2: Strecke 3 - Gleis 1 - Strecke 2;0,367000;54053,0;  0,0;3853,1;  0,0;1,030;1,00;1,00;"80 0622-19.0;";0;PZB fallend;;;False;PZB fallend;False;00:37:08;00:37:08;-;-;False;-;-;2228;2228
8065;PZB fallend;0/00:37:08;0/00:37:08;00:37;00:37;00:37;00:37;-;63,23;61,39;80,00;-;80,00;130,00;V;-;Zugsicherungs-Stützstelle;;VDV2;VDV 2;0/00:06:34;-;140,00;1,0000;1,030;-;-;54,0;118,0;PZB;False;False;0;-; 0,0; 0,0; 0,0;VDV2: Strecke 3 - Gleis 1 - Strecke 2;0,362000;52842,5;  0,0;3865,0;  0,0;1,030;1,00;1,00;"80 0622-19.0;";0;PZB fallend;;;False;PZB fallend;False;00:37:08;00:37:08;-;-;False;-;-;2228;2228
8089;PZB fallend;0/00:37:10;0/00:37:10;00:37;00:37;00:37;00:37;-;65,00;63,11;80,00;-;80,00;130,00;V;-;;;VDV2;VDV 2;0/00:06:35;-;140,00;1,0000;1,030;-;-;54,0;118,0;PZB;False;False;0;-; 0,0; 0,0; 0,0;VDV2: Strecke 3 - Gleis 1 - Strecke 2;0,323000;43527,0;  0,0;3958,3;  0,0;1,030;1,00;1,00;"80 0622-19.0;";0;PZB fallend;;;False;PZB fallend;False;00:37:10;00:37:10;-;-;False;-;-;2230;2230
8090;PZB fallend;0/00:37:10;0/00:37:10;00:37;00:37;00:37;00:37;-;65,06;63,17;80,00;-;80,00;130,00;V;-;Zugsicherungs-Stützstelle;;VDV2;VDV 2;0/00:06:35;-;140,00;1,0000;1,030;-;-;54,0;118,0;PZB;False;False;0;-; 0,0; 0,0; 0,0;VDV2: Strecke 3 - Gleis 1 - Strecke 2;0,323000;43524,6;  0,0;3961,5;  0,0;1,030;1,00;1,00;"80 0622-19.0;";0;PZB fallend;;;False;PZB fallend;False;00:37:10;00:37:10;-;-;False;-;-;2230;2230
8115;PZB fallend;0/00:37:11;0/00:37:11;00:37;00:37;00:37;00:37;-;66,65;64,71;80,00;-;80,00;130,00;V;-;Zugsicherungs-Stützstelle;;VDV2;VDV 2;0/00:06:37;-;140,00;1,0000;1,030;-;-;54,0;118,0;PZB;False;False;0;-; 0,0; 0,0; 0,0;VDV2: Strecke 3 - Gleis 1 - Strecke 2;0,322000;43483,3;  0,0;4047,2;  0,0;1,030;1,00;1,00;"80 0622-19.0;";0;PZB fallend;;;False;PZB fallend;False;00:37:11;00:37:11;-;-;False;-;-;2231;2231
8121;PZB fallend;0/00:37:11;0/00:37:11;00:37;00:37;00:37;00:37;-;67,00;65,05;80,00;-;80,00;130,00;V;-;;;VDV2;VDV 2;0/00:06:37;-;140,00;1,0000;1,030;-;-;54,0;118,0;PZB;False;False;0;-; 0,0; 0,0; 0,0;VDV2: Strecke 3 - Gleis 1 - Strecke 2;0,321000;43480,0;  0,0;4066,2;  0,0;1,030;1,00;1,00;"80 0622-19.0;";0;PZB fallend;;;False;PZB fallend;False;00:37:11;00:37:11;-;-;False;-;-;2231;2231
8140;PZB fallend;0/00:37:12;0/00:37:12;00:37;00:37;00:37;00:37;-;68,17;66,18;80,00;-;80,00;130,00;V;-;Zugsicherungs-Stützstelle;;VDV2;VDV 2;0/00:06:38;-;140,00;1,0000;1,030;-;-;54,0;118,0;PZB;False;False;0;-; 0,0; 0,0; 0,0;VDV2: Strecke 3 - Gleis 1 - Strecke 2;0,321000;43460,2;  0,0;4130,6;  0,0;1,030;1,00;1,00;"80 0622-19.0;";0;PZB fallend;;;False;PZB fallend;False;00:37:12;00:37:12;-;-;False;-;-;2232;2232
8154;PZB fallend;0/00:37:13;0/00:37:13;00:37;00:37;00:37;00:37;-;69,00;66,99;80,00;-;80,00;130,00;V;-;;;VDV2;VDV 2;0/00:06:39;-;140,00;1,0000;1,030;-;-;54,0;118,0;PZB;False;False;0;-; 0,0; 0,0; 0,0;VDV2: Strecke 3 - Gleis 1 - Strecke 2;0,320000;43437,0;  0,0;4176,8;  0,0;1,030;1,00;1,00;"80 0622-19.0;";0;PZB fallend;;;False;PZB fallend;False;00:37:13;00:37:13;-;-;False;-;-;2233;2233
8165;PZB fallend;0/00:37:14;0/00:37:14;00:37;00:37;00:37;00:37;-;69,66;67,63;80,00;-;80,00;130,00;V;-;Zugsicherungs-Stützstelle;;VDV2;VDV 2;0/00:06:39;-;140,00;1,0000;1,030;-;-;54,0;118,0;PZB;False;False;0;-; 0,0; 0,0; 0,0;VDV2: Strecke 3 - Gleis 1 - Strecke 2;0,319000;43391,8;  0,0;4213,8;  0,0;1,030;1,00;1,00;"80 0622-19.0;";0;PZB fallend;;;False;PZB fallend;False;00:37:14;00:37:14;-;-;False;-;-;2234;2234
8188;PZB fallend;0/00:37:15;0/00:37:15;00:37;00:37;00:37;00:37;-;71,00;68,93;80,00;-;80,00;130,00;V;-;;;VDV2;VDV 2;0/00:06:40;-;140,00;1,0000;1,030;-;-;54,0;118,0;PZB;False;False;0;-; 0,0; 0,0; 0,0;VDV2: Strecke 3 - Gleis 1 - Strecke 2;0,318000;43312,0;  0,0;4290,0;  0,0;1,030;1,00;1,00;"80 0622-19.0;";0;PZB fallend;;;False;PZB fallend;False;00:37:15;00:37:15;-;-;False;-;-;2235;2235
8190;PZB fallend;0/00:37:15;0/00:37:15;00:37;00:37;00:37;00:37;-;71,12;69,05;80,00;-;80,00;130,00;V;-;Zugsicherungs-Stützstelle;;VDV2;VDV 2;0/00:06:41;-;140,00;1,0000;1,030;-;-;54,0;118,0;PZB;False;False;0;-; 0,0; 0,0; 0,0;VDV2: Strecke 3 - Gleis 1 - Strecke 2;0,317000;43301,8;  0,0;4296,8;  0,0;1,030;1,00;1,00;"80 0622-19.0;";0;PZB fallend;;;False;PZB fallend;False;00:37:15;00:37:15;-;-;False;-;-;2235;2235
8215;PZB fallend;0/00:37:16;0/00:37:16;00:37;00:37;00:37;00:37;-;72,55;70,44;80,00;-;80,00;130,00;V;-;Zugsicherungs-Stützstelle;;VDV2;VDV 2;0/00:06:42;-;140,00;1,0000;1,030;-;-;54,0;118,0;PZB;False;False;0;-; 0,0; 0,0; 0,0;VDV2: Strecke 3 - Gleis 1 - Strecke 2;0,317000;43180,3;  0,0;4379,5;  0,0;1,030;1,00;1,00;"80 0622-19.0;";0;PZB fallend;;;False;PZB fallend;False;00:37:16;00:37:16;-;-;False;-;-;2236;2236
8223;PZB fallend;0/00:37:17;0/00:37:17;00:37;00:37;00:37;00:37;-;73,00;70,87;80,00;-;80,00;130,00;V;-;;;VDV2;VDV 2;0/00:06:42;-;140,00;1,0000;1,030;-;-;54,0;118,0;PZB;False;False;0;-; 0,0; 0,0; 0,0;VDV2: Strecke 3 - Gleis 1 - Strecke 2;0,315000;43142,0;  0,0;4405,8;  0,0;1,030;1,00;1,00;"80 0622-19.0;";0;PZB fallend;;;False;PZB fallend;False;00:37:17;00:37:17;-;-;False;-;-;2237;2237
8240;PZB fallend;0/00:37:18;0/00:37:18;00:37;00:37;00:37;00:37;-;73,95;71,80;80,00;-;80,00;130,00;V;-;Zugsicherungs-Stützstelle;;VDV2;VDV 2;0/00:06:43;-;140,00;1,0000;1,030;-;-;54,0;118,0;PZB;False;False;0;-; 0,0; 0,0; 0,0;VDV2: Strecke 3 - Gleis 1 - Strecke 2;0,315000;43059,1;  0,0;4461,7;  0,0;1,030;1,00;1,00;"80 0622-19.0;";0;PZB fallend;;;False;PZB fallend;False;00:37:18;00:37:18;-;-;False;-;-;2238;2238
8259;PZB fallend;0/00:37:19;0/00:37:19;00:37;00:37;00:37;00:37;-;75,00;72,82;80,00;-;80,00;130,00;V;-;;;VDV2;VDV 2;0/00:06:44;-;140,00;1,0000;1,030;-;-;54,0;118,0;PZB;False;False;0;-; 0,0; 0,0; 0,0;VDV2: Strecke 3 - Gleis 1 - Strecke 2;0,313000;42980,0;  0,0;4524,2;  0,0;1,030;1,00;1,00;"80 0622-19.0;";0;PZB fallend;;;False;PZB fallend;False;00:37:19;00:37:19;-;-;False;-;-;2239;2239
8265;PZB fallend;0/00:37:19;0/00:37:19;00:37;00:37;00:37;00:37;-;75,32;73,13;80,00;-;80,00;130,00;V;-;Zugsicherungs-Stützstelle;;VDV2;VDV 2;0/00:06:44;-;140,00;1,0000;1,030;-;-;54,0;118,0;PZB;False;False;0;-; 0,0; 0,0; 0,0;VDV2: Strecke 3 - Gleis 1 - Strecke 2;0,312000;42963,7;  0,0;4543,4;  0,0;1,030;1,00;1,00;"80 0622-19.0;";0;PZB fallend;;;False;PZB fallend;False;00:37:19;00:37:19;-;-;False;-;-;2239;2239
8290;PZB fallend;0/00:37:20;0/00:37:20;00:37;00:37;00:37;00:37;-;76,65;74,42;80,00;-;80,00;130,00;V;-;Zugsicherungs-Stützstelle;;VDV2;VDV 2;0/00:06:45;-;140,00;1,0000;1,030;-;-;54,0;118,0;PZB;False;False;0;-; 0,0; 0,0; 0,0;VDV2: Strecke 3 - Gleis 1 - Strecke 2;0,312000;42808,4;  0,0;4623,9;  0,0;1,030;1,00;1,00;"80 0622-19.0;";0;PZB fallend;;;False;PZB fallend;False;00:37:20;00:37:20;-;-;False;-;-;2240;2240
8297;PZB fallend;0/00:37:20;0/00:37:20;00:37;00:37;00:37;00:37;-;77,00;74,76;80,00;-;80,00;130,00;V;-;;;VDV2;VDV 2;0/00:06:46;-;140,00;1,0000;1,030;-;-;54,0;118,0;PZB;False;False;0;-; 0,0; 0,0; 0,0;VDV2: Strecke 3 - Gleis 1 - Strecke 2;0,309000;42744,0;  0,0;4645,3;  0,0;1,030;1,00;1,00;"80 0622-19.0;";0;PZB fallend;;;False;PZB fallend;False;00:37:20;00:37:20;-;-;False;-;-;2240;2240
8315;PZB fallend;0/00:37:21;0/00:37:21;00:37;00:37;00:37;00:37;-;77,93;75,66;80,00;-;80,00;130,00;V;-;Zugsicherungs-Stützstelle;;VDV2;VDV 2;0/00:06:47;-;140,00;1,0000;1,030;-;-;54,0;118,0;PZB;False;False;0;-; 0,0; 0,0; 0,0;VDV2: Strecke 3 - Gleis 1 - Strecke 2;0,308000;42559,7;  0,0;4702,5;  0,0;1,030;1,00;1,00;"80 0622-19.0;";0;PZB fallend;;;False;PZB fallend;False;00:37:21;00:37:21;-;-;False;-;-;2241;2241
8336;PZB fallend;0/00:37:22;0/00:37:22;00:37;00:37;00:37;00:37;-;79,00;76,70;80,00;-;80,00;130,00;V;-;;;VDV2;VDV 2;0/00:06:48;-;140,00;1,0000;1,030;-;-;54,0;118,0;PZB;False;False;0;-; 0,0; 0,0; 0,0;VDV2: Strecke 3 - Gleis 1 - Strecke 2;0,306000;42323,0;  0,0;4769,1;  0,0;1,030;1,00;1,00;"80 0622-19.0;";0;PZB fallend;;;False;PZB fallend;False;00:37:22;00:37:22;-;-;False;-;-;2242;2242
8340;PZB fallend;0/00:37:23;0/00:37:23;00:37;00:37;00:37;00:37;-;79,20;76,89;80,00;-;80,00;130,00;V;-;Zugsicherungs-Stützstelle;;VDV2;VDV 2;0/00:06:48;-;140,00;1,0000;1,030;-;-;54,0;118,0;PZB;False;False;0;-; 0,0; 0,0; 0,0;VDV2: Strecke 3 - Gleis 1 - Strecke 2;0,305000;42280,0;  0,0;4781,6;  0,0;1,030;1,00;1,00;"80 0622-19.0;";0;PZB fallend;;;False;PZB fallend;False;00:37:23;00:37:23;-;-;False;-;-;2243;2243
8356;PZB fallend;0/00:37:23;0/00:37:23;00:37;00:37;00:37;00:37;-;80,00;77,67;80,00;-;80,00;130,00;K;-;;;VDV2;VDV 2;0/00:06:48;-;140,00;1,0000;1,030;-;-;54,0;118,0;PZB;False;False;0;-; 0,0; 0,0; 0,0;VDV2: Strecke 3 - Gleis 1 - Strecke 2;0,000000;42110,0;  0,0;4831,9;  0,0;1,030;1,00;1,00;"80 0622-19.0;";0;PZB fallend;;;False;PZB fallend;False;00:37:23;00:37:23;-;-;False;-;-;2243;2243
8365;PZB fallend;0/00:37:24;0/00:37:24;00:37;00:37;00:37;00:37;-;80,00;77,67;80,00;-;80,00;130,00;K;-;Zugsicherungs-Stützstelle;;VDV2;VDV 2;0/00:06:49;-;140,00;1,0000;1,030;-;-;54,0;118,0;PZB;False;False;0;-; 0,0; 0,0; 0,0;VDV2: Strecke 3 - Gleis 1 - Strecke 2;0,000000;42110,0;  0,0;4831,9;  0,0;1,030;1,00;1,00;"80 0622-19.0;";0;PZB fallend;;;False;PZB fallend;False;00:37:24;00:37:24;-;-;False;-;-;2244;2244
8390;PZB fallend;0/00:37:25;0/00:37:25;00:37;00:37;00:37;00:37;-;80,00;77,67;80,00;-;80,00;130,00;K;-;Zugsicherungs-Stützstelle;;VDV2;VDV 2;0/00:06:50;-;140,00;1,0000;1,030;-;-;54,0;118,0;PZB;False;False;0;-; 0,0; 0,0; 0,0;VDV2: Strecke 3 - Gleis 1 - Strecke 2;0,000000;42110,0;  0,0;4831,9;  0,0;1,030;1,00;1,00;"80 0622-19.0;";0;PZB fallend;;;False;PZB fallend;False;00:37:25;00:37:25;-;-;False;-;-;2245;2245
8415;PZB fallend;0/00:37:26;0/00:37:26;00:37;00:37;00:37;00:37;-;80,00;77,67;80,00;-;80,00;130,00;K;-;Zugsicherungs-Stützstelle;;VDV2;VDV 2;0/00:06:51;-;140,00;1,0000;1,030;-;-;54,0;118,0;PZB;False;False;0;-; 0,0; 0,0; 0,0;VDV2: Strecke 3 - Gleis 1 - Strecke 2;0,000000;42110,0;  0,0;4831,9;  0,0;1,030;1,00;1,00;"80 0622-19.0;";0;PZB fallend;;;False;PZB fallend;False;00:37:26;00:37:26;-;-;False;-;-;2246;2246
8440;PZB fallend;0/00:37:27;0/00:37:27;00:37;00:37;00:37;00:37;-;80,00;77,67;80,00;-;80,00;130,00;K;-;Zugsicherungs-Stützstelle;;VDV2;VDV 2;0/00:06:52;-;140,00;1,0000;1,030;-;-;54,0;118,0;PZB;False;False;0;-; 0,0; 0,0; 0,0;VDV2: Strecke 3 - Gleis 1 - Strecke 2;0,000000;42110,0;  0,0;4831,9;  0,0;1,030;1,00;1,00;"80 0622-19.0;";0;PZB fallend;;;False;PZB fallend;False;00:37:27;00:37:27;-;-;False;-;-;2247;2247
8465;PZB fallend;0/00:37:28;0/00:37:28;00:37;00:37;00:37;00:37;-;80,00;77,67;80,00;-;80,00;130,00;K;-;Zugsicherungs-Stützstelle;;VDV2;VDV 2;0/00:06:53;-;140,00;1,0000;1,030;-;-;54,0;118,0;PZB;False;False;0;-; 0,0; 0,0; 0,0;VDV2: Strecke 3 - Gleis 1 - Strecke 2;0,000000;42110,0;  0,0;4831,9;  0,0;1,030;1,00;1,00;"80 0622-19.0;";0;PZB fallend;;;False;PZB fallend;False;00:37:28;00:37:28;-;-;False;-;-;2248;2248
8490;PZB fallend;0/00:37:29;0/00:37:29;00:37;00:37;00:37;00:37;-;80,00;77,67;80,00;-;80,00;130,00;K;-;Zugsicherungs-Stützstelle;;VDV2;VDV 2;0/00:06:54;-;140,00;1,0000;1,030;-;-;54,0;118,0;PZB;False;False;0;-; 0,0; 0,0; 0,0;VDV2: Strecke 3 - Gleis 1 - Strecke 2;0,000000;42110,0;  0,0;4831,9;  0,0;1,030;1,00;1,00;"80 0622-19.0;";0;PZB fallend;;;False;PZB fallend;False;00:37:29;00:37:29;-;-;False;-;-;2249;2249
8515;PZB fallend;0/00:37:31;0/00:37:31;00:38;00:38;00:38;00:38;-;80,00;77,67;80,00;-;80,00;130,00;K;-;Zugsicherungs-Stützstelle;;VDV2;VDV 2;0/00:06:56;-;140,00;1,0000;1,030;-;-;54,0;118,0;PZB;False;False;0;-; 0,0; 0,0; 0,0;VDV2: Strecke 3 - Gleis 1 - Strecke 2;0,000000;42110,0;  0,0;4831,9;  0,0;1,030;1,00;1,00;"80 0622-19.0;";0;PZB fallend;;;False;PZB fallend;False;00:37:31;00:37:31;-;-;False;-;-;2251;2251
8540;PZB fallend;0/00:37:32;0/00:37:32;00:38;00:38;00:38;00:38;-;80,00;77,67;80,00;-;80,00;130,00;K;-;Zugsicherungs-Stützstelle;;VDV2;VDV 2;0/00:06:57;-;140,00;1,0000;1,030;-;-;54,0;118,0;PZB;False;False;0;-; 0,0; 0,0; 0,0;VDV2: Strecke 3 - Gleis 1 - Strecke 2;0,000000;42110,0;  0,0;4831,9;  0,0;1,030;1,00;1,00;"80 0622-19.0;";0;PZB fallend;;;False;PZB fallend;False;00:37:32;00:37:32;-;-;False;-;-;2252;2252
8565;PZB fallend;0/00:37:33;0/00:37:33;00:38;00:38;00:38;00:38;-;80,00;77,67;80,00;-;80,00;130,00;K;-;Zugsicherungs-Stützstelle;;VDV2;VDV 2;0/00:06:58;-;140,00;1,0000;1,030;-;-;54,0;118,0;PZB;False;False;0;-; 0,0; 0,0; 0,0;VDV2: Strecke 3 - Gleis 1 - Strecke 2;0,000000;42110,0;  0,0;4831,9;  0,0;1,030;1,00;1,00;"80 0622-19.0;";0;PZB fallend;;;False;PZB fallend;False;00:37:33;00:37:33;-;-;False;-;-;2253;2253
9500;PZB fallend;0/00:38:16;0/00:38:16;00:38;00:38;00:38;00:38;-;80,00;77,67;80,00;-;80,00;130,00;K;-;VDV2 20.500 3521-0 Betriebsstellengrenze, =>S2 3521-0, Gleis 0;;VDV2;VDV 2;0/00:07:40;-;140,00;1,0000;1,030;-;-;54,0;118,0;PZB;False;False;0;-; 0,0; 0,0; 0,0;VDV2: Strecke 3 - Gleis 1 - Strecke 2;0,000000;42110,0;  0,0;4831,9;  0,0;1,030;1,00;1,00;"80 0622-19.0;";0;PZB fallend;3521;0;True;PZB fallend;False;00:38:16;00:38:16;-;-;False;-;Betriebsstellengrenze 3521-0 - Weiche 02W1 A (3521);2296;2296
9500;PZB fallend;0/00:38:16;0/00:38:16;00:38;00:38;00:38;00:38;-;80,00;77,67;80,00;-;80,00;130,00;K;-;S2 20.500 3521-0 Betriebsstellengrenze, =>VDV2 3521-0, Gleis 0;;S2;Strecke 2;0/00:07:40;-;140,00;1,0000;1,030;-;-;54,0;118,0;PZB;False;False;0;-; 0,0; 0,0; 0,0;S2: VDV 2 - Strecke 2 - VDV 1;0,000000;42110,0;  0,0;4831,9;  0,0;1,030;1,00;1,00;"80 0622-19.0;";0;PZB fallend;3521;0;True;PZB fallend;False;00:38:16;00:38:16;-;-;False;-;Betriebsstellengrenze 3521-0 - Betriebsstellengrenze 3521-0 (3521);2296;2296
15000;PZB fallend;0/00:42:31;0/00:42:31;00:43;00:43;00:43;00:43;-;80,00;77,67;80,00;-;80,00;130,00;K;-;S2 15.000 Streckengleis Fahrzeitmesspunkt, Beide Richtungen, BS-Mitte;;S2;Strecke 2;0/00:11:47;00:42:31;140,00;1,0000;1,030;-;-;54,0;118,0;PZB;False;False;0;-; 0,0; 0,0; 0,0;S2: VDV 2 - Strecke 2 - VDV 1;0,000000;42110,0;  0,0;4831,9;  0,0;1,030;1,00;1,00;"80 0622-19.0;";0;PZB fallend;3521;;True;PZB fallend;False;00:42:31;00:42:31;-;-;False;-;Betriebsstellengrenze 3521-0 - Betriebsstellengrenze 3521-0 (3521);2551;2551
20500;PZB fallend;0/00:46:46;0/00:46:46;00:47;00:47;00:47;00:47;-;80,00;77,67;80,00;-;80,00;130,00;K;-;S2 9.500 3521-0 Betriebsstellengrenze, =>VDV1 3521-0, Gleis 0;;S2;Strecke 2;0/00:15:55;-;140,00;1,0000;1,030;-;-;54,0;118,0;PZB;False;False;0;-; 0,0; 0,0; 0,0;S2: VDV 2 - Strecke 2 - VDV 1;0,000000;42110,0;  0,0;4831,9;  0,0;1,030;1,00;1,00;"80 0622-19.0;";0;PZB fallend;3521;0;True;PZB fallend;False;00:46:46;00:46:46;-;-;False;-;Betriebsstellengrenze 3521-0 - Betriebsstellengrenze 3521-0 (3521);2806;2806
20500;PZB fallend;0/00:46:46;0/00:46:46;00:47;00:47;00:47;00:47;-;80,00;77,67;80,00;-;80,00;130,00;K;-;VDV1 9.500 3521-0 Betriebsstellengrenze, =>S2 3521-0, Gleis 0;;VDV1;VDV 1;0/00:15:55;-;140,00;1,0000;1,030;-;-;54,0;118,0;PZB;False;False;0;-; 0,0; 0,0; 0,0;VDV1: Strecke 2 - Gleis 2 - Strecke 1;0,000000;42110,0;  0,0;4831,9;  0,0;1,030;1,00;1,00;"80 0622-19.0;";0;PZB fallend;3521;0;True;PZB fallend;False;00:46:46;00:46:46;-;-;False;-;Weiche 01W2 A - Betriebsstellengrenze 3521-0 (3521);2806;2806
21365;PZB fallend;0/00:47:26;0/00:47:26;00:47;00:47;00:47;00:47;-;80,00;77,67;80,00;-;80,00;130,00;K;-;VDV1 8.635 01Vf Vorsignal, Fallend, Fb=9s, KS-Signal; Ref(22065)=<VDV1|7,935/+0|HS|01F|1>  Anfang(21365)=<VDV1|8,635/+0|VS|01Vf|1> ;VDV1;VDV 1;0/00:16:34;-;140,00;1,0000;1,030;-;-;54,0;118,0;PZB;False;False;0;-; 0,0; 0,0; 0,0;VDV1: Strecke 2 - Gleis 2 - Strecke 1;0,000000;42110,0;  0,0;4831,9;  0,0;1,030;1,00;1,00;"80 0622-19.0;";0;PZB fallend;3521;;True;PZB fallend;False;00:47:26;00:47:26;-;-;False;-;Weiche 01W2 A - Betriebsstellengrenze 3521-0 (3521);2846;2846
21365;PZB fallend;0/00:47:26;0/00:47:26;00:47;00:47;00:47;00:47;-;80,00;77,67;80,00;165,00;80,00;130,00;K;-;VDV1 -692.140 1000Hz Punktbeeinflussung, Fallend, Konventionell, kennung=1000; Ref(22065)=<VDV1|7,935/+0|HS|01F|1> ;VDV1;VDV 1;0/00:16:34;-;140,00;1,0000;1,030;-;-;54,0;118,0;PZB;False;False;0;-; 0,0; 0,0; 0,0;VDV1: Strecke 2 - Gleis 2 - Strecke 1;0,000000;42110,0;  0,0;4831,9;  0,0;1,030;1,00;1,00;"80 0622-19.0;";0;PZB fallend;3521;;True;PZB fallend;False;00:47:26;00:47:26;-;-;False;-;Weiche 01W2 A - Betriebsstellengrenze 3521-0 (3521);2846;2846
21390;PZB fallend;0/00:47:27;0/00:47:27;00:47;00:47;00:47;00:47;-;80,00;77,67;80,00;165,00;80,00;130,00;K;-;Zugsicherungs-Stützstelle;;VDV1;VDV 1;0/00:16:35;-;140,00;1,0000;1,030;-;-;54,0;118,0;PZB;False;False;0;-; 0,0; 0,0; 0,0;VDV1: Strecke 2 - Gleis 2 - Strecke 1;0,000000;42110,0;  0,0;4831,9;  0,0;1,030;1,00;1,00;"80 0622-19.0;";0;PZB fallend;;;False;PZB fallend;False;00:47:27;00:47:27;-;-;False;-;-;2847;2847
21415;PZB fallend;0/00:47:29;0/00:47:29;00:47;00:47;00:47;00:47;-;80,00;77,67;80,00;165,00;80,00;130,00;K;-;Zugsicherungs-Stützstelle;;VDV1;VDV 1;0/00:16:36;-;140,00;1,0000;1,030;-;-;54,0;118,0;PZB;False;False;0;-; 0,0; 0,0; 0,0;VDV1: Strecke 2 - Gleis 2 - Strecke 1;0,000000;42110,0;  0,0;4831,9;  0,0;1,030;1,00;1,00;"80 0622-19.0;";0;PZB fallend;;;False;PZB fallend;False;00:47:29;00:47:29;-;-;False;-;-;2849;2849
21440;PZB fallend;0/00:47:30;0/00:47:30;00:48;00:48;00:48;00:48;-;80,00;77,67;80,00;161,20;80,00;130,00;K;-;Zugsicherungs-Stützstelle;;VDV1;VDV 1;0/00:16:37;-;140,00;1,0000;1,030;-;-;54,0;118,0;PZB;False;False;0;-; 0,0; 0,0; 0,0;VDV1: Strecke 2 - Gleis 2 - Strecke 1;0,000000;42110,0;  0,0;4831,9;  0,0;1,030;1,00;1,00;"80 0622-19.0;";0;PZB fallend;;;False;PZB fallend;False;00:47:30;00:47:30;-;-;False;-;-;2850;2850
21465;PZB fallend;0/00:47:31;0/00:47:31;00:48;00:48;00:48;00:48;-;80,00;77,67;80,00;156,70;80,00;130,00;K;-;Zugsicherungs-Stützstelle;;VDV1;VDV 1;0/00:16:38;-;140,00;1,0000;1,030;-;-;54,0;118,0;PZB;False;False;0;-; 0,0; 0,0; 0,0;VDV1: Strecke 2 - Gleis 2 - Strecke 1;0,000000;42110,0;  0,0;4831,9;  0,0;1,030;1,00;1,00;"80 0622-19.0;";0;PZB fallend;;;False;PZB fallend;False;00:47:31;00:47:31;-;-;False;-;-;2851;2851
21490;PZB fallend;0/00:47:32;0/00:47:32;00:48;00:48;00:48;00:48;-;80,00;77,67;80,00;152,10;80,00;130,00;K;-;Zugsicherungs-Stützstelle;;VDV1;VDV 1;0/00:16:39;-;140,00;1,0000;1,030;-;-;54,0;118,0;PZB;False;False;0;-; 0,0; 0,0; 0,0;VDV1: Strecke 2 - Gleis 2 - Strecke 1;0,000000;42110,0;  0,0;4831,9;  0,0;1,030;1,00;1,00;"80 0622-19.0;";0;PZB fallend;;;False;PZB fallend;False;00:47:32;00:47:32;-;-;False;-;-;2852;2852
21515;PZB fallend;0/00:47:33;0/00:47:33;00:48;00:48;00:48;00:48;-;80,00;77,67;80,00;147,60;80,00;130,00;K;-;Zugsicherungs-Stützstelle;;VDV1;VDV 1;0/00:16:41;-;140,00;1,0000;1,030;-;-;54,0;118,0;PZB;False;False;0;-; 0,0; 0,0; 0,0;VDV1: Strecke 2 - Gleis 2 - Strecke 1;0,000000;42110,0;  0,0;4831,9;  0,0;1,030;1,00;1,00;"80 0622-19.0;";0;PZB fallend;;;False;PZB fallend;False;00:47:33;00:47:33;-;-;False;-;-;2853;2853
21540;PZB fallend;0/00:47:34;0/00:47:34;00:48;00:48;00:48;00:48;-;80,00;77,67;80,00;143,10;80,00;130,00;K;-;Zugsicherungs-Stützstelle;;VDV1;VDV 1;0/00:16:42;-;140,00;1,0000;1,030;-;-;54,0;118,0;PZB;False;False;0;-; 0,0; 0,0; 0,0;VDV1: Strecke 2 - Gleis 2 - Strecke 1;0,000000;42110,0;  0,0;4831,9;  0,0;1,030;1,00;1,00;"80 0622-19.0;";0;PZB fallend;;;False;PZB fallend;False;00:47:34;00:47:34;-;-;False;-;-;2854;2854
21565;PZB fallend;0/00:47:36;0/00:47:36;00:48;00:48;00:48;00:48;-;80,00;77,67;80,00;138,60;80,00;130,00;K;-;Zugsicherungs-Stützstelle;;VDV1;VDV 1;0/00:16:43;-;140,00;1,0000;1,030;-;-;54,0;118,0;PZB;False;False;0;-; 0,0; 0,0; 0,0;VDV1: Strecke 2 - Gleis 2 - Strecke 1;0,000000;42110,0;  0,0;4831,9;  0,0;1,030;1,00;1,00;"80 0622-19.0;";0;PZB fallend;;;False;PZB fallend;False;00:47:36;00:47:36;-;-;False;-;-;2856;2856
21590;PZB fallend;0/00:47:37;0/00:47:37;00:48;00:48;00:48;00:48;-;80,00;77,67;80,00;134,10;80,00;130,00;K;-;Zugsicherungs-Stützstelle;;VDV1;VDV 1;0/00:16:44;-;140,00;1,0000;1,030;-;-;54,0;118,0;PZB;False;False;0;-; 0,0; 0,0; 0,0;VDV1: Strecke 2 - Gleis 2 - Strecke 1;0,000000;42110,0;  0,0;4831,9;  0,0;1,030;1,00;1,00;"80 0622-19.0;";0;PZB fallend;;;False;PZB fallend;False;00:47:37;00:47:37;-;-;False;-;-;2857;2857
21615;PZB fallend;0/00:47:38;0/00:47:38;00:48;00:48;00:48;00:48;-;80,00;77,67;80,00;129,50;80,00;130,00;K;-;Zugsicherungs-Stützstelle;;VDV1;VDV 1;0/00:16:45;-;140,00;1,0000;1,030;-;-;54,0;118,0;PZB;False;False;0;-; 0,0; 0,0; 0,0;VDV1: Strecke 2 - Gleis 2 - Strecke 1;0,000000;42110,0;  0,0;4831,9;  0,0;1,030;1,00;1,00;"80 0622-19.0;";0;PZB fallend;;;False;PZB fallend;False;00:47:38;00:47:38;-;-;False;-;-;2858;2858
21640;PZB fallend;0/00:47:39;0/00:47:39;00:48;00:48;00:48;00:48;-;80,00;77,67;80,00;125,00;80,00;130,00;K;-;Zugsicherungs-Stützstelle;;VDV1;VDV 1;0/00:16:46;-;140,00;1,0000;1,030;-;-;54,0;118,0;PZB;False;False;0;-; 0,0; 0,0; 0,0;VDV1: Strecke 2 - Gleis 2 - Strecke 1;0,000000;42110,0;  0,0;4831,9;  0,0;1,030;1,00;1,00;"80 0622-19.0;";0;PZB fallend;;;False;PZB fallend;False;00:47:39;00:47:39;-;-;False;-;-;2859;2859
21665;PZB fallend;0/00:47:40;0/00:47:40;00:48;00:48;00:48;00:48;-;80,00;77,67;80,00;120,50;80,00;130,00;K;-;Zugsicherungs-Stützstelle;;VDV1;VDV 1;0/00:16:47;-;140,00;1,0000;1,030;-;-;54,0;118,0;PZB;False;False;0;-; 0,0; 0,0; 0,0;VDV1: Strecke 2 - Gleis 2 - Strecke 1;0,000000;42110,0;  0,0;4831,9;  0,0;1,030;1,00;1,00;"80 0622-19.0;";0;PZB fallend;;;False;PZB fallend;False;00:47:40;00:47:40;-;-;False;-;-;2860;2860
21690;PZB fallend;0/00:47:41;0/00:47:41;00:48;00:48;00:48;00:48;-;80,00;77,67;80,00;116,00;80,00;130,00;K;-;Zugsicherungs-Stützstelle;;VDV1;VDV 1;0/00:16:48;-;140,00;1,0000;1,030;-;-;54,0;118,0;PZB;False;False;0;-; 0,0; 0,0; 0,0;VDV1: Strecke 2 - Gleis 2 - Strecke 1;0,000000;42110,0;  0,0;4831,9;  0,0;1,030;1,00;1,00;"80 0622-19.0;";0;PZB fallend;;;False;PZB fallend;False;00:47:41;00:47:41;-;-;False;-;-;2861;2861
21715;PZB fallend;0/00:47:42;0/00:47:42;00:48;00:48;00:48;00:48;-;80,00;77,67;80,00;111,40;80,00;130,00;K;-;Zugsicherungs-Stützstelle;;VDV1;VDV 1;0/00:16:50;-;140,00;1,0000;1,030;-;-;54,0;118,0;PZB;False;False;0;-; 0,0; 0,0; 0,0;VDV1: Strecke 2 - Gleis 2 - Strecke 1;0,000000;42110,0;  0,0;4831,9;  0,0;1,030;1,00;1,00;"80 0622-19.0;";0;PZB fallend;;;False;PZB fallend;False;00:47:42;00:47:42;-;-;False;-;-;2862;2862
21740;PZB fallend;0/00:47:44;0/00:47:44;00:48;00:48;00:48;00:48;-;80,00;77,67;80,00;106,90;80,00;130,00;K;-;Zugsicherungs-Stützstelle;;VDV1;VDV 1;0/00:16:51;-;140,00;1,0000;1,030;-;-;54,0;118,0;PZB;False;False;0;-; 0,0; 0,0; 0,0;VDV1: Strecke 2 - Gleis 2 - Strecke 1;0,000000;42110,0;  0,0;4831,9;  0,0;1,030;1,00;1,00;"80 0622-19.0;";0;PZB fallend;;;False;PZB fallend;False;00:47:44;00:47:44;-;-;False;-;-;2864;2864
21765;PZB fallend;0/00:47:45;0/00:47:45;00:48;00:48;00:48;00:48;-;80,00;77,67;80,00;102,40;80,00;130,00;K;-;Zugsicherungs-Stützstelle;;VDV1;VDV 1;0/00:16:52;-;140,00;1,0000;1,030;-;-;54,0;118,0;PZB;False;False;0;-; 0,0; 0,0; 0,0;VDV1: Strecke 2 - Gleis 2 - Strecke 1;0,000000;42110,0;  0,0;4831,9;  0,0;1,030;1,00;1,00;"80 0622-19.0;";0;PZB fallend;;;False;PZB fallend;False;00:47:45;00:47:45;-;-;False;-;-;2865;2865
21790;PZB fallend;0/00:47:46;0/00:47:46;00:48;00:48;00:48;00:48;-;80,00;77,67;80,00;97,90;80,00;130,00;K;-;Zugsicherungs-Stützstelle;;VDV1;VDV 1;0/00:16:53;-;140,00;1,0000;1,030;-;-;54,0;118,0;PZB;False;False;0;-; 0,0; 0,0; 0,0;VDV1: Strecke 2 - Gleis 2 - Strecke 1;0,000000;42110,0;  0,0;4831,9;  0,0;1,030;1,00;1,00;"80 0622-19.0;";0;PZB fallend;;;False;PZB fallend;False;00:47:46;00:47:46;-;-;False;-;-;2866;2866
21815;PZB fallend;0/00:47:47;0/00:47:47;00:48;00:48;00:48;00:48;-;80,00;77,67;80,00;93,40;80,00;130,00;K;-;VDV1 8.185  Punktbeeinflussung, Fallend, Konventionell, kennung=500; Ref(22065)=<VDV1|7,935/+0|HS|01F|1> ;VDV1;VDV 1;0/00:16:54;-;140,00;1,0000;1,030;-;-;54,0;118,0;PZB;False;False;0;-; 0,0; 0,0; 0,0;VDV1: Strecke 2 - Gleis 2 - Strecke 1;0,000000;42110,0;  0,0;4831,9;  0,0;1,030;1,00;1,00;"80 0622-19.0;";0;PZB fallend;3521;;True;PZB fallend;False;00:47:47;00:47:47;-;-;False;-;Weiche 01W2 A - Betriebsstellengrenze 3521-0 (3521);2867;2867
21825;PZB fallend;0/00:47:48;0/00:47:48;00:48;00:48;00:48;00:48;-;80,00;77,67;80,00;91,60;80,00;130,00;K;-;Zugsicherungs-Stützstelle;;VDV1;VDV 1;0/00:16:55;-;140,00;1,0000;1,030;-;-;54,0;118,0;PZB;False;False;0;-; 0,0; 0,0; 0,0;VDV1: Strecke 2 - Gleis 2 - Strecke 1;0,000000;42110,0;  0,0;4831,9;  0,0;1,030;1,00;1,00;"80 0622-19.0;";0;PZB fallend;;;False;PZB fallend;False;00:47:48;00:47:48;-;-;False;-;-;2868;2868
21835;PZB fallend;0/00:47:48;0/00:47:48;00:48;00:48;00:48;00:48;-;80,00;77,67;80,00;89,70;80,00;130,00;K;-;Zugsicherungs-Stützstelle;;VDV1;VDV 1;0/00:16:55;-;140,00;1,0000;1,030;-;-;54,0;118,0;PZB;False;False;0;-; 0,0; 0,0; 0,0;VDV1: Strecke 2 - Gleis 2 - Strecke 1;0,000000;42110,0;  0,0;4831,9;  0,0;1,030;1,00;1,00;"80 0622-19.0;";0;PZB fallend;;;False;PZB fallend;False;00:47:48;00:47:48;-;-;False;-;-;2868;2868
21840;PZB fallend;0/00:47:48;0/00:47:48;00:48;00:48;00:48;00:48;-;80,00;77,67;80,00;88,80;80,00;130,00;K;-;Zugsicherungs-Stützstelle;;VDV1;VDV 1;0/00:16:55;-;140,00;1,0000;1,030;-;-;54,0;118,0;PZB;False;False;0;-; 0,0; 0,0; 0,0;VDV1: Strecke 2 - Gleis 2 - Strecke 1;0,000000;42110,0;  0,0;4831,9;  0,0;1,030;1,00;1,00;"80 0622-19.0;";0;PZB fallend;;;False;PZB fallend;False;00:47:48;00:47:48;-;-;False;-;-;2868;2868
21845;PZB fallend;0/00:47:48;0/00:47:48;00:48;00:48;00:48;00:48;-;80,00;77,67;80,00;87,90;80,00;130,00;K;-;Zugsicherungs-Stützstelle;;VDV1;VDV 1;0/00:16:55;-;140,00;1,0000;1,030;-;-;54,0;118,0;PZB;False;False;0;-; 0,0; 0,0; 0,0;VDV1: Strecke 2 - Gleis 2 - Strecke 1;0,000000;42110,0;  0,0;4831,9;  0,0;1,030;1,00;1,00;"80 0622-19.0;";0;PZB fallend;;;False;PZB fallend;False;00:47:48;00:47:48;-;-;False;-;-;2868;2868
21855;PZB fallend;0/00:47:49;0/00:47:49;00:48;00:48;00:48;00:48;-;80,00;77,67;80,00;86,10;80,00;130,00;K;-;Zugsicherungs-Stützstelle;;VDV1;VDV 1;0/00:16:56;-;140,00;1,0000;1,030;-;-;54,0;118,0;PZB;False;False;0;-; 0,0; 0,0; 0,0;VDV1: Strecke 2 - Gleis 2 - Strecke 1;0,000000;42110,0;  0,0;4831,9;  0,0;1,030;1,00;1,00;"80 0622-19.0;";0;PZB fallend;;;False;PZB fallend;False;00:47:49;00:47:49;-;-;False;-;-;2869;2869
21865;PZB fallend;0/00:47:49;0/00:47:49;00:48;00:48;00:48;00:48;-;80,00;77,67;80,00;-;80,00;130,00;K;-;Zugsicherungs-Stützstelle;;VDV1;VDV 1;0/00:16:56;-;140,00;1,0000;1,030;-;-;54,0;118,0;PZB;False;False;0;-; 0,0; 0,0; 0,0;VDV1: Strecke 2 - Gleis 2 - Strecke 1;0,000000;42110,0;  0,0;4831,9;  0,0;1,030;1,00;1,00;"80 0622-19.0;";0;PZB fallend;;;False;PZB fallend;False;00:47:49;00:47:49;-;-;False;-;-;2869;2869
21875;PZB fallend;0/00:47:50;0/00:47:50;00:48;00:48;00:48;00:48;-;80,00;77,67;80,00;-;80,00;130,00;K;-;Zugsicherungs-Stützstelle;;VDV1;VDV 1;0/00:16:57;-;140,00;1,0000;1,030;-;-;54,0;118,0;PZB;False;False;0;-; 0,0; 0,0; 0,0;VDV1: Strecke 2 - Gleis 2 - Strecke 1;0,000000;42110,0;  0,0;4831,9;  0,0;1,030;1,00;1,00;"80 0622-19.0;";0;PZB fallend;;;False;PZB fallend;False;00:47:50;00:47:50;-;-;False;-;-;2870;2870
21885;PZB fallend;0/00:47:50;0/00:47:50;00:48;00:48;00:48;00:48;-;80,00;77,67;80,00;-;80,00;130,00;K;-;Zugsicherungs-Stützstelle;;VDV1;VDV 1;0/00:16:57;-;140,00;1,0000;1,030;-;-;54,0;118,0;PZB;False;False;0;-; 0,0; 0,0; 0,0;VDV1: Strecke 2 - Gleis 2 - Strecke 1;0,000000;42110,0;  0,0;4831,9;  0,0;1,030;1,00;1,00;"80 0622-19.0;";0;PZB fallend;;;False;PZB fallend;False;00:47:50;00:47:50;-;-;False;-;-;2870;2870
21890;PZB fallend;0/00:47:51;0/00:47:51;00:48;00:48;00:48;00:48;-;80,00;77,67;80,00;-;80,00;130,00;K;-;Zugsicherungs-Stützstelle;;VDV1;VDV 1;0/00:16:57;-;140,00;1,0000;1,030;-;-;54,0;118,0;PZB;False;False;0;-; 0,0; 0,0; 0,0;VDV1: Strecke 2 - Gleis 2 - Strecke 1;0,000000;42110,0;  0,0;4831,9;  0,0;1,030;1,00;1,00;"80 0622-19.0;";0;PZB fallend;;;False;PZB fallend;False;00:47:51;00:47:51;-;-;False;-;-;2871;2871
21895;PZB fallend;0/00:47:51;0/00:47:51;00:48;00:48;00:48;00:48;-;80,00;77,67;80,00;-;80,00;130,00;K;-;Zugsicherungs-Stützstelle;;VDV1;VDV 1;0/00:16:58;-;140,00;1,0000;1,030;-;-;54,0;118,0;PZB;False;False;0;-; 0,0; 0,0; 0,0;VDV1: Strecke 2 - Gleis 2 - Strecke 1;0,000000;42110,0;  0,0;4831,9;  0,0;1,030;1,00;1,00;"80 0622-19.0;";0;PZB fallend;;;False;PZB fallend;False;00:47:51;00:47:51;-;-;False;-;-;2871;2871
21905;PZB fallend;0/00:47:51;0/00:47:51;00:48;00:48;00:48;00:48;-;80,00;77,67;80,00;-;80,00;130,00;K;-;Zugsicherungs-Stützstelle;;VDV1;VDV 1;0/00:16:58;-;140,00;1,0000;1,030;-;-;54,0;118,0;PZB;False;False;0;-; 0,0; 0,0; 0,0;VDV1: Strecke 2 - Gleis 2 - Strecke 1;0,000000;42110,0;  0,0;4831,9;  0,0;1,030;1,00;1,00;"80 0622-19.0;";0;PZB fallend;;;False;PZB fallend;False;00:47:51;00:47:51;-;-;False;-;-;2871;2871
21911;PZB fallend;0/00:47:52;0/00:47:52;00:48;00:48;00:48;00:48;-;80,00;77,67;80,00;-;80,00;130,00;K;-;;;VDV1;VDV 1;0/00:16:58;-;140,00;1,0000;1,030;-;-;54,0;118,0;PZB;False;False;0;-; 0,0; 0,0; 0,0;VDV1: Strecke 2 - Gleis 2 - Strecke 1;-0,700000;42110,0;  0,0;4831,9;  0,0;1,030;1,00;1,00;"80 0622-19.0;";0;PZB fallend;;;False;PZB fallend;False;00:47:52;00:47:52;-;-;False;-;-;2872;2872
21915;PZB fallend;0/00:47:52;0/00:47:52;00:48;00:48;00:48;00:48;-;79,51;77,19;80,00;-;80,00;130,00;B;-;Zugsicherungs-Stützstelle;;VDV1;VDV 1;0/00:16:59;-;140,00;1,0000;1,030;-;-;54,0;118,0;PZB;False;False;0;-; 0,0; 0,0; 0,0;VDV1: Strecke 2 - Gleis 2 - Strecke 1;-0,700000;42213,7;  0,0;4801,0;  0,0;1,030;1,00;1,00;"80 0622-19.0;";0;PZB fallend;;;False;PZB fallend;False;00:47:52;00:47:52;-;-;False;-;-;2872;2872
21925;PZB fallend;0/00:47:52;0/00:47:52;00:48;00:48;00:48;00:48;-;78,36;76,08;80,00;-;80,00;130,00;B;-;Zugsicherungs-Stützstelle;;VDV1;VDV 1;0/00:16:59;-;140,00;1,0000;1,030;-;-;54,0;118,0;PZB;False;False;0;-; 0,0; 0,0; 0,0;VDV1: Strecke 2 - Gleis 2 - Strecke 1;-0,700000;42467,7;  0,0;4729,2;  0,0;1,030;1,00;1,00;"80 0622-19.0;";0;PZB fallend;;;False;PZB fallend;False;00:47:52;00:47:52;-;-;False;-;-;2872;2872
21935;PZB fallend;0/00:47:53;0/00:47:53;00:48;00:48;00:48;00:48;-;77,19;74,94;80,00;-;80,00;130,00;B;-;Zugsicherungs-Stützstelle;;VDV1;VDV 1;0/00:17:00;-;140,00;1,0000;1,030;-;-;54,0;118,0;PZB;False;False;0;-; 0,0; 0,0; 0,0;VDV1: Strecke 2 - Gleis 2 - Strecke 1;-0,700000;42708,0;  0,0;4657,0;  0,0;1,030;1,00;1,00;"80 0622-19.0;";0;PZB fallend;;;False;PZB fallend;False;00:47:53;00:47:53;-;-;False;-;-;2873;2873
21940;PZB fallend;0/00:47:53;0/00:47:53;00:48;00:48;00:48;00:48;-;76,60;74,37;80,00;-;80,00;130,00;B;-;Zugsicherungs-Stützstelle;;VDV1;VDV 1;0/00:17:00;-;140,00;1,0000;1,030;-;-;54,0;118,0;PZB;False;False;0;-; 0,0; 0,0; 0,0;VDV1: Strecke 2 - Gleis 2 - Strecke 1;-0,700000;42816,8;  0,0;4620,9;  0,0;1,030;1,00;1,00;"80 0622-19.0;";0;PZB fallend;;;False;PZB fallend;False;00:47:53;00:47:53;-;-;False;-;-;2873;2873
21945;PZB fallend;0/00:47:53;0/00:47:53;00:48;00:48;00:48;00:48;-;76,01;73,80;80,00;-;80,00;130,00;B;-;Zugsicherungs-Stützstelle;;VDV1;VDV 1;0/00:17:00;-;140,00;1,0000;1,030;-;-;54,0;118,0;PZB;False;False;0;-; 0,0; 0,0; 0,0;VDV1: Strecke 2 - Gleis 2 - Strecke 1;-0,700000;42900,8;  0,0;4585,1;  0,0;1,030;1,00;1,00;"80 0622-19.0;";0;PZB fallend;;;False;PZB fallend;False;00:47:53;00:47:53;-;-;False;-;-;2873;2873
21955;PZB fallend;0/00:47:54;0/00:47:54;00:48;00:48;00:48;00:48;-;74,81;72,63;80,00;-;80,00;130,00;B;-;Zugsicherungs-Stützstelle;;VDV1;VDV 1;0/00:17:00;-;140,00;1,0000;1,030;-;-;54,0;118,0;PZB;False;False;0;-; 0,0; 0,0; 0,0;VDV1: Strecke 2 - Gleis 2 - Strecke 1;-0,700000;42993,3;  0,0;4512,9;  0,0;1,030;1,00;1,00;"80 0622-19.0;";0;PZB fallend;;;False;PZB fallend;False;00:47:54;00:47:54;-;-;False;-;-;2874;2874
21965;PZB fallend;0/00:47:54;0/00:47:54;00:48;00:48;00:48;00:48;-;73,59;71,45;80,00;-;80,00;130,00;B;-;Zugsicherungs-Stützstelle;;VDV1;VDV 1;0/00:17:01;-;140,00;1,0000;1,030;-;-;54,0;118,0;PZB;False;False;0;-; 0,0; 0,0; 0,0;VDV1: Strecke 2 - Gleis 2 - Strecke 1;-0,700000;43089,2;  0,0;4440,5;  0,0;1,030;1,00;1,00;"80 0622-19.0;";0;PZB fallend;;;False;PZB fallend;False;00:47:54;00:47:54;-;-;False;-;-;2874;2874
21968;PZB fallend;0/00:47:54;0/00:47:54;00:48;00:48;00:48;00:48;-;73,22;71,09;80,00;-;80,00;130,00;B;-;Zugsicherungs-Stützstelle;;VDV1;VDV 1;0/00:17:01;-;140,00;1,0000;1,030;-;-;54,0;118,0;PZB;False;False;0;-; 0,0; 0,0; 0,0;VDV1: Strecke 2 - Gleis 2 - Strecke 1;-0,700000;43121,8;  0,0;4418,7;  0,0;1,030;1,00;1,00;"80 0622-19.0;";0;PZB fallend;;;False;PZB fallend;False;00:47:54;00:47:54;-;-;False;-;-;2874;2874
21990;PZB fallend;0/00:47:55;0/00:47:55;00:48;00:48;00:48;00:48;-;70,44;68,39;80,00;-;80,00;130,00;B;-;Zugsicherungs-Stützstelle;;VDV1;VDV 1;0/00:17:02;-;140,00;1,0000;1,030;-;-;54,0;118,0;PZB;False;False;0;-; 0,0; 0,0; 0,0;VDV1: Strecke 2 - Gleis 2 - Strecke 1;-0,700000;43343,4;  0,0;4258,0;  0,0;1,030;1,00;1,00;"80 0622-19.0;";0;PZB fallend;;;False;PZB fallend;False;00:47:55;00:47:55;-;-;False;-;-;2875;2875
22015;PZB fallend;0/00:47:57;0/00:47:57;00:48;00:48;00:48;00:48;-;67,14;65,18;80,00;-;80,00;130,00;B;-;Zugsicherungs-Stützstelle;;VDV1;VDV 1;0/00:17:04;-;140,00;1,0000;1,030;-;-;54,0;118,0;PZB;False;False;0;-; 0,0; 0,0; 0,0;VDV1: Strecke 2 - Gleis 2 - Strecke 1;-0,700000;43478,4;  0,0;4073,9;  0,0;1,030;1,00;1,00;"80 0622-19.0;";0;PZB fallend;;;False;PZB fallend;False;00:47:57;00:47:57;-;-;False;-;-;2877;2877
22020;PZB fallend;0/00:47:57;0/00:47:57;00:48;00:48;00:48;00:48;-;66,46;64,52;80,00;-;80,00;130,00;B;-;Zugsicherungs-Stützstelle;;VDV1;VDV 1;0/00:17:04;-;140,00;1,0000;1,030;-;-;54,0;118,0;PZB;False;False;0;-; 0,0; 0,0; 0,0;VDV1: Strecke 2 - Gleis 2 - Strecke 1;-0,700000;43486,0;  0,0;4036,8;  0,0;1,030;1,00;1,00;"80 0622-19.0;";0;PZB fallend;;;False;PZB fallend;False;00:47:57;00:47:57;-;-;False;-;-;2877;2877
22040;PZB fallend;0/00:47:58;0/00:47:58;00:48;00:48;00:48;00:48;-;63,67;61,82;80,00;-;80,00;130,00;B;-;Zugsicherungs-Stützstelle;;VDV1;VDV 1;0/00:17:05;-;140,00;1,0000;1,030;-;-;54,0;118,0;PZB;False;False;0;-; 0,0; 0,0; 0,0;VDV1: Strecke 2 - Gleis 2 - Strecke 1;-0,700000;50526,8;  0,0;3888,0;  0,0;1,030;1,00;1,00;"80 0622-19.0;";0;PZB fallend;;;False;PZB fallend;False;00:47:58;00:47:58;-;-;False;-;-;2878;2878
22060;PZB fallend;0/00:47:59;0/00:47:59;00:48;00:48;00:48;00:48;-;60,75;58,98;80,00;-;80,00;130,00;K;-;Zugsicherungs-Stützstelle;;VDV1;VDV 1;0/00:17:06;-;140,00;1,0000;1,030;-;-;54,0;118,0;PZB;False;False;0;-; 0,0; 0,0; 0,0;VDV1: Strecke 2 - Gleis 2 - Strecke 1;-0,700000;54053,0;  0,0;3737,8;  0,0;1,030;1,00;1,00;"80 0622-19.0;";0;PZB fallend;;;False;PZB fallend;False;00:47:59;00:47:59;-;-;False;-;-;2879;2879
22065;PZB fallend;0/00:48:00;0/00:48:00;00:48;00:48;00:48;00:48;-;60,00;58,25;80,00;-;80,00;130,00;K;-;VDV1 7.935 01F Hauptsignal, Fallend, DFa=3s, rs=20km/h, appr.=0km/h; Ref(21365)=<VDV1|8,635/+0|VS|01Vf|1>  Anfang(7765)=<VDV2|22,235/+0|HS|02P1|1>  Ende(22115)=<VDV1|7,885/+0|ZSS||1> ;VDV1;VDV 1;0/00:17:06;-;140,00;1,0000;1,030;-;-;54,0;118,0;PZB;False;False;0;-; 0,0; 0,0; 0,0;VDV1: Strecke 2 - Gleis 2 - Strecke 1;0,000000;54053,0;  0,0;3700,1;  0,0;1,030;1,00;1,00;"80 0622-19.0;";0;PZB fallend;3521;;True;PZB fallend;False;00:48:00;00:48:00;-;-;False;-;Weiche 01W2 A - Betriebsstellengrenze 3521-0 (3521);2880;2880
22065;PZB fallend;0/00:48:00;0/00:48:00;00:48;00:48;00:48;00:48;-;60,00;58,25;80,00;-;80,00;130,00;K;-;VDV1 7.935 01Vp Vorsignal, Fallend, Fb=9s, Unbekannt; Ref(22765)=<VDV1|7,235/+0|HS|01P2|1>  Anfang(22760)=<VDV1|7,240/+0|HP|Gl 2 f|1>|1 ;VDV1;VDV 1;0/00:17:06;-;140,00;1,0000;1,030;-;-;54,0;118,0;PZB;False;False;0;-; 0,0; 0,0; 0,0;VDV1: Strecke 2 - Gleis 2 - Strecke 1;0,000000;54053,0;  0,0;3700,1;  0,0;1,030;1,00;1,00;"80 0622-19.0;";0;PZB fallend;3521;;True;PZB fallend;False;00:48:00;00:48:00;-;-;False;-;Weiche 01W2 A - Betriebsstellengrenze 3521-0 (3521);2880;2880
22065;PZB fallend;0/00:48:00;0/00:48:00;00:48;00:48;00:48;00:48;-;60,00;58,25;60,00;-;60,00;130,00;K;-;VDV1 7.860  Geschwindigkeit Zulässig, Fallend, v=60km/h, Wirkung ab Signal, PZB; Ref(21365)=<VDV1|-692,140/+0|PU|1000Hz|1> ;VDV1;VDV 1;0/00:17:06;-;140,00;1,0000;1,030;-;-;54,0;118,0;PZB;False;False;0;-; 0,0; 0,0; 0,0;VDV1: Strecke 2 - Gleis 2 - Strecke 1;0,000000;54053,0;  0,0;3700,1;  0,0;1,030;1,00;1,00;"80 0622-19.0;";0;PZB fallend;3521;;True;PZB fallend;False;00:48:00;00:48:00;-;-;False;-;Weiche 01W1 B - Weiche 01W2 B (3521);2880;2880
22070;PZB fallend;0/00:48:00;0/00:48:00;00:48;00:48;00:48;00:48;-;60,00;58,25;60,00;-;60,00;130,00;K;-;Zugsicherungs-Stützstelle;;VDV1;VDV 1;0/00:17:07;-;140,00;1,0000;1,030;-;-;54,0;118,0;PZB;False;False;0;-; 0,0; 0,0; 0,0;VDV1: Strecke 2 - Gleis 2 - Strecke 1;0,000000;54053,0;  0,0;3700,1;  0,0;1,030;1,00;1,00;"80 0622-19.0;";0;PZB fallend;;;False;PZB fallend;False;00:48:00;00:48:00;-;-;False;-;-;2880;2880
22090;PZB fallend;0/00:48:01;0/00:48:01;00:48;00:48;00:48;00:48;-;60,00;58,25;60,00;-;60,00;130,00;K;-;Zugsicherungs-Stützstelle;;VDV1;VDV 1;0/00:17:08;-;140,00;1,0000;1,030;-;-;54,0;118,0;PZB;False;False;0;-; 0,0; 0,0; 0,0;VDV1: Strecke 2 - Gleis 2 - Strecke 1;0,000000;54053,0;  0,0;3700,1;  0,0;1,030;1,00;1,00;"80 0622-19.0;";0;PZB fallend;;;False;PZB fallend;False;00:48:01;00:48:01;-;-;False;-;-;2881;2881
22115;PZB fallend;0/00:48:03;0/00:48:03;00:48;00:48;00:48;00:48;-;60,00;58,25;60,00;-;60,00;130,00;K;-;VDV1 7.885  Zugschlussstelle, Fallend, Signal, Fa=3.00s, SvL; Ref(22169)=<VDV1|7,885/+0|ZSS||1>  Ende(22169)=<VDV1|7,885/+0|ZSS||1> ;VDV1;VDV 1;0/00:17:09;-;140,00;1,0000;1,030;-;-;54,0;118,0;PZB;False;False;0;-; 0,0; 0,0; 0,0;VDV1: Strecke 2 - Gleis 2 - Strecke 1;0,000000;54053,0;  0,0;3700,1;  0,0;1,030;1,00;1,00;"80 0622-19.0;";0;PZB fallend;3521;;False;PZB fallend;False;00:48:03;00:48:03;-;-;False;-;Weiche 01W2 A - Betriebsstellengrenze 3521-0 (3521);2883;2883
22140;PZB fallend;0/00:48:04;0/00:48:04;00:48;00:48;00:48;00:48;-;60,00;58,25;60,00;-;60,00;130,00;K;-;VDV1 7.860 01W2 Weiche, lt=25m, Anfang <7.860 01W2 Weiche, Stamm/7.860 01W2 Weiche, Abzweig rechts>; Ref(22760)=<VDV1|7,240/+0|HP|Gl 2 f|1>|1  Anfang(22760)=<VDV1|7,240/+0|HP|Gl 2 f|1>|1  Ende(22185)=<VDV1|7,815/+0|ZSS||1> ;VDV1;VDV 1;0/00:17:11;-;140,00;1,0000;1,030;-;-;54,0;118,0;PZB;False;False;0;-; 0,0; 0,0; 0,0;VDV1: Strecke 2 - Gleis 2 - Strecke 1;0,000000;54053,0;  0,0;3700,1;  0,0;1,030;1,00;1,00;"80 0622-19.0;";0;PZB fallend;3521;;True;PZB fallend;False;00:48:04;00:48:04;-;-;False;-;Weiche 01W2 A - Betriebsstellengrenze 3521-0 (3521);2884;2884
22140;PZB fallend;0/00:48:04;0/00:48:04;00:48;00:48;00:48;00:48;-;60,00;58,25;60,00;-;60,00;130,00;K;-;VDV1 7.860 01W2 Weiche, lt=25m, Abzweig rechts <7.860 01W2 Weiche, Anfang>; Ref(22760)=<VDV1|7,240/+0|HP|Gl 2 f|1>|1  Anfang(22760)=<VDV1|7,240/+0|HP|Gl 2 f|1>|1  Ende(22185)=<VDV1|7,815/+0|ZSS||1> ;VDV1;VDV 1;0/00:17:11;-;140,00;1,0000;1,030;-;-;54,0;118,0;PZB;False;False;0;-; 0,0; 0,0; 0,0;VDV1: Strecke 2 - Gleis 2 - Strecke 1;0,000000;54053,0;  0,0;3700,1;  0,0;1,030;1,00;1,00;"80 0622-19.0;";0;PZB fallend;3521;;True;PZB fallend;False;00:48:04;00:48:04;-;-;False;-;Weiche 01W1 B - Weiche 01W2 B (3521);2884;2884
22165;PZB fallend;0/00:48:06;0/00:48:06;00:48;00:48;00:48;00:48;-;60,00;58,25;60,00;-;60,00;130,00;K;-;Zugsicherungs-Stützstelle;;VDV1;VDV 1;0/00:17:12;-;140,00;1,0000;1,030;-;-;54,0;118,0;PZB;False;False;0;-; 0,0; 0,0; 0,0;VDV1: Strecke 2 - Gleis 2 - Strecke 1;0,000000;54053,0;  0,0;3700,1;  0,0;1,030;1,00;1,00;"80 0622-19.0;";0;PZB fallend;;;False;PZB fallend;False;00:48:06;00:48:06;-;-;False;-;-;2886;2886
22169;PZB fallend;0/00:48:06;0/00:48:06;00:48;00:48;00:48;00:48;-;60,00;58,25;60,00;-;60,00;130,00;K;-;VDV1 7.885  Zugschlussstelle, Fallend, Signal, Fa=3.00s, SvL; Ref(22115)=<VDV1|7,885/+0|ZSS||1>  Ende(22169)=<VDV1|7,885/+0|ZSS||1> ;VDV1;VDV 1;0/00:17:13;-;140,00;1,0000;1,030;-;-;54,0;118,0;PZB;False;False;54;-; 0,0; 0,0; 0,0;VDV1: Strecke 2 - Gleis 2 - Strecke 1;0,000000;54053,0;  0,0;3700,1;  0,0;1,030;1,00;1,00;"80 0622-19.0;";0;PZB fallend;3521;;True;PZB fallend;False;00:48:06;00:48:06;-;-;False;-;Weiche 01W2 A - Betriebsstellengrenze 3521-0 (3521);2886;2886
22185;PZB fallend;0/00:48:07;0/00:48:07;00:48;00:48;00:48;00:48;-;60,00;58,25;60,00;-;60,00;130,00;K;-;VDV1 7.815  Zugschlussstelle, Fallend, Fahrstraße, Fa=3.00s, SvL; Ref(22239)=<VDV1|7,815/+0|ZSS||1>  Ende(22239)=<VDV1|7,815/+0|ZSS||1> ;VDV1;VDV 1;0/00:17:14;-;140,00;1,0000;1,030;-;-;54,0;118,0;PZB;False;False;0;-; 0,0; 0,0; 0,0;VDV1: Strecke 2 - Gleis 2 - Strecke 1;0,000000;54053,0;  0,0;3700,1;  0,0;1,030;1,00;1,00;"80 0622-19.0;";0;PZB fallend;3521;;False;PZB fallend;False;00:48:07;00:48:07;-;-;False;-;Weiche 01W1 B - Weiche 01W2 B (3521);2887;2887
22190;PZB fallend;0/00:48:07;0/00:48:07;00:48;00:48;00:48;00:48;-;60,00;58,25;60,00;-;60,00;130,00;K;-;Zugsicherungs-Stützstelle;;VDV1;VDV 1;0/00:17:14;-;140,00;1,0000;1,030;-;-;54,0;118,0;PZB;False;False;0;-; 0,0; 0,0; 0,0;VDV1: Strecke 2 - Gleis 2 - Strecke 1;0,000000;54053,0;  0,0;3700,1;  0,0;1,030;1,00;1,00;"80 0622-19.0;";0;PZB fallend;;;False;PZB fallend;False;00:48:07;00:48:07;-;-;False;-;-;2887;2887
22215;PZB fallend;0/00:48:09;0/00:48:09;00:48;00:48;00:48;00:48;-;60,00;58,25;60,00;-;60,00;130,00;K;-;Zugsicherungs-Stützstelle;;VDV1;VDV 1;0/00:17:15;-;140,00;1,0000;1,030;-;-;54,0;118,0;PZB;False;False;0;-; 0,0; 0,0; 0,0;VDV1: Strecke 2 - Gleis 2 - Strecke 1;0,000000;54053,0;  0,0;3700,1;  0,0;1,030;1,00;1,00;"80 0622-19.0;";0;PZB fallend;;;False;PZB fallend;False;00:48:09;00:48:09;-;-;False;-;-;2889;2889
22239;PZB fallend;0/00:48:10;0/00:48:10;00:48;00:48;00:48;00:48;-;60,00;58,25;60,00;-;60,00;130,00;K;-;VDV1 7.815  Zugschlussstelle, Fallend, Fahrstraße, Fa=3.00s, SvL; Ref(22185)=<VDV1|7,815/+0|ZSS||1>  Ende(22239)=<VDV1|7,815/+0|ZSS||1> ;VDV1;VDV 1;0/00:17:17;-;140,00;1,0000;1,030;-;-;54,0;118,0;PZB;False;False;54;-; 0,0; 0,0; 0,0;VDV1: Strecke 2 - Gleis 2 - Strecke 1;0,000000;54053,0;  0,0;3700,1;  0,0;1,030;1,00;1,00;"80 0622-19.0;";0;PZB fallend;3521;;True;PZB fallend;False;00:48:10;00:48:10;-;-;False;-;Weiche 01W1 B - Weiche 01W2 B (3521);2890;2890
22240;PZB fallend;0/00:48:11;0/00:48:11;00:48;00:48;00:48;00:48;-;60,00;58,25;60,00;-;60,00;130,00;K;-;Zugsicherungs-Stützstelle;;VDV1;VDV 1;0/00:17:17;-;140,00;1,0000;1,030;-;-;54,0;118,0;PZB;False;False;0;-; 0,0; 0,0; 0,0;VDV1: Strecke 2 - Gleis 2 - Strecke 1;0,000000;54053,0;  0,0;3700,1;  0,0;1,030;1,00;1,00;"80 0622-19.0;";0;PZB fallend;;;False;PZB fallend;False;00:48:11;00:48:11;-;-;False;-;-;2891;2891
22265;PZB fallend;0/00:48:12;0/00:48:12;00:48;00:48;00:48;00:48;-;60,00;58,25;60,00;-;60,00;130,00;K;-;Zugsicherungs-Stützstelle;;VDV1;VDV 1;0/00:17:18;-;140,00;1,0000;1,030;-;-;54,0;118,0;PZB;False;False;0;-; 0,0; 0,0; 0,0;VDV1: Strecke 2 - Gleis 2 - Strecke 1;0,000000;54053,0;  0,0;3700,1;  0,0;1,030;1,00;1,00;"80 0622-19.0;";0;PZB fallend;;;False;PZB fallend;False;00:48:12;00:48:12;-;-;False;-;-;2892;2892
22290;PZB fallend;0/00:48:14;0/00:48:14;00:48;00:48;00:48;00:48;-;60,00;58,25;60,00;-;60,00;130,00;K;-;Zugsicherungs-Stützstelle;;VDV1;VDV 1;0/00:17:20;-;140,00;1,0000;1,030;-;-;54,0;118,0;PZB;False;False;0;-; 0,0; 0,0; 0,0;VDV1: Strecke 2 - Gleis 2 - Strecke 1;0,000000;54053,0;  0,0;3700,1;  0,0;1,030;1,00;1,00;"80 0622-19.0;";0;PZB fallend;;;False;PZB fallend;False;00:48:14;00:48:14;-;-;False;-;-;2894;2894
22315;PZB fallend;0/00:48:15;0/00:48:15;00:48;00:48;00:48;00:48;-;60,00;58,25;60,00;-;60,00;130,00;K;-;Zugsicherungs-Stützstelle;;VDV1;VDV 1;0/00:17:21;-;140,00;1,0000;1,030;-;-;54,0;118,0;PZB;False;False;0;-; 0,0; 0,0; 0,0;VDV1: Strecke 2 - Gleis 2 - Strecke 1;0,000000;54053,0;  0,0;3700,1;  0,0;1,030;1,00;1,00;"80 0622-19.0;";0;PZB fallend;;;False;PZB fallend;False;00:48:15;00:48:15;-;-;False;-;-;2895;2895
22340;PZB fallend;0/00:48:17;0/00:48:17;00:48;00:48;00:48;00:48;-;60,00;58,25;60,00;-;60,00;130,00;K;-;Zugsicherungs-Stützstelle;;VDV1;VDV 1;0/00:17:23;-;140,00;1,0000;1,030;-;-;54,0;118,0;PZB;False;False;0;-; 0,0; 0,0; 0,0;VDV1: Strecke 2 - Gleis 2 - Strecke 1;0,000000;54053,0;  0,0;3700,1;  0,0;1,030;1,00;1,00;"80 0622-19.0;";0;PZB fallend;;;False;PZB fallend;False;00:48:17;00:48:17;-;-;False;-;-;2897;2897
22365;PZB fallend;0/00:48:18;0/00:48:18;00:48;00:48;00:48;00:48;-;60,00;58,25;60,00;-;60,00;130,00;K;-;Zugsicherungs-Stützstelle;;VDV1;VDV 1;0/00:17:24;-;140,00;1,0000;1,030;-;-;54,0;118,0;PZB;False;False;0;-; 0,0; 0,0; 0,0;VDV1: Strecke 2 - Gleis 2 - Strecke 1;0,000000;54053,0;  0,0;3700,1;  0,0;1,030;1,00;1,00;"80 0622-19.0;";0;PZB fallend;;;False;PZB fallend;False;00:48:18;00:48:18;-;-;False;-;-;2898;2898
22390;PZB fallend;0/00:48:20;0/00:48:20;00:48;00:48;00:48;00:48;-;60,00;58,25;60,00;-;60,00;130,00;K;-;Zugsicherungs-Stützstelle;;VDV1;VDV 1;0/00:17:26;-;140,00;1,0000;1,030;-;-;54,0;118,0;PZB;False;False;0;-; 0,0; 0,0; 0,0;VDV1: Strecke 2 - Gleis 2 - Strecke 1;0,000000;54053,0;  0,0;3700,1;  0,0;1,030;1,00;1,00;"80 0622-19.0;";0;PZB fallend;;;False;PZB fallend;False;00:48:20;00:48:20;-;-;False;-;-;2900;2900
22415;PZB fallend;0/00:48:21;0/00:48:21;00:48;00:48;00:48;00:48;-;60,00;58,25;60,00;-;60,00;130,00;K;-;Zugsicherungs-Stützstelle;;VDV1;VDV 1;0/00:17:27;-;140,00;1,0000;1,030;-;-;54,0;118,0;PZB;False;False;0;-; 0,0; 0,0; 0,0;VDV1: Strecke 2 - Gleis 2 - Strecke 1;0,000000;54053,0;  0,0;3700,1;  0,0;1,030;1,00;1,00;"80 0622-19.0;";0;PZB fallend;;;False;PZB fallend;False;00:48:21;00:48:21;-;-;False;-;-;2901;2901
22440;PZB fallend;0/00:48:23;0/00:48:23;00:48;00:48;00:48;00:48;-;60,00;58,25;60,00;-;60,00;130,00;K;-;Zugsicherungs-Stützstelle;;VDV1;VDV 1;0/00:17:29;-;140,00;1,0000;1,030;-;-;54,0;118,0;PZB;False;False;0;-; 0,0; 0,0; 0,0;VDV1: Strecke 2 - Gleis 2 - Strecke 1;0,000000;54053,0;  0,0;3700,1;  0,0;1,030;1,00;1,00;"80 0622-19.0;";0;PZB fallend;;;False;PZB fallend;False;00:48:23;00:48:23;-;-;False;-;-;2903;2903
22465;PZB fallend;0/00:48:24;0/00:48:24;00:48;00:48;00:48;00:48;-;60,00;58,25;60,00;-;60,00;130,00;K;-;Zugsicherungs-Stützstelle;;VDV1;VDV 1;0/00:17:30;-;140,00;1,0000;1,030;-;-;54,0;118,0;PZB;False;False;0;-; 0,0; 0,0; 0,0;VDV1: Strecke 2 - Gleis 2 - Strecke 1;0,000000;54053,0;  0,0;3700,1;  0,0;1,030;1,00;1,00;"80 0622-19.0;";0;PZB fallend;;;False;PZB fallend;False;00:48:24;00:48:24;-;-;False;-;-;2904;2904
22490;PZB fallend;0/00:48:26;0/00:48:26;00:48;00:48;00:48;00:48;-;60,00;58,25;60,00;-;60,00;130,00;K;-;Zugsicherungs-Stützstelle;;VDV1;VDV 1;0/00:17:32;-;140,00;1,0000;1,030;-;-;54,0;118,0;PZB;False;False;0;-; 0,0; 0,0; 0,0;VDV1: Strecke 2 - Gleis 2 - Strecke 1;0,000000;54053,0;  0,0;3700,1;  0,0;1,030;1,00;1,00;"80 0622-19.0;";0;PZB fallend;;;False;PZB fallend;False;00:48:26;00:48:26;-;-;False;-;-;2906;2906
22500;PZB fallend;0/00:48:27;0/00:48:27;00:48;00:48;00:48;00:48;-;60,00;58,25;60,00;-;60,00;130,00;K;-;VDV1 7.500 Gleis 2 Fahrzeitmesspunkt, Beide Richtungen, BS-Mitte;;VDV1;VDV 1;0/00:17:32;-;140,00;1,0000;1,030;-;-;54,0;118,0;PZB;False;False;0;-; 0,0; 0,0; 0,0;VDV1: Strecke 2 - Gleis 2 - Strecke 1;0,000000;54053,0;  0,0;3700,1;  0,0;1,030;1,00;1,00;"80 0622-19.0;";0;PZB fallend;3521;;True;PZB fallend;False;00:48:27;00:48:27;-;-;False;-;Weiche 01W1 B - Weiche 01W2 B (3521);2907;2907
22515;PZB fallend;0/00:48:28;0/00:48:28;00:48;00:48;00:48;00:48;-;60,00;58,25;60,00;65,00;60,00;130,00;K;-;VDV1 7.485 PZB 500 Punktbeeinflussung, Fallend, Konventionell, kennung=500; Ref(22760)=<VDV1|7,240/+0|HP|Gl 2 f|1>|1 ;VDV1;VDV 1;0/00:17:33;-;140,00;1,0000;1,030;-;-;54,0;118,0;PZB;False;False;0;-; 0,0; 0,0; 0,0;VDV1: Strecke 2 - Gleis 2 - Strecke 1;0,000000;54053,0;  0,0;3700,1;  0,0;1,030;1,00;1,00;"80 0622-19.0;";0;PZB fallend;3521;;True;PZB fallend;False;00:48:28;00:48:28;-;-;False;-;Weiche 01W1 B - Weiche 01W2 B (3521);2908;2908
22525;PZB fallend;0/00:48:28;0/00:48:28;00:48;00:48;00:48;00:48;-;60,00;58,25;60,00;63,70;60,00;130,00;K;-;Zugsicherungs-Stützstelle;;VDV1;VDV 1;0/00:17:34;-;140,00;1,0000;1,030;-;-;54,0;118,0;PZB;False;False;0;-; 0,0; 0,0; 0,0;VDV1: Strecke 2 - Gleis 2 - Strecke 1;0,000000;54053,0;  0,0;3700,1;  0,0;1,030;1,00;1,00;"80 0622-19.0;";0;PZB fallend;;;False;PZB fallend;False;00:48:28;00:48:28;-;-;False;-;-;2908;2908
22535;PZB fallend;0/00:48:29;0/00:48:29;00:48;00:48;00:48;00:48;-;60,00;58,25;60,00;62,40;60,00;130,00;K;-;Zugsicherungs-Stützstelle;;VDV1;VDV 1;0/00:17:35;-;140,00;1,0000;1,030;-;-;54,0;118,0;PZB;False;False;0;-; 0,0; 0,0; 0,0;VDV1: Strecke 2 - Gleis 2 - Strecke 1;0,000000;54053,0;  0,0;3700,1;  0,0;1,030;1,00;1,00;"80 0622-19.0;";0;PZB fallend;;;False;PZB fallend;False;00:48:29;00:48:29;-;-;False;-;-;2909;2909
22540;PZB fallend;0/00:48:29;0/00:48:29;00:48;00:48;00:48;00:48;-;60,00;58,25;60,00;61,70;60,00;130,00;K;-;Zugsicherungs-Stützstelle;;VDV1;VDV 1;0/00:17:35;-;140,00;1,0000;1,030;-;-;54,0;118,0;PZB;False;False;0;-; 0,0; 0,0; 0,0;VDV1: Strecke 2 - Gleis 2 - Strecke 1;0,000000;54053,0;  0,0;3700,1;  0,0;1,030;1,00;1,00;"80 0622-19.0;";0;PZB fallend;;;False;PZB fallend;False;00:48:29;00:48:29;-;-;False;-;-;2909;2909
22545;PZB fallend;0/00:48:29;0/00:48:29;00:48;00:48;00:48;00:48;-;60,00;58,25;60,00;61,10;60,00;130,00;K;-;Zugsicherungs-Stützstelle;;VDV1;VDV 1;0/00:17:35;-;140,00;1,0000;1,030;-;-;54,0;118,0;PZB;False;False;0;-; 0,0; 0,0; 0,0;VDV1: Strecke 2 - Gleis 2 - Strecke 1;-0,106000;54053,0;  0,0;3700,1;  0,0;1,030;1,00;1,00;"80 0622-19.0;";0;PZB fallend;;;False;PZB fallend;False;00:48:29;00:48:29;-;-;False;-;-;2909;2909
22555;PZB fallend;0/00:48:30;0/00:48:30;00:49;00:49;00:49;00:49;-;59,77;58,03;60,00;59,80;60,00;130,00;K;-;Zugsicherungs-Stützstelle;;VDV1;VDV 1;0/00:17:36;-;140,00;1,0000;1,030;-;-;54,0;118,0;PZB;False;False;0;-; 0,0; 0,0; 0,0;VDV1: Strecke 2 - Gleis 2 - Strecke 1;0,411000;54053,0;  0,0;3688,6;  0,0;1,030;1,00;1,00;"80 0622-19.0;";0;PZB fallend;;;False;PZB fallend;False;00:48:30;00:48:30;-;-;False;-;-;2910;2910
22556;PZB fallend;0/00:48:30;0/00:48:30;00:49;00:49;00:49;00:49;-;59,77;58,03;60,00;59,80;60,00;130,00;K;-;;;VDV1;VDV 1;0/00:17:36;-;140,00;1,0000;1,030;-;-;54,0;118,0;PZB;False;False;0;-; 0,0; 0,0; 0,0;VDV1: Strecke 2 - Gleis 2 - Strecke 1;-0,700000;54053,0;  0,0;3688,6;  0,0;1,030;1,00;1,00;"80 0622-19.0;";0;PZB fallend;;;False;PZB fallend;False;00:48:30;00:48:30;-;-;False;-;-;2910;2910
22565;PZB fallend;0/00:48:31;0/00:48:31;00:49;00:49;00:49;00:49;-;58,50;56,80;60,00;58,50;60,00;130,00;K;-;Zugsicherungs-Stützstelle;;VDV1;VDV 1;0/00:17:36;-;140,00;1,0000;1,030;-;-;54,0;118,0;PZB;False;False;0;-; 0,0; 0,0; 0,0;VDV1: Strecke 2 - Gleis 2 - Strecke 1;-0,599000;54053,0;  0,0;3625,8;  0,0;1,030;1,00;1,00;"80 0622-19.0;";0;PZB fallend;;;False;PZB fallend;False;00:48:31;00:48:31;-;-;False;-;-;2911;2911
22575;PZB fallend;0/00:48:31;0/00:48:31;00:49;00:49;00:49;00:49;-;57,16;55,50;60,00;57,20;60,00;130,00;K;-;Zugsicherungs-Stützstelle;;VDV1;VDV 1;0/00:17:37;-;140,00;1,0000;1,030;-;-;54,0;118,0;PZB;False;False;0;-; 0,0; 0,0; 0,0;VDV1: Strecke 2 - Gleis 2 - Strecke 1;0,412000;54053,0;  0,0;3560,7;  0,0;1,030;1,00;1,00;"80 0622-19.0;";0;PZB fallend;;;False;PZB fallend;False;00:48:31;00:48:31;-;-;False;-;-;2911;2911
22576;PZB fallend;0/00:48:31;0/00:48:31;00:49;00:49;00:49;00:49;-;57,16;55,50;60,00;57,20;60,00;130,00;K;-;;;VDV1;VDV 1;0/00:17:37;-;140,00;1,0000;1,030;-;-;54,0;118,0;PZB;False;False;0;-; 0,0; 0,0; 0,0;VDV1: Strecke 2 - Gleis 2 - Strecke 1;-0,700000;54053,0;  0,0;3560,7;  0,0;1,030;1,00;1,00;"80 0622-19.0;";0;PZB fallend;;;False;PZB fallend;False;00:48:31;00:48:31;-;-;False;-;-;2911;2911
22585;PZB fallend;0/00:48:32;0/00:48:32;00:49;00:49;00:49;00:49;-;55,80;54,17;60,00;55,80;60,00;130,00;K;-;Zugsicherungs-Stützstelle;;VDV1;VDV 1;0/00:17:38;-;140,00;1,0000;1,030;-;-;54,0;118,0;PZB;False;False;0;-; 0,0; 0,0; 0,0;VDV1: Strecke 2 - Gleis 2 - Strecke 1;-0,517000;54053,0;  0,0;3495,9;  0,0;1,030;1,00;1,00;"80 0622-19.0;";0;PZB fallend;;;False;PZB fallend;False;00:48:32;00:48:32;-;-;False;-;-;2912;2912
22590;PZB fallend;0/00:48:32;0/00:48:32;00:49;00:49;00:49;00:49;-;55,20;53,59;60,00;55,20;60,00;130,00;K;-;Zugsicherungs-Stützstelle;;VDV1;VDV 1;0/00:17:38;-;140,00;1,0000;1,030;-;-;54,0;118,0;PZB;False;False;0;-; 0,0; 0,0; 0,0;VDV1: Strecke 2 - Gleis 2 - Strecke 1;-0,557000;54053,0;  0,0;3467,7;  0,0;1,030;1,00;1,00;"80 0622-19.0;";0;PZB fallend;;;False;PZB fallend;False;00:48:32;00:48:32;-;-;False;-;-;2912;2912
22595;PZB fallend;0/00:48:33;0/00:48:33;00:49;00:49;00:49;00:49;-;54,50;52,91;60,00;54,50;60,00;130,00;K;-;Zugsicherungs-Stützstelle;;VDV1;VDV 1;0/00:17:38;-;140,00;1,0000;1,030;-;-;54,0;118,0;PZB;False;False;0;-; 0,0; 0,0; 0,0;VDV1: Strecke 2 - Gleis 2 - Strecke 1;0,000000;54053,0;  0,0;3435,0;  0,0;1,030;1,00;1,00;"80 0622-19.0;";0;PZB fallend;;;False;PZB fallend;False;00:48:33;00:48:33;-;-;False;-;-;2913;2913
22596;PZB fallend;0/00:48:33;0/00:48:33;00:49;00:49;00:49;00:49;-;54,50;52,91;60,00;54,50;60,00;130,00;K;-;;;VDV1;VDV 1;0/00:17:38;-;140,00;1,0000;1,030;-;-;54,0;118,0;PZB;False;False;0;-; 0,0; 0,0; 0,0;VDV1: Strecke 2 - Gleis 2 - Strecke 1;-0,700000;54053,0;  0,0;3435,0;  0,0;1,030;1,00;1,00;"80 0622-19.0;";0;PZB fallend;;;False;PZB fallend;False;00:48:33;00:48:33;-;-;False;-;-;2913;2913
22605;PZB fallend;0/00:48:33;0/00:48:33;00:49;00:49;00:49;00:49;-;53,02;51,48;60,00;53,20;60,00;130,00;B;-;Zugsicherungs-Stützstelle;;VDV1;VDV 1;0/00:17:39;-;140,00;1,0000;1,030;-;-;54,0;118,0;PZB;False;False;0;-; 0,0; 0,0; 0,0;VDV1: Strecke 2 - Gleis 2 - Strecke 1;-0,700000;54053,0;  0,0;3367,1;  0,0;1,030;1,00;1,00;"80 0622-19.0;";0;PZB fallend;;;False;PZB fallend;False;00:48:33;00:48:33;-;-;False;-;-;2913;2913
22615;PZB fallend;0/00:48:34;0/00:48:34;00:49;00:49;00:49;00:49;-;51,28;49,79;60,00;51,90;60,00;130,00;B;-;Zugsicherungs-Stützstelle;;VDV1;VDV 1;0/00:17:40;-;140,00;1,0000;1,030;-;-;54,0;118,0;PZB;False;False;0;-; 0,0; 0,0; 0,0;VDV1: Strecke 2 - Gleis 2 - Strecke 1;-0,700000;54053,0;  0,0;3289,1;  0,0;1,030;1,00;1,00;"80 0622-19.0;";0;PZB fallend;;;False;PZB fallend;False;00:48:34;00:48:34;-;-;False;-;-;2914;2914
22625;PZB fallend;0/00:48:35;0/00:48:35;00:49;00:49;00:49;00:49;-;49,48;48,04;60,00;50,60;60,00;130,00;B;-;Zugsicherungs-Stützstelle;;VDV1;VDV 1;0/00:17:40;-;140,00;1,0000;1,030;-;-;54,0;118,0;PZB;False;False;0;-; 0,0; 0,0; 0,0;VDV1: Strecke 2 - Gleis 2 - Strecke 1;-0,700000;54053,0;  0,0;3210,5;  0,0;1,030;1,00;1,00;"80 0622-19.0;";0;PZB fallend;;;False;PZB fallend;False;00:48:35;00:48:35;-;-;False;-;-;2915;2915
22635;PZB fallend;0/00:48:35;0/00:48:35;00:49;00:49;00:49;00:49;-;47,61;46,22;60,00;49,30;60,00;130,00;B;-;Zugsicherungs-Stützstelle;;VDV1;VDV 1;0/00:17:41;-;140,00;1,0000;1,030;-;-;54,0;118,0;PZB;False;False;0;-; 0,0; 0,0; 0,0;VDV1: Strecke 2 - Gleis 2 - Strecke 1;-0,700000;54053,0;  0,0;3131,1;  0,0;1,030;1,00;1,00;"80 0622-19.0;";0;PZB fallend;;;False;PZB fallend;False;00:48:35;00:48:35;-;-;False;-;-;2915;2915
22640;PZB fallend;0/00:48:36;0/00:48:36;00:49;00:49;00:49;00:49;-;46,65;45,29;60,00;48,70;60,00;130,00;B;-;Zugsicherungs-Stützstelle;;VDV1;VDV 1;0/00:17:41;-;140,00;1,0000;1,030;-;-;54,0;118,0;PZB;False;False;0;-; 0,0; 0,0; 0,0;VDV1: Strecke 2 - Gleis 2 - Strecke 1;-0,700000;54053,0;  0,0;3091,3;  0,0;1,030;1,00;1,00;"80 0622-19.0;";0;PZB fallend;;;False;PZB fallend;False;00:48:36;00:48:36;-;-;False;-;-;2916;2916
22645;PZB fallend;0/00:48:36;0/00:48:36;00:49;00:49;00:49;00:49;-;45,67;44,34;60,00;48,00;60,00;130,00;B;-;Zugsicherungs-Stützstelle;;VDV1;VDV 1;0/00:17:42;-;140,00;1,0000;1,030;-;-;54,0;118,0;PZB;False;False;0;-; 0,0; 0,0; 0,0;VDV1: Strecke 2 - Gleis 2 - Strecke 1;-0,700000;54053,0;  0,0;3051,2;  0,0;1,030;1,00;1,00;"80 0622-19.0;";0;PZB fallend;;;False;PZB fallend;False;00:48:36;00:48:36;-;-;False;-;-;2916;2916
22655;PZB fallend;0/00:48:37;0/00:48:37;00:49;00:49;00:49;00:49;-;43,64;42,37;60,00;46,70;60,00;130,00;B;-;Zugsicherungs-Stützstelle;;VDV1;VDV 1;0/00:17:43;-;140,00;1,0000;1,030;-;-;54,0;118,0;PZB;False;False;0;-; 0,0; 0,0; 0,0;VDV1: Strecke 2 - Gleis 2 - Strecke 1;-0,700000;55428,3;  0,0;2970,2;  0,0;1,030;1,00;1,00;"80 0622-19.0;";0;PZB fallend;;;False;PZB fallend;False;00:48:37;00:48:37;-;-;False;-;-;2917;2917
22665;PZB fallend;0/00:48:38;0/00:48:38;00:49;00:49;00:49;00:49;-;41,51;40,30;60,00;45,40;60,00;130,00;B;-;Zugsicherungs-Stützstelle;;VDV1;VDV 1;0/00:17:44;-;140,00;1,0000;1,030;-;-;54,0;118,0;PZB;False;False;0;-; 0,0; 0,0; 0,0;VDV1: Strecke 2 - Gleis 2 - Strecke 1;-0,700000;76008,3;  0,0;2888,2;  0,0;1,030;1,00;1,00;"80 0622-19.0;";0;PZB fallend;;;False;PZB fallend;False;00:48:38;00:48:38;-;-;False;-;-;2918;2918
22668;PZB fallend;0/00:48:38;0/00:48:38;00:49;00:49;00:49;00:49;-;40,85;39,66;60,00;45,00;60,00;130,00;B;-;Zugsicherungs-Stützstelle;;VDV1;VDV 1;0/00:17:44;-;140,00;1,0000;1,030;-;-;54,0;118,0;PZB;False;False;0;-; 0,0; 0,0; 0,0;VDV1: Strecke 2 - Gleis 2 - Strecke 1;-0,700000;82216,0;  0,0;2863,4;  0,0;1,030;1,00;1,00;"80 0622-19.0;";0;PZB fallend;;;False;PZB fallend;False;00:48:38;00:48:38;-;-;False;-;-;2918;2918
22690;PZB fallend;0/00:48:40;0/00:48:40;00:49;00:49;00:49;00:49;-;35,63;34,59;60,00;45,00;60,00;130,00;B;-;Zugsicherungs-Stützstelle;;VDV1;VDV 1;0/00:17:46;-;140,00;1,0000;1,030;-;-;54,0;118,0;PZB;False;False;0;-; 0,0; 0,0; 0,0;VDV1: Strecke 2 - Gleis 2 - Strecke 1;-0,700000;82216,0;  0,0;2677,2;  0,0;1,030;1,00;1,00;"80 0622-19.0;";0;PZB fallend;;;False;PZB fallend;False;00:48:40;00:48:40;-;-;False;-;-;2920;2920
22715;PZB fallend;0/00:48:43;0/00:48:43;00:49;00:49;00:49;00:49;-;28,57;27,74;60,00;45,00;60,00;130,00;B;-;Zugsicherungs-Stützstelle;;VDV1;VDV 1;0/00:17:49;-;140,00;1,0000;1,030;-;-;54,0;118,0;PZB;False;False;0;-; 0,0; 0,0; 0,0;VDV1: Strecke 2 - Gleis 2 - Strecke 1;-0,700000;84002,3;  0,0;2454,0;  0,0;1,030;1,00;1,00;"80 0622-19.0;";0;PZB fallend;;;False;PZB fallend;False;00:48:43;00:48:43;-;-;False;-;-;2923;2923
22720;PZB fallend;0/00:48:44;0/00:48:44;00:49;00:49;00:49;00:49;-;26,94;26,16;60,00;45,00;60,00;130,00;B;-;Zugsicherungs-Stützstelle;;VDV1;VDV 1;0/00:17:49;-;140,00;1,0000;1,030;-;-;54,0;118,0;PZB;False;False;0;-; 0,0; 0,0; 0,0;VDV1: Strecke 2 - Gleis 2 - Strecke 1;-0,700000;89470,4;  0,0;2407,2;  0,0;1,030;1,00;1,00;"80 0622-19.0;";0;PZB fallend;;;False;PZB fallend;False;00:48:44;00:48:44;-;-;False;-;-;2924;2924
22740;PZB fallend;0/00:48:47;0/00:48:47;00:49;00:49;00:49;00:49;-;19,05;18,50;60,00;45,00;60,00;130,00;K;-;Zugsicherungs-Stützstelle;;VDV1;VDV 1;0/00:17:52;-;140,00;1,0000;1,030;-;-;54,0;118,0;PZB;False;False;0;-; 0,0; 0,0; 0,0;VDV1: Strecke 2 - Gleis 2 - Strecke 1;-0,700000;97625,3;  0,0;2205,1;  0,0;1,030;1,00;1,00;"80 0622-19.0;";0;PZB fallend;;;False;PZB fallend;False;00:48:47;00:48:47;-;-;False;-;-;2927;2927
22760;PZB fallend;0/00:51:25;0/00:48:55;00:51;00:49;00:51;00:49;00:02:30/00:01:00; 0,00; 0,00;60,00;45,00;60,00;130,00;HVerk;-;VDV1 7.240 Gl 2 f Halteplatz, Fallend, Personenzug, l=520.0m, Rechts, sEoA=0m, sSVL=0m, rs=-1km/h, Halteinfahrt; Ref(22765)=<VDV1|7,235/+0|HS|01P2|1>  Anfang(22065)=<VDV1|7,935/+0|HS|01F|1>  Ende(22815)=<VDV1|7,185/+0|ZSS||1> ;VDV1;VDV 1;0/00:18:00;00:51:25;140,00;1,0000;1,030;-;-;54,0;118,0;PZB;False;False;0;-; 0,0; 0,0; 0,0;VDV1: Strecke 2 - Gleis 2 - Strecke 1;0,992000;124906,0;  0,0;1886,2;  0,0;1,030;1,00;1,00;"80 0622-19.0;";0;PZB fallend;3521;Gl 2 f;True;PZB fallend;False;00:48:55;00:51:25;2,50;1,00;False;-;Weiche 01W1 B - Weiche 01W2 B (3521);3085;2935
22760;PZB fallend;0/00:51:25;0/00:51:25;00:51;00:51;00:51;00:51;-; 0,00; 0,00;60,00;45,00;60,00;130,00;V;-;;;VDV1;VDV 1;0/00:18:00;-;140,00;1,0000;1,030;-;-;54,0;118,0;PZB;False;False;0;-; 0,0; 0,0; 0,0;VDV1: Strecke 2 - Gleis 2 - Strecke 1;0,941000;124906,0;  0,0;1886,2;  0,0;1,030;1,00;1,00;"80 0622-19.0;";0;PZB fallend;;;False;PZB fallend;False;00:51:25;00:51:25;-;-;False;-;-;3085;3085
22760;PZB fallend;0/00:51:25;0/00:51:25;00:51;00:51;00:51;00:51;-; 0,00; 0,00;60,00;45,00;60,00;130,00;V;-;;;VDV1;VDV 1;0/00:18:00;-;140,00;1,0000;1,030;-;-;54,0;118,0;PZB;False;False;0;-; 0,0; 0,0; 0,0;VDV1: Strecke 2 - Gleis 2 - Strecke 1;0,967000;124906,0;  0,0;1886,2;  0,0;1,030;1,00;1,00;"80 0622-19.0;";0;PZB fallend;;;False;PZB fallend;False;00:51:25;00:51:25;-;-;False;-;-;3085;3085
22761;PZB fallend;0/00:51:26;0/00:51:26;00:51;00:51;00:51;00:51;-; 6,00; 5,83;60,00;-;60,00;130,00;V;-;;;VDV1;VDV 1;0/00:18:01;-;140,00;1,0000;1,030;-;-;54,0;118,0;PZB;False;False;0;-; 0,0; 0,0; 0,0;VDV1: Strecke 2 - Gleis 2 - Strecke 1;0,916000;115565,0;  0,0;1960,8;  0,0;1,030;1,00;1,00;"80 0622-19.0;";0;PZB fallend;;;False;PZB fallend;False;00:51:26;00:51:26;-;-;False;-;-;3086;3086
22762;PZB fallend;0/00:51:27;0/00:51:27;00:51;00:51;00:51;00:51;-; 8,00; 7,77;60,00;-;60,00;130,00;V;-;;;VDV1;VDV 1;0/00:18:02;-;140,00;1,0000;1,030;-;-;54,0;118,0;PZB;False;False;0;-; 0,0; 0,0; 0,0;VDV1: Strecke 2 - Gleis 2 - Strecke 1;0,893000;112623,0;  0,0;1991,0;  0,0;1,030;1,00;1,00;"80 0622-19.0;";0;PZB fallend;;;False;PZB fallend;False;00:51:27;00:51:27;-;-;False;-;-;3087;3087
22764;PZB fallend;0/00:51:28;0/00:51:28;00:51;00:51;00:51;00:51;-;10,00; 9,71;60,00;-;60,00;130,00;V;-;;;VDV1;VDV 1;0/00:18:03;-;140,00;1,0000;1,030;-;-;54,0;118,0;PZB;False;False;0;-; 0,0; 0,0; 0,0;VDV1: Strecke 2 - Gleis 2 - Strecke 1;0,869000;110005,0;  0,0;2023,8;  0,0;1,030;1,00;1,00;"80 0622-19.0;";0;PZB fallend;;;False;PZB fallend;False;00:51:28;00:51:28;-;-;False;-;-;3088;3088
22765;PZB fallend;0/00:51:28;0/00:51:28;00:51;00:51;00:51;00:51;-;11,07;10,75;60,00;25,00;60,00;130,00;V;-;VDV1 7.235 01P2 Hauptsignal, Fallend, DFa=3s, rs=20km/h, appr.=0km/h; Ref(22760)=<VDV1|7,240/+0|HP|Gl 2 f|1>|1  Anfang(22065)=<VDV1|7,935/+0|HS|01F|1>  Ende(22815)=<VDV1|7,185/+0|ZSS||1> ;VDV1;VDV 1;0/00:18:03;-;140,00;1,0000;1,030;-;-;54,0;118,0;PZB;False;False;0;-; 0,0; 0,0; 0,0;VDV1: Strecke 2 - Gleis 2 - Strecke 1;0,862000;108334,9;  0,0;2042,4;  0,0;1,030;1,00;1,00;"80 0622-19.0;";0;PZB fallend;3521;;True;PZB fallend;False;00:51:28;00:51:28;-;-;False;-;Weiche 01W1 B - Weiche 01W2 B (3521);3088;3088
22765;PZB fallend;0/00:51:28;0/00:51:28;00:51;00:51;00:51;00:51;-;11,07;10,75;60,00;25,00;60,00;130,00;V;-;VDV1 7.235  Geschwindigkeit Zulässig, Fallend, v=60km/h, Wirkung ab hier, PZB;;VDV1;VDV 1;0/00:18:03;-;140,00;1,0000;1,030;-;-;54,0;118,0;PZB;False;False;0;-; 0,0; 0,0; 0,0;VDV1: Strecke 2 - Gleis 2 - Strecke 1;0,862000;108334,9;  0,0;2042,4;  0,0;1,030;1,00;1,00;"80 0622-19.0;";0;PZB fallend;3521;;True;PZB fallend;False;00:51:28;00:51:28;-;-;False;-;Weiche 01W1 B - Weiche 01W2 B (3521);3088;3088
22766;PZB fallend;0/00:51:28;0/00:51:28;00:51;00:51;00:51;00:51;-;12,00;11,65;60,00;-;60,00;130,00;V;-;;;VDV1;VDV 1;0/00:18:03;-;140,00;1,0000;1,030;-;-;54,0;118,0;PZB;False;False;0;-; 0,0; 0,0; 0,0;VDV1: Strecke 2 - Gleis 2 - Strecke 1;0,844000;106887,0;  0,0;2059,2;  0,0;1,030;1,00;1,00;"80 0622-19.0;";0;PZB fallend;;;False;PZB fallend;False;00:51:28;00:51:28;-;-;False;-;-;3088;3088
22768;PZB fallend;0/00:51:29;0/00:51:29;00:51;00:51;00:51;00:51;-;14,00;13,59;60,00;-;60,00;130,00;V;-;;;VDV1;VDV 1;0/00:18:04;-;140,00;1,0000;1,030;-;-;54,0;118,0;PZB;False;False;0;-; 0,0; 0,0; 0,0;VDV1: Strecke 2 - Gleis 2 - Strecke 1;0,822000;104004,0;  0,0;2097,2;  0,0;1,030;1,00;1,00;"80 0622-19.0;";0;PZB fallend;;;False;PZB fallend;False;00:51:29;00:51:29;-;-;False;-;-;3089;3089
22770;PZB fallend;0/00:51:29;0/00:51:29;00:51;00:51;00:51;00:51;-;15,45;15,00;60,00;-;60,00;130,00;V;-;Zugsicherungs-Stützstelle;;VDV1;VDV 1;0/00:18:04;-;140,00;1,0000;1,030;-;-;54,0;118,0;PZB;False;False;0;-; 0,0; 0,0; 0,0;VDV1: Strecke 2 - Gleis 2 - Strecke 1;0,815000;102272,1;  0,0;2126,5;  0,0;1,030;1,00;1,00;"80 0622-19.0;";0;PZB fallend;;;False;PZB fallend;False;00:51:29;00:51:29;-;-;False;-;-;3089;3089
22771;PZB fallend;0/00:51:30;0/00:51:30;00:52;00:52;00:52;00:52;-;16,00;15,53;60,00;-;60,00;130,00;V;-;;;VDV1;VDV 1;0/00:18:04;-;140,00;1,0000;1,030;-;-;54,0;118,0;PZB;False;False;0;-; 0,0; 0,0; 0,0;VDV1: Strecke 2 - Gleis 2 - Strecke 1;0,801000;101492,0;  0,0;2137,9;  0,0;1,030;1,00;1,00;"80 0622-19.0;";0;PZB fallend;;;False;PZB fallend;False;00:51:30;00:51:30;-;-;False;-;-;3090;3090
22774;PZB fallend;0/00:51:30;0/00:51:30;00:52;00:52;00:52;00:52;-;18,00;17,48;60,00;-;60,00;130,00;V;-;;;VDV1;VDV 1;0/00:18:05;-;140,00;1,0000;1,030;-;-;54,0;118,0;PZB;False;False;0;-; 0,0; 0,0; 0,0;VDV1: Strecke 2 - Gleis 2 - Strecke 1;0,779000;99000,0;  0,0;2181,3;  0,0;1,030;1,00;1,00;"80 0622-19.0;";0;PZB fallend;;;False;PZB fallend;False;00:51:30;00:51:30;-;-;False;-;-;3090;3090
22775;PZB fallend;0/00:51:30;0/00:51:30;00:52;00:52;00:52;00:52;-;18,55;18,01;60,00;-;60,00;130,00;V;-;Zugsicherungs-Stützstelle;;VDV1;VDV 1;0/00:18:05;-;140,00;1,0000;1,030;-;-;54,0;118,0;PZB;False;False;0;-; 0,0; 0,0; 0,0;VDV1: Strecke 2 - Gleis 2 - Strecke 1;0,776000;98297,9;  0,0;2193,6;  0,0;1,030;1,00;1,00;"80 0622-19.0;";0;PZB fallend;;;False;PZB fallend;False;00:51:30;00:51:30;-;-;False;-;-;3090;3090
22778;PZB fallend;0/00:51:31;0/00:51:31;00:52;00:52;00:52;00:52;-;20,00;19,42;60,00;-;60,00;130,00;V;-;;;VDV1;VDV 1;0/00:18:06;-;140,00;1,0000;1,030;-;-;54,0;118,0;PZB;False;False;0;-; 0,0; 0,0; 0,0;VDV1: Strecke 2 - Gleis 2 - Strecke 1;0,760000;96257,0;  0,0;2227,2;  0,0;1,030;1,00;1,00;"80 0622-19.0;";0;PZB fallend;;;False;PZB fallend;False;00:51:31;00:51:31;-;-;False;-;-;3091;3091
22780;PZB fallend;0/00:51:31;0/00:51:31;00:52;00:52;00:52;00:52;-;20,96;20,35;60,00;-;60,00;130,00;V;-;Zugsicherungs-Stützstelle;;VDV1;VDV 1;0/00:18:06;-;140,00;1,0000;1,030;-;-;54,0;118,0;PZB;False;False;0;-; 0,0; 0,0; 0,0;VDV1: Strecke 2 - Gleis 2 - Strecke 1;0,756000;95314,5;  0,0;2250,2;  0,0;1,030;1,00;1,00;"80 0622-19.0;";0;PZB fallend;;;False;PZB fallend;False;00:51:31;00:51:31;-;-;False;-;-;3091;3091
22782;PZB fallend;0/00:51:32;0/00:51:32;00:52;00:52;00:52;00:52;-;22,00;21,36;60,00;-;60,00;130,00;V;-;;;VDV1;VDV 1;0/00:18:07;-;140,00;1,0000;1,030;-;-;54,0;118,0;PZB;False;False;0;-; 0,0; 0,0; 0,0;VDV1: Strecke 2 - Gleis 2 - Strecke 1;0,743000;94279,0;  0,0;2275,8;  0,0;1,030;1,00;1,00;"80 0622-19.0;";0;PZB fallend;;;False;PZB fallend;False;00:51:32;00:51:32;-;-;False;-;-;3092;3092
22785;PZB fallend;0/00:51:32;0/00:51:32;00:52;00:52;00:52;00:52;-;23,28;22,60;60,00;-;60,00;130,00;V;-;Zugsicherungs-Stützstelle;;VDV1;VDV 1;0/00:18:07;-;140,00;1,0000;1,030;-;-;54,0;118,0;PZB;False;False;0;-; 0,0; 0,0; 0,0;VDV1: Strecke 2 - Gleis 2 - Strecke 1;0,737000;92918,2;  0,0;2308,3;  0,0;1,030;1,00;1,00;"80 0622-19.0;";0;PZB fallend;;;False;PZB fallend;False;00:51:32;00:51:32;-;-;False;-;-;3092;3092
22787;PZB fallend;0/00:51:32;0/00:51:32;00:52;00:52;00:52;00:52;-;24,00;23,30;60,00;-;60,00;130,00;V;-;;;VDV1;VDV 1;0/00:18:07;-;140,00;1,0000;1,030;-;-;54,0;118,0;PZB;False;False;0;-; 0,0; 0,0; 0,0;VDV1: Strecke 2 - Gleis 2 - Strecke 1;0,726000;92188,0;  0,0;2327,1;  0,0;1,030;1,00;1,00;"80 0622-19.0;";0;PZB fallend;;;False;PZB fallend;False;00:51:32;00:51:32;-;-;False;-;-;3092;3092
22790;PZB fallend;0/00:51:33;0/00:51:33;00:52;00:52;00:52;00:52;-;25,15;24,42;60,00;-;60,00;130,00;V;-;Zugsicherungs-Stützstelle;;VDV1;VDV 1;0/00:18:08;-;140,00;1,0000;1,030;-;-;54,0;118,0;PZB;False;False;0;-; 0,0; 0,0; 0,0;VDV1: Strecke 2 - Gleis 2 - Strecke 1;0,722000;91216,3;  0,0;2357,7;  0,0;1,030;1,00;1,00;"80 0622-19.0;";0;PZB fallend;;;False;PZB fallend;False;00:51:33;00:51:33;-;-;False;-;-;3093;3093
22792;PZB fallend;0/00:51:33;0/00:51:33;00:52;00:52;00:52;00:52;-;26,00;25,24;60,00;-;60,00;130,00;V;-;;;VDV1;VDV 1;0/00:18:08;-;140,00;1,0000;1,030;-;-;54,0;118,0;PZB;False;False;0;-; 0,0; 0,0; 0,0;VDV1: Strecke 2 - Gleis 2 - Strecke 1;0,709000;90363,0;  0,0;2380,9;  0,0;1,030;1,00;1,00;"80 0622-19.0;";0;PZB fallend;;;False;PZB fallend;False;00:51:33;00:51:33;-;-;False;-;-;3093;3093
22798;PZB fallend;0/00:51:34;0/00:51:34;00:52;00:52;00:52;00:52;-;28,00;27,18;60,00;-;60,00;130,00;V;-;;;VDV1;VDV 1;0/00:18:09;-;140,00;1,0000;1,030;-;-;54,0;118,0;PZB;False;False;0;-; 0,0; 0,0; 0,0;VDV1: Strecke 2 - Gleis 2 - Strecke 1;0,675000;88026,0;  0,0;2437,4;  0,0;1,030;1,00;1,00;"80 0622-19.0;";0;PZB fallend;;;False;PZB fallend;False;00:51:34;00:51:34;-;-;False;-;-;3094;3094
22805;PZB fallend;0/00:51:35;0/00:51:35;00:52;00:52;00:52;00:52;-;30,00;29,13;60,00;-;60,00;130,00;V;-;;;VDV1;VDV 1;0/00:18:10;-;140,00;1,0000;1,030;-;-;54,0;118,0;PZB;False;False;0;-; 0,0; 0,0; 0,0;VDV1: Strecke 2 - Gleis 2 - Strecke 1;0,650000;82216,0;  0,0;2496,6;  0,0;1,030;1,00;1,00;"80 0622-19.0;";0;PZB fallend;;;False;PZB fallend;False;00:51:35;00:51:35;-;-;False;-;-;3095;3095
22815;PZB fallend;0/00:51:36;0/00:51:36;00:52;00:52;00:52;00:52;-;32,69;31,74;60,00;-;60,00;130,00;V;-;VDV1 7.185  Zugschlussstelle, Fallend, Signal, Fa=3.00s, SvL; Ref(22869)=<VDV1|7,185/+0|ZSS||1>  Ende(22869)=<VDV1|7,185/+0|ZSS||1> ;VDV1;VDV 1;0/00:18:11;-;140,00;1,0000;1,030;-;-;54,0;118,0;PZB;False;False;0;-; 0,0; 0,0; 0,0;VDV1: Strecke 2 - Gleis 2 - Strecke 1;0,650000;82216,0;  0,0;2580,3;  0,0;1,030;1,00;1,00;"80 0622-19.0;";0;PZB fallend;3521;;False;PZB fallend;False;00:51:36;00:51:36;-;-;False;-;Weiche 01W1 B - Weiche 01W2 B (3521);3096;3096
22836;PZB fallend;0/00:51:38;0/00:51:38;00:52;00:52;00:52;00:52;-;37,69;36,59;60,00;-;60,00;130,00;V;-;;;VDV1;VDV 1;0/00:18:13;-;140,00;1,0000;1,030;-;-;54,0;118,0;PZB;False;False;0;-; 0,0; 0,0; 0,0;VDV1: Strecke 2 - Gleis 2 - Strecke 1;0,649000;82216,0;  0,0;2748,6;  0,0;1,030;1,00;1,00;"80 0622-19.0;";0;PZB fallend;;;False;PZB fallend;False;00:51:38;00:51:38;-;-;False;-;-;3098;3098
22840;PZB fallend;0/00:51:39;0/00:51:39;00:52;00:52;00:52;00:52;-;38,57;37,45;60,00;-;60,00;130,00;V;-;Zugsicherungs-Stützstelle;;VDV1;VDV 1;0/00:18:13;-;140,00;1,0000;1,030;-;-;54,0;118,0;PZB;False;False;0;-; 0,0; 0,0; 0,0;VDV1: Strecke 2 - Gleis 2 - Strecke 1;0,648000;82216,0;  0,0;2779,9;  0,0;1,030;1,00;1,00;"80 0622-19.0;";0;PZB fallend;;;False;PZB fallend;False;00:51:39;00:51:39;-;-;False;-;-;3099;3099
22852;PZB fallend;0/00:51:40;0/00:51:40;00:52;00:52;00:52;00:52;-;41,00;39,81;60,00;-;60,00;130,00;V;-;;;VDV1;VDV 1;0/00:18:14;-;140,00;1,0000;1,030;-;-;54,0;118,0;PZB;False;False;0;-; 0,0; 0,0; 0,0;VDV1: Strecke 2 - Gleis 2 - Strecke 1;0,548000;82216,0;  0,0;2869,0;  0,0;1,030;1,00;1,00;"80 0622-19.0;";0;PZB fallend;;;False;PZB fallend;False;00:51:40;00:51:40;-;-;False;-;-;3100;3100
22860;PZB fallend;0/00:51:41;0/00:51:41;00:52;00:52;00:52;00:52;-;42,36;41,13;60,00;-;60,00;130,00;V;-;VDV1 7.140 01W1 Weiche, lt=25m, Abzweig links <7.140 01W1 Weiche, Anfang>; Ref(30054)=<S1|0,000/+0|GE|3521-0|2>  Anfang(30054)=<S1|0,000/+0|GE|3521-0|2>  Ende(22885)=<VDV1|7,115/+0|ZSS||1> ;VDV1;VDV 1;0/00:18:15;-;140,00;1,0000;1,030;-;-;54,0;118,0;PZB;False;False;0;-; 0,0; 0,0; 0,0;VDV1: Strecke 2 - Gleis 2 - Strecke 1;0,481000;65662,1;  0,0;2920,6;  0,0;1,030;1,00;1,00;"80 0622-19.0;";0;PZB fallend;3521;;True;PZB fallend;False;00:51:41;00:51:41;-;-;False;-;Weiche 01W1 B - Weiche 01W2 B (3521);3101;3101
22860;PZB fallend;0/00:51:41;0/00:51:41;00:52;00:52;00:52;00:52;-;42,36;41,13;60,00;-;60,00;130,00;V;-;VDV1 7.140 01W1 Weiche, lt=25m, Anfang <7.140 01W1 Weiche, Stamm/7.140 01W1 Weiche, Abzweig links>; Ref(30054)=<S1|0,000/+0|GE|3521-0|2>  Anfang(30054)=<S1|0,000/+0|GE|3521-0|2>  Ende(22885)=<VDV1|7,115/+0|ZSS||1> ;VDV1;VDV 1;0/00:18:15;-;140,00;1,0000;1,030;-;-;54,0;118,0;PZB;False;False;0;-; 0,0; 0,0; 0,0;VDV1: Strecke 2 - Gleis 2 - Strecke 1;0,481000;65662,1;  0,0;2920,6;  0,0;1,030;1,00;1,00;"80 0622-19.0;";0;PZB fallend;3521;;True;PZB fallend;False;00:51:41;00:51:41;-;-;False;-;Betriebsstellengrenze 3521-0 - Weiche 01W1 A (3521);3101;3101
22864;PZB fallend;0/00:51:41;0/00:51:41;00:52;00:52;00:52;00:52;-;43,00;41,75;60,00;-;60,00;130,00;V;-;;;VDV1;VDV 1;0/00:18:15;-;140,00;1,0000;1,030;-;-;54,0;118,0;PZB;False;False;0;-; 0,0; 0,0; 0,0;VDV1: Strecke 2 - Gleis 2 - Strecke 1;0,433000;57872,0;  0,0;2945,3;  0,0;1,030;1,00;1,00;"80 0622-19.0;";0;PZB fallend;;;False;PZB fallend;False;00:51:41;00:51:41;-;-;False;-;-;3101;3101
22865;PZB fallend;0/00:51:41;0/00:51:41;00:52;00:52;00:52;00:52;-;43,13;41,87;60,00;-;60,00;130,00;V;-;Zugsicherungs-Stützstelle;;VDV1;VDV 1;0/00:18:16;-;140,00;1,0000;1,030;-;-;54,0;118,0;PZB;False;False;0;-; 0,0; 0,0; 0,0;VDV1: Strecke 2 - Gleis 2 - Strecke 1;0,431000;57375,8;  0,0;2950,3;  0,0;1,030;1,00;1,00;"80 0622-19.0;";0;PZB fallend;;;False;PZB fallend;False;00:51:41;00:51:41;-;-;False;-;-;3101;3101
22869;PZB fallend;0/00:51:41;0/00:51:41;00:52;00:52;00:52;00:52;-;43,64;42,37;60,00;-;60,00;130,00;V;-;VDV1 7.185  Zugschlussstelle, Fallend, Signal, Fa=3.00s, SvL; Ref(22815)=<VDV1|7,185/+0|ZSS||1>  Ende(22869)=<VDV1|7,185/+0|ZSS||1> ;VDV1;VDV 1;0/00:18:16;-;140,00;1,0000;1,030;-;-;54,0;118,0;PZB;False;False;54;-; 0,0; 0,0; 0,0;VDV1: Strecke 2 - Gleis 2 - Strecke 1;0,423000;55428,3;  0,0;2970,2;  0,0;1,030;1,00;1,00;"80 0622-19.0;";0;PZB fallend;3521;;True;PZB fallend;False;00:51:41;00:51:41;-;-;False;-;Weiche 01W1 B - Weiche 01W2 B (3521);3101;3101
22872;PZB fallend;0/00:51:42;0/00:51:42;00:52;00:52;00:52;00:52;-;44,00;42,72;60,00;-;60,00;130,00;V;-;;;VDV1;VDV 1;0/00:18:16;-;140,00;1,0000;1,030;-;-;54,0;118,0;PZB;False;False;0;-; 0,0; 0,0; 0,0;VDV1: Strecke 2 - Gleis 2 - Strecke 1;0,416000;54053,0;  0,0;2984,4;  0,0;1,030;1,00;1,00;"80 0622-19.0;";0;PZB fallend;;;False;PZB fallend;False;00:51:42;00:51:42;-;-;False;-;-;3102;3102
22885;PZB fallend;0/00:51:43;0/00:51:43;00:52;00:52;00:52;00:52;-;45,57;44,24;60,00;-;60,00;130,00;V;-;VDV1 7.115  Zugschlussstelle, Fallend, Fahrstraße, Fa=3.00s, SvL; Ref(22939)=<VDV1|7,115/+0|ZSS||1>  Ende(22939)=<VDV1|7,115/+0|ZSS||1> ;VDV1;VDV 1;0/00:18:17;-;140,00;1,0000;1,030;-;-;54,0;118,0;PZB;False;False;0;-; 0,0; 0,0; 0,0;VDV1: Strecke 2 - Gleis 2 - Strecke 1;0,416000;54053,0;  0,0;3047,2;  0,0;1,030;1,00;1,00;"80 0622-19.0;";0;PZB fallend;3521;;False;PZB fallend;False;00:51:43;00:51:43;-;-;False;-;Betriebsstellengrenze 3521-0 - Weiche 01W1 A (3521);3103;3103
22885;PZB fallend;0/00:51:43;0/00:51:43;00:52;00:52;00:52;00:52;-;45,57;44,24;60,00;-;60,00;130,00;V;-;VDV1 7.115  Geschwindigkeit Zulässig, Fallend, v=80km/h, Wirkung ab hier, Alle; Ref(22939)=<VDV1|7,115/+0|VZ||1> ;VDV1;VDV 1;0/00:18:17;-;140,00;1,0000;1,030;-;-;54,0;118,0;PZB;False;False;0;-; 0,0; 0,0; 0,0;VDV1: Strecke 2 - Gleis 2 - Strecke 1;0,416000;54053,0;  0,0;3047,2;  0,0;1,030;1,00;1,00;"80 0622-19.0;";0;PZB fallend;3521;;False;PZB fallend;False;00:51:43;00:51:43;-;-;False;-;Betriebsstellengrenze 3521-0 - Weiche 01W1 A (3521);3103;3103
22890;PZB fallend;0/00:51:43;0/00:51:43;00:52;00:52;00:52;00:52;-;46,16;44,82;60,00;-;60,00;130,00;V;-;Zugsicherungs-Stützstelle;;VDV1;VDV 1;0/00:18:18;-;140,00;1,0000;1,030;-;-;54,0;118,0;PZB;False;False;0;-; 0,0; 0,0; 0,0;VDV1: Strecke 2 - Gleis 2 - Strecke 1;0,416000;54053,0;  0,0;3071,2;  0,0;1,030;1,00;1,00;"80 0622-19.0;";0;PZB fallend;;;False;PZB fallend;False;00:51:43;00:51:43;-;-;False;-;-;3103;3103
22915;PZB fallend;0/00:51:45;0/00:51:45;00:52;00:52;00:52;00:52;-;48,99;47,56;60,00;-;60,00;130,00;V;-;Zugsicherungs-Stützstelle;;VDV1;VDV 1;0/00:18:19;-;140,00;1,0000;1,030;-;-;54,0;118,0;PZB;False;False;0;-; 0,0; 0,0; 0,0;VDV1: Strecke 2 - Gleis 2 - Strecke 1;0,415000;54053,0;  0,0;3189,5;  0,0;1,030;1,00;1,00;"80 0622-19.0;";0;PZB fallend;;;False;PZB fallend;False;00:51:45;00:51:45;-;-;False;-;-;3105;3105
22939;PZB fallend;0/00:51:47;0/00:51:47;00:52;00:52;00:52;00:52;-;51,55;50,05;80,00;-;80,00;130,00;V;-;VDV1 7.115  Geschwindigkeit Zulässig, Fallend, v=80km/h, Wirkung ab hier, Alle; Ref(22885)=<VDV1|7,115/+0|VZ||1> ;VDV1;VDV 1;0/00:18:21;-;140,00;1,0000;1,030;-;-;54,0;118,0;PZB;False;False;54;-; 0,0; 0,0; 0,0;VDV1: Strecke 2 - Gleis 2 - Strecke 1;0,414000;54053,0;  0,0;3301,1;  0,0;1,030;1,00;1,00;"80 0622-19.0;";0;PZB fallend;3521;;True;PZB fallend;False;00:51:47;00:51:47;-;-;False;-;Betriebsstellengrenze 3521-0 - Weiche 01W1 A (3521);3107;3107
22939;PZB fallend;0/00:51:47;0/00:51:47;00:52;00:52;00:52;00:52;-;51,55;50,05;80,00;-;80,00;130,00;V;-;VDV1 7.115  Zugschlussstelle, Fallend, Fahrstraße, Fa=3.00s, SvL; Ref(22885)=<VDV1|7,115/+0|ZSS||1>  Ende(22939)=<VDV1|7,115/+0|ZSS||1> ;VDV1;VDV 1;0/00:18:21;-;140,00;1,0000;1,030;-;-;54,0;118,0;PZB;False;False;54;-; 0,0; 0,0; 0,0;VDV1: Strecke 2 - Gleis 2 - Strecke 1;0,414000;54053,0;  0,0;3301,1;  0,0;1,030;1,00;1,00;"80 0622-19.0;";0;PZB fallend;3521;;True;PZB fallend;False;00:51:47;00:51:47;-;-;False;-;Betriebsstellengrenze 3521-0 - Weiche 01W1 A (3521);3107;3107
22940;PZB fallend;0/00:51:47;0/00:51:47;00:52;00:52;00:52;00:52;-;51,65;50,15;80,00;-;80,00;130,00;V;-;Zugsicherungs-Stützstelle;;VDV1;VDV 1;0/00:18:21;-;140,00;1,0000;1,030;-;-;54,0;118,0;PZB;False;False;0;-; 0,0; 0,0; 0,0;VDV1: Strecke 2 - Gleis 2 - Strecke 1;0,414000;54053,0;  0,0;3305,5;  0,0;1,030;1,00;1,00;"80 0622-19.0;";0;PZB fallend;;;False;PZB fallend;False;00:51:47;00:51:47;-;-;False;-;-;3107;3107
22965;PZB fallend;0/00:51:49;0/00:51:49;00:52;00:52;00:52;00:52;-;54,18;52,60;80,00;-;80,00;130,00;V;-;Zugsicherungs-Stützstelle;;VDV1;VDV 1;0/00:18:23;-;140,00;1,0000;1,030;-;-;54,0;118,0;PZB;False;False;0;-; 0,0; 0,0; 0,0;VDV1: Strecke 2 - Gleis 2 - Strecke 1;0,413000;54053,0;  0,0;3420,2;  0,0;1,030;1,00;1,00;"80 0622-19.0;";0;PZB fallend;;;False;PZB fallend;False;00:51:49;00:51:49;-;-;False;-;-;3109;3109
22990;PZB fallend;0/00:51:50;0/00:51:50;00:52;00:52;00:52;00:52;-;56,59;54,94;80,00;-;80,00;130,00;V;-;Zugsicherungs-Stützstelle;;VDV1;VDV 1;0/00:18:25;-;140,00;1,0000;1,030;-;-;54,0;118,0;PZB;False;False;0;-; 0,0; 0,0; 0,0;VDV1: Strecke 2 - Gleis 2 - Strecke 1;0,412000;54053,0;  0,0;3533,4;  0,0;1,030;1,00;1,00;"80 0622-19.0;";0;PZB fallend;;;False;PZB fallend;False;00:51:50;00:51:50;-;-;False;-;-;3110;3110
23015;PZB fallend;0/00:51:52;0/00:51:52;00:52;00:52;00:52;00:52;-;58,90;57,18;80,00;-;80,00;130,00;V;-;Zugsicherungs-Stützstelle;;VDV1;VDV 1;0/00:18:26;-;140,00;1,0000;1,030;-;-;54,0;118,0;PZB;False;False;0;-; 0,0; 0,0; 0,0;VDV1: Strecke 2 - Gleis 2 - Strecke 1;0,411000;54053,0;  0,0;3645,5;  0,0;1,030;1,00;1,00;"80 0622-19.0;";0;PZB fallend;;;False;PZB fallend;False;00:51:52;00:51:52;-;-;False;-;-;3112;3112
23040;PZB fallend;0/00:51:53;0/00:51:53;00:52;00:52;00:52;00:52;-;61,12;59,34;80,00;-;80,00;130,00;V;-;Zugsicherungs-Stützstelle;;VDV1;VDV 1;0/00:18:28;-;140,00;1,0000;1,030;-;-;54,0;118,0;PZB;False;False;0;-; 0,0; 0,0; 0,0;VDV1: Strecke 2 - Gleis 2 - Strecke 1;0,410000;54053,0;  0,0;3756,5;  0,0;1,030;1,00;1,00;"80 0622-19.0;";0;PZB fallend;;;False;PZB fallend;False;00:51:53;00:51:53;-;-;False;-;-;3113;3113
23062;PZB fallend;0/00:51:55;0/00:51:55;00:52;00:52;00:52;00:52;-;63,00;61,17;80,00;-;80,00;130,00;V;-;;;VDV1;VDV 1;0/00:18:29;-;140,00;1,0000;1,030;-;-;54,0;118,0;PZB;False;False;0;-; 0,0; 0,0; 0,0;VDV1: Strecke 2 - Gleis 2 - Strecke 1;0,367000;54053,0;  0,0;3853,1;  0,0;1,030;1,00;1,00;"80 0622-19.0;";0;PZB fallend;;;False;PZB fallend;False;00:51:55;00:51:55;-;-;False;-;-;3115;3115
23065;PZB fallend;0/00:51:55;0/00:51:55;00:52;00:52;00:52;00:52;-;63,23;61,39;80,00;-;80,00;130,00;V;-;Zugsicherungs-Stützstelle;;VDV1;VDV 1;0/00:18:29;-;140,00;1,0000;1,030;-;-;54,0;118,0;PZB;False;False;0;-; 0,0; 0,0; 0,0;VDV1: Strecke 2 - Gleis 2 - Strecke 1;0,362000;52842,5;  0,0;3865,0;  0,0;1,030;1,00;1,00;"80 0622-19.0;";0;PZB fallend;;;False;PZB fallend;False;00:51:55;00:51:55;-;-;False;-;-;3115;3115
23089;PZB fallend;0/00:51:56;0/00:51:56;00:52;00:52;00:52;00:52;-;65,00;63,11;80,00;-;80,00;130,00;V;-;;;VDV1;VDV 1;0/00:18:30;-;140,00;1,0000;1,030;-;-;54,0;118,0;PZB;False;False;0;-; 0,0; 0,0; 0,0;VDV1: Strecke 2 - Gleis 2 - Strecke 1;0,323000;43527,0;  0,0;3958,3;  0,0;1,030;1,00;1,00;"80 0622-19.0;";0;PZB fallend;;;False;PZB fallend;False;00:51:56;00:51:56;-;-;False;-;-;3116;3116
23090;PZB fallend;0/00:51:56;0/00:51:56;00:52;00:52;00:52;00:52;-;65,06;63,17;80,00;-;80,00;130,00;V;-;Zugsicherungs-Stützstelle;;VDV1;VDV 1;0/00:18:30;-;140,00;1,0000;1,030;-;-;54,0;118,0;PZB;False;False;0;-; 0,0; 0,0; 0,0;VDV1: Strecke 2 - Gleis 2 - Strecke 1;0,323000;43524,6;  0,0;3961,5;  0,0;1,030;1,00;1,00;"80 0622-19.0;";0;PZB fallend;;;False;PZB fallend;False;00:51:56;00:51:56;-;-;False;-;-;3116;3116
23115;PZB fallend;0/00:51:58;0/00:51:58;00:52;00:52;00:52;00:52;-;66,65;64,71;80,00;-;80,00;130,00;V;-;Zugsicherungs-Stützstelle;;VDV1;VDV 1;0/00:18:32;-;140,00;1,0000;1,030;-;-;54,0;118,0;PZB;False;False;0;-; 0,0; 0,0; 0,0;VDV1: Strecke 2 - Gleis 2 - Strecke 1;0,322000;43483,3;  0,0;4047,2;  0,0;1,030;1,00;1,00;"80 0622-19.0;";0;PZB fallend;;;False;PZB fallend;False;00:51:58;00:51:58;-;-;False;-;-;3118;3118
23121;PZB fallend;0/00:51:58;0/00:51:58;00:52;00:52;00:52;00:52;-;67,00;65,05;80,00;-;80,00;130,00;V;-;;;VDV1;VDV 1;0/00:18:32;-;140,00;1,0000;1,030;-;-;54,0;118,0;PZB;False;False;0;-; 0,0; 0,0; 0,0;VDV1: Strecke 2 - Gleis 2 - Strecke 1;0,321000;43480,0;  0,0;4066,2;  0,0;1,030;1,00;1,00;"80 0622-19.0;";0;PZB fallend;;;False;PZB fallend;False;00:51:58;00:51:58;-;-;False;-;-;3118;3118
23140;PZB fallend;0/00:51:59;0/00:51:59;00:52;00:52;00:52;00:52;-;68,17;66,18;80,00;-;80,00;130,00;V;-;Zugsicherungs-Stützstelle;;VDV1;VDV 1;0/00:18:33;-;140,00;1,0000;1,030;-;-;54,0;118,0;PZB;False;False;0;-; 0,0; 0,0; 0,0;VDV1: Strecke 2 - Gleis 2 - Strecke 1;0,321000;43460,2;  0,0;4130,6;  0,0;1,030;1,00;1,00;"80 0622-19.0;";0;PZB fallend;;;False;PZB fallend;False;00:51:59;00:51:59;-;-;False;-;-;3119;3119
23154;PZB fallend;0/00:52:00;0/00:52:00;00:52;00:52;00:52;00:52;-;69,00;66,99;80,00;-;80,00;130,00;V;-;;;VDV1;VDV 1;0/00:18:34;-;140,00;1,0000;1,030;-;-;54,0;118,0;PZB;False;False;0;-; 0,0; 0,0; 0,0;VDV1: Strecke 2 - Gleis 2 - Strecke 1;0,320000;43437,0;  0,0;4176,8;  0,0;1,030;1,00;1,00;"80 0622-19.0;";0;PZB fallend;;;False;PZB fallend;False;00:52:00;00:52:00;-;-;False;-;-;3120;3120
23165;PZB fallend;0/00:52:00;0/00:52:00;00:52;00:52;00:52;00:52;-;69,66;67,63;80,00;-;80,00;130,00;V;-;Zugsicherungs-Stützstelle;;VDV1;VDV 1;0/00:18:34;-;140,00;1,0000;1,030;-;-;54,0;118,0;PZB;False;False;0;-; 0,0; 0,0; 0,0;VDV1: Strecke 2 - Gleis 2 - Strecke 1;0,319000;43391,8;  0,0;4213,8;  0,0;1,030;1,00;1,00;"80 0622-19.0;";0;PZB fallend;;;False;PZB fallend;False;00:52:00;00:52:00;-;-;False;-;-;3120;3120
23188;PZB fallend;0/00:52:02;0/00:52:02;00:52;00:52;00:52;00:52;-;71,00;68,93;80,00;-;80,00;130,00;V;-;;;VDV1;VDV 1;0/00:18:36;-;140,00;1,0000;1,030;-;-;54,0;118,0;PZB;False;False;0;-; 0,0; 0,0; 0,0;VDV1: Strecke 2 - Gleis 2 - Strecke 1;0,318000;43312,0;  0,0;4290,0;  0,0;1,030;1,00;1,00;"80 0622-19.0;";0;PZB fallend;;;False;PZB fallend;False;00:52:02;00:52:02;-;-;False;-;-;3122;3122
23190;PZB fallend;0/00:52:02;0/00:52:02;00:52;00:52;00:52;00:52;-;71,12;69,05;80,00;-;80,00;130,00;V;-;Zugsicherungs-Stützstelle;;VDV1;VDV 1;0/00:18:36;-;140,00;1,0000;1,030;-;-;54,0;118,0;PZB;False;False;0;-; 0,0; 0,0; 0,0;VDV1: Strecke 2 - Gleis 2 - Strecke 1;0,317000;43301,8;  0,0;4296,8;  0,0;1,030;1,00;1,00;"80 0622-19.0;";0;PZB fallend;;;False;PZB fallend;False;00:52:02;00:52:02;-;-;False;-;-;3122;3122
23215;PZB fallend;0/00:52:03;0/00:52:03;00:52;00:52;00:52;00:52;-;72,55;70,44;80,00;-;80,00;130,00;V;-;Zugsicherungs-Stützstelle;;VDV1;VDV 1;0/00:18:37;-;140,00;1,0000;1,030;-;-;54,0;118,0;PZB;False;False;0;-; 0,0; 0,0; 0,0;VDV1: Strecke 2 - Gleis 2 - Strecke 1;0,317000;43180,3;  0,0;4379,5;  0,0;1,030;1,00;1,00;"80 0622-19.0;";0;PZB fallend;;;False;PZB fallend;False;00:52:03;00:52:03;-;-;False;-;-;3123;3123
23223;PZB fallend;0/00:52:03;0/00:52:03;00:52;00:52;00:52;00:52;-;73,00;70,87;80,00;-;80,00;130,00;V;-;;;VDV1;VDV 1;0/00:18:37;-;140,00;1,0000;1,030;-;-;54,0;118,0;PZB;False;False;0;-; 0,0; 0,0; 0,0;VDV1: Strecke 2 - Gleis 2 - Strecke 1;0,315000;43142,0;  0,0;4405,8;  0,0;1,030;1,00;1,00;"80 0622-19.0;";0;PZB fallend;;;False;PZB fallend;False;00:52:03;00:52:03;-;-;False;-;-;3123;3123
23240;PZB fallend;0/00:52:04;0/00:52:04;00:52;00:52;00:52;00:52;-;73,95;71,80;80,00;-;80,00;130,00;V;-;Zugsicherungs-Stützstelle;;VDV1;VDV 1;0/00:18:38;-;140,00;1,0000;1,030;-;-;54,0;118,0;PZB;False;False;0;-; 0,0; 0,0; 0,0;VDV1: Strecke 2 - Gleis 2 - Strecke 1;0,315000;43059,1;  0,0;4461,7;  0,0;1,030;1,00;1,00;"80 0622-19.0;";0;PZB fallend;;;False;PZB fallend;False;00:52:04;00:52:04;-;-;False;-;-;3124;3124
23259;PZB fallend;0/00:52:05;0/00:52:05;00:52;00:52;00:52;00:52;-;75,00;72,82;80,00;-;80,00;130,00;V;-;;;VDV1;VDV 1;0/00:18:39;-;140,00;1,0000;1,030;-;-;54,0;118,0;PZB;False;False;0;-; 0,0; 0,0; 0,0;VDV1: Strecke 2 - Gleis 2 - Strecke 1;0,313000;42980,0;  0,0;4524,2;  0,0;1,030;1,00;1,00;"80 0622-19.0;";0;PZB fallend;;;False;PZB fallend;False;00:52:05;00:52:05;-;-;False;-;-;3125;3125
23265;PZB fallend;0/00:52:06;0/00:52:06;00:52;00:52;00:52;00:52;-;75,32;73,13;80,00;-;80,00;130,00;V;-;Zugsicherungs-Stützstelle;;VDV1;VDV 1;0/00:18:39;-;140,00;1,0000;1,030;-;-;54,0;118,0;PZB;False;False;0;-; 0,0; 0,0; 0,0;VDV1: Strecke 2 - Gleis 2 - Strecke 1;0,312000;42963,7;  0,0;4543,4;  0,0;1,030;1,00;1,00;"80 0622-19.0;";0;PZB fallend;;;False;PZB fallend;False;00:52:06;00:52:06;-;-;False;-;-;3126;3126
23290;PZB fallend;0/00:52:07;0/00:52:07;00:52;00:52;00:52;00:52;-;76,65;74,42;80,00;-;80,00;130,00;V;-;Zugsicherungs-Stützstelle;;VDV1;VDV 1;0/00:18:41;-;140,00;1,0000;1,030;-;-;54,0;118,0;PZB;False;False;0;-; 0,0; 0,0; 0,0;VDV1: Strecke 2 - Gleis 2 - Strecke 1;0,312000;42808,4;  0,0;4623,9;  0,0;1,030;1,00;1,00;"80 0622-19.0;";0;PZB fallend;;;False;PZB fallend;False;00:52:07;00:52:07;-;-;False;-;-;3127;3127
23297;PZB fallend;0/00:52:07;0/00:52:07;00:52;00:52;00:52;00:52;-;77,00;74,76;80,00;-;80,00;130,00;V;-;;;VDV1;VDV 1;0/00:18:41;-;140,00;1,0000;1,030;-;-;54,0;118,0;PZB;False;False;0;-; 0,0; 0,0; 0,0;VDV1: Strecke 2 - Gleis 2 - Strecke 1;0,309000;42744,0;  0,0;4645,3;  0,0;1,030;1,00;1,00;"80 0622-19.0;";0;PZB fallend;;;False;PZB fallend;False;00:52:07;00:52:07;-;-;False;-;-;3127;3127
23315;PZB fallend;0/00:52:08;0/00:52:08;00:52;00:52;00:52;00:52;-;77,93;75,66;80,00;-;80,00;130,00;V;-;Zugsicherungs-Stützstelle;;VDV1;VDV 1;0/00:18:42;-;140,00;1,0000;1,030;-;-;54,0;118,0;PZB;False;False;0;-; 0,0; 0,0; 0,0;VDV1: Strecke 2 - Gleis 2 - Strecke 1;0,308000;42559,7;  0,0;4702,5;  0,0;1,030;1,00;1,00;"80 0622-19.0;";0;PZB fallend;;;False;PZB fallend;False;00:52:08;00:52:08;-;-;False;-;-;3128;3128
23336;PZB fallend;0/00:52:09;0/00:52:09;00:52;00:52;00:52;00:52;-;79,00;76,70;80,00;-;80,00;130,00;V;-;;;VDV1;VDV 1;0/00:18:43;-;140,00;1,0000;1,030;-;-;54,0;118,0;PZB;False;False;0;-; 0,0; 0,0; 0,0;VDV1: Strecke 2 - Gleis 2 - Strecke 1;0,306000;42323,0;  0,0;4769,1;  0,0;1,030;1,00;1,00;"80 0622-19.0;";0;PZB fallend;;;False;PZB fallend;False;00:52:09;00:52:09;-;-;False;-;-;3129;3129
23340;PZB fallend;0/00:52:09;0/00:52:09;00:52;00:52;00:52;00:52;-;79,20;76,89;80,00;-;80,00;130,00;V;-;Zugsicherungs-Stützstelle;;VDV1;VDV 1;0/00:18:43;-;140,00;1,0000;1,030;-;-;54,0;118,0;PZB;False;False;0;-; 0,0; 0,0; 0,0;VDV1: Strecke 2 - Gleis 2 - Strecke 1;0,305000;42280,0;  0,0;4781,6;  0,0;1,030;1,00;1,00;"80 0622-19.0;";0;PZB fallend;;;False;PZB fallend;False;00:52:09;00:52:09;-;-;False;-;-;3129;3129
23356;PZB fallend;0/00:52:10;0/00:52:10;00:52;00:52;00:52;00:52;-;80,00;77,67;80,00;-;80,00;130,00;K;-;;;VDV1;VDV 1;0/00:18:44;-;140,00;1,0000;1,030;-;-;54,0;118,0;PZB;False;False;0;-; 0,0; 0,0; 0,0;VDV1: Strecke 2 - Gleis 2 - Strecke 1;0,000000;42110,0;  0,0;4831,9;  0,0;1,030;1,00;1,00;"80 0622-19.0;";0;PZB fallend;;;False;PZB fallend;False;00:52:10;00:52:10;-;-;False;-;-;3130;3130
23365;PZB fallend;0/00:52:10;0/00:52:10;00:52;00:52;00:52;00:52;-;80,00;77,67;80,00;-;80,00;130,00;K;-;Zugsicherungs-Stützstelle;;VDV1;VDV 1;0/00:18:44;-;140,00;1,0000;1,030;-;-;54,0;118,0;PZB;False;False;0;-; 0,0; 0,0; 0,0;VDV1: Strecke 2 - Gleis 2 - Strecke 1;0,000000;42110,0;  0,0;4831,9;  0,0;1,030;1,00;1,00;"80 0622-19.0;";0;PZB fallend;;;False;PZB fallend;False;00:52:10;00:52:10;-;-;False;-;-;3130;3130
23390;PZB fallend;0/00:52:12;0/00:52:12;00:52;00:52;00:52;00:52;-;80,00;77,67;80,00;-;80,00;130,00;K;-;Zugsicherungs-Stützstelle;;VDV1;VDV 1;0/00:18:45;-;140,00;1,0000;1,030;-;-;54,0;118,0;PZB;False;False;0;-; 0,0; 0,0; 0,0;VDV1: Strecke 2 - Gleis 2 - Strecke 1;0,000000;42110,0;  0,0;4831,9;  0,0;1,030;1,00;1,00;"80 0622-19.0;";0;PZB fallend;;;False;PZB fallend;False;00:52:12;00:52:12;-;-;False;-;-;3132;3132
23415;PZB fallend;0/00:52:13;0/00:52:13;00:52;00:52;00:52;00:52;-;80,00;77,67;80,00;-;80,00;130,00;K;-;Zugsicherungs-Stützstelle;;VDV1;VDV 1;0/00:18:46;-;140,00;1,0000;1,030;-;-;54,0;118,0;PZB;False;False;0;-; 0,0; 0,0; 0,0;VDV1: Strecke 2 - Gleis 2 - Strecke 1;0,000000;42110,0;  0,0;4831,9;  0,0;1,030;1,00;1,00;"80 0622-19.0;";0;PZB fallend;;;False;PZB fallend;False;00:52:13;00:52:13;-;-;False;-;-;3133;3133
23440;PZB fallend;0/00:52:14;0/00:52:14;00:52;00:52;00:52;00:52;-;80,00;77,67;80,00;-;80,00;130,00;K;-;Zugsicherungs-Stützstelle;;VDV1;VDV 1;0/00:18:47;-;140,00;1,0000;1,030;-;-;54,0;118,0;PZB;False;False;0;-; 0,0; 0,0; 0,0;VDV1: Strecke 2 - Gleis 2 - Strecke 1;0,000000;42110,0;  0,0;4831,9;  0,0;1,030;1,00;1,00;"80 0622-19.0;";0;PZB fallend;;;False;PZB fallend;False;00:52:14;00:52:14;-;-;False;-;-;3134;3134
23465;PZB fallend;0/00:52:15;0/00:52:15;00:52;00:52;00:52;00:52;-;80,00;77,67;80,00;-;80,00;130,00;K;-;Zugsicherungs-Stützstelle;;VDV1;VDV 1;0/00:18:49;-;140,00;1,0000;1,030;-;-;54,0;118,0;PZB;False;False;0;-; 0,0; 0,0; 0,0;VDV1: Strecke 2 - Gleis 2 - Strecke 1;0,000000;42110,0;  0,0;4831,9;  0,0;1,030;1,00;1,00;"80 0622-19.0;";0;PZB fallend;;;False;PZB fallend;False;00:52:15;00:52:15;-;-;False;-;-;3135;3135
23490;PZB fallend;0/00:52:16;0/00:52:16;00:52;00:52;00:52;00:52;-;80,00;77,67;80,00;-;80,00;130,00;K;-;Zugsicherungs-Stützstelle;;VDV1;VDV 1;0/00:18:50;-;140,00;1,0000;1,030;-;-;54,0;118,0;PZB;False;False;0;-; 0,0; 0,0; 0,0;VDV1: Strecke 2 - Gleis 2 - Strecke 1;0,000000;42110,0;  0,0;4831,9;  0,0;1,030;1,00;1,00;"80 0622-19.0;";0;PZB fallend;;;False;PZB fallend;False;00:52:16;00:52:16;-;-;False;-;-;3136;3136
23515;PZB fallend;0/00:52:17;0/00:52:17;00:52;00:52;00:52;00:52;-;80,00;77,67;80,00;-;80,00;130,00;K;-;Zugsicherungs-Stützstelle;;VDV1;VDV 1;0/00:18:51;-;140,00;1,0000;1,030;-;-;54,0;118,0;PZB;False;False;0;-; 0,0; 0,0; 0,0;VDV1: Strecke 2 - Gleis 2 - Strecke 1;0,000000;42110,0;  0,0;4831,9;  0,0;1,030;1,00;1,00;"80 0622-19.0;";0;PZB fallend;;;False;PZB fallend;False;00:52:17;00:52:17;-;-;False;-;-;3137;3137
23540;PZB fallend;0/00:52:18;0/00:52:18;00:52;00:52;00:52;00:52;-;80,00;77,67;80,00;-;80,00;130,00;K;-;Zugsicherungs-Stützstelle;;VDV1;VDV 1;0/00:18:52;-;140,00;1,0000;1,030;-;-;54,0;118,0;PZB;False;False;0;-; 0,0; 0,0; 0,0;VDV1: Strecke 2 - Gleis 2 - Strecke 1;0,000000;42110,0;  0,0;4831,9;  0,0;1,030;1,00;1,00;"80 0622-19.0;";0;PZB fallend;;;False;PZB fallend;False;00:52:18;00:52:18;-;-;False;-;-;3138;3138
23565;PZB fallend;0/00:52:20;0/00:52:20;00:52;00:52;00:52;00:52;-;80,00;77,67;80,00;-;80,00;130,00;K;-;Zugsicherungs-Stützstelle;;VDV1;VDV 1;0/00:18:53;-;140,00;1,0000;1,030;-;-;54,0;118,0;PZB;False;False;0;-; 0,0; 0,0; 0,0;VDV1: Strecke 2 - Gleis 2 - Strecke 1;0,000000;42110,0;  0,0;4831,9;  0,0;1,030;1,00;1,00;"80 0622-19.0;";0;PZB fallend;;;False;PZB fallend;False;00:52:20;00:52:20;-;-;False;-;-;3140;3140
24500;PZB fallend;0/00:53:03;0/00:53:03;00:53;00:53;00:53;00:53;-;80,00;77,67;80,00;-;80,00;130,00;K;-;VDV1 5.500 3521-0 Betriebsstellengrenze, =>S1 3521-0, Gleis 0;;VDV1;VDV 1;0/00:19:35;-;140,00;1,0000;1,030;-;-;54,0;118,0;PZB;False;False;0;-; 0,0; 0,0; 0,0;VDV1: Strecke 2 - Gleis 2 - Strecke 1;0,000000;42110,0;  0,0;4831,9;  0,0;1,030;1,00;1,00;"80 0622-19.0;";0;PZB fallend;3521;0;True;PZB fallend;False;00:53:03;00:53:03;-;-;False;-;Betriebsstellengrenze 3521-0 - Weiche 01W1 A (3521);3183;3183
24500;PZB fallend;0/00:53:03;0/00:53:03;00:53;00:53;00:53;00:53;-;80,00;77,67;80,00;-;80,00;130,00;K;-;S1 5.500 3521-0 Betriebsstellengrenze, =>VDV1 3521-0, Gleis 0;;S1;Strecke 1;0/00:19:35;-;140,00;1,0000;1,030;-;-;54,0;118,0;PZB;False;False;0;-; 0,0; 0,0; 0,0;S1: VDV 1 - Strecke 1 - null;0,000000;42110,0;  0,0;4831,9;  0,0;1,030;1,00;1,00;"80 0622-19.0;";0;PZB fallend;3521;0;True;PZB fallend;False;00:53:03;00:53:03;-;-;False;-;Gleisende 3521-0 - Betriebsstellengrenze 3521-0 (3521);3183;3183
27250;PZB fallend;0/00:55:10;0/00:55:10;00:55;00:55;00:55;00:55;-;80,00;77,67;80,00;-;80,00;130,00;K;-;S1 2.750 Streckengleis Fahrzeitmesspunkt, Beide Richtungen, BS-Mitte;;S1;Strecke 1;0/00:21:39;00:55:10;140,00;1,0000;1,030;-;-;54,0;118,0;PZB;False;False;0;-; 0,0; 0,0; 0,0;S1: VDV 1 - Strecke 1 - null;0,000000;42110,0;  0,0;4831,9;  0,0;1,030;1,00;1,00;"80 0622-19.0;";0;PZB fallend;3521;;True;PZB fallend;False;00:55:10;00:55:10;-;-;False;-;Gleisende 3521-0 - Betriebsstellengrenze 3521-0 (3521);3310;3310
30000;PZB fallend;0/00:57:18;0/00:57:18;00:57;00:57;00:57;00:57;-;80,00;77,67;80,00;-;80,00;130,00;K;-;S1 0.000 3521-0 Gleisende; Ref(30054)=<S1|0,000/+0|GE|3521-0|2>  Anfang(30054)=<S1|0,000/+0|GE|3521-0|2>  Ende(30054)=<S1|0,000/+0|GE|3521-0|2> ;S1;Strecke 1;0/00:23:43;-;140,00;1,0000;1,030;-;-;54,0;118,0;PZB;False;False;0;-; 0,0; 0,0; 0,0;S1: VDV 1 - Strecke 1 - null;0,000000;42110,0;  0,0;4831,9;  0,0;1,030;1,00;1,00;"80 0622-19.0;";0;PZB fallend;3521;;False;PZB fallend;False;00:57:18;00:57:18;-;-;False;-;Gleisende 3521-0 - Betriebsstellengrenze 3521-0 (3521);3438;3438
30054;PZB fallend;0/00:57:20;0/00:57:20;00:57;00:57;00:57;00:57;-;80,00;77,67;80,00;-;80,00;130,00;K;-;S1 0.000 3521-0 Gleisende; Anfang(22765)=<VDV1|7,235/+0|HS|01P2|1>  Ende(30054)=<S1|0,000/+0|GE|3521-0|2> ;S1;Strecke 1;0/00:23:45;-;140,00;1,0000;1,030;-;-;54,0;118,0;PZB;False;False;54;-; 0,0; 0,0; 0,0;S1: VDV 1 - Strecke 1 - null;0,000000;42110,0;  0,0;4831,9;  0,0;1,030;1,00;1,00;"80 0622-19.0;";0;PZB fallend;3521;;True;PZB fallend;False;00:57:20;00:57:20;-;-;False;-;Gleisende 3521-0 - Betriebsstellengrenze 3521-0 (3521);3440;3440
