Zugstrecke;Teilzugname;Ist-Abfahrt;Ist-Ankunft;Ist-Abfahrt gerundet;Ist-Ankunft gerundet;Ist-Abfahrt abgerundet;Ist-Ankunft aufgerundet;Haltezeiten;v;vReal;vMax;vMaxZugsicherung;vMaxStrecke;vMaxBrH;Zustand;DynStatus;Infrastrukturelement;Referenzelemente;Betriebsstelle;Betriebsstelle Langname;Relative Abfahrtzeit;Soll-Abfahrt;VMaxZug;Zuschlag;Regelzuschlag;SonderZuschlag;BauZuschlag;Laenge;Masse;Zugbeeinflussung;Steigend;Entfernt;Verschoben;Besonderheit;Bogen;Neigung;Tunnelquerschnitt;Fahrweg;a;Zugkraft;WFZ;WTFZ;WStrecke;Gesamtzuschlag;Verspätungszuschlag;Zuschlagabbau;Triebfahrzeuge;Wagenanzahl;Zugfamilienname;Streckennummer;Gleis;Wirkt;Einzelzugname;ATO;Ist-Ankunft ohne Tag;Ist-Abfahrt ohne Tag;Haltezeit;Mindesthaltezeit;No-Stopping Zone;ETCS-Kurve für Belegung;Zwischenweichenabschnitt;Ist-Abfahrt in Sekunden;Ist-Ankunft in Sekunden
0;ETCS fallend;0/00:28:18;0/00:28:18;00:28;00:28;00:28;00:28;-;100,00;97,09;100,00;-;100,00;-;K;-;S3 30.000 3521-0 Gleisende; Ref(7025)=<DB2|22,975/+0|HS|02F|1>  Anfang(7025)=<DB2|22,975/+0|HS|02F|1>  Ende(7095)=<DB2|22,905/+0|ZSS||1> ;S3;Strecke 3;0/00:00:00;-;140,00;1,0000;1,030;-;-;54,0;118,0;ETCS L1;False;False;0;-; 0,0; 0,0; 0,0;S3: null - Strecke 3 - VDV 2;0,000000;31642,0;  0,0;6227,3;  0,0;1,030;1,00;1,00;"80 0622-19.0;";0;ETCS fallend;3521;;True;ETCS fallend;False;00:28:18;00:28:18;-;-;False;-;Betriebsstellengrenze 3521-0 - Gleisende 3521-0 (3521);1698;1698
0;ETCS fallend;0/00:28:18;0/00:28:18;00:28;00:28;00:28;00:28;-;100,00;97,09;100,00;-;100,00;-;K;-;S3 30.000  ZB-Anfang, Fallend, ETCS1( DB Netz AG SRS 3.6.0  <ETCS 1 (FS) | ETCS 2>);;S3;Strecke 3;0/00:00:00;-;140,00;1,0000;1,030;-;-;54,0;118,0;ETCS L1;False;False;0;-; 0,0; 0,0; 0,0;S3: null - Strecke 3 - VDV 2;0,000000;31642,0;  0,0;6227,3;  0,0;1,030;1,00;1,00;"80 0622-19.0;";0;ETCS fallend;3521;;True;ETCS fallend;False;00:28:18;00:28:18;-;-;False;-;Betriebsstellengrenze 3521-0 - Gleisende 3521-0 (3521);1698;1698
0;ETCS fallend;0/00:28:18;0/00:28:18;00:28;00:28;00:28;00:28;-;100,00;97,09;100,00;-;100,00;-;K;-;S3 30.000  Geschwindigkeit Zulässig, Fallend, v=100km/h, Wirkung ab hier, Alle;;S3;Strecke 3;0/00:00:00;-;140,00;1,0000;1,030;-;-;54,0;118,0;ETCS L1;False;False;0;-; 0,0; 0,0; 0,0;S3: null - Strecke 3 - VDV 2;0,000000;31642,0;  0,0;6227,3;  0,0;1,030;1,00;1,00;"80 0622-19.0;";0;ETCS fallend;3521;;True;ETCS fallend;False;00:28:18;00:28:18;-;-;False;-;Betriebsstellengrenze 3521-0 - Gleisende 3521-0 (3521);1698;1698
25;ETCS fallend;0/00:28:18;0/00:28:18;00:28;00:28;00:28;00:28;-;100,00;97,09;100,00;-;100,00;-;K;-;ETCS-Stützstelle;;S3;Strecke 3;0/00:00:00;-;140,00;1,0000;1,030;-;-;54,0;118,0;ETCS L1;False;False;0;-; 0,0; 0,0; 0,0;S3: null - Strecke 3 - VDV 2;0,000000;31642,0;  0,0;6227,3;  0,0;1,030;1,00;1,00;"80 0622-19.0;";0;ETCS fallend;;;False;ETCS fallend;False;00:28:18;00:28:18;-;-;False;-;-;1698;1698
50;ETCS fallend;0/00:28:19;0/00:28:19;00:28;00:28;00:28;00:28;-;100,00;97,09;100,00;-;100,00;-;K;-;ETCS-Stützstelle;;S3;Strecke 3;0/00:00:01;-;140,00;1,0000;1,030;-;-;54,0;118,0;ETCS L1;False;False;0;-; 0,0; 0,0; 0,0;S3: null - Strecke 3 - VDV 2;0,000000;31642,0;  0,0;6227,3;  0,0;1,030;1,00;1,00;"80 0622-19.0;";0;ETCS fallend;;;False;ETCS fallend;False;00:28:19;00:28:19;-;-;False;-;-;1699;1699
75;ETCS fallend;0/00:28:20;0/00:28:20;00:28;00:28;00:28;00:28;-;100,00;97,09;100,00;-;100,00;-;K;-;ETCS-Stützstelle;;S3;Strecke 3;0/00:00:02;-;140,00;1,0000;1,030;-;-;54,0;118,0;ETCS L1;False;False;0;-; 0,0; 0,0; 0,0;S3: null - Strecke 3 - VDV 2;0,000000;31642,0;  0,0;6227,3;  0,0;1,030;1,00;1,00;"80 0622-19.0;";0;ETCS fallend;;;False;ETCS fallend;False;00:28:20;00:28:20;-;-;False;-;-;1700;1700
100;ETCS fallend;0/00:28:21;0/00:28:21;00:28;00:28;00:28;00:28;-;100,00;97,09;100,00;-;100,00;-;K;-;ETCS-Stützstelle;;S3;Strecke 3;0/00:00:03;-;140,00;1,0000;1,030;-;-;54,0;118,0;ETCS L1;False;False;0;-; 0,0; 0,0; 0,0;S3: null - Strecke 3 - VDV 2;0,000000;31642,0;  0,0;6227,3;  0,0;1,030;1,00;1,00;"80 0622-19.0;";0;ETCS fallend;;;False;ETCS fallend;False;00:28:21;00:28:21;-;-;False;-;-;1701;1701
125;ETCS fallend;0/00:28:22;0/00:28:22;00:28;00:28;00:28;00:28;-;100,00;97,09;100,00;-;100,00;-;K;-;ETCS-Stützstelle;;S3;Strecke 3;0/00:00:04;-;140,00;1,0000;1,030;-;-;54,0;118,0;ETCS L1;False;False;0;-; 0,0; 0,0; 0,0;S3: null - Strecke 3 - VDV 2;0,000000;31642,0;  0,0;6227,3;  0,0;1,030;1,00;1,00;"80 0622-19.0;";0;ETCS fallend;;;False;ETCS fallend;False;00:28:22;00:28:22;-;-;False;-;-;1702;1702
150;ETCS fallend;0/00:28:23;0/00:28:23;00:28;00:28;00:28;00:28;-;100,00;97,09;100,00;-;100,00;-;K;-;ETCS-Stützstelle;;S3;Strecke 3;0/00:00:05;-;140,00;1,0000;1,030;-;-;54,0;118,0;ETCS L1;False;False;0;-; 0,0; 0,0; 0,0;S3: null - Strecke 3 - VDV 2;0,000000;31642,0;  0,0;6227,3;  0,0;1,030;1,00;1,00;"80 0622-19.0;";0;ETCS fallend;;;False;ETCS fallend;False;00:28:23;00:28:23;-;-;False;-;-;1703;1703
175;ETCS fallend;0/00:28:24;0/00:28:24;00:28;00:28;00:28;00:28;-;100,00;97,09;100,00;-;100,00;-;K;-;ETCS-Stützstelle;;S3;Strecke 3;0/00:00:06;-;140,00;1,0000;1,030;-;-;54,0;118,0;ETCS L1;False;False;0;-; 0,0; 0,0; 0,0;S3: null - Strecke 3 - VDV 2;0,000000;31642,0;  0,0;6227,3;  0,0;1,030;1,00;1,00;"80 0622-19.0;";0;ETCS fallend;;;False;ETCS fallend;False;00:28:24;00:28:24;-;-;False;-;-;1704;1704
200;ETCS fallend;0/00:28:25;0/00:28:25;00:28;00:28;00:28;00:28;-;100,00;97,09;100,00;-;100,00;-;K;-;ETCS-Stützstelle;;S3;Strecke 3;0/00:00:07;-;140,00;1,0000;1,030;-;-;54,0;118,0;ETCS L1;False;False;0;-; 0,0; 0,0; 0,0;S3: null - Strecke 3 - VDV 2;0,000000;31642,0;  0,0;6227,3;  0,0;1,030;1,00;1,00;"80 0622-19.0;";0;ETCS fallend;;;False;ETCS fallend;False;00:28:25;00:28:25;-;-;False;-;-;1705;1705
225;ETCS fallend;0/00:28:26;0/00:28:26;00:28;00:28;00:28;00:28;-;100,00;97,09;100,00;-;100,00;-;K;-;ETCS-Stützstelle;;S3;Strecke 3;0/00:00:08;-;140,00;1,0000;1,030;-;-;54,0;118,0;ETCS L1;False;False;0;-; 0,0; 0,0; 0,0;S3: null - Strecke 3 - VDV 2;0,000000;31642,0;  0,0;6227,3;  0,0;1,030;1,00;1,00;"80 0622-19.0;";0;ETCS fallend;;;False;ETCS fallend;False;00:28:26;00:28:26;-;-;False;-;-;1706;1706
250;ETCS fallend;0/00:28:27;0/00:28:27;00:28;00:28;00:28;00:28;-;100,00;97,09;100,00;-;100,00;-;K;-;ETCS-Stützstelle;;S3;Strecke 3;0/00:00:09;-;140,00;1,0000;1,030;-;-;54,0;118,0;ETCS L1;False;False;0;-; 0,0; 0,0; 0,0;S3: null - Strecke 3 - VDV 2;0,000000;31642,0;  0,0;6227,3;  0,0;1,030;1,00;1,00;"80 0622-19.0;";0;ETCS fallend;;;False;ETCS fallend;False;00:28:27;00:28:27;-;-;False;-;-;1707;1707
275;ETCS fallend;0/00:28:28;0/00:28:28;00:28;00:28;00:28;00:28;-;100,00;97,09;100,00;-;100,00;-;K;-;ETCS-Stützstelle;;S3;Strecke 3;0/00:00:09;-;140,00;1,0000;1,030;-;-;54,0;118,0;ETCS L1;False;False;0;-; 0,0; 0,0; 0,0;S3: null - Strecke 3 - VDV 2;0,000000;31642,0;  0,0;6227,3;  0,0;1,030;1,00;1,00;"80 0622-19.0;";0;ETCS fallend;;;False;ETCS fallend;False;00:28:28;00:28:28;-;-;False;-;-;1708;1708
300;ETCS fallend;0/00:28:29;0/00:28:29;00:28;00:28;00:28;00:28;-;100,00;97,09;100,00;-;100,00;-;K;-;ETCS-Stützstelle;;S3;Strecke 3;0/00:00:10;-;140,00;1,0000;1,030;-;-;54,0;118,0;ETCS L1;False;False;0;-; 0,0; 0,0; 0,0;S3: null - Strecke 3 - VDV 2;0,000000;31642,0;  0,0;6227,3;  0,0;1,030;1,00;1,00;"80 0622-19.0;";0;ETCS fallend;;;False;ETCS fallend;False;00:28:29;00:28:29;-;-;False;-;-;1709;1709
325;ETCS fallend;0/00:28:30;0/00:28:30;00:29;00:29;00:29;00:29;-;100,00;97,09;100,00;-;100,00;-;K;-;ETCS-Stützstelle;;S3;Strecke 3;0/00:00:11;-;140,00;1,0000;1,030;-;-;54,0;118,0;ETCS L1;False;False;0;-; 0,0; 0,0; 0,0;S3: null - Strecke 3 - VDV 2;0,000000;31642,0;  0,0;6227,3;  0,0;1,030;1,00;1,00;"80 0622-19.0;";0;ETCS fallend;;;False;ETCS fallend;False;00:28:30;00:28:30;-;-;False;-;-;1710;1710
350;ETCS fallend;0/00:28:31;0/00:28:31;00:29;00:29;00:29;00:29;-;100,00;97,09;100,00;-;100,00;-;K;-;ETCS-Stützstelle;;S3;Strecke 3;0/00:00:12;-;140,00;1,0000;1,030;-;-;54,0;118,0;ETCS L1;False;False;0;-; 0,0; 0,0; 0,0;S3: null - Strecke 3 - VDV 2;0,000000;31642,0;  0,0;6227,3;  0,0;1,030;1,00;1,00;"80 0622-19.0;";0;ETCS fallend;;;False;ETCS fallend;False;00:28:31;00:28:31;-;-;False;-;-;1711;1711
375;ETCS fallend;0/00:28:31;0/00:28:31;00:29;00:29;00:29;00:29;-;100,00;97,09;100,00;-;100,00;-;K;-;ETCS-Stützstelle;;S3;Strecke 3;0/00:00:13;-;140,00;1,0000;1,030;-;-;54,0;118,0;ETCS L1;False;False;0;-; 0,0; 0,0; 0,0;S3: null - Strecke 3 - VDV 2;0,000000;31642,0;  0,0;6227,3;  0,0;1,030;1,00;1,00;"80 0622-19.0;";0;ETCS fallend;;;False;ETCS fallend;False;00:28:31;00:28:31;-;-;False;-;-;1711;1711
400;ETCS fallend;0/00:28:32;0/00:28:32;00:29;00:29;00:29;00:29;-;100,00;97,09;100,00;-;100,00;-;K;-;ETCS-Stützstelle;;S3;Strecke 3;0/00:00:14;-;140,00;1,0000;1,030;-;-;54,0;118,0;ETCS L1;False;False;0;-; 0,0; 0,0; 0,0;S3: null - Strecke 3 - VDV 2;0,000000;31642,0;  0,0;6227,3;  0,0;1,030;1,00;1,00;"80 0622-19.0;";0;ETCS fallend;;;False;ETCS fallend;False;00:28:32;00:28:32;-;-;False;-;-;1712;1712
425;ETCS fallend;0/00:28:33;0/00:28:33;00:29;00:29;00:29;00:29;-;100,00;97,09;100,00;-;100,00;-;K;-;ETCS-Stützstelle;;S3;Strecke 3;0/00:00:15;-;140,00;1,0000;1,030;-;-;54,0;118,0;ETCS L1;False;False;0;-; 0,0; 0,0; 0,0;S3: null - Strecke 3 - VDV 2;0,000000;31642,0;  0,0;6227,3;  0,0;1,030;1,00;1,00;"80 0622-19.0;";0;ETCS fallend;;;False;ETCS fallend;False;00:28:33;00:28:33;-;-;False;-;-;1713;1713
450;ETCS fallend;0/00:28:34;0/00:28:34;00:29;00:29;00:29;00:29;-;100,00;97,09;100,00;-;100,00;-;K;-;ETCS-Stützstelle;;S3;Strecke 3;0/00:00:16;-;140,00;1,0000;1,030;-;-;54,0;118,0;ETCS L1;False;False;0;-; 0,0; 0,0; 0,0;S3: null - Strecke 3 - VDV 2;0,000000;31642,0;  0,0;6227,3;  0,0;1,030;1,00;1,00;"80 0622-19.0;";0;ETCS fallend;;;False;ETCS fallend;False;00:28:34;00:28:34;-;-;False;-;-;1714;1714
475;ETCS fallend;0/00:28:35;0/00:28:35;00:29;00:29;00:29;00:29;-;100,00;97,09;100,00;-;100,00;-;K;-;ETCS-Stützstelle;;S3;Strecke 3;0/00:00:17;-;140,00;1,0000;1,030;-;-;54,0;118,0;ETCS L1;False;False;0;-; 0,0; 0,0; 0,0;S3: null - Strecke 3 - VDV 2;0,000000;31642,0;  0,0;6227,3;  0,0;1,030;1,00;1,00;"80 0622-19.0;";0;ETCS fallend;;;False;ETCS fallend;False;00:28:35;00:28:35;-;-;False;-;-;1715;1715
500;ETCS fallend;0/00:28:36;0/00:28:36;00:29;00:29;00:29;00:29;-;100,00;97,09;100,00;-;100,00;-;K;-;ETCS-Stützstelle;;S3;Strecke 3;0/00:00:18;-;140,00;1,0000;1,030;-;-;54,0;118,0;ETCS L1;False;False;0;-; 0,0; 0,0; 0,0;S3: null - Strecke 3 - VDV 2;0,000000;31642,0;  0,0;6227,3;  0,0;1,030;1,00;1,00;"80 0622-19.0;";0;ETCS fallend;;;False;ETCS fallend;False;00:28:36;00:28:36;-;-;False;-;-;1716;1716
525;ETCS fallend;0/00:28:37;0/00:28:37;00:29;00:29;00:29;00:29;-;100,00;97,09;100,00;-;100,00;-;K;-;ETCS-Stützstelle;;S3;Strecke 3;0/00:00:18;-;140,00;1,0000;1,030;-;-;54,0;118,0;ETCS L1;False;False;0;-; 0,0; 0,0; 0,0;S3: null - Strecke 3 - VDV 2;0,000000;31642,0;  0,0;6227,3;  0,0;1,030;1,00;1,00;"80 0622-19.0;";0;ETCS fallend;;;False;ETCS fallend;False;00:28:37;00:28:37;-;-;False;-;-;1717;1717
550;ETCS fallend;0/00:28:38;0/00:28:38;00:29;00:29;00:29;00:29;-;100,00;97,09;100,00;-;100,00;-;K;-;ETCS-Stützstelle;;S3;Strecke 3;0/00:00:19;-;140,00;1,0000;1,030;-;-;54,0;118,0;ETCS L1;False;False;0;-; 0,0; 0,0; 0,0;S3: null - Strecke 3 - VDV 2;0,000000;31642,0;  0,0;6227,3;  0,0;1,030;1,00;1,00;"80 0622-19.0;";0;ETCS fallend;;;False;ETCS fallend;False;00:28:38;00:28:38;-;-;False;-;-;1718;1718
575;ETCS fallend;0/00:28:39;0/00:28:39;00:29;00:29;00:29;00:29;-;100,00;97,09;100,00;-;100,00;-;K;-;ETCS-Stützstelle;;S3;Strecke 3;0/00:00:20;-;140,00;1,0000;1,030;-;-;54,0;118,0;ETCS L1;False;False;0;-; 0,0; 0,0; 0,0;S3: null - Strecke 3 - VDV 2;0,000000;31642,0;  0,0;6227,3;  0,0;1,030;1,00;1,00;"80 0622-19.0;";0;ETCS fallend;;;False;ETCS fallend;False;00:28:39;00:28:39;-;-;False;-;-;1719;1719
600;ETCS fallend;0/00:28:40;0/00:28:40;00:29;00:29;00:29;00:29;-;100,00;97,09;100,00;-;100,00;-;K;-;ETCS-Stützstelle;;S3;Strecke 3;0/00:00:21;-;140,00;1,0000;1,030;-;-;54,0;118,0;ETCS L1;False;False;0;-; 0,0; 0,0; 0,0;S3: null - Strecke 3 - VDV 2;0,000000;31642,0;  0,0;6227,3;  0,0;1,030;1,00;1,00;"80 0622-19.0;";0;ETCS fallend;;;False;ETCS fallend;False;00:28:40;00:28:40;-;-;False;-;-;1720;1720
625;ETCS fallend;0/00:28:41;0/00:28:41;00:29;00:29;00:29;00:29;-;100,00;97,09;100,00;-;100,00;-;K;-;ETCS-Stützstelle;;S3;Strecke 3;0/00:00:22;-;140,00;1,0000;1,030;-;-;54,0;118,0;ETCS L1;False;False;0;-; 0,0; 0,0; 0,0;S3: null - Strecke 3 - VDV 2;0,000000;31642,0;  0,0;6227,3;  0,0;1,030;1,00;1,00;"80 0622-19.0;";0;ETCS fallend;;;False;ETCS fallend;False;00:28:41;00:28:41;-;-;False;-;-;1721;1721
650;ETCS fallend;0/00:28:42;0/00:28:42;00:29;00:29;00:29;00:29;-;100,00;97,09;100,00;-;100,00;-;K;-;ETCS-Stützstelle;;S3;Strecke 3;0/00:00:23;-;140,00;1,0000;1,030;-;-;54,0;118,0;ETCS L1;False;False;0;-; 0,0; 0,0; 0,0;S3: null - Strecke 3 - VDV 2;0,000000;31642,0;  0,0;6227,3;  0,0;1,030;1,00;1,00;"80 0622-19.0;";0;ETCS fallend;;;False;ETCS fallend;False;00:28:42;00:28:42;-;-;False;-;-;1722;1722
675;ETCS fallend;0/00:28:43;0/00:28:43;00:29;00:29;00:29;00:29;-;100,00;97,09;100,00;-;100,00;-;K;-;ETCS-Stützstelle;;S3;Strecke 3;0/00:00:24;-;140,00;1,0000;1,030;-;-;54,0;118,0;ETCS L1;False;False;0;-; 0,0; 0,0; 0,0;S3: null - Strecke 3 - VDV 2;0,000000;31642,0;  0,0;6227,3;  0,0;1,030;1,00;1,00;"80 0622-19.0;";0;ETCS fallend;;;False;ETCS fallend;False;00:28:43;00:28:43;-;-;False;-;-;1723;1723
700;ETCS fallend;0/00:28:43;0/00:28:43;00:29;00:29;00:29;00:29;-;100,00;97,09;100,00;-;100,00;-;K;-;ETCS-Stützstelle;;S3;Strecke 3;0/00:00:25;-;140,00;1,0000;1,030;-;-;54,0;118,0;ETCS L1;False;False;0;-; 0,0; 0,0; 0,0;S3: null - Strecke 3 - VDV 2;0,000000;31642,0;  0,0;6227,3;  0,0;1,030;1,00;1,00;"80 0622-19.0;";0;ETCS fallend;;;False;ETCS fallend;False;00:28:43;00:28:43;-;-;False;-;-;1723;1723
725;ETCS fallend;0/00:28:44;0/00:28:44;00:29;00:29;00:29;00:29;-;100,00;97,09;100,00;-;100,00;-;K;-;ETCS-Stützstelle;;S3;Strecke 3;0/00:00:26;-;140,00;1,0000;1,030;-;-;54,0;118,0;ETCS L1;False;False;0;-; 0,0; 0,0; 0,0;S3: null - Strecke 3 - VDV 2;0,000000;31642,0;  0,0;6227,3;  0,0;1,030;1,00;1,00;"80 0622-19.0;";0;ETCS fallend;;;False;ETCS fallend;False;00:28:44;00:28:44;-;-;False;-;-;1724;1724
750;ETCS fallend;0/00:28:45;0/00:28:45;00:29;00:29;00:29;00:29;-;100,00;97,09;100,00;-;100,00;-;K;-;ETCS-Stützstelle;;S3;Strecke 3;0/00:00:27;-;140,00;1,0000;1,030;-;-;54,0;118,0;ETCS L1;False;False;0;-; 0,0; 0,0; 0,0;S3: null - Strecke 3 - VDV 2;0,000000;31642,0;  0,0;6227,3;  0,0;1,030;1,00;1,00;"80 0622-19.0;";0;ETCS fallend;;;False;ETCS fallend;False;00:28:45;00:28:45;-;-;False;-;-;1725;1725
775;ETCS fallend;0/00:28:46;0/00:28:46;00:29;00:29;00:29;00:29;-;100,00;97,09;100,00;-;100,00;-;K;-;ETCS-Stützstelle;;S3;Strecke 3;0/00:00:27;-;140,00;1,0000;1,030;-;-;54,0;118,0;ETCS L1;False;False;0;-; 0,0; 0,0; 0,0;S3: null - Strecke 3 - VDV 2;0,000000;31642,0;  0,0;6227,3;  0,0;1,030;1,00;1,00;"80 0622-19.0;";0;ETCS fallend;;;False;ETCS fallend;False;00:28:46;00:28:46;-;-;False;-;-;1726;1726
800;ETCS fallend;0/00:28:47;0/00:28:47;00:29;00:29;00:29;00:29;-;100,00;97,09;100,00;-;100,00;-;K;-;ETCS-Stützstelle;;S3;Strecke 3;0/00:00:28;-;140,00;1,0000;1,030;-;-;54,0;118,0;ETCS L1;False;False;0;-; 0,0; 0,0; 0,0;S3: null - Strecke 3 - VDV 2;0,000000;31642,0;  0,0;6227,3;  0,0;1,030;1,00;1,00;"80 0622-19.0;";0;ETCS fallend;;;False;ETCS fallend;False;00:28:47;00:28:47;-;-;False;-;-;1727;1727
825;ETCS fallend;0/00:28:48;0/00:28:48;00:29;00:29;00:29;00:29;-;100,00;97,09;100,00;-;100,00;-;K;-;ETCS-Stützstelle;;S3;Strecke 3;0/00:00:29;-;140,00;1,0000;1,030;-;-;54,0;118,0;ETCS L1;False;False;0;-; 0,0; 0,0; 0,0;S3: null - Strecke 3 - VDV 2;0,000000;31642,0;  0,0;6227,3;  0,0;1,030;1,00;1,00;"80 0622-19.0;";0;ETCS fallend;;;False;ETCS fallend;False;00:28:48;00:28:48;-;-;False;-;-;1728;1728
850;ETCS fallend;0/00:28:49;0/00:28:49;00:29;00:29;00:29;00:29;-;100,00;97,09;100,00;-;100,00;-;K;-;ETCS-Stützstelle;;S3;Strecke 3;0/00:00:30;-;140,00;1,0000;1,030;-;-;54,0;118,0;ETCS L1;False;False;0;-; 0,0; 0,0; 0,0;S3: null - Strecke 3 - VDV 2;0,000000;31642,0;  0,0;6227,3;  0,0;1,030;1,00;1,00;"80 0622-19.0;";0;ETCS fallend;;;False;ETCS fallend;False;00:28:49;00:28:49;-;-;False;-;-;1729;1729
875;ETCS fallend;0/00:28:50;0/00:28:50;00:29;00:29;00:29;00:29;-;100,00;97,09;100,00;-;100,00;-;K;-;ETCS-Stützstelle;;S3;Strecke 3;0/00:00:31;-;140,00;1,0000;1,030;-;-;54,0;118,0;ETCS L1;False;False;0;-; 0,0; 0,0; 0,0;S3: null - Strecke 3 - VDV 2;0,000000;31642,0;  0,0;6227,3;  0,0;1,030;1,00;1,00;"80 0622-19.0;";0;ETCS fallend;;;False;ETCS fallend;False;00:28:50;00:28:50;-;-;False;-;-;1730;1730
900;ETCS fallend;0/00:28:51;0/00:28:51;00:29;00:29;00:29;00:29;-;100,00;97,09;100,00;-;100,00;-;K;-;ETCS-Stützstelle;;S3;Strecke 3;0/00:00:32;-;140,00;1,0000;1,030;-;-;54,0;118,0;ETCS L1;False;False;0;-; 0,0; 0,0; 0,0;S3: null - Strecke 3 - VDV 2;0,000000;31642,0;  0,0;6227,3;  0,0;1,030;1,00;1,00;"80 0622-19.0;";0;ETCS fallend;;;False;ETCS fallend;False;00:28:51;00:28:51;-;-;False;-;-;1731;1731
925;ETCS fallend;0/00:28:52;0/00:28:52;00:29;00:29;00:29;00:29;-;100,00;97,09;100,00;-;100,00;-;K;-;ETCS-Stützstelle;;S3;Strecke 3;0/00:00:33;-;140,00;1,0000;1,030;-;-;54,0;118,0;ETCS L1;False;False;0;-; 0,0; 0,0; 0,0;S3: null - Strecke 3 - VDV 2;0,000000;31642,0;  0,0;6227,3;  0,0;1,030;1,00;1,00;"80 0622-19.0;";0;ETCS fallend;;;False;ETCS fallend;False;00:28:52;00:28:52;-;-;False;-;-;1732;1732
950;ETCS fallend;0/00:28:53;0/00:28:53;00:29;00:29;00:29;00:29;-;100,00;97,09;100,00;-;100,00;-;K;-;ETCS-Stützstelle;;S3;Strecke 3;0/00:00:34;-;140,00;1,0000;1,030;-;-;54,0;118,0;ETCS L1;False;False;0;-; 0,0; 0,0; 0,0;S3: null - Strecke 3 - VDV 2;0,000000;31642,0;  0,0;6227,3;  0,0;1,030;1,00;1,00;"80 0622-19.0;";0;ETCS fallend;;;False;ETCS fallend;False;00:28:53;00:28:53;-;-;False;-;-;1733;1733
975;ETCS fallend;0/00:28:54;0/00:28:54;00:29;00:29;00:29;00:29;-;100,00;97,09;100,00;-;100,00;-;K;-;ETCS-Stützstelle;;S3;Strecke 3;0/00:00:35;-;140,00;1,0000;1,030;-;-;54,0;118,0;ETCS L1;False;False;0;-; 0,0; 0,0; 0,0;S3: null - Strecke 3 - VDV 2;0,000000;31642,0;  0,0;6227,3;  0,0;1,030;1,00;1,00;"80 0622-19.0;";0;ETCS fallend;;;False;ETCS fallend;False;00:28:54;00:28:54;-;-;False;-;-;1734;1734
1000;ETCS fallend;0/00:28:55;0/00:28:55;00:29;00:29;00:29;00:29;-;100,00;97,09;100,00;-;100,00;-;K;-;ETCS-Stützstelle;;S3;Strecke 3;0/00:00:36;-;140,00;1,0000;1,030;-;-;54,0;118,0;ETCS L1;False;False;0;-; 0,0; 0,0; 0,0;S3: null - Strecke 3 - VDV 2;0,000000;31642,0;  0,0;6227,3;  0,0;1,030;1,00;1,00;"80 0622-19.0;";0;ETCS fallend;;;False;ETCS fallend;False;00:28:55;00:28:55;-;-;False;-;-;1735;1735
1025;ETCS fallend;0/00:28:56;0/00:28:56;00:29;00:29;00:29;00:29;-;100,00;97,09;100,00;-;100,00;-;K;-;ETCS-Stützstelle;;S3;Strecke 3;0/00:00:36;-;140,00;1,0000;1,030;-;-;54,0;118,0;ETCS L1;False;False;0;-; 0,0; 0,0; 0,0;S3: null - Strecke 3 - VDV 2;0,000000;31642,0;  0,0;6227,3;  0,0;1,030;1,00;1,00;"80 0622-19.0;";0;ETCS fallend;;;False;ETCS fallend;False;00:28:56;00:28:56;-;-;False;-;-;1736;1736
1050;ETCS fallend;0/00:28:56;0/00:28:56;00:29;00:29;00:29;00:29;-;100,00;97,09;100,00;-;100,00;-;K;-;ETCS-Stützstelle;;S3;Strecke 3;0/00:00:37;-;140,00;1,0000;1,030;-;-;54,0;118,0;ETCS L1;False;False;0;-; 0,0; 0,0; 0,0;S3: null - Strecke 3 - VDV 2;0,000000;31642,0;  0,0;6227,3;  0,0;1,030;1,00;1,00;"80 0622-19.0;";0;ETCS fallend;;;False;ETCS fallend;False;00:28:56;00:28:56;-;-;False;-;-;1736;1736
1075;ETCS fallend;0/00:28:57;0/00:28:57;00:29;00:29;00:29;00:29;-;100,00;97,09;100,00;-;100,00;-;K;-;ETCS-Stützstelle;;S3;Strecke 3;0/00:00:38;-;140,00;1,0000;1,030;-;-;54,0;118,0;ETCS L1;False;False;0;-; 0,0; 0,0; 0,0;S3: null - Strecke 3 - VDV 2;0,000000;31642,0;  0,0;6227,3;  0,0;1,030;1,00;1,00;"80 0622-19.0;";0;ETCS fallend;;;False;ETCS fallend;False;00:28:57;00:28:57;-;-;False;-;-;1737;1737
1100;ETCS fallend;0/00:28:58;0/00:28:58;00:29;00:29;00:29;00:29;-;100,00;97,09;100,00;-;100,00;-;K;-;ETCS-Stützstelle;;S3;Strecke 3;0/00:00:39;-;140,00;1,0000;1,030;-;-;54,0;118,0;ETCS L1;False;False;0;-; 0,0; 0,0; 0,0;S3: null - Strecke 3 - VDV 2;0,000000;31642,0;  0,0;6227,3;  0,0;1,030;1,00;1,00;"80 0622-19.0;";0;ETCS fallend;;;False;ETCS fallend;False;00:28:58;00:28:58;-;-;False;-;-;1738;1738
1125;ETCS fallend;0/00:28:59;0/00:28:59;00:29;00:29;00:29;00:29;-;100,00;97,09;100,00;-;100,00;-;K;-;ETCS-Stützstelle;;S3;Strecke 3;0/00:00:40;-;140,00;1,0000;1,030;-;-;54,0;118,0;ETCS L1;False;False;0;-; 0,0; 0,0; 0,0;S3: null - Strecke 3 - VDV 2;0,000000;31642,0;  0,0;6227,3;  0,0;1,030;1,00;1,00;"80 0622-19.0;";0;ETCS fallend;;;False;ETCS fallend;False;00:28:59;00:28:59;-;-;False;-;-;1739;1739
1150;ETCS fallend;0/00:29:00;0/00:29:00;00:29;00:29;00:29;00:29;-;100,00;97,09;100,00;-;100,00;-;K;-;ETCS-Stützstelle;;S3;Strecke 3;0/00:00:41;-;140,00;1,0000;1,030;-;-;54,0;118,0;ETCS L1;False;False;0;-; 0,0; 0,0; 0,0;S3: null - Strecke 3 - VDV 2;0,000000;31642,0;  0,0;6227,3;  0,0;1,030;1,00;1,00;"80 0622-19.0;";0;ETCS fallend;;;False;ETCS fallend;False;00:29:00;00:29:00;-;-;False;-;-;1740;1740
1175;ETCS fallend;0/00:29:01;0/00:29:01;00:29;00:29;00:29;00:29;-;100,00;97,09;100,00;-;100,00;-;K;-;ETCS-Stützstelle;;S3;Strecke 3;0/00:00:42;-;140,00;1,0000;1,030;-;-;54,0;118,0;ETCS L1;False;False;0;-; 0,0; 0,0; 0,0;S3: null - Strecke 3 - VDV 2;0,000000;31642,0;  0,0;6227,3;  0,0;1,030;1,00;1,00;"80 0622-19.0;";0;ETCS fallend;;;False;ETCS fallend;False;00:29:01;00:29:01;-;-;False;-;-;1741;1741
1200;ETCS fallend;0/00:29:02;0/00:29:02;00:29;00:29;00:29;00:29;-;100,00;97,09;100,00;-;100,00;-;K;-;ETCS-Stützstelle;;S3;Strecke 3;0/00:00:43;-;140,00;1,0000;1,030;-;-;54,0;118,0;ETCS L1;False;False;0;-; 0,0; 0,0; 0,0;S3: null - Strecke 3 - VDV 2;0,000000;31642,0;  0,0;6227,3;  0,0;1,030;1,00;1,00;"80 0622-19.0;";0;ETCS fallend;;;False;ETCS fallend;False;00:29:02;00:29:02;-;-;False;-;-;1742;1742
1225;ETCS fallend;0/00:29:03;0/00:29:03;00:29;00:29;00:29;00:29;-;100,00;97,09;100,00;-;100,00;-;K;-;ETCS-Stützstelle;;S3;Strecke 3;0/00:00:44;-;140,00;1,0000;1,030;-;-;54,0;118,0;ETCS L1;False;False;0;-; 0,0; 0,0; 0,0;S3: null - Strecke 3 - VDV 2;0,000000;31642,0;  0,0;6227,3;  0,0;1,030;1,00;1,00;"80 0622-19.0;";0;ETCS fallend;;;False;ETCS fallend;False;00:29:03;00:29:03;-;-;False;-;-;1743;1743
1250;ETCS fallend;0/00:29:04;0/00:29:04;00:29;00:29;00:29;00:29;-;100,00;97,09;100,00;-;100,00;-;K;-;ETCS-Stützstelle;;S3;Strecke 3;0/00:00:45;-;140,00;1,0000;1,030;-;-;54,0;118,0;ETCS L1;False;False;0;-; 0,0; 0,0; 0,0;S3: null - Strecke 3 - VDV 2;0,000000;31642,0;  0,0;6227,3;  0,0;1,030;1,00;1,00;"80 0622-19.0;";0;ETCS fallend;;;False;ETCS fallend;False;00:29:04;00:29:04;-;-;False;-;-;1744;1744
1275;ETCS fallend;0/00:29:05;0/00:29:05;00:29;00:29;00:29;00:29;-;100,00;97,09;100,00;-;100,00;-;K;-;ETCS-Stützstelle;;S3;Strecke 3;0/00:00:45;-;140,00;1,0000;1,030;-;-;54,0;118,0;ETCS L1;False;False;0;-; 0,0; 0,0; 0,0;S3: null - Strecke 3 - VDV 2;0,000000;31642,0;  0,0;6227,3;  0,0;1,030;1,00;1,00;"80 0622-19.0;";0;ETCS fallend;;;False;ETCS fallend;False;00:29:05;00:29:05;-;-;False;-;-;1745;1745
1300;ETCS fallend;0/00:29:06;0/00:29:06;00:29;00:29;00:29;00:29;-;100,00;97,09;100,00;-;100,00;-;K;-;ETCS-Stützstelle;;S3;Strecke 3;0/00:00:46;-;140,00;1,0000;1,030;-;-;54,0;118,0;ETCS L1;False;False;0;-; 0,0; 0,0; 0,0;S3: null - Strecke 3 - VDV 2;0,000000;31642,0;  0,0;6227,3;  0,0;1,030;1,00;1,00;"80 0622-19.0;";0;ETCS fallend;;;False;ETCS fallend;False;00:29:06;00:29:06;-;-;False;-;-;1746;1746
1325;ETCS fallend;0/00:29:07;0/00:29:07;00:29;00:29;00:29;00:29;-;100,00;97,09;100,00;-;100,00;-;K;-;ETCS-Stützstelle;;S3;Strecke 3;0/00:00:47;-;140,00;1,0000;1,030;-;-;54,0;118,0;ETCS L1;False;False;0;-; 0,0; 0,0; 0,0;S3: null - Strecke 3 - VDV 2;0,000000;31642,0;  0,0;6227,3;  0,0;1,030;1,00;1,00;"80 0622-19.0;";0;ETCS fallend;;;False;ETCS fallend;False;00:29:07;00:29:07;-;-;False;-;-;1747;1747
1350;ETCS fallend;0/00:29:08;0/00:29:08;00:29;00:29;00:29;00:29;-;100,00;97,09;100,00;-;100,00;-;K;-;ETCS-Stützstelle;;S3;Strecke 3;0/00:00:48;-;140,00;1,0000;1,030;-;-;54,0;118,0;ETCS L1;False;False;0;-; 0,0; 0,0; 0,0;S3: null - Strecke 3 - VDV 2;0,000000;31642,0;  0,0;6227,3;  0,0;1,030;1,00;1,00;"80 0622-19.0;";0;ETCS fallend;;;False;ETCS fallend;False;00:29:08;00:29:08;-;-;False;-;-;1748;1748
1375;ETCS fallend;0/00:29:09;0/00:29:09;00:29;00:29;00:29;00:29;-;100,00;97,09;100,00;-;100,00;-;K;-;ETCS-Stützstelle;;S3;Strecke 3;0/00:00:49;-;140,00;1,0000;1,030;-;-;54,0;118,0;ETCS L1;False;False;0;-; 0,0; 0,0; 0,0;S3: null - Strecke 3 - VDV 2;0,000000;31642,0;  0,0;6227,3;  0,0;1,030;1,00;1,00;"80 0622-19.0;";0;ETCS fallend;;;False;ETCS fallend;False;00:29:09;00:29:09;-;-;False;-;-;1749;1749
1400;ETCS fallend;0/00:29:09;0/00:29:09;00:29;00:29;00:29;00:29;-;100,00;97,09;100,00;-;100,00;-;K;-;ETCS-Stützstelle;;S3;Strecke 3;0/00:00:50;-;140,00;1,0000;1,030;-;-;54,0;118,0;ETCS L1;False;False;0;-; 0,0; 0,0; 0,0;S3: null - Strecke 3 - VDV 2;0,000000;31642,0;  0,0;6227,3;  0,0;1,030;1,00;1,00;"80 0622-19.0;";0;ETCS fallend;;;False;ETCS fallend;False;00:29:09;00:29:09;-;-;False;-;-;1749;1749
1425;ETCS fallend;0/00:29:10;0/00:29:10;00:29;00:29;00:29;00:29;-;100,00;97,09;100,00;-;100,00;-;K;-;ETCS-Stützstelle;;S3;Strecke 3;0/00:00:51;-;140,00;1,0000;1,030;-;-;54,0;118,0;ETCS L1;False;False;0;-; 0,0; 0,0; 0,0;S3: null - Strecke 3 - VDV 2;0,000000;31642,0;  0,0;6227,3;  0,0;1,030;1,00;1,00;"80 0622-19.0;";0;ETCS fallend;;;False;ETCS fallend;False;00:29:10;00:29:10;-;-;False;-;-;1750;1750
1450;ETCS fallend;0/00:29:11;0/00:29:11;00:29;00:29;00:29;00:29;-;100,00;97,09;100,00;-;100,00;-;K;-;ETCS-Stützstelle;;S3;Strecke 3;0/00:00:52;-;140,00;1,0000;1,030;-;-;54,0;118,0;ETCS L1;False;False;0;-; 0,0; 0,0; 0,0;S3: null - Strecke 3 - VDV 2;0,000000;31642,0;  0,0;6227,3;  0,0;1,030;1,00;1,00;"80 0622-19.0;";0;ETCS fallend;;;False;ETCS fallend;False;00:29:11;00:29:11;-;-;False;-;-;1751;1751
1475;ETCS fallend;0/00:29:12;0/00:29:12;00:29;00:29;00:29;00:29;-;100,00;97,09;100,00;-;100,00;-;K;-;ETCS-Stützstelle;;S3;Strecke 3;0/00:00:53;-;140,00;1,0000;1,030;-;-;54,0;118,0;ETCS L1;False;False;0;-; 0,0; 0,0; 0,0;S3: null - Strecke 3 - VDV 2;0,000000;31642,0;  0,0;6227,3;  0,0;1,030;1,00;1,00;"80 0622-19.0;";0;ETCS fallend;;;False;ETCS fallend;False;00:29:12;00:29:12;-;-;False;-;-;1752;1752
1500;ETCS fallend;0/00:29:13;0/00:29:13;00:29;00:29;00:29;00:29;-;100,00;97,09;100,00;-;100,00;-;K;-;ETCS-Stützstelle;;S3;Strecke 3;0/00:00:54;-;140,00;1,0000;1,030;-;-;54,0;118,0;ETCS L1;False;False;0;-; 0,0; 0,0; 0,0;S3: null - Strecke 3 - VDV 2;0,000000;31642,0;  0,0;6227,3;  0,0;1,030;1,00;1,00;"80 0622-19.0;";0;ETCS fallend;;;False;ETCS fallend;False;00:29:13;00:29:13;-;-;False;-;-;1753;1753
1525;ETCS fallend;0/00:29:14;0/00:29:14;00:29;00:29;00:29;00:29;-;100,00;97,09;100,00;-;100,00;-;K;-;ETCS-Stützstelle;;S3;Strecke 3;0/00:00:54;-;140,00;1,0000;1,030;-;-;54,0;118,0;ETCS L1;False;False;0;-; 0,0; 0,0; 0,0;S3: null - Strecke 3 - VDV 2;0,000000;31642,0;  0,0;6227,3;  0,0;1,030;1,00;1,00;"80 0622-19.0;";0;ETCS fallend;;;False;ETCS fallend;False;00:29:14;00:29:14;-;-;False;-;-;1754;1754
1550;ETCS fallend;0/00:29:15;0/00:29:15;00:29;00:29;00:29;00:29;-;100,00;97,09;100,00;-;100,00;-;K;-;ETCS-Stützstelle;;S3;Strecke 3;0/00:00:55;-;140,00;1,0000;1,030;-;-;54,0;118,0;ETCS L1;False;False;0;-; 0,0; 0,0; 0,0;S3: null - Strecke 3 - VDV 2;0,000000;31642,0;  0,0;6227,3;  0,0;1,030;1,00;1,00;"80 0622-19.0;";0;ETCS fallend;;;False;ETCS fallend;False;00:29:15;00:29:15;-;-;False;-;-;1755;1755
1575;ETCS fallend;0/00:29:16;0/00:29:16;00:29;00:29;00:29;00:29;-;100,00;97,09;100,00;-;100,00;-;K;-;ETCS-Stützstelle;;S3;Strecke 3;0/00:00:56;-;140,00;1,0000;1,030;-;-;54,0;118,0;ETCS L1;False;False;0;-; 0,0; 0,0; 0,0;S3: null - Strecke 3 - VDV 2;0,000000;31642,0;  0,0;6227,3;  0,0;1,030;1,00;1,00;"80 0622-19.0;";0;ETCS fallend;;;False;ETCS fallend;False;00:29:16;00:29:16;-;-;False;-;-;1756;1756
1600;ETCS fallend;0/00:29:17;0/00:29:17;00:29;00:29;00:29;00:29;-;100,00;97,09;100,00;-;100,00;-;K;-;ETCS-Stützstelle;;S3;Strecke 3;0/00:00:57;-;140,00;1,0000;1,030;-;-;54,0;118,0;ETCS L1;False;False;0;-; 0,0; 0,0; 0,0;S3: null - Strecke 3 - VDV 2;0,000000;31642,0;  0,0;6227,3;  0,0;1,030;1,00;1,00;"80 0622-19.0;";0;ETCS fallend;;;False;ETCS fallend;False;00:29:17;00:29:17;-;-;False;-;-;1757;1757
1625;ETCS fallend;0/00:29:18;0/00:29:18;00:29;00:29;00:29;00:29;-;100,00;97,09;100,00;-;100,00;-;K;-;ETCS-Stützstelle;;S3;Strecke 3;0/00:00:58;-;140,00;1,0000;1,030;-;-;54,0;118,0;ETCS L1;False;False;0;-; 0,0; 0,0; 0,0;S3: null - Strecke 3 - VDV 2;0,000000;31642,0;  0,0;6227,3;  0,0;1,030;1,00;1,00;"80 0622-19.0;";0;ETCS fallend;;;False;ETCS fallend;False;00:29:18;00:29:18;-;-;False;-;-;1758;1758
1650;ETCS fallend;0/00:29:19;0/00:29:19;00:29;00:29;00:29;00:29;-;100,00;97,09;100,00;-;100,00;-;K;-;ETCS-Stützstelle;;S3;Strecke 3;0/00:00:59;-;140,00;1,0000;1,030;-;-;54,0;118,0;ETCS L1;False;False;0;-; 0,0; 0,0; 0,0;S3: null - Strecke 3 - VDV 2;0,000000;31642,0;  0,0;6227,3;  0,0;1,030;1,00;1,00;"80 0622-19.0;";0;ETCS fallend;;;False;ETCS fallend;False;00:29:19;00:29:19;-;-;False;-;-;1759;1759
1675;ETCS fallend;0/00:29:20;0/00:29:20;00:29;00:29;00:29;00:29;-;100,00;97,09;100,00;-;100,00;-;K;-;ETCS-Stützstelle;;S3;Strecke 3;0/00:01:00;-;140,00;1,0000;1,030;-;-;54,0;118,0;ETCS L1;False;False;0;-; 0,0; 0,0; 0,0;S3: null - Strecke 3 - VDV 2;0,000000;31642,0;  0,0;6227,3;  0,0;1,030;1,00;1,00;"80 0622-19.0;";0;ETCS fallend;;;False;ETCS fallend;False;00:29:20;00:29:20;-;-;False;-;-;1760;1760
1700;ETCS fallend;0/00:29:21;0/00:29:21;00:29;00:29;00:29;00:29;-;100,00;97,09;100,00;-;100,00;-;K;-;ETCS-Stützstelle;;S3;Strecke 3;0/00:01:01;-;140,00;1,0000;1,030;-;-;54,0;118,0;ETCS L1;False;False;0;-; 0,0; 0,0; 0,0;S3: null - Strecke 3 - VDV 2;0,000000;31642,0;  0,0;6227,3;  0,0;1,030;1,00;1,00;"80 0622-19.0;";0;ETCS fallend;;;False;ETCS fallend;False;00:29:21;00:29:21;-;-;False;-;-;1761;1761
1725;ETCS fallend;0/00:29:21;0/00:29:21;00:29;00:29;00:29;00:29;-;100,00;97,09;100,00;-;100,00;-;K;-;ETCS-Stützstelle;;S3;Strecke 3;0/00:01:02;-;140,00;1,0000;1,030;-;-;54,0;118,0;ETCS L1;False;False;0;-; 0,0; 0,0; 0,0;S3: null - Strecke 3 - VDV 2;0,000000;31642,0;  0,0;6227,3;  0,0;1,030;1,00;1,00;"80 0622-19.0;";0;ETCS fallend;;;False;ETCS fallend;False;00:29:21;00:29:21;-;-;False;-;-;1761;1761
1750;ETCS fallend;0/00:29:22;0/00:29:22;00:29;00:29;00:29;00:29;-;100,00;97,09;100,00;-;100,00;-;K;-;ETCS-Stützstelle;;S3;Strecke 3;0/00:01:03;-;140,00;1,0000;1,030;-;-;54,0;118,0;ETCS L1;False;False;0;-; 0,0; 0,0; 0,0;S3: null - Strecke 3 - VDV 2;0,000000;31642,0;  0,0;6227,3;  0,0;1,030;1,00;1,00;"80 0622-19.0;";0;ETCS fallend;;;False;ETCS fallend;False;00:29:22;00:29:22;-;-;False;-;-;1762;1762
1775;ETCS fallend;0/00:29:23;0/00:29:23;00:29;00:29;00:29;00:29;-;100,00;97,09;100,00;-;100,00;-;K;-;ETCS-Stützstelle;;S3;Strecke 3;0/00:01:03;-;140,00;1,0000;1,030;-;-;54,0;118,0;ETCS L1;False;False;0;-; 0,0; 0,0; 0,0;S3: null - Strecke 3 - VDV 2;0,000000;31642,0;  0,0;6227,3;  0,0;1,030;1,00;1,00;"80 0622-19.0;";0;ETCS fallend;;;False;ETCS fallend;False;00:29:23;00:29:23;-;-;False;-;-;1763;1763
1800;ETCS fallend;0/00:29:24;0/00:29:24;00:29;00:29;00:29;00:29;-;100,00;97,09;100,00;-;100,00;-;K;-;ETCS-Stützstelle;;S3;Strecke 3;0/00:01:04;-;140,00;1,0000;1,030;-;-;54,0;118,0;ETCS L1;False;False;0;-; 0,0; 0,0; 0,0;S3: null - Strecke 3 - VDV 2;0,000000;31642,0;  0,0;6227,3;  0,0;1,030;1,00;1,00;"80 0622-19.0;";0;ETCS fallend;;;False;ETCS fallend;False;00:29:24;00:29:24;-;-;False;-;-;1764;1764
1825;ETCS fallend;0/00:29:25;0/00:29:25;00:29;00:29;00:29;00:29;-;100,00;97,09;100,00;-;100,00;-;K;-;ETCS-Stützstelle;;S3;Strecke 3;0/00:01:05;-;140,00;1,0000;1,030;-;-;54,0;118,0;ETCS L1;False;False;0;-; 0,0; 0,0; 0,0;S3: null - Strecke 3 - VDV 2;0,000000;31642,0;  0,0;6227,3;  0,0;1,030;1,00;1,00;"80 0622-19.0;";0;ETCS fallend;;;False;ETCS fallend;False;00:29:25;00:29:25;-;-;False;-;-;1765;1765
1850;ETCS fallend;0/00:29:26;0/00:29:26;00:29;00:29;00:29;00:29;-;100,00;97,09;100,00;-;100,00;-;K;-;ETCS-Stützstelle;;S3;Strecke 3;0/00:01:06;-;140,00;1,0000;1,030;-;-;54,0;118,0;ETCS L1;False;False;0;-; 0,0; 0,0; 0,0;S3: null - Strecke 3 - VDV 2;0,000000;31642,0;  0,0;6227,3;  0,0;1,030;1,00;1,00;"80 0622-19.0;";0;ETCS fallend;;;False;ETCS fallend;False;00:29:26;00:29:26;-;-;False;-;-;1766;1766
1875;ETCS fallend;0/00:29:27;0/00:29:27;00:29;00:29;00:29;00:29;-;100,00;97,09;100,00;-;100,00;-;K;-;ETCS-Stützstelle;;S3;Strecke 3;0/00:01:07;-;140,00;1,0000;1,030;-;-;54,0;118,0;ETCS L1;False;False;0;-; 0,0; 0,0; 0,0;S3: null - Strecke 3 - VDV 2;0,000000;31642,0;  0,0;6227,3;  0,0;1,030;1,00;1,00;"80 0622-19.0;";0;ETCS fallend;;;False;ETCS fallend;False;00:29:27;00:29:27;-;-;False;-;-;1767;1767
1900;ETCS fallend;0/00:29:28;0/00:29:28;00:29;00:29;00:29;00:29;-;100,00;97,09;100,00;-;100,00;-;K;-;ETCS-Stützstelle;;S3;Strecke 3;0/00:01:08;-;140,00;1,0000;1,030;-;-;54,0;118,0;ETCS L1;False;False;0;-; 0,0; 0,0; 0,0;S3: null - Strecke 3 - VDV 2;0,000000;31642,0;  0,0;6227,3;  0,0;1,030;1,00;1,00;"80 0622-19.0;";0;ETCS fallend;;;False;ETCS fallend;False;00:29:28;00:29:28;-;-;False;-;-;1768;1768
1925;ETCS fallend;0/00:29:29;0/00:29:29;00:29;00:29;00:29;00:29;-;100,00;97,09;100,00;-;100,00;-;K;-;ETCS-Stützstelle;;S3;Strecke 3;0/00:01:09;-;140,00;1,0000;1,030;-;-;54,0;118,0;ETCS L1;False;False;0;-; 0,0; 0,0; 0,0;S3: null - Strecke 3 - VDV 2;0,000000;31642,0;  0,0;6227,3;  0,0;1,030;1,00;1,00;"80 0622-19.0;";0;ETCS fallend;;;False;ETCS fallend;False;00:29:29;00:29:29;-;-;False;-;-;1769;1769
1950;ETCS fallend;0/00:29:30;0/00:29:30;00:30;00:30;00:30;00:30;-;100,00;97,09;100,00;-;100,00;-;K;-;ETCS-Stützstelle;;S3;Strecke 3;0/00:01:10;-;140,00;1,0000;1,030;-;-;54,0;118,0;ETCS L1;False;False;0;-; 0,0; 0,0; 0,0;S3: null - Strecke 3 - VDV 2;0,000000;31642,0;  0,0;6227,3;  0,0;1,030;1,00;1,00;"80 0622-19.0;";0;ETCS fallend;;;False;ETCS fallend;False;00:29:30;00:29:30;-;-;False;-;-;1770;1770
1975;ETCS fallend;0/00:29:31;0/00:29:31;00:30;00:30;00:30;00:30;-;100,00;97,09;100,00;-;100,00;-;K;-;ETCS-Stützstelle;;S3;Strecke 3;0/00:01:11;-;140,00;1,0000;1,030;-;-;54,0;118,0;ETCS L1;False;False;0;-; 0,0; 0,0; 0,0;S3: null - Strecke 3 - VDV 2;0,000000;31642,0;  0,0;6227,3;  0,0;1,030;1,00;1,00;"80 0622-19.0;";0;ETCS fallend;;;False;ETCS fallend;False;00:29:31;00:29:31;-;-;False;-;-;1771;1771
2000;ETCS fallend;0/00:29:32;0/00:29:32;00:30;00:30;00:30;00:30;-;100,00;97,09;100,00;-;100,00;-;K;-;ETCS-Stützstelle;;S3;Strecke 3;0/00:01:12;-;140,00;1,0000;1,030;-;-;54,0;118,0;ETCS L1;False;False;0;-; 0,0; 0,0; 0,0;S3: null - Strecke 3 - VDV 2;0,000000;31642,0;  0,0;6227,3;  0,0;1,030;1,00;1,00;"80 0622-19.0;";0;ETCS fallend;;;False;ETCS fallend;False;00:29:32;00:29:32;-;-;False;-;-;1772;1772
2025;ETCS fallend;0/00:29:33;0/00:29:33;00:30;00:30;00:30;00:30;-;100,00;97,09;100,00;-;100,00;-;K;-;ETCS-Stützstelle;;S3;Strecke 3;0/00:01:12;-;140,00;1,0000;1,030;-;-;54,0;118,0;ETCS L1;False;False;0;-; 0,0; 0,0; 0,0;S3: null - Strecke 3 - VDV 2;0,000000;31642,0;  0,0;6227,3;  0,0;1,030;1,00;1,00;"80 0622-19.0;";0;ETCS fallend;;;False;ETCS fallend;False;00:29:33;00:29:33;-;-;False;-;-;1773;1773
2050;ETCS fallend;0/00:29:34;0/00:29:34;00:30;00:30;00:30;00:30;-;100,00;97,09;100,00;-;100,00;-;K;-;ETCS-Stützstelle;;S3;Strecke 3;0/00:01:13;-;140,00;1,0000;1,030;-;-;54,0;118,0;ETCS L1;False;False;0;-; 0,0; 0,0; 0,0;S3: null - Strecke 3 - VDV 2;0,000000;31642,0;  0,0;6227,3;  0,0;1,030;1,00;1,00;"80 0622-19.0;";0;ETCS fallend;;;False;ETCS fallend;False;00:29:34;00:29:34;-;-;False;-;-;1774;1774
2075;ETCS fallend;0/00:29:34;0/00:29:34;00:30;00:30;00:30;00:30;-;100,00;97,09;100,00;-;100,00;-;K;-;ETCS-Stützstelle;;S3;Strecke 3;0/00:01:14;-;140,00;1,0000;1,030;-;-;54,0;118,0;ETCS L1;False;False;0;-; 0,0; 0,0; 0,0;S3: null - Strecke 3 - VDV 2;0,000000;31642,0;  0,0;6227,3;  0,0;1,030;1,00;1,00;"80 0622-19.0;";0;ETCS fallend;;;False;ETCS fallend;False;00:29:34;00:29:34;-;-;False;-;-;1774;1774
2100;ETCS fallend;0/00:29:35;0/00:29:35;00:30;00:30;00:30;00:30;-;100,00;97,09;100,00;-;100,00;-;K;-;ETCS-Stützstelle;;S3;Strecke 3;0/00:01:15;-;140,00;1,0000;1,030;-;-;54,0;118,0;ETCS L1;False;False;0;-; 0,0; 0,0; 0,0;S3: null - Strecke 3 - VDV 2;0,000000;31642,0;  0,0;6227,3;  0,0;1,030;1,00;1,00;"80 0622-19.0;";0;ETCS fallend;;;False;ETCS fallend;False;00:29:35;00:29:35;-;-;False;-;-;1775;1775
2125;ETCS fallend;0/00:29:36;0/00:29:36;00:30;00:30;00:30;00:30;-;100,00;97,09;100,00;-;100,00;-;K;-;ETCS-Stützstelle;;S3;Strecke 3;0/00:01:16;-;140,00;1,0000;1,030;-;-;54,0;118,0;ETCS L1;False;False;0;-; 0,0; 0,0; 0,0;S3: null - Strecke 3 - VDV 2;0,000000;31642,0;  0,0;6227,3;  0,0;1,030;1,00;1,00;"80 0622-19.0;";0;ETCS fallend;;;False;ETCS fallend;False;00:29:36;00:29:36;-;-;False;-;-;1776;1776
2150;ETCS fallend;0/00:29:37;0/00:29:37;00:30;00:30;00:30;00:30;-;100,00;97,09;100,00;-;100,00;-;K;-;ETCS-Stützstelle;;S3;Strecke 3;0/00:01:17;-;140,00;1,0000;1,030;-;-;54,0;118,0;ETCS L1;False;False;0;-; 0,0; 0,0; 0,0;S3: null - Strecke 3 - VDV 2;0,000000;31642,0;  0,0;6227,3;  0,0;1,030;1,00;1,00;"80 0622-19.0;";0;ETCS fallend;;;False;ETCS fallend;False;00:29:37;00:29:37;-;-;False;-;-;1777;1777
2175;ETCS fallend;0/00:29:38;0/00:29:38;00:30;00:30;00:30;00:30;-;100,00;97,09;100,00;-;100,00;-;K;-;ETCS-Stützstelle;;S3;Strecke 3;0/00:01:18;-;140,00;1,0000;1,030;-;-;54,0;118,0;ETCS L1;False;False;0;-; 0,0; 0,0; 0,0;S3: null - Strecke 3 - VDV 2;0,000000;31642,0;  0,0;6227,3;  0,0;1,030;1,00;1,00;"80 0622-19.0;";0;ETCS fallend;;;False;ETCS fallend;False;00:29:38;00:29:38;-;-;False;-;-;1778;1778
2200;ETCS fallend;0/00:29:39;0/00:29:39;00:30;00:30;00:30;00:30;-;100,00;97,09;100,00;-;100,00;-;K;-;ETCS-Stützstelle;;S3;Strecke 3;0/00:01:19;-;140,00;1,0000;1,030;-;-;54,0;118,0;ETCS L1;False;False;0;-; 0,0; 0,0; 0,0;S3: null - Strecke 3 - VDV 2;0,000000;31642,0;  0,0;6227,3;  0,0;1,030;1,00;1,00;"80 0622-19.0;";0;ETCS fallend;;;False;ETCS fallend;False;00:29:39;00:29:39;-;-;False;-;-;1779;1779
2225;ETCS fallend;0/00:29:40;0/00:29:40;00:30;00:30;00:30;00:30;-;100,00;97,09;100,00;-;100,00;-;K;-;ETCS-Stützstelle;;S3;Strecke 3;0/00:01:20;-;140,00;1,0000;1,030;-;-;54,0;118,0;ETCS L1;False;False;0;-; 0,0; 0,0; 0,0;S3: null - Strecke 3 - VDV 2;0,000000;31642,0;  0,0;6227,3;  0,0;1,030;1,00;1,00;"80 0622-19.0;";0;ETCS fallend;;;False;ETCS fallend;False;00:29:40;00:29:40;-;-;False;-;-;1780;1780
2250;ETCS fallend;0/00:29:41;0/00:29:41;00:30;00:30;00:30;00:30;-;100,00;97,09;100,00;-;100,00;-;K;-;ETCS-Stützstelle;;S3;Strecke 3;0/00:01:21;-;140,00;1,0000;1,030;-;-;54,0;118,0;ETCS L1;False;False;0;-; 0,0; 0,0; 0,0;S3: null - Strecke 3 - VDV 2;0,000000;31642,0;  0,0;6227,3;  0,0;1,030;1,00;1,00;"80 0622-19.0;";0;ETCS fallend;;;False;ETCS fallend;False;00:29:41;00:29:41;-;-;False;-;-;1781;1781
2275;ETCS fallend;0/00:29:42;0/00:29:42;00:30;00:30;00:30;00:30;-;100,00;97,09;100,00;-;100,00;-;K;-;ETCS-Stützstelle;;S3;Strecke 3;0/00:01:21;-;140,00;1,0000;1,030;-;-;54,0;118,0;ETCS L1;False;False;0;-; 0,0; 0,0; 0,0;S3: null - Strecke 3 - VDV 2;0,000000;31642,0;  0,0;6227,3;  0,0;1,030;1,00;1,00;"80 0622-19.0;";0;ETCS fallend;;;False;ETCS fallend;False;00:29:42;00:29:42;-;-;False;-;-;1782;1782
2300;ETCS fallend;0/00:29:43;0/00:29:43;00:30;00:30;00:30;00:30;-;100,00;97,09;100,00;-;100,00;-;K;-;ETCS-Stützstelle;;S3;Strecke 3;0/00:01:22;-;140,00;1,0000;1,030;-;-;54,0;118,0;ETCS L1;False;False;0;-; 0,0; 0,0; 0,0;S3: null - Strecke 3 - VDV 2;0,000000;31642,0;  0,0;6227,3;  0,0;1,030;1,00;1,00;"80 0622-19.0;";0;ETCS fallend;;;False;ETCS fallend;False;00:29:43;00:29:43;-;-;False;-;-;1783;1783
2325;ETCS fallend;0/00:29:44;0/00:29:44;00:30;00:30;00:30;00:30;-;100,00;97,09;100,00;-;100,00;-;K;-;ETCS-Stützstelle;;S3;Strecke 3;0/00:01:23;-;140,00;1,0000;1,030;-;-;54,0;118,0;ETCS L1;False;False;0;-; 0,0; 0,0; 0,0;S3: null - Strecke 3 - VDV 2;0,000000;31642,0;  0,0;6227,3;  0,0;1,030;1,00;1,00;"80 0622-19.0;";0;ETCS fallend;;;False;ETCS fallend;False;00:29:44;00:29:44;-;-;False;-;-;1784;1784
2350;ETCS fallend;0/00:29:45;0/00:29:45;00:30;00:30;00:30;00:30;-;100,00;97,09;100,00;-;100,00;-;K;-;ETCS-Stützstelle;;S3;Strecke 3;0/00:01:24;-;140,00;1,0000;1,030;-;-;54,0;118,0;ETCS L1;False;False;0;-; 0,0; 0,0; 0,0;S3: null - Strecke 3 - VDV 2;0,000000;31642,0;  0,0;6227,3;  0,0;1,030;1,00;1,00;"80 0622-19.0;";0;ETCS fallend;;;False;ETCS fallend;False;00:29:45;00:29:45;-;-;False;-;-;1785;1785
2375;ETCS fallend;0/00:29:46;0/00:29:46;00:30;00:30;00:30;00:30;-;100,00;97,09;100,00;-;100,00;-;K;-;ETCS-Stützstelle;;S3;Strecke 3;0/00:01:25;-;140,00;1,0000;1,030;-;-;54,0;118,0;ETCS L1;False;False;0;-; 0,0; 0,0; 0,0;S3: null - Strecke 3 - VDV 2;0,000000;31642,0;  0,0;6227,3;  0,0;1,030;1,00;1,00;"80 0622-19.0;";0;ETCS fallend;;;False;ETCS fallend;False;00:29:46;00:29:46;-;-;False;-;-;1786;1786
2400;ETCS fallend;0/00:29:47;0/00:29:47;00:30;00:30;00:30;00:30;-;100,00;97,09;100,00;-;100,00;-;K;-;ETCS-Stützstelle;;S3;Strecke 3;0/00:01:26;-;140,00;1,0000;1,030;-;-;54,0;118,0;ETCS L1;False;False;0;-; 0,0; 0,0; 0,0;S3: null - Strecke 3 - VDV 2;0,000000;31642,0;  0,0;6227,3;  0,0;1,030;1,00;1,00;"80 0622-19.0;";0;ETCS fallend;;;False;ETCS fallend;False;00:29:47;00:29:47;-;-;False;-;-;1787;1787
2425;ETCS fallend;0/00:29:47;0/00:29:47;00:30;00:30;00:30;00:30;-;100,00;97,09;100,00;-;100,00;-;K;-;ETCS-Stützstelle;;S3;Strecke 3;0/00:01:27;-;140,00;1,0000;1,030;-;-;54,0;118,0;ETCS L1;False;False;0;-; 0,0; 0,0; 0,0;S3: null - Strecke 3 - VDV 2;0,000000;31642,0;  0,0;6227,3;  0,0;1,030;1,00;1,00;"80 0622-19.0;";0;ETCS fallend;;;False;ETCS fallend;False;00:29:47;00:29:47;-;-;False;-;-;1787;1787
2450;ETCS fallend;0/00:29:48;0/00:29:48;00:30;00:30;00:30;00:30;-;100,00;97,09;100,00;-;100,00;-;K;-;ETCS-Stützstelle;;S3;Strecke 3;0/00:01:28;-;140,00;1,0000;1,030;-;-;54,0;118,0;ETCS L1;False;False;0;-; 0,0; 0,0; 0,0;S3: null - Strecke 3 - VDV 2;0,000000;31642,0;  0,0;6227,3;  0,0;1,030;1,00;1,00;"80 0622-19.0;";0;ETCS fallend;;;False;ETCS fallend;False;00:29:48;00:29:48;-;-;False;-;-;1788;1788
2475;ETCS fallend;0/00:29:49;0/00:29:49;00:30;00:30;00:30;00:30;-;100,00;97,09;100,00;-;100,00;-;K;-;ETCS-Stützstelle;;S3;Strecke 3;0/00:01:29;-;140,00;1,0000;1,030;-;-;54,0;118,0;ETCS L1;False;False;0;-; 0,0; 0,0; 0,0;S3: null - Strecke 3 - VDV 2;0,000000;31642,0;  0,0;6227,3;  0,0;1,030;1,00;1,00;"80 0622-19.0;";0;ETCS fallend;;;False;ETCS fallend;False;00:29:49;00:29:49;-;-;False;-;-;1789;1789
2500;ETCS fallend;0/00:29:50;0/00:29:50;00:30;00:30;00:30;00:30;-;100,00;97,09;100,00;-;100,00;-;K;-;ETCS-Stützstelle;;S3;Strecke 3;0/00:01:30;-;140,00;1,0000;1,030;-;-;54,0;118,0;ETCS L1;False;False;0;-; 0,0; 0,0; 0,0;S3: null - Strecke 3 - VDV 2;0,000000;31642,0;  0,0;6227,3;  0,0;1,030;1,00;1,00;"80 0622-19.0;";0;ETCS fallend;;;False;ETCS fallend;False;00:29:50;00:29:50;-;-;False;-;-;1790;1790
2525;ETCS fallend;0/00:29:51;0/00:29:51;00:30;00:30;00:30;00:30;-;100,00;97,09;100,00;-;100,00;-;K;-;ETCS-Stützstelle;;S3;Strecke 3;0/00:01:30;-;140,00;1,0000;1,030;-;-;54,0;118,0;ETCS L1;False;False;0;-; 0,0; 0,0; 0,0;S3: null - Strecke 3 - VDV 2;0,000000;31642,0;  0,0;6227,3;  0,0;1,030;1,00;1,00;"80 0622-19.0;";0;ETCS fallend;;;False;ETCS fallend;False;00:29:51;00:29:51;-;-;False;-;-;1791;1791
2550;ETCS fallend;0/00:29:52;0/00:29:52;00:30;00:30;00:30;00:30;-;100,00;97,09;100,00;-;100,00;-;K;-;ETCS-Stützstelle;;S3;Strecke 3;0/00:01:31;-;140,00;1,0000;1,030;-;-;54,0;118,0;ETCS L1;False;False;0;-; 0,0; 0,0; 0,0;S3: null - Strecke 3 - VDV 2;0,000000;31642,0;  0,0;6227,3;  0,0;1,030;1,00;1,00;"80 0622-19.0;";0;ETCS fallend;;;False;ETCS fallend;False;00:29:52;00:29:52;-;-;False;-;-;1792;1792
2575;ETCS fallend;0/00:29:53;0/00:29:53;00:30;00:30;00:30;00:30;-;100,00;97,09;100,00;-;100,00;-;K;-;ETCS-Stützstelle;;S3;Strecke 3;0/00:01:32;-;140,00;1,0000;1,030;-;-;54,0;118,0;ETCS L1;False;False;0;-; 0,0; 0,0; 0,0;S3: null - Strecke 3 - VDV 2;0,000000;31642,0;  0,0;6227,3;  0,0;1,030;1,00;1,00;"80 0622-19.0;";0;ETCS fallend;;;False;ETCS fallend;False;00:29:53;00:29:53;-;-;False;-;-;1793;1793
2600;ETCS fallend;0/00:29:54;0/00:29:54;00:30;00:30;00:30;00:30;-;100,00;97,09;100,00;-;100,00;-;K;-;ETCS-Stützstelle;;S3;Strecke 3;0/00:01:33;-;140,00;1,0000;1,030;-;-;54,0;118,0;ETCS L1;False;False;0;-; 0,0; 0,0; 0,0;S3: null - Strecke 3 - VDV 2;0,000000;31642,0;  0,0;6227,3;  0,0;1,030;1,00;1,00;"80 0622-19.0;";0;ETCS fallend;;;False;ETCS fallend;False;00:29:54;00:29:54;-;-;False;-;-;1794;1794
2625;ETCS fallend;0/00:29:55;0/00:29:55;00:30;00:30;00:30;00:30;-;100,00;97,09;100,00;-;100,00;-;K;-;ETCS-Stützstelle;;S3;Strecke 3;0/00:01:34;-;140,00;1,0000;1,030;-;-;54,0;118,0;ETCS L1;False;False;0;-; 0,0; 0,0; 0,0;S3: null - Strecke 3 - VDV 2;0,000000;31642,0;  0,0;6227,3;  0,0;1,030;1,00;1,00;"80 0622-19.0;";0;ETCS fallend;;;False;ETCS fallend;False;00:29:55;00:29:55;-;-;False;-;-;1795;1795
2650;ETCS fallend;0/00:29:56;0/00:29:56;00:30;00:30;00:30;00:30;-;100,00;97,09;100,00;-;100,00;-;K;-;ETCS-Stützstelle;;S3;Strecke 3;0/00:01:35;-;140,00;1,0000;1,030;-;-;54,0;118,0;ETCS L1;False;False;0;-; 0,0; 0,0; 0,0;S3: null - Strecke 3 - VDV 2;0,000000;31642,0;  0,0;6227,3;  0,0;1,030;1,00;1,00;"80 0622-19.0;";0;ETCS fallend;;;False;ETCS fallend;False;00:29:56;00:29:56;-;-;False;-;-;1796;1796
2675;ETCS fallend;0/00:29:57;0/00:29:57;00:30;00:30;00:30;00:30;-;100,00;97,09;100,00;-;100,00;-;K;-;ETCS-Stützstelle;;S3;Strecke 3;0/00:01:36;-;140,00;1,0000;1,030;-;-;54,0;118,0;ETCS L1;False;False;0;-; 0,0; 0,0; 0,0;S3: null - Strecke 3 - VDV 2;0,000000;31642,0;  0,0;6227,3;  0,0;1,030;1,00;1,00;"80 0622-19.0;";0;ETCS fallend;;;False;ETCS fallend;False;00:29:57;00:29:57;-;-;False;-;-;1797;1797
2700;ETCS fallend;0/00:29:58;0/00:29:58;00:30;00:30;00:30;00:30;-;100,00;97,09;100,00;-;100,00;-;K;-;ETCS-Stützstelle;;S3;Strecke 3;0/00:01:37;-;140,00;1,0000;1,030;-;-;54,0;118,0;ETCS L1;False;False;0;-; 0,0; 0,0; 0,0;S3: null - Strecke 3 - VDV 2;0,000000;31642,0;  0,0;6227,3;  0,0;1,030;1,00;1,00;"80 0622-19.0;";0;ETCS fallend;;;False;ETCS fallend;False;00:29:58;00:29:58;-;-;False;-;-;1798;1798
2725;ETCS fallend;0/00:29:59;0/00:29:59;00:30;00:30;00:30;00:30;-;100,00;97,09;100,00;-;100,00;-;K;-;ETCS-Stützstelle;;S3;Strecke 3;0/00:01:38;-;140,00;1,0000;1,030;-;-;54,0;118,0;ETCS L1;False;False;0;-; 0,0; 0,0; 0,0;S3: null - Strecke 3 - VDV 2;0,000000;31642,0;  0,0;6227,3;  0,0;1,030;1,00;1,00;"80 0622-19.0;";0;ETCS fallend;;;False;ETCS fallend;False;00:29:59;00:29:59;-;-;False;-;-;1799;1799
2750;ETCS fallend;0/00:30:00;0/00:30:00;00:30;00:30;00:30;00:30;-;100,00;97,09;100,00;-;100,00;-;K;-;S3 27.250 Streckengleis Fahrzeitmesspunkt, Beide Richtungen, BS-Mitte;;S3;Strecke 3;0/00:01:39;00:30:00;140,00;1,0000;1,030;-;-;54,0;118,0;ETCS L1;False;False;0;-; 0,0; 0,0; 0,0;S3: null - Strecke 3 - VDV 2;0,000000;31642,0;  0,0;6227,3;  0,0;1,030;1,00;1,00;"80 0622-19.0;";0;ETCS fallend;3521;;True;ETCS fallend;False;00:30:00;00:30:00;-;-;False;-;Betriebsstellengrenze 3521-0 - Gleisende 3521-0 (3521);1800;1800
2775;ETCS fallend;0/00:30:00;0/00:30:00;00:30;00:30;00:30;00:30;-;100,00;97,09;100,00;-;100,00;-;K;-;ETCS-Stützstelle;;S3;Strecke 3;0/00:01:39;-;140,00;1,0000;1,030;-;-;54,0;118,0;ETCS L1;False;False;0;-; 0,0; 0,0; 0,0;S3: null - Strecke 3 - VDV 2;0,000000;31642,0;  0,0;6227,3;  0,0;1,030;1,00;1,00;"80 0622-19.0;";0;ETCS fallend;;;False;ETCS fallend;False;00:30:00;00:30:00;-;-;False;-;-;1800;1800
2800;ETCS fallend;0/00:30:01;0/00:30:01;00:30;00:30;00:30;00:30;-;100,00;97,09;100,00;-;100,00;-;K;-;ETCS-Stützstelle;;S3;Strecke 3;0/00:01:40;-;140,00;1,0000;1,030;-;-;54,0;118,0;ETCS L1;False;False;0;-; 0,0; 0,0; 0,0;S3: null - Strecke 3 - VDV 2;0,000000;31642,0;  0,0;6227,3;  0,0;1,030;1,00;1,00;"80 0622-19.0;";0;ETCS fallend;;;False;ETCS fallend;False;00:30:01;00:30:01;-;-;False;-;-;1801;1801
2825;ETCS fallend;0/00:30:02;0/00:30:02;00:30;00:30;00:30;00:30;-;100,00;97,09;100,00;-;100,00;-;K;-;ETCS-Stützstelle;;S3;Strecke 3;0/00:01:41;-;140,00;1,0000;1,030;-;-;54,0;118,0;ETCS L1;False;False;0;-; 0,0; 0,0; 0,0;S3: null - Strecke 3 - VDV 2;0,000000;31642,0;  0,0;6227,3;  0,0;1,030;1,00;1,00;"80 0622-19.0;";0;ETCS fallend;;;False;ETCS fallend;False;00:30:02;00:30:02;-;-;False;-;-;1802;1802
2850;ETCS fallend;0/00:30:03;0/00:30:03;00:30;00:30;00:30;00:30;-;100,00;97,09;100,00;-;100,00;-;K;-;ETCS-Stützstelle;;S3;Strecke 3;0/00:01:42;-;140,00;1,0000;1,030;-;-;54,0;118,0;ETCS L1;False;False;0;-; 0,0; 0,0; 0,0;S3: null - Strecke 3 - VDV 2;0,000000;31642,0;  0,0;6227,3;  0,0;1,030;1,00;1,00;"80 0622-19.0;";0;ETCS fallend;;;False;ETCS fallend;False;00:30:03;00:30:03;-;-;False;-;-;1803;1803
2875;ETCS fallend;0/00:30:04;0/00:30:04;00:30;00:30;00:30;00:30;-;100,00;97,09;100,00;-;100,00;-;K;-;ETCS-Stützstelle;;S3;Strecke 3;0/00:01:43;-;140,00;1,0000;1,030;-;-;54,0;118,0;ETCS L1;False;False;0;-; 0,0; 0,0; 0,0;S3: null - Strecke 3 - VDV 2;0,000000;31642,0;  0,0;6227,3;  0,0;1,030;1,00;1,00;"80 0622-19.0;";0;ETCS fallend;;;False;ETCS fallend;False;00:30:04;00:30:04;-;-;False;-;-;1804;1804
2900;ETCS fallend;0/00:30:05;0/00:30:05;00:30;00:30;00:30;00:30;-;100,00;97,09;100,00;-;100,00;-;K;-;ETCS-Stützstelle;;S3;Strecke 3;0/00:01:44;-;140,00;1,0000;1,030;-;-;54,0;118,0;ETCS L1;False;False;0;-; 0,0; 0,0; 0,0;S3: null - Strecke 3 - VDV 2;0,000000;31642,0;  0,0;6227,3;  0,0;1,030;1,00;1,00;"80 0622-19.0;";0;ETCS fallend;;;False;ETCS fallend;False;00:30:05;00:30:05;-;-;False;-;-;1805;1805
2925;ETCS fallend;0/00:30:06;0/00:30:06;00:30;00:30;00:30;00:30;-;100,00;97,09;100,00;-;100,00;-;K;-;ETCS-Stützstelle;;S3;Strecke 3;0/00:01:45;-;140,00;1,0000;1,030;-;-;54,0;118,0;ETCS L1;False;False;0;-; 0,0; 0,0; 0,0;S3: null - Strecke 3 - VDV 2;0,000000;31642,0;  0,0;6227,3;  0,0;1,030;1,00;1,00;"80 0622-19.0;";0;ETCS fallend;;;False;ETCS fallend;False;00:30:06;00:30:06;-;-;False;-;-;1806;1806
2950;ETCS fallend;0/00:30:07;0/00:30:07;00:30;00:30;00:30;00:30;-;100,00;97,09;100,00;-;100,00;-;K;-;ETCS-Stützstelle;;S3;Strecke 3;0/00:01:46;-;140,00;1,0000;1,030;-;-;54,0;118,0;ETCS L1;False;False;0;-; 0,0; 0,0; 0,0;S3: null - Strecke 3 - VDV 2;0,000000;31642,0;  0,0;6227,3;  0,0;1,030;1,00;1,00;"80 0622-19.0;";0;ETCS fallend;;;False;ETCS fallend;False;00:30:07;00:30:07;-;-;False;-;-;1807;1807
2975;ETCS fallend;0/00:30:08;0/00:30:08;00:30;00:30;00:30;00:30;-;100,00;97,09;100,00;-;100,00;-;K;-;ETCS-Stützstelle;;S3;Strecke 3;0/00:01:47;-;140,00;1,0000;1,030;-;-;54,0;118,0;ETCS L1;False;False;0;-; 0,0; 0,0; 0,0;S3: null - Strecke 3 - VDV 2;0,000000;31642,0;  0,0;6227,3;  0,0;1,030;1,00;1,00;"80 0622-19.0;";0;ETCS fallend;;;False;ETCS fallend;False;00:30:08;00:30:08;-;-;False;-;-;1808;1808
3000;ETCS fallend;0/00:30:09;0/00:30:09;00:30;00:30;00:30;00:30;-;100,00;97,09;100,00;-;100,00;-;K;-;ETCS-Stützstelle;;S3;Strecke 3;0/00:01:48;-;140,00;1,0000;1,030;-;-;54,0;118,0;ETCS L1;False;False;0;-; 0,0; 0,0; 0,0;S3: null - Strecke 3 - VDV 2;0,000000;31642,0;  0,0;6227,3;  0,0;1,030;1,00;1,00;"80 0622-19.0;";0;ETCS fallend;;;False;ETCS fallend;False;00:30:09;00:30:09;-;-;False;-;-;1809;1809
3025;ETCS fallend;0/00:30:10;0/00:30:10;00:30;00:30;00:30;00:30;-;100,00;97,09;100,00;-;100,00;-;K;-;ETCS-Stützstelle;;S3;Strecke 3;0/00:01:48;-;140,00;1,0000;1,030;-;-;54,0;118,0;ETCS L1;False;False;0;-; 0,0; 0,0; 0,0;S3: null - Strecke 3 - VDV 2;0,000000;31642,0;  0,0;6227,3;  0,0;1,030;1,00;1,00;"80 0622-19.0;";0;ETCS fallend;;;False;ETCS fallend;False;00:30:10;00:30:10;-;-;False;-;-;1810;1810
3050;ETCS fallend;0/00:30:11;0/00:30:11;00:30;00:30;00:30;00:30;-;100,00;97,09;100,00;-;100,00;-;K;-;ETCS-Stützstelle;;S3;Strecke 3;0/00:01:49;-;140,00;1,0000;1,030;-;-;54,0;118,0;ETCS L1;False;False;0;-; 0,0; 0,0; 0,0;S3: null - Strecke 3 - VDV 2;0,000000;31642,0;  0,0;6227,3;  0,0;1,030;1,00;1,00;"80 0622-19.0;";0;ETCS fallend;;;False;ETCS fallend;False;00:30:11;00:30:11;-;-;False;-;-;1811;1811
3075;ETCS fallend;0/00:30:12;0/00:30:12;00:30;00:30;00:30;00:30;-;100,00;97,09;100,00;-;100,00;-;K;-;ETCS-Stützstelle;;S3;Strecke 3;0/00:01:50;-;140,00;1,0000;1,030;-;-;54,0;118,0;ETCS L1;False;False;0;-; 0,0; 0,0; 0,0;S3: null - Strecke 3 - VDV 2;0,000000;31642,0;  0,0;6227,3;  0,0;1,030;1,00;1,00;"80 0622-19.0;";0;ETCS fallend;;;False;ETCS fallend;False;00:30:12;00:30:12;-;-;False;-;-;1812;1812
3100;ETCS fallend;0/00:30:12;0/00:30:12;00:30;00:30;00:30;00:30;-;100,00;97,09;100,00;-;100,00;-;K;-;ETCS-Stützstelle;;S3;Strecke 3;0/00:01:51;-;140,00;1,0000;1,030;-;-;54,0;118,0;ETCS L1;False;False;0;-; 0,0; 0,0; 0,0;S3: null - Strecke 3 - VDV 2;0,000000;31642,0;  0,0;6227,3;  0,0;1,030;1,00;1,00;"80 0622-19.0;";0;ETCS fallend;;;False;ETCS fallend;False;00:30:12;00:30:12;-;-;False;-;-;1812;1812
3125;ETCS fallend;0/00:30:13;0/00:30:13;00:30;00:30;00:30;00:30;-;100,00;97,09;100,00;-;100,00;-;K;-;ETCS-Stützstelle;;S3;Strecke 3;0/00:01:52;-;140,00;1,0000;1,030;-;-;54,0;118,0;ETCS L1;False;False;0;-; 0,0; 0,0; 0,0;S3: null - Strecke 3 - VDV 2;0,000000;31642,0;  0,0;6227,3;  0,0;1,030;1,00;1,00;"80 0622-19.0;";0;ETCS fallend;;;False;ETCS fallend;False;00:30:13;00:30:13;-;-;False;-;-;1813;1813
3150;ETCS fallend;0/00:30:14;0/00:30:14;00:30;00:30;00:30;00:30;-;100,00;97,09;100,00;-;100,00;-;K;-;ETCS-Stützstelle;;S3;Strecke 3;0/00:01:53;-;140,00;1,0000;1,030;-;-;54,0;118,0;ETCS L1;False;False;0;-; 0,0; 0,0; 0,0;S3: null - Strecke 3 - VDV 2;0,000000;31642,0;  0,0;6227,3;  0,0;1,030;1,00;1,00;"80 0622-19.0;";0;ETCS fallend;;;False;ETCS fallend;False;00:30:14;00:30:14;-;-;False;-;-;1814;1814
3175;ETCS fallend;0/00:30:15;0/00:30:15;00:30;00:30;00:30;00:30;-;100,00;97,09;100,00;-;100,00;-;K;-;ETCS-Stützstelle;;S3;Strecke 3;0/00:01:54;-;140,00;1,0000;1,030;-;-;54,0;118,0;ETCS L1;False;False;0;-; 0,0; 0,0; 0,0;S3: null - Strecke 3 - VDV 2;0,000000;31642,0;  0,0;6227,3;  0,0;1,030;1,00;1,00;"80 0622-19.0;";0;ETCS fallend;;;False;ETCS fallend;False;00:30:15;00:30:15;-;-;False;-;-;1815;1815
3200;ETCS fallend;0/00:30:16;0/00:30:16;00:30;00:30;00:30;00:30;-;100,00;97,09;100,00;-;100,00;-;K;-;ETCS-Stützstelle;;S3;Strecke 3;0/00:01:55;-;140,00;1,0000;1,030;-;-;54,0;118,0;ETCS L1;False;False;0;-; 0,0; 0,0; 0,0;S3: null - Strecke 3 - VDV 2;0,000000;31642,0;  0,0;6227,3;  0,0;1,030;1,00;1,00;"80 0622-19.0;";0;ETCS fallend;;;False;ETCS fallend;False;00:30:16;00:30:16;-;-;False;-;-;1816;1816
3225;ETCS fallend;0/00:30:17;0/00:30:17;00:30;00:30;00:30;00:30;-;100,00;97,09;100,00;-;100,00;-;K;-;ETCS-Stützstelle;;S3;Strecke 3;0/00:01:56;-;140,00;1,0000;1,030;-;-;54,0;118,0;ETCS L1;False;False;0;-; 0,0; 0,0; 0,0;S3: null - Strecke 3 - VDV 2;0,000000;31642,0;  0,0;6227,3;  0,0;1,030;1,00;1,00;"80 0622-19.0;";0;ETCS fallend;;;False;ETCS fallend;False;00:30:17;00:30:17;-;-;False;-;-;1817;1817
3250;ETCS fallend;0/00:30:18;0/00:30:18;00:30;00:30;00:30;00:30;-;100,00;97,09;100,00;-;100,00;-;K;-;ETCS-Stützstelle;;S3;Strecke 3;0/00:01:57;-;140,00;1,0000;1,030;-;-;54,0;118,0;ETCS L1;False;False;0;-; 0,0; 0,0; 0,0;S3: null - Strecke 3 - VDV 2;0,000000;31642,0;  0,0;6227,3;  0,0;1,030;1,00;1,00;"80 0622-19.0;";0;ETCS fallend;;;False;ETCS fallend;False;00:30:18;00:30:18;-;-;False;-;-;1818;1818
3275;ETCS fallend;0/00:30:19;0/00:30:19;00:30;00:30;00:30;00:30;-;100,00;97,09;100,00;-;100,00;-;K;-;ETCS-Stützstelle;;S3;Strecke 3;0/00:01:57;-;140,00;1,0000;1,030;-;-;54,0;118,0;ETCS L1;False;False;0;-; 0,0; 0,0; 0,0;S3: null - Strecke 3 - VDV 2;0,000000;31642,0;  0,0;6227,3;  0,0;1,030;1,00;1,00;"80 0622-19.0;";0;ETCS fallend;;;False;ETCS fallend;False;00:30:19;00:30:19;-;-;False;-;-;1819;1819
3300;ETCS fallend;0/00:30:20;0/00:30:20;00:30;00:30;00:30;00:30;-;100,00;97,09;100,00;-;100,00;-;K;-;ETCS-Stützstelle;;S3;Strecke 3;0/00:01:58;-;140,00;1,0000;1,030;-;-;54,0;118,0;ETCS L1;False;False;0;-; 0,0; 0,0; 0,0;S3: null - Strecke 3 - VDV 2;0,000000;31642,0;  0,0;6227,3;  0,0;1,030;1,00;1,00;"80 0622-19.0;";0;ETCS fallend;;;False;ETCS fallend;False;00:30:20;00:30:20;-;-;False;-;-;1820;1820
3325;ETCS fallend;0/00:30:21;0/00:30:21;00:30;00:30;00:30;00:30;-;100,00;97,09;100,00;-;100,00;-;K;-;ETCS-Stützstelle;;S3;Strecke 3;0/00:01:59;-;140,00;1,0000;1,030;-;-;54,0;118,0;ETCS L1;False;False;0;-; 0,0; 0,0; 0,0;S3: null - Strecke 3 - VDV 2;0,000000;31642,0;  0,0;6227,3;  0,0;1,030;1,00;1,00;"80 0622-19.0;";0;ETCS fallend;;;False;ETCS fallend;False;00:30:21;00:30:21;-;-;False;-;-;1821;1821
3350;ETCS fallend;0/00:30:22;0/00:30:22;00:30;00:30;00:30;00:30;-;100,00;97,09;100,00;-;100,00;-;K;-;ETCS-Stützstelle;;S3;Strecke 3;0/00:02:00;-;140,00;1,0000;1,030;-;-;54,0;118,0;ETCS L1;False;False;0;-; 0,0; 0,0; 0,0;S3: null - Strecke 3 - VDV 2;0,000000;31642,0;  0,0;6227,3;  0,0;1,030;1,00;1,00;"80 0622-19.0;";0;ETCS fallend;;;False;ETCS fallend;False;00:30:22;00:30:22;-;-;False;-;-;1822;1822
3375;ETCS fallend;0/00:30:23;0/00:30:23;00:30;00:30;00:30;00:30;-;100,00;97,09;100,00;-;100,00;-;K;-;ETCS-Stützstelle;;S3;Strecke 3;0/00:02:01;-;140,00;1,0000;1,030;-;-;54,0;118,0;ETCS L1;False;False;0;-; 0,0; 0,0; 0,0;S3: null - Strecke 3 - VDV 2;0,000000;31642,0;  0,0;6227,3;  0,0;1,030;1,00;1,00;"80 0622-19.0;";0;ETCS fallend;;;False;ETCS fallend;False;00:30:23;00:30:23;-;-;False;-;-;1823;1823
3400;ETCS fallend;0/00:30:24;0/00:30:24;00:30;00:30;00:30;00:30;-;100,00;97,09;100,00;-;100,00;-;K;-;ETCS-Stützstelle;;S3;Strecke 3;0/00:02:02;-;140,00;1,0000;1,030;-;-;54,0;118,0;ETCS L1;False;False;0;-; 0,0; 0,0; 0,0;S3: null - Strecke 3 - VDV 2;0,000000;31642,0;  0,0;6227,3;  0,0;1,030;1,00;1,00;"80 0622-19.0;";0;ETCS fallend;;;False;ETCS fallend;False;00:30:24;00:30:24;-;-;False;-;-;1824;1824
3425;ETCS fallend;0/00:30:25;0/00:30:25;00:30;00:30;00:30;00:30;-;100,00;97,09;100,00;-;100,00;-;K;-;ETCS-Stützstelle;;S3;Strecke 3;0/00:02:03;-;140,00;1,0000;1,030;-;-;54,0;118,0;ETCS L1;False;False;0;-; 0,0; 0,0; 0,0;S3: null - Strecke 3 - VDV 2;0,000000;31642,0;  0,0;6227,3;  0,0;1,030;1,00;1,00;"80 0622-19.0;";0;ETCS fallend;;;False;ETCS fallend;False;00:30:25;00:30:25;-;-;False;-;-;1825;1825
3450;ETCS fallend;0/00:30:25;0/00:30:25;00:30;00:30;00:30;00:30;-;100,00;97,09;100,00;-;100,00;-;K;-;ETCS-Stützstelle;;S3;Strecke 3;0/00:02:04;-;140,00;1,0000;1,030;-;-;54,0;118,0;ETCS L1;False;False;0;-; 0,0; 0,0; 0,0;S3: null - Strecke 3 - VDV 2;0,000000;31642,0;  0,0;6227,3;  0,0;1,030;1,00;1,00;"80 0622-19.0;";0;ETCS fallend;;;False;ETCS fallend;False;00:30:25;00:30:25;-;-;False;-;-;1825;1825
3475;ETCS fallend;0/00:30:26;0/00:30:26;00:30;00:30;00:30;00:30;-;100,00;97,09;100,00;-;100,00;-;K;-;ETCS-Stützstelle;;S3;Strecke 3;0/00:02:05;-;140,00;1,0000;1,030;-;-;54,0;118,0;ETCS L1;False;False;0;-; 0,0; 0,0; 0,0;S3: null - Strecke 3 - VDV 2;0,000000;31642,0;  0,0;6227,3;  0,0;1,030;1,00;1,00;"80 0622-19.0;";0;ETCS fallend;;;False;ETCS fallend;False;00:30:26;00:30:26;-;-;False;-;-;1826;1826
3500;ETCS fallend;0/00:30:27;0/00:30:27;00:30;00:30;00:30;00:30;-;100,00;97,09;100,00;-;100,00;-;K;-;ETCS-Stützstelle;;S3;Strecke 3;0/00:02:06;-;140,00;1,0000;1,030;-;-;54,0;118,0;ETCS L1;False;False;0;-; 0,0; 0,0; 0,0;S3: null - Strecke 3 - VDV 2;0,000000;31642,0;  0,0;6227,3;  0,0;1,030;1,00;1,00;"80 0622-19.0;";0;ETCS fallend;;;False;ETCS fallend;False;00:30:27;00:30:27;-;-;False;-;-;1827;1827
3525;ETCS fallend;0/00:30:28;0/00:30:28;00:30;00:30;00:30;00:30;-;100,00;97,09;100,00;-;100,00;-;K;-;ETCS-Stützstelle;;S3;Strecke 3;0/00:02:06;-;140,00;1,0000;1,030;-;-;54,0;118,0;ETCS L1;False;False;0;-; 0,0; 0,0; 0,0;S3: null - Strecke 3 - VDV 2;0,000000;31642,0;  0,0;6227,3;  0,0;1,030;1,00;1,00;"80 0622-19.0;";0;ETCS fallend;;;False;ETCS fallend;False;00:30:28;00:30:28;-;-;False;-;-;1828;1828
3550;ETCS fallend;0/00:30:29;0/00:30:29;00:30;00:30;00:30;00:30;-;100,00;97,09;100,00;-;100,00;-;K;-;ETCS-Stützstelle;;S3;Strecke 3;0/00:02:07;-;140,00;1,0000;1,030;-;-;54,0;118,0;ETCS L1;False;False;0;-; 0,0; 0,0; 0,0;S3: null - Strecke 3 - VDV 2;0,000000;31642,0;  0,0;6227,3;  0,0;1,030;1,00;1,00;"80 0622-19.0;";0;ETCS fallend;;;False;ETCS fallend;False;00:30:29;00:30:29;-;-;False;-;-;1829;1829
3575;ETCS fallend;0/00:30:30;0/00:30:30;00:31;00:31;00:31;00:31;-;100,00;97,09;100,00;-;100,00;-;K;-;ETCS-Stützstelle;;S3;Strecke 3;0/00:02:08;-;140,00;1,0000;1,030;-;-;54,0;118,0;ETCS L1;False;False;0;-; 0,0; 0,0; 0,0;S3: null - Strecke 3 - VDV 2;0,000000;31642,0;  0,0;6227,3;  0,0;1,030;1,00;1,00;"80 0622-19.0;";0;ETCS fallend;;;False;ETCS fallend;False;00:30:30;00:30:30;-;-;False;-;-;1830;1830
3600;ETCS fallend;0/00:30:31;0/00:30:31;00:31;00:31;00:31;00:31;-;100,00;97,09;100,00;-;100,00;-;K;-;ETCS-Stützstelle;;S3;Strecke 3;0/00:02:09;-;140,00;1,0000;1,030;-;-;54,0;118,0;ETCS L1;False;False;0;-; 0,0; 0,0; 0,0;S3: null - Strecke 3 - VDV 2;0,000000;31642,0;  0,0;6227,3;  0,0;1,030;1,00;1,00;"80 0622-19.0;";0;ETCS fallend;;;False;ETCS fallend;False;00:30:31;00:30:31;-;-;False;-;-;1831;1831
3625;ETCS fallend;0/00:30:32;0/00:30:32;00:31;00:31;00:31;00:31;-;100,00;97,09;100,00;-;100,00;-;K;-;ETCS-Stützstelle;;S3;Strecke 3;0/00:02:10;-;140,00;1,0000;1,030;-;-;54,0;118,0;ETCS L1;False;False;0;-; 0,0; 0,0; 0,0;S3: null - Strecke 3 - VDV 2;0,000000;31642,0;  0,0;6227,3;  0,0;1,030;1,00;1,00;"80 0622-19.0;";0;ETCS fallend;;;False;ETCS fallend;False;00:30:32;00:30:32;-;-;False;-;-;1832;1832
3650;ETCS fallend;0/00:30:33;0/00:30:33;00:31;00:31;00:31;00:31;-;100,00;97,09;100,00;-;100,00;-;K;-;ETCS-Stützstelle;;S3;Strecke 3;0/00:02:11;-;140,00;1,0000;1,030;-;-;54,0;118,0;ETCS L1;False;False;0;-; 0,0; 0,0; 0,0;S3: null - Strecke 3 - VDV 2;0,000000;31642,0;  0,0;6227,3;  0,0;1,030;1,00;1,00;"80 0622-19.0;";0;ETCS fallend;;;False;ETCS fallend;False;00:30:33;00:30:33;-;-;False;-;-;1833;1833
3675;ETCS fallend;0/00:30:34;0/00:30:34;00:31;00:31;00:31;00:31;-;100,00;97,09;100,00;-;100,00;-;K;-;ETCS-Stützstelle;;S3;Strecke 3;0/00:02:12;-;140,00;1,0000;1,030;-;-;54,0;118,0;ETCS L1;False;False;0;-; 0,0; 0,0; 0,0;S3: null - Strecke 3 - VDV 2;0,000000;31642,0;  0,0;6227,3;  0,0;1,030;1,00;1,00;"80 0622-19.0;";0;ETCS fallend;;;False;ETCS fallend;False;00:30:34;00:30:34;-;-;False;-;-;1834;1834
3700;ETCS fallend;0/00:30:35;0/00:30:35;00:31;00:31;00:31;00:31;-;100,00;97,09;100,00;-;100,00;-;K;-;ETCS-Stützstelle;;S3;Strecke 3;0/00:02:13;-;140,00;1,0000;1,030;-;-;54,0;118,0;ETCS L1;False;False;0;-; 0,0; 0,0; 0,0;S3: null - Strecke 3 - VDV 2;0,000000;31642,0;  0,0;6227,3;  0,0;1,030;1,00;1,00;"80 0622-19.0;";0;ETCS fallend;;;False;ETCS fallend;False;00:30:35;00:30:35;-;-;False;-;-;1835;1835
3725;ETCS fallend;0/00:30:36;0/00:30:36;00:31;00:31;00:31;00:31;-;100,00;97,09;100,00;-;100,00;-;K;-;ETCS-Stützstelle;;S3;Strecke 3;0/00:02:14;-;140,00;1,0000;1,030;-;-;54,0;118,0;ETCS L1;False;False;0;-; 0,0; 0,0; 0,0;S3: null - Strecke 3 - VDV 2;0,000000;31642,0;  0,0;6227,3;  0,0;1,030;1,00;1,00;"80 0622-19.0;";0;ETCS fallend;;;False;ETCS fallend;False;00:30:36;00:30:36;-;-;False;-;-;1836;1836
3750;ETCS fallend;0/00:30:37;0/00:30:37;00:31;00:31;00:31;00:31;-;100,00;97,09;100,00;-;100,00;-;K;-;ETCS-Stützstelle;;S3;Strecke 3;0/00:02:15;-;140,00;1,0000;1,030;-;-;54,0;118,0;ETCS L1;False;False;0;-; 0,0; 0,0; 0,0;S3: null - Strecke 3 - VDV 2;0,000000;31642,0;  0,0;6227,3;  0,0;1,030;1,00;1,00;"80 0622-19.0;";0;ETCS fallend;;;False;ETCS fallend;False;00:30:37;00:30:37;-;-;False;-;-;1837;1837
3775;ETCS fallend;0/00:30:38;0/00:30:38;00:31;00:31;00:31;00:31;-;100,00;97,09;100,00;-;100,00;-;K;-;ETCS-Stützstelle;;S3;Strecke 3;0/00:02:15;-;140,00;1,0000;1,030;-;-;54,0;118,0;ETCS L1;False;False;0;-; 0,0; 0,0; 0,0;S3: null - Strecke 3 - VDV 2;0,000000;31642,0;  0,0;6227,3;  0,0;1,030;1,00;1,00;"80 0622-19.0;";0;ETCS fallend;;;False;ETCS fallend;False;00:30:38;00:30:38;-;-;False;-;-;1838;1838
3800;ETCS fallend;0/00:30:38;0/00:30:38;00:31;00:31;00:31;00:31;-;100,00;97,09;100,00;-;100,00;-;K;-;ETCS-Stützstelle;;S3;Strecke 3;0/00:02:16;-;140,00;1,0000;1,030;-;-;54,0;118,0;ETCS L1;False;False;0;-; 0,0; 0,0; 0,0;S3: null - Strecke 3 - VDV 2;0,000000;31642,0;  0,0;6227,3;  0,0;1,030;1,00;1,00;"80 0622-19.0;";0;ETCS fallend;;;False;ETCS fallend;False;00:30:38;00:30:38;-;-;False;-;-;1838;1838
3825;ETCS fallend;0/00:30:39;0/00:30:39;00:31;00:31;00:31;00:31;-;100,00;97,09;100,00;-;100,00;-;K;-;ETCS-Stützstelle;;S3;Strecke 3;0/00:02:17;-;140,00;1,0000;1,030;-;-;54,0;118,0;ETCS L1;False;False;0;-; 0,0; 0,0; 0,0;S3: null - Strecke 3 - VDV 2;0,000000;31642,0;  0,0;6227,3;  0,0;1,030;1,00;1,00;"80 0622-19.0;";0;ETCS fallend;;;False;ETCS fallend;False;00:30:39;00:30:39;-;-;False;-;-;1839;1839
3850;ETCS fallend;0/00:30:40;0/00:30:40;00:31;00:31;00:31;00:31;-;100,00;97,09;100,00;-;100,00;-;K;-;ETCS-Stützstelle;;S3;Strecke 3;0/00:02:18;-;140,00;1,0000;1,030;-;-;54,0;118,0;ETCS L1;False;False;0;-; 0,0; 0,0; 0,0;S3: null - Strecke 3 - VDV 2;0,000000;31642,0;  0,0;6227,3;  0,0;1,030;1,00;1,00;"80 0622-19.0;";0;ETCS fallend;;;False;ETCS fallend;False;00:30:40;00:30:40;-;-;False;-;-;1840;1840
3875;ETCS fallend;0/00:30:41;0/00:30:41;00:31;00:31;00:31;00:31;-;100,00;97,09;100,00;-;100,00;-;K;-;ETCS-Stützstelle;;S3;Strecke 3;0/00:02:19;-;140,00;1,0000;1,030;-;-;54,0;118,0;ETCS L1;False;False;0;-; 0,0; 0,0; 0,0;S3: null - Strecke 3 - VDV 2;0,000000;31642,0;  0,0;6227,3;  0,0;1,030;1,00;1,00;"80 0622-19.0;";0;ETCS fallend;;;False;ETCS fallend;False;00:30:41;00:30:41;-;-;False;-;-;1841;1841
3900;ETCS fallend;0/00:30:42;0/00:30:42;00:31;00:31;00:31;00:31;-;100,00;97,09;100,00;-;100,00;-;K;-;ETCS-Stützstelle;;S3;Strecke 3;0/00:02:20;-;140,00;1,0000;1,030;-;-;54,0;118,0;ETCS L1;False;False;0;-; 0,0; 0,0; 0,0;S3: null - Strecke 3 - VDV 2;0,000000;31642,0;  0,0;6227,3;  0,0;1,030;1,00;1,00;"80 0622-19.0;";0;ETCS fallend;;;False;ETCS fallend;False;00:30:42;00:30:42;-;-;False;-;-;1842;1842
3925;ETCS fallend;0/00:30:43;0/00:30:43;00:31;00:31;00:31;00:31;-;100,00;97,09;100,00;-;100,00;-;K;-;ETCS-Stützstelle;;S3;Strecke 3;0/00:02:21;-;140,00;1,0000;1,030;-;-;54,0;118,0;ETCS L1;False;False;0;-; 0,0; 0,0; 0,0;S3: null - Strecke 3 - VDV 2;0,000000;31642,0;  0,0;6227,3;  0,0;1,030;1,00;1,00;"80 0622-19.0;";0;ETCS fallend;;;False;ETCS fallend;False;00:30:43;00:30:43;-;-;False;-;-;1843;1843
3950;ETCS fallend;0/00:30:44;0/00:30:44;00:31;00:31;00:31;00:31;-;100,00;97,09;100,00;-;100,00;-;K;-;ETCS-Stützstelle;;S3;Strecke 3;0/00:02:22;-;140,00;1,0000;1,030;-;-;54,0;118,0;ETCS L1;False;False;0;-; 0,0; 0,0; 0,0;S3: null - Strecke 3 - VDV 2;0,000000;31642,0;  0,0;6227,3;  0,0;1,030;1,00;1,00;"80 0622-19.0;";0;ETCS fallend;;;False;ETCS fallend;False;00:30:44;00:30:44;-;-;False;-;-;1844;1844
3975;ETCS fallend;0/00:30:45;0/00:30:45;00:31;00:31;00:31;00:31;-;100,00;97,09;100,00;-;100,00;-;K;-;ETCS-Stützstelle;;S3;Strecke 3;0/00:02:23;-;140,00;1,0000;1,030;-;-;54,0;118,0;ETCS L1;False;False;0;-; 0,0; 0,0; 0,0;S3: null - Strecke 3 - VDV 2;0,000000;31642,0;  0,0;6227,3;  0,0;1,030;1,00;1,00;"80 0622-19.0;";0;ETCS fallend;;;False;ETCS fallend;False;00:30:45;00:30:45;-;-;False;-;-;1845;1845
4000;ETCS fallend;0/00:30:46;0/00:30:46;00:31;00:31;00:31;00:31;-;100,00;97,09;100,00;-;100,00;-;K;-;ETCS-Stützstelle;;S3;Strecke 3;0/00:02:24;-;140,00;1,0000;1,030;-;-;54,0;118,0;ETCS L1;False;False;0;-; 0,0; 0,0; 0,0;S3: null - Strecke 3 - VDV 2;0,000000;31642,0;  0,0;6227,3;  0,0;1,030;1,00;1,00;"80 0622-19.0;";0;ETCS fallend;;;False;ETCS fallend;False;00:30:46;00:30:46;-;-;False;-;-;1846;1846
4025;ETCS fallend;0/00:30:47;0/00:30:47;00:31;00:31;00:31;00:31;-;100,00;97,09;100,00;-;100,00;-;K;-;ETCS-Stützstelle;;S3;Strecke 3;0/00:02:24;-;140,00;1,0000;1,030;-;-;54,0;118,0;ETCS L1;False;False;0;-; 0,0; 0,0; 0,0;S3: null - Strecke 3 - VDV 2;0,000000;31642,0;  0,0;6227,3;  0,0;1,030;1,00;1,00;"80 0622-19.0;";0;ETCS fallend;;;False;ETCS fallend;False;00:30:47;00:30:47;-;-;False;-;-;1847;1847
4050;ETCS fallend;0/00:30:48;0/00:30:48;00:31;00:31;00:31;00:31;-;100,00;97,09;100,00;-;100,00;-;K;-;ETCS-Stützstelle;;S3;Strecke 3;0/00:02:25;-;140,00;1,0000;1,030;-;-;54,0;118,0;ETCS L1;False;False;0;-; 0,0; 0,0; 0,0;S3: null - Strecke 3 - VDV 2;0,000000;31642,0;  0,0;6227,3;  0,0;1,030;1,00;1,00;"80 0622-19.0;";0;ETCS fallend;;;False;ETCS fallend;False;00:30:48;00:30:48;-;-;False;-;-;1848;1848
4075;ETCS fallend;0/00:30:49;0/00:30:49;00:31;00:31;00:31;00:31;-;100,00;97,09;100,00;-;100,00;-;K;-;ETCS-Stützstelle;;S3;Strecke 3;0/00:02:26;-;140,00;1,0000;1,030;-;-;54,0;118,0;ETCS L1;False;False;0;-; 0,0; 0,0; 0,0;S3: null - Strecke 3 - VDV 2;0,000000;31642,0;  0,0;6227,3;  0,0;1,030;1,00;1,00;"80 0622-19.0;";0;ETCS fallend;;;False;ETCS fallend;False;00:30:49;00:30:49;-;-;False;-;-;1849;1849
4100;ETCS fallend;0/00:30:50;0/00:30:50;00:31;00:31;00:31;00:31;-;100,00;97,09;100,00;-;100,00;-;K;-;ETCS-Stützstelle;;S3;Strecke 3;0/00:02:27;-;140,00;1,0000;1,030;-;-;54,0;118,0;ETCS L1;False;False;0;-; 0,0; 0,0; 0,0;S3: null - Strecke 3 - VDV 2;0,000000;31642,0;  0,0;6227,3;  0,0;1,030;1,00;1,00;"80 0622-19.0;";0;ETCS fallend;;;False;ETCS fallend;False;00:30:50;00:30:50;-;-;False;-;-;1850;1850
4125;ETCS fallend;0/00:30:50;0/00:30:50;00:31;00:31;00:31;00:31;-;100,00;97,09;100,00;-;100,00;-;K;-;ETCS-Stützstelle;;S3;Strecke 3;0/00:02:28;-;140,00;1,0000;1,030;-;-;54,0;118,0;ETCS L1;False;False;0;-; 0,0; 0,0; 0,0;S3: null - Strecke 3 - VDV 2;0,000000;31642,0;  0,0;6227,3;  0,0;1,030;1,00;1,00;"80 0622-19.0;";0;ETCS fallend;;;False;ETCS fallend;False;00:30:50;00:30:50;-;-;False;-;-;1850;1850
4150;ETCS fallend;0/00:30:51;0/00:30:51;00:31;00:31;00:31;00:31;-;100,00;97,09;100,00;-;100,00;-;K;-;ETCS-Stützstelle;;S3;Strecke 3;0/00:02:29;-;140,00;1,0000;1,030;-;-;54,0;118,0;ETCS L1;False;False;0;-; 0,0; 0,0; 0,0;S3: null - Strecke 3 - VDV 2;0,000000;31642,0;  0,0;6227,3;  0,0;1,030;1,00;1,00;"80 0622-19.0;";0;ETCS fallend;;;False;ETCS fallend;False;00:30:51;00:30:51;-;-;False;-;-;1851;1851
4175;ETCS fallend;0/00:30:52;0/00:30:52;00:31;00:31;00:31;00:31;-;100,00;97,09;100,00;-;100,00;-;K;-;ETCS-Stützstelle;;S3;Strecke 3;0/00:02:30;-;140,00;1,0000;1,030;-;-;54,0;118,0;ETCS L1;False;False;0;-; 0,0; 0,0; 0,0;S3: null - Strecke 3 - VDV 2;0,000000;31642,0;  0,0;6227,3;  0,0;1,030;1,00;1,00;"80 0622-19.0;";0;ETCS fallend;;;False;ETCS fallend;False;00:30:52;00:30:52;-;-;False;-;-;1852;1852
4200;ETCS fallend;0/00:30:53;0/00:30:53;00:31;00:31;00:31;00:31;-;100,00;97,09;100,00;-;100,00;-;K;-;ETCS-Stützstelle;;S3;Strecke 3;0/00:02:31;-;140,00;1,0000;1,030;-;-;54,0;118,0;ETCS L1;False;False;0;-; 0,0; 0,0; 0,0;S3: null - Strecke 3 - VDV 2;0,000000;31642,0;  0,0;6227,3;  0,0;1,030;1,00;1,00;"80 0622-19.0;";0;ETCS fallend;;;False;ETCS fallend;False;00:30:53;00:30:53;-;-;False;-;-;1853;1853
4225;ETCS fallend;0/00:30:54;0/00:30:54;00:31;00:31;00:31;00:31;-;100,00;97,09;100,00;-;100,00;-;K;-;ETCS-Stützstelle;;S3;Strecke 3;0/00:02:32;-;140,00;1,0000;1,030;-;-;54,0;118,0;ETCS L1;False;False;0;-; 0,0; 0,0; 0,0;S3: null - Strecke 3 - VDV 2;0,000000;31642,0;  0,0;6227,3;  0,0;1,030;1,00;1,00;"80 0622-19.0;";0;ETCS fallend;;;False;ETCS fallend;False;00:30:54;00:30:54;-;-;False;-;-;1854;1854
4250;ETCS fallend;0/00:30:55;0/00:30:55;00:31;00:31;00:31;00:31;-;100,00;97,09;100,00;-;100,00;-;K;-;ETCS-Stützstelle;;S3;Strecke 3;0/00:02:33;-;140,00;1,0000;1,030;-;-;54,0;118,0;ETCS L1;False;False;0;-; 0,0; 0,0; 0,0;S3: null - Strecke 3 - VDV 2;0,000000;31642,0;  0,0;6227,3;  0,0;1,030;1,00;1,00;"80 0622-19.0;";0;ETCS fallend;;;False;ETCS fallend;False;00:30:55;00:30:55;-;-;False;-;-;1855;1855
4275;ETCS fallend;0/00:30:56;0/00:30:56;00:31;00:31;00:31;00:31;-;100,00;97,09;100,00;-;100,00;-;K;-;ETCS-Stützstelle;;S3;Strecke 3;0/00:02:33;-;140,00;1,0000;1,030;-;-;54,0;118,0;ETCS L1;False;False;0;-; 0,0; 0,0; 0,0;S3: null - Strecke 3 - VDV 2;0,000000;31642,0;  0,0;6227,3;  0,0;1,030;1,00;1,00;"80 0622-19.0;";0;ETCS fallend;;;False;ETCS fallend;False;00:30:56;00:30:56;-;-;False;-;-;1856;1856
4300;ETCS fallend;0/00:30:57;0/00:30:57;00:31;00:31;00:31;00:31;-;100,00;97,09;100,00;-;100,00;-;K;-;ETCS-Stützstelle;;S3;Strecke 3;0/00:02:34;-;140,00;1,0000;1,030;-;-;54,0;118,0;ETCS L1;False;False;0;-; 0,0; 0,0; 0,0;S3: null - Strecke 3 - VDV 2;0,000000;31642,0;  0,0;6227,3;  0,0;1,030;1,00;1,00;"80 0622-19.0;";0;ETCS fallend;;;False;ETCS fallend;False;00:30:57;00:30:57;-;-;False;-;-;1857;1857
4325;ETCS fallend;0/00:30:58;0/00:30:58;00:31;00:31;00:31;00:31;-;100,00;97,09;100,00;-;100,00;-;K;-;ETCS-Stützstelle;;S3;Strecke 3;0/00:02:35;-;140,00;1,0000;1,030;-;-;54,0;118,0;ETCS L1;False;False;0;-; 0,0; 0,0; 0,0;S3: null - Strecke 3 - VDV 2;0,000000;31642,0;  0,0;6227,3;  0,0;1,030;1,00;1,00;"80 0622-19.0;";0;ETCS fallend;;;False;ETCS fallend;False;00:30:58;00:30:58;-;-;False;-;-;1858;1858
4350;ETCS fallend;0/00:30:59;0/00:30:59;00:31;00:31;00:31;00:31;-;100,00;97,09;100,00;-;100,00;-;K;-;ETCS-Stützstelle;;S3;Strecke 3;0/00:02:36;-;140,00;1,0000;1,030;-;-;54,0;118,0;ETCS L1;False;False;0;-; 0,0; 0,0; 0,0;S3: null - Strecke 3 - VDV 2;0,000000;31642,0;  0,0;6227,3;  0,0;1,030;1,00;1,00;"80 0622-19.0;";0;ETCS fallend;;;False;ETCS fallend;False;00:30:59;00:30:59;-;-;False;-;-;1859;1859
4375;ETCS fallend;0/00:31:00;0/00:31:00;00:31;00:31;00:31;00:31;-;100,00;97,09;100,00;-;100,00;-;K;-;ETCS-Stützstelle;;S3;Strecke 3;0/00:02:37;-;140,00;1,0000;1,030;-;-;54,0;118,0;ETCS L1;False;False;0;-; 0,0; 0,0; 0,0;S3: null - Strecke 3 - VDV 2;0,000000;31642,0;  0,0;6227,3;  0,0;1,030;1,00;1,00;"80 0622-19.0;";0;ETCS fallend;;;False;ETCS fallend;False;00:31:00;00:31:00;-;-;False;-;-;1860;1860
4400;ETCS fallend;0/00:31:01;0/00:31:01;00:31;00:31;00:31;00:31;-;100,00;97,09;100,00;-;100,00;-;K;-;ETCS-Stützstelle;;S3;Strecke 3;0/00:02:38;-;140,00;1,0000;1,030;-;-;54,0;118,0;ETCS L1;False;False;0;-; 0,0; 0,0; 0,0;S3: null - Strecke 3 - VDV 2;0,000000;31642,0;  0,0;6227,3;  0,0;1,030;1,00;1,00;"80 0622-19.0;";0;ETCS fallend;;;False;ETCS fallend;False;00:31:01;00:31:01;-;-;False;-;-;1861;1861
4425;ETCS fallend;0/00:31:02;0/00:31:02;00:31;00:31;00:31;00:31;-;100,00;97,09;100,00;-;100,00;-;K;-;ETCS-Stützstelle;;S3;Strecke 3;0/00:02:39;-;140,00;1,0000;1,030;-;-;54,0;118,0;ETCS L1;False;False;0;-; 0,0; 0,0; 0,0;S3: null - Strecke 3 - VDV 2;0,000000;31642,0;  0,0;6227,3;  0,0;1,030;1,00;1,00;"80 0622-19.0;";0;ETCS fallend;;;False;ETCS fallend;False;00:31:02;00:31:02;-;-;False;-;-;1862;1862
4450;ETCS fallend;0/00:31:03;0/00:31:03;00:31;00:31;00:31;00:31;-;100,00;97,09;100,00;-;100,00;-;K;-;ETCS-Stützstelle;;S3;Strecke 3;0/00:02:40;-;140,00;1,0000;1,030;-;-;54,0;118,0;ETCS L1;False;False;0;-; 0,0; 0,0; 0,0;S3: null - Strecke 3 - VDV 2;0,000000;31642,0;  0,0;6227,3;  0,0;1,030;1,00;1,00;"80 0622-19.0;";0;ETCS fallend;;;False;ETCS fallend;False;00:31:03;00:31:03;-;-;False;-;-;1863;1863
4475;ETCS fallend;0/00:31:03;0/00:31:03;00:31;00:31;00:31;00:31;-;100,00;97,09;100,00;-;100,00;-;K;-;ETCS-Stützstelle;;S3;Strecke 3;0/00:02:41;-;140,00;1,0000;1,030;-;-;54,0;118,0;ETCS L1;False;False;0;-; 0,0; 0,0; 0,0;S3: null - Strecke 3 - VDV 2;0,000000;31642,0;  0,0;6227,3;  0,0;1,030;1,00;1,00;"80 0622-19.0;";0;ETCS fallend;;;False;ETCS fallend;False;00:31:03;00:31:03;-;-;False;-;-;1863;1863
4500;ETCS fallend;0/00:31:04;0/00:31:04;00:31;00:31;00:31;00:31;-;100,00;97,09;100,00;-;100,00;-;K;-;ETCS-Stützstelle;;S3;Strecke 3;0/00:02:42;-;140,00;1,0000;1,030;-;-;54,0;118,0;ETCS L1;False;False;0;-; 0,0; 0,0; 0,0;S3: null - Strecke 3 - VDV 2;0,000000;31642,0;  0,0;6227,3;  0,0;1,030;1,00;1,00;"80 0622-19.0;";0;ETCS fallend;;;False;ETCS fallend;False;00:31:04;00:31:04;-;-;False;-;-;1864;1864
4525;ETCS fallend;0/00:31:05;0/00:31:05;00:31;00:31;00:31;00:31;-;100,00;97,09;100,00;-;100,00;-;K;-;ETCS-Stützstelle;;S3;Strecke 3;0/00:02:42;-;140,00;1,0000;1,030;-;-;54,0;118,0;ETCS L1;False;False;0;-; 0,0; 0,0; 0,0;S3: null - Strecke 3 - VDV 2;0,000000;31642,0;  0,0;6227,3;  0,0;1,030;1,00;1,00;"80 0622-19.0;";0;ETCS fallend;;;False;ETCS fallend;False;00:31:05;00:31:05;-;-;False;-;-;1865;1865
4550;ETCS fallend;0/00:31:06;0/00:31:06;00:31;00:31;00:31;00:31;-;100,00;97,09;100,00;-;100,00;-;K;-;ETCS-Stützstelle;;S3;Strecke 3;0/00:02:43;-;140,00;1,0000;1,030;-;-;54,0;118,0;ETCS L1;False;False;0;-; 0,0; 0,0; 0,0;S3: null - Strecke 3 - VDV 2;0,000000;31642,0;  0,0;6227,3;  0,0;1,030;1,00;1,00;"80 0622-19.0;";0;ETCS fallend;;;False;ETCS fallend;False;00:31:06;00:31:06;-;-;False;-;-;1866;1866
4575;ETCS fallend;0/00:31:07;0/00:31:07;00:31;00:31;00:31;00:31;-;100,00;97,09;100,00;-;100,00;-;K;-;ETCS-Stützstelle;;S3;Strecke 3;0/00:02:44;-;140,00;1,0000;1,030;-;-;54,0;118,0;ETCS L1;False;False;0;-; 0,0; 0,0; 0,0;S3: null - Strecke 3 - VDV 2;0,000000;31642,0;  0,0;6227,3;  0,0;1,030;1,00;1,00;"80 0622-19.0;";0;ETCS fallend;;;False;ETCS fallend;False;00:31:07;00:31:07;-;-;False;-;-;1867;1867
4600;ETCS fallend;0/00:31:08;0/00:31:08;00:31;00:31;00:31;00:31;-;100,00;97,09;100,00;-;100,00;-;K;-;ETCS-Stützstelle;;S3;Strecke 3;0/00:02:45;-;140,00;1,0000;1,030;-;-;54,0;118,0;ETCS L1;False;False;0;-; 0,0; 0,0; 0,0;S3: null - Strecke 3 - VDV 2;0,000000;31642,0;  0,0;6227,3;  0,0;1,030;1,00;1,00;"80 0622-19.0;";0;ETCS fallend;;;False;ETCS fallend;False;00:31:08;00:31:08;-;-;False;-;-;1868;1868
4625;ETCS fallend;0/00:31:09;0/00:31:09;00:31;00:31;00:31;00:31;-;100,00;97,09;100,00;-;100,00;-;K;-;ETCS-Stützstelle;;S3;Strecke 3;0/00:02:46;-;140,00;1,0000;1,030;-;-;54,0;118,0;ETCS L1;False;False;0;-; 0,0; 0,0; 0,0;S3: null - Strecke 3 - VDV 2;0,000000;31642,0;  0,0;6227,3;  0,0;1,030;1,00;1,00;"80 0622-19.0;";0;ETCS fallend;;;False;ETCS fallend;False;00:31:09;00:31:09;-;-;False;-;-;1869;1869
4650;ETCS fallend;0/00:31:10;0/00:31:10;00:31;00:31;00:31;00:31;-;100,00;97,09;100,00;-;100,00;-;K;-;ETCS-Stützstelle;;S3;Strecke 3;0/00:02:47;-;140,00;1,0000;1,030;-;-;54,0;118,0;ETCS L1;False;False;0;-; 0,0; 0,0; 0,0;S3: null - Strecke 3 - VDV 2;0,000000;31642,0;  0,0;6227,3;  0,0;1,030;1,00;1,00;"80 0622-19.0;";0;ETCS fallend;;;False;ETCS fallend;False;00:31:10;00:31:10;-;-;False;-;-;1870;1870
4675;ETCS fallend;0/00:31:11;0/00:31:11;00:31;00:31;00:31;00:31;-;100,00;97,09;100,00;-;100,00;-;K;-;ETCS-Stützstelle;;S3;Strecke 3;0/00:02:48;-;140,00;1,0000;1,030;-;-;54,0;118,0;ETCS L1;False;False;0;-; 0,0; 0,0; 0,0;S3: null - Strecke 3 - VDV 2;0,000000;31642,0;  0,0;6227,3;  0,0;1,030;1,00;1,00;"80 0622-19.0;";0;ETCS fallend;;;False;ETCS fallend;False;00:31:11;00:31:11;-;-;False;-;-;1871;1871
4700;ETCS fallend;0/00:31:12;0/00:31:12;00:31;00:31;00:31;00:31;-;100,00;97,09;100,00;-;100,00;-;K;-;ETCS-Stützstelle;;S3;Strecke 3;0/00:02:49;-;140,00;1,0000;1,030;-;-;54,0;118,0;ETCS L1;False;False;0;-; 0,0; 0,0; 0,0;S3: null - Strecke 3 - VDV 2;0,000000;31642,0;  0,0;6227,3;  0,0;1,030;1,00;1,00;"80 0622-19.0;";0;ETCS fallend;;;False;ETCS fallend;False;00:31:12;00:31:12;-;-;False;-;-;1872;1872
4725;ETCS fallend;0/00:31:13;0/00:31:13;00:31;00:31;00:31;00:31;-;100,00;97,09;100,00;-;100,00;-;K;-;ETCS-Stützstelle;;S3;Strecke 3;0/00:02:50;-;140,00;1,0000;1,030;-;-;54,0;118,0;ETCS L1;False;False;0;-; 0,0; 0,0; 0,0;S3: null - Strecke 3 - VDV 2;0,000000;31642,0;  0,0;6227,3;  0,0;1,030;1,00;1,00;"80 0622-19.0;";0;ETCS fallend;;;False;ETCS fallend;False;00:31:13;00:31:13;-;-;False;-;-;1873;1873
4750;ETCS fallend;0/00:31:14;0/00:31:14;00:31;00:31;00:31;00:31;-;100,00;97,09;100,00;-;100,00;-;K;-;ETCS-Stützstelle;;S3;Strecke 3;0/00:02:51;-;140,00;1,0000;1,030;-;-;54,0;118,0;ETCS L1;False;False;0;-; 0,0; 0,0; 0,0;S3: null - Strecke 3 - VDV 2;0,000000;31642,0;  0,0;6227,3;  0,0;1,030;1,00;1,00;"80 0622-19.0;";0;ETCS fallend;;;False;ETCS fallend;False;00:31:14;00:31:14;-;-;False;-;-;1874;1874
4775;ETCS fallend;0/00:31:15;0/00:31:15;00:31;00:31;00:31;00:31;-;100,00;97,09;100,00;-;100,00;-;K;-;ETCS-Stützstelle;;S3;Strecke 3;0/00:02:51;-;140,00;1,0000;1,030;-;-;54,0;118,0;ETCS L1;False;False;0;-; 0,0; 0,0; 0,0;S3: null - Strecke 3 - VDV 2;0,000000;31642,0;  0,0;6227,3;  0,0;1,030;1,00;1,00;"80 0622-19.0;";0;ETCS fallend;;;False;ETCS fallend;False;00:31:15;00:31:15;-;-;False;-;-;1875;1875
4800;ETCS fallend;0/00:31:16;0/00:31:16;00:31;00:31;00:31;00:31;-;100,00;97,09;100,00;-;100,00;-;K;-;ETCS-Stützstelle;;S3;Strecke 3;0/00:02:52;-;140,00;1,0000;1,030;-;-;54,0;118,0;ETCS L1;False;False;0;-; 0,0; 0,0; 0,0;S3: null - Strecke 3 - VDV 2;0,000000;31642,0;  0,0;6227,3;  0,0;1,030;1,00;1,00;"80 0622-19.0;";0;ETCS fallend;;;False;ETCS fallend;False;00:31:16;00:31:16;-;-;False;-;-;1876;1876
4825;ETCS fallend;0/00:31:16;0/00:31:16;00:31;00:31;00:31;00:31;-;100,00;97,09;100,00;-;100,00;-;K;-;ETCS-Stützstelle;;S3;Strecke 3;0/00:02:53;-;140,00;1,0000;1,030;-;-;54,0;118,0;ETCS L1;False;False;0;-; 0,0; 0,0; 0,0;S3: null - Strecke 3 - VDV 2;0,000000;31642,0;  0,0;6227,3;  0,0;1,030;1,00;1,00;"80 0622-19.0;";0;ETCS fallend;;;False;ETCS fallend;False;00:31:16;00:31:16;-;-;False;-;-;1876;1876
4850;ETCS fallend;0/00:31:17;0/00:31:17;00:31;00:31;00:31;00:31;-;100,00;97,09;100,00;-;100,00;-;K;-;ETCS-Stützstelle;;S3;Strecke 3;0/00:02:54;-;140,00;1,0000;1,030;-;-;54,0;118,0;ETCS L1;False;False;0;-; 0,0; 0,0; 0,0;S3: null - Strecke 3 - VDV 2;0,000000;31642,0;  0,0;6227,3;  0,0;1,030;1,00;1,00;"80 0622-19.0;";0;ETCS fallend;;;False;ETCS fallend;False;00:31:17;00:31:17;-;-;False;-;-;1877;1877
4875;ETCS fallend;0/00:31:18;0/00:31:18;00:31;00:31;00:31;00:31;-;100,00;97,09;100,00;-;100,00;-;K;-;ETCS-Stützstelle;;S3;Strecke 3;0/00:02:55;-;140,00;1,0000;1,030;-;-;54,0;118,0;ETCS L1;False;False;0;-; 0,0; 0,0; 0,0;S3: null - Strecke 3 - VDV 2;0,000000;31642,0;  0,0;6227,3;  0,0;1,030;1,00;1,00;"80 0622-19.0;";0;ETCS fallend;;;False;ETCS fallend;False;00:31:18;00:31:18;-;-;False;-;-;1878;1878
4900;ETCS fallend;0/00:31:19;0/00:31:19;00:31;00:31;00:31;00:31;-;100,00;97,09;100,00;-;100,00;-;K;-;ETCS-Stützstelle;;S3;Strecke 3;0/00:02:56;-;140,00;1,0000;1,030;-;-;54,0;118,0;ETCS L1;False;False;0;-; 0,0; 0,0; 0,0;S3: null - Strecke 3 - VDV 2;0,000000;31642,0;  0,0;6227,3;  0,0;1,030;1,00;1,00;"80 0622-19.0;";0;ETCS fallend;;;False;ETCS fallend;False;00:31:19;00:31:19;-;-;False;-;-;1879;1879
4925;ETCS fallend;0/00:31:20;0/00:31:20;00:31;00:31;00:31;00:31;-;100,00;97,09;100,00;-;100,00;-;K;-;ETCS-Stützstelle;;S3;Strecke 3;0/00:02:57;-;140,00;1,0000;1,030;-;-;54,0;118,0;ETCS L1;False;False;0;-; 0,0; 0,0; 0,0;S3: null - Strecke 3 - VDV 2;0,000000;31642,0;  0,0;6227,3;  0,0;1,030;1,00;1,00;"80 0622-19.0;";0;ETCS fallend;;;False;ETCS fallend;False;00:31:20;00:31:20;-;-;False;-;-;1880;1880
4950;ETCS fallend;0/00:31:21;0/00:31:21;00:31;00:31;00:31;00:31;-;100,00;97,09;100,00;-;100,00;-;K;-;ETCS-Stützstelle;;S3;Strecke 3;0/00:02:58;-;140,00;1,0000;1,030;-;-;54,0;118,0;ETCS L1;False;False;0;-; 0,0; 0,0; 0,0;S3: null - Strecke 3 - VDV 2;0,000000;31642,0;  0,0;6227,3;  0,0;1,030;1,00;1,00;"80 0622-19.0;";0;ETCS fallend;;;False;ETCS fallend;False;00:31:21;00:31:21;-;-;False;-;-;1881;1881
4975;ETCS fallend;0/00:31:22;0/00:31:22;00:31;00:31;00:31;00:31;-;100,00;97,09;100,00;-;100,00;-;K;-;ETCS-Stützstelle;;S3;Strecke 3;0/00:02:59;-;140,00;1,0000;1,030;-;-;54,0;118,0;ETCS L1;False;False;0;-; 0,0; 0,0; 0,0;S3: null - Strecke 3 - VDV 2;0,000000;31642,0;  0,0;6227,3;  0,0;1,030;1,00;1,00;"80 0622-19.0;";0;ETCS fallend;;;False;ETCS fallend;False;00:31:22;00:31:22;-;-;False;-;-;1882;1882
5000;ETCS fallend;0/00:31:23;0/00:31:23;00:31;00:31;00:31;00:31;-;100,00;97,09;100,00;-;100,00;-;K;-;ETCS-Stützstelle;;S3;Strecke 3;0/00:03:00;-;140,00;1,0000;1,030;-;-;54,0;118,0;ETCS L1;False;False;0;-; 0,0; 0,0; 0,0;S3: null - Strecke 3 - VDV 2;0,000000;31642,0;  0,0;6227,3;  0,0;1,030;1,00;1,00;"80 0622-19.0;";0;ETCS fallend;;;False;ETCS fallend;False;00:31:23;00:31:23;-;-;False;-;-;1883;1883
5025;ETCS fallend;0/00:31:24;0/00:31:24;00:31;00:31;00:31;00:31;-;100,00;97,09;100,00;-;100,00;-;K;-;ETCS-Stützstelle;;S3;Strecke 3;0/00:03:00;-;140,00;1,0000;1,030;-;-;54,0;118,0;ETCS L1;False;False;0;-; 0,0; 0,0; 0,0;S3: null - Strecke 3 - VDV 2;0,000000;31642,0;  0,0;6227,3;  0,0;1,030;1,00;1,00;"80 0622-19.0;";0;ETCS fallend;;;False;ETCS fallend;False;00:31:24;00:31:24;-;-;False;-;-;1884;1884
5050;ETCS fallend;0/00:31:25;0/00:31:25;00:31;00:31;00:31;00:31;-;100,00;97,09;100,00;-;100,00;-;K;-;ETCS-Stützstelle;;S3;Strecke 3;0/00:03:01;-;140,00;1,0000;1,030;-;-;54,0;118,0;ETCS L1;False;False;0;-; 0,0; 0,0; 0,0;S3: null - Strecke 3 - VDV 2;0,000000;31642,0;  0,0;6227,3;  0,0;1,030;1,00;1,00;"80 0622-19.0;";0;ETCS fallend;;;False;ETCS fallend;False;00:31:25;00:31:25;-;-;False;-;-;1885;1885
5075;ETCS fallend;0/00:31:26;0/00:31:26;00:31;00:31;00:31;00:31;-;100,00;97,09;100,00;-;100,00;-;K;-;ETCS-Stützstelle;;S3;Strecke 3;0/00:03:02;-;140,00;1,0000;1,030;-;-;54,0;118,0;ETCS L1;False;False;0;-; 0,0; 0,0; 0,0;S3: null - Strecke 3 - VDV 2;0,000000;31642,0;  0,0;6227,3;  0,0;1,030;1,00;1,00;"80 0622-19.0;";0;ETCS fallend;;;False;ETCS fallend;False;00:31:26;00:31:26;-;-;False;-;-;1886;1886
5100;ETCS fallend;0/00:31:27;0/00:31:27;00:31;00:31;00:31;00:31;-;100,00;97,09;100,00;-;100,00;-;K;-;ETCS-Stützstelle;;S3;Strecke 3;0/00:03:03;-;140,00;1,0000;1,030;-;-;54,0;118,0;ETCS L1;False;False;0;-; 0,0; 0,0; 0,0;S3: null - Strecke 3 - VDV 2;0,000000;31642,0;  0,0;6227,3;  0,0;1,030;1,00;1,00;"80 0622-19.0;";0;ETCS fallend;;;False;ETCS fallend;False;00:31:27;00:31:27;-;-;False;-;-;1887;1887
5125;ETCS fallend;0/00:31:28;0/00:31:28;00:31;00:31;00:31;00:31;-;100,00;97,09;100,00;-;100,00;-;K;-;ETCS-Stützstelle;;S3;Strecke 3;0/00:03:04;-;140,00;1,0000;1,030;-;-;54,0;118,0;ETCS L1;False;False;0;-; 0,0; 0,0; 0,0;S3: null - Strecke 3 - VDV 2;0,000000;31642,0;  0,0;6227,3;  0,0;1,030;1,00;1,00;"80 0622-19.0;";0;ETCS fallend;;;False;ETCS fallend;False;00:31:28;00:31:28;-;-;False;-;-;1888;1888
5150;ETCS fallend;0/00:31:28;0/00:31:28;00:31;00:31;00:31;00:31;-;100,00;97,09;100,00;-;100,00;-;K;-;ETCS-Stützstelle;;S3;Strecke 3;0/00:03:05;-;140,00;1,0000;1,030;-;-;54,0;118,0;ETCS L1;False;False;0;-; 0,0; 0,0; 0,0;S3: null - Strecke 3 - VDV 2;0,000000;31642,0;  0,0;6227,3;  0,0;1,030;1,00;1,00;"80 0622-19.0;";0;ETCS fallend;;;False;ETCS fallend;False;00:31:28;00:31:28;-;-;False;-;-;1888;1888
5175;ETCS fallend;0/00:31:29;0/00:31:29;00:31;00:31;00:31;00:31;-;100,00;97,09;100,00;-;100,00;-;K;-;ETCS-Stützstelle;;S3;Strecke 3;0/00:03:06;-;140,00;1,0000;1,030;-;-;54,0;118,0;ETCS L1;False;False;0;-; 0,0; 0,0; 0,0;S3: null - Strecke 3 - VDV 2;0,000000;31642,0;  0,0;6227,3;  0,0;1,030;1,00;1,00;"80 0622-19.0;";0;ETCS fallend;;;False;ETCS fallend;False;00:31:29;00:31:29;-;-;False;-;-;1889;1889
5200;ETCS fallend;0/00:31:30;0/00:31:30;00:32;00:32;00:32;00:32;-;100,00;97,09;100,00;-;100,00;-;K;-;ETCS-Stützstelle;;S3;Strecke 3;0/00:03:07;-;140,00;1,0000;1,030;-;-;54,0;118,0;ETCS L1;False;False;0;-; 0,0; 0,0; 0,0;S3: null - Strecke 3 - VDV 2;0,000000;31642,0;  0,0;6227,3;  0,0;1,030;1,00;1,00;"80 0622-19.0;";0;ETCS fallend;;;False;ETCS fallend;False;00:31:30;00:31:30;-;-;False;-;-;1890;1890
5225;ETCS fallend;0/00:31:31;0/00:31:31;00:32;00:32;00:32;00:32;-;100,00;97,09;100,00;-;100,00;-;K;-;ETCS-Stützstelle;;S3;Strecke 3;0/00:03:08;-;140,00;1,0000;1,030;-;-;54,0;118,0;ETCS L1;False;False;0;-; 0,0; 0,0; 0,0;S3: null - Strecke 3 - VDV 2;0,000000;31642,0;  0,0;6227,3;  0,0;1,030;1,00;1,00;"80 0622-19.0;";0;ETCS fallend;;;False;ETCS fallend;False;00:31:31;00:31:31;-;-;False;-;-;1891;1891
5250;ETCS fallend;0/00:31:32;0/00:31:32;00:32;00:32;00:32;00:32;-;100,00;97,09;100,00;-;100,00;-;K;-;ETCS-Stützstelle;;S3;Strecke 3;0/00:03:09;-;140,00;1,0000;1,030;-;-;54,0;118,0;ETCS L1;False;False;0;-; 0,0; 0,0; 0,0;S3: null - Strecke 3 - VDV 2;0,000000;31642,0;  0,0;6227,3;  0,0;1,030;1,00;1,00;"80 0622-19.0;";0;ETCS fallend;;;False;ETCS fallend;False;00:31:32;00:31:32;-;-;False;-;-;1892;1892
5275;ETCS fallend;0/00:31:33;0/00:31:33;00:32;00:32;00:32;00:32;-;100,00;97,09;100,00;-;100,00;-;K;-;ETCS-Stützstelle;;S3;Strecke 3;0/00:03:09;-;140,00;1,0000;1,030;-;-;54,0;118,0;ETCS L1;False;False;0;-; 0,0; 0,0; 0,0;S3: null - Strecke 3 - VDV 2;0,000000;31642,0;  0,0;6227,3;  0,0;1,030;1,00;1,00;"80 0622-19.0;";0;ETCS fallend;;;False;ETCS fallend;False;00:31:33;00:31:33;-;-;False;-;-;1893;1893
5300;ETCS fallend;0/00:31:34;0/00:31:34;00:32;00:32;00:32;00:32;-;100,00;97,09;100,00;-;100,00;-;K;-;ETCS-Stützstelle;;S3;Strecke 3;0/00:03:10;-;140,00;1,0000;1,030;-;-;54,0;118,0;ETCS L1;False;False;0;-; 0,0; 0,0; 0,0;S3: null - Strecke 3 - VDV 2;0,000000;31642,0;  0,0;6227,3;  0,0;1,030;1,00;1,00;"80 0622-19.0;";0;ETCS fallend;;;False;ETCS fallend;False;00:31:34;00:31:34;-;-;False;-;-;1894;1894
5325;ETCS fallend;0/00:31:35;0/00:31:35;00:32;00:32;00:32;00:32;-;100,00;97,09;100,00;-;100,00;-;K;-;ETCS-Stützstelle;;S3;Strecke 3;0/00:03:11;-;140,00;1,0000;1,030;-;-;54,0;118,0;ETCS L1;False;False;0;-; 0,0; 0,0; 0,0;S3: null - Strecke 3 - VDV 2;0,000000;31642,0;  0,0;6227,3;  0,0;1,030;1,00;1,00;"80 0622-19.0;";0;ETCS fallend;;;False;ETCS fallend;False;00:31:35;00:31:35;-;-;False;-;-;1895;1895
5350;ETCS fallend;0/00:31:36;0/00:31:36;00:32;00:32;00:32;00:32;-;100,00;97,09;100,00;-;100,00;-;K;-;ETCS-Stützstelle;;S3;Strecke 3;0/00:03:12;-;140,00;1,0000;1,030;-;-;54,0;118,0;ETCS L1;False;False;0;-; 0,0; 0,0; 0,0;S3: null - Strecke 3 - VDV 2;0,000000;31642,0;  0,0;6227,3;  0,0;1,030;1,00;1,00;"80 0622-19.0;";0;ETCS fallend;;;False;ETCS fallend;False;00:31:36;00:31:36;-;-;False;-;-;1896;1896
5375;ETCS fallend;0/00:31:37;0/00:31:37;00:32;00:32;00:32;00:32;-;100,00;97,09;100,00;-;100,00;-;K;-;ETCS-Stützstelle;;S3;Strecke 3;0/00:03:13;-;140,00;1,0000;1,030;-;-;54,0;118,0;ETCS L1;False;False;0;-; 0,0; 0,0; 0,0;S3: null - Strecke 3 - VDV 2;0,000000;31642,0;  0,0;6227,3;  0,0;1,030;1,00;1,00;"80 0622-19.0;";0;ETCS fallend;;;False;ETCS fallend;False;00:31:37;00:31:37;-;-;False;-;-;1897;1897
5400;ETCS fallend;0/00:31:38;0/00:31:38;00:32;00:32;00:32;00:32;-;100,00;97,09;100,00;-;100,00;-;K;-;ETCS-Stützstelle;;S3;Strecke 3;0/00:03:14;-;140,00;1,0000;1,030;-;-;54,0;118,0;ETCS L1;False;False;0;-; 0,0; 0,0; 0,0;S3: null - Strecke 3 - VDV 2;0,000000;31642,0;  0,0;6227,3;  0,0;1,030;1,00;1,00;"80 0622-19.0;";0;ETCS fallend;;;False;ETCS fallend;False;00:31:38;00:31:38;-;-;False;-;-;1898;1898
5425;ETCS fallend;0/00:31:39;0/00:31:39;00:32;00:32;00:32;00:32;-;100,00;97,09;100,00;-;100,00;-;K;-;ETCS-Stützstelle;;S3;Strecke 3;0/00:03:15;-;140,00;1,0000;1,030;-;-;54,0;118,0;ETCS L1;False;False;0;-; 0,0; 0,0; 0,0;S3: null - Strecke 3 - VDV 2;0,000000;31642,0;  0,0;6227,3;  0,0;1,030;1,00;1,00;"80 0622-19.0;";0;ETCS fallend;;;False;ETCS fallend;False;00:31:39;00:31:39;-;-;False;-;-;1899;1899
5450;ETCS fallend;0/00:31:40;0/00:31:40;00:32;00:32;00:32;00:32;-;100,00;97,09;100,00;-;100,00;-;K;-;ETCS-Stützstelle;;S3;Strecke 3;0/00:03:16;-;140,00;1,0000;1,030;-;-;54,0;118,0;ETCS L1;False;False;0;-; 0,0; 0,0; 0,0;S3: null - Strecke 3 - VDV 2;0,000000;31642,0;  0,0;6227,3;  0,0;1,030;1,00;1,00;"80 0622-19.0;";0;ETCS fallend;;;False;ETCS fallend;False;00:31:40;00:31:40;-;-;False;-;-;1900;1900
5475;ETCS fallend;0/00:31:41;0/00:31:41;00:32;00:32;00:32;00:32;-;100,00;97,09;100,00;-;100,00;-;K;-;ETCS-Stützstelle;;S3;Strecke 3;0/00:03:17;-;140,00;1,0000;1,030;-;-;54,0;118,0;ETCS L1;False;False;0;-; 0,0; 0,0; 0,0;S3: null - Strecke 3 - VDV 2;0,000000;31642,0;  0,0;6227,3;  0,0;1,030;1,00;1,00;"80 0622-19.0;";0;ETCS fallend;;;False;ETCS fallend;False;00:31:41;00:31:41;-;-;False;-;-;1901;1901
5500;ETCS fallend;0/00:31:41;0/00:31:41;00:32;00:32;00:32;00:32;-;100,00;97,09;100,00;-;100,00;-;K;-;S3 24.500 3521-0 Betriebsstellengrenze, =>DB2 3521-0, Gleis 0;;S3;Strecke 3;0/00:03:18;-;140,00;1,0000;1,030;-;-;54,0;118,0;ETCS L1;False;False;0;-; 0,0; 0,0; 0,0;S3: null - Strecke 3 - VDV 2;0,000000;31642,0;  0,0;6227,3;  0,0;1,030;1,00;1,00;"80 0622-19.0;";0;ETCS fallend;3521;0;True;ETCS fallend;False;00:31:41;00:31:41;-;-;False;-;Betriebsstellengrenze 3521-0 - Gleisende 3521-0 (3521);1901;1901
5500;ETCS fallend;0/00:31:41;0/00:31:41;00:32;00:32;00:32;00:32;-;100,00;97,09;100,00;-;100,00;-;K;-;DB2 24.500 3521-0 Betriebsstellengrenze, =>S3 3521-0, Gleis 0;;DB2;DB 2;0/00:03:18;-;140,00;1,0000;1,030;-;-;54,0;118,0;ETCS L1;False;False;0;-; 0,0; 0,0; 0,0;DB2: Strecke 3 - Gleis 1 - Strecke 2;0,000000;31642,0;  0,0;6227,3;  0,0;1,030;1,00;1,00;"80 0622-19.0;";0;ETCS fallend;3521;0;True;ETCS fallend;False;00:31:41;00:31:41;-;-;False;-;Weiche 02W2 A - Betriebsstellengrenze 3521-0 (3521);1901;1901
5525;ETCS fallend;0/00:31:42;0/00:31:42;00:32;00:32;00:32;00:32;-;100,00;97,09;100,00;-;100,00;-;K;-;ETCS-Stützstelle;;DB2;DB 2;0/00:03:18;-;140,00;1,0000;1,030;-;-;54,0;118,0;ETCS L1;False;False;0;-; 0,0; 0,0; 0,0;DB2: Strecke 3 - Gleis 1 - Strecke 2;0,000000;31642,0;  0,0;6227,3;  0,0;1,030;1,00;1,00;"80 0622-19.0;";0;ETCS fallend;;;False;ETCS fallend;False;00:31:42;00:31:42;-;-;False;-;-;1902;1902
5550;ETCS fallend;0/00:31:43;0/00:31:43;00:32;00:32;00:32;00:32;-;100,00;97,09;100,00;-;100,00;-;K;-;ETCS-Stützstelle;;DB2;DB 2;0/00:03:19;-;140,00;1,0000;1,030;-;-;54,0;118,0;ETCS L1;False;False;0;-; 0,0; 0,0; 0,0;DB2: Strecke 3 - Gleis 1 - Strecke 2;0,000000;31642,0;  0,0;6227,3;  0,0;1,030;1,00;1,00;"80 0622-19.0;";0;ETCS fallend;;;False;ETCS fallend;False;00:31:43;00:31:43;-;-;False;-;-;1903;1903
5575;ETCS fallend;0/00:31:44;0/00:31:44;00:32;00:32;00:32;00:32;-;100,00;97,09;100,00;-;100,00;-;K;-;ETCS-Stützstelle;;DB2;DB 2;0/00:03:20;-;140,00;1,0000;1,030;-;-;54,0;118,0;ETCS L1;False;False;0;-; 0,0; 0,0; 0,0;DB2: Strecke 3 - Gleis 1 - Strecke 2;0,000000;31642,0;  0,0;6227,3;  0,0;1,030;1,00;1,00;"80 0622-19.0;";0;ETCS fallend;;;False;ETCS fallend;False;00:31:44;00:31:44;-;-;False;-;-;1904;1904
5600;ETCS fallend;0/00:31:45;0/00:31:45;00:32;00:32;00:32;00:32;-;100,00;97,09;100,00;-;100,00;-;K;-;ETCS-Stützstelle;;DB2;DB 2;0/00:03:21;-;140,00;1,0000;1,030;-;-;54,0;118,0;ETCS L1;False;False;0;-; 0,0; 0,0; 0,0;DB2: Strecke 3 - Gleis 1 - Strecke 2;0,000000;31642,0;  0,0;6227,3;  0,0;1,030;1,00;1,00;"80 0622-19.0;";0;ETCS fallend;;;False;ETCS fallend;False;00:31:45;00:31:45;-;-;False;-;-;1905;1905
5625;ETCS fallend;0/00:31:46;0/00:31:46;00:32;00:32;00:32;00:32;-;100,00;97,09;100,00;-;100,00;-;K;-;ETCS-Stützstelle;;DB2;DB 2;0/00:03:22;-;140,00;1,0000;1,030;-;-;54,0;118,0;ETCS L1;False;False;0;-; 0,0; 0,0; 0,0;DB2: Strecke 3 - Gleis 1 - Strecke 2;0,000000;31642,0;  0,0;6227,3;  0,0;1,030;1,00;1,00;"80 0622-19.0;";0;ETCS fallend;;;False;ETCS fallend;False;00:31:46;00:31:46;-;-;False;-;-;1906;1906
5650;ETCS fallend;0/00:31:47;0/00:31:47;00:32;00:32;00:32;00:32;-;100,00;97,09;100,00;-;100,00;-;K;-;ETCS-Stützstelle;;DB2;DB 2;0/00:03:23;-;140,00;1,0000;1,030;-;-;54,0;118,0;ETCS L1;False;False;0;-; 0,0; 0,0; 0,0;DB2: Strecke 3 - Gleis 1 - Strecke 2;0,000000;31642,0;  0,0;6227,3;  0,0;1,030;1,00;1,00;"80 0622-19.0;";0;ETCS fallend;;;False;ETCS fallend;False;00:31:47;00:31:47;-;-;False;-;-;1907;1907
5675;ETCS fallend;0/00:31:48;0/00:31:48;00:32;00:32;00:32;00:32;-;100,00;97,09;100,00;-;100,00;-;K;-;ETCS-Stützstelle;;DB2;DB 2;0/00:03:24;-;140,00;1,0000;1,030;-;-;54,0;118,0;ETCS L1;False;False;0;-; 0,0; 0,0; 0,0;DB2: Strecke 3 - Gleis 1 - Strecke 2;0,000000;31642,0;  0,0;6227,3;  0,0;1,030;1,00;1,00;"80 0622-19.0;";0;ETCS fallend;;;False;ETCS fallend;False;00:31:48;00:31:48;-;-;False;-;-;1908;1908
5700;ETCS fallend;0/00:31:49;0/00:31:49;00:32;00:32;00:32;00:32;-;100,00;97,09;100,00;-;100,00;-;K;-;ETCS-Stützstelle;;DB2;DB 2;0/00:03:25;-;140,00;1,0000;1,030;-;-;54,0;118,0;ETCS L1;False;False;0;-; 0,0; 0,0; 0,0;DB2: Strecke 3 - Gleis 1 - Strecke 2;0,000000;31642,0;  0,0;6227,3;  0,0;1,030;1,00;1,00;"80 0622-19.0;";0;ETCS fallend;;;False;ETCS fallend;False;00:31:49;00:31:49;-;-;False;-;-;1909;1909
5725;ETCS fallend;0/00:31:50;0/00:31:50;00:32;00:32;00:32;00:32;-;100,00;97,09;100,00;-;100,00;-;K;-;ETCS-Stützstelle;;DB2;DB 2;0/00:03:26;-;140,00;1,0000;1,030;-;-;54,0;118,0;ETCS L1;False;False;0;-; 0,0; 0,0; 0,0;DB2: Strecke 3 - Gleis 1 - Strecke 2;0,000000;31642,0;  0,0;6227,3;  0,0;1,030;1,00;1,00;"80 0622-19.0;";0;ETCS fallend;;;False;ETCS fallend;False;00:31:50;00:31:50;-;-;False;-;-;1910;1910
5750;ETCS fallend;0/00:31:51;0/00:31:51;00:32;00:32;00:32;00:32;-;100,00;97,09;100,00;-;100,00;-;K;-;ETCS-Stützstelle;;DB2;DB 2;0/00:03:27;-;140,00;1,0000;1,030;-;-;54,0;118,0;ETCS L1;False;False;0;-; 0,0; 0,0; 0,0;DB2: Strecke 3 - Gleis 1 - Strecke 2;0,000000;31642,0;  0,0;6227,3;  0,0;1,030;1,00;1,00;"80 0622-19.0;";0;ETCS fallend;;;False;ETCS fallend;False;00:31:51;00:31:51;-;-;False;-;-;1911;1911
5775;ETCS fallend;0/00:31:52;0/00:31:52;00:32;00:32;00:32;00:32;-;100,00;97,09;100,00;-;100,00;-;K;-;ETCS-Stützstelle;;DB2;DB 2;0/00:03:27;-;140,00;1,0000;1,030;-;-;54,0;118,0;ETCS L1;False;False;0;-; 0,0; 0,0; 0,0;DB2: Strecke 3 - Gleis 1 - Strecke 2;0,000000;31642,0;  0,0;6227,3;  0,0;1,030;1,00;1,00;"80 0622-19.0;";0;ETCS fallend;;;False;ETCS fallend;False;00:31:52;00:31:52;-;-;False;-;-;1912;1912
5800;ETCS fallend;0/00:31:53;0/00:31:53;00:32;00:32;00:32;00:32;-;100,00;97,09;100,00;-;100,00;-;K;-;ETCS-Stützstelle;;DB2;DB 2;0/00:03:28;-;140,00;1,0000;1,030;-;-;54,0;118,0;ETCS L1;False;False;0;-; 0,0; 0,0; 0,0;DB2: Strecke 3 - Gleis 1 - Strecke 2;0,000000;31642,0;  0,0;6227,3;  0,0;1,030;1,00;1,00;"80 0622-19.0;";0;ETCS fallend;;;False;ETCS fallend;False;00:31:53;00:31:53;-;-;False;-;-;1913;1913
5825;ETCS fallend;0/00:31:54;0/00:31:54;00:32;00:32;00:32;00:32;-;100,00;97,09;100,00;-;100,00;-;K;-;ETCS-Stützstelle;;DB2;DB 2;0/00:03:29;-;140,00;1,0000;1,030;-;-;54,0;118,0;ETCS L1;False;False;0;-; 0,0; 0,0; 0,0;DB2: Strecke 3 - Gleis 1 - Strecke 2;0,000000;31642,0;  0,0;6227,3;  0,0;1,030;1,00;1,00;"80 0622-19.0;";0;ETCS fallend;;;False;ETCS fallend;False;00:31:54;00:31:54;-;-;False;-;-;1914;1914
5850;ETCS fallend;0/00:31:54;0/00:31:54;00:32;00:32;00:32;00:32;-;100,00;97,09;100,00;-;100,00;-;K;-;ETCS-Stützstelle;;DB2;DB 2;0/00:03:30;-;140,00;1,0000;1,030;-;-;54,0;118,0;ETCS L1;False;False;0;-; 0,0; 0,0; 0,0;DB2: Strecke 3 - Gleis 1 - Strecke 2;0,000000;31642,0;  0,0;6227,3;  0,0;1,030;1,00;1,00;"80 0622-19.0;";0;ETCS fallend;;;False;ETCS fallend;False;00:31:54;00:31:54;-;-;False;-;-;1914;1914
5875;ETCS fallend;0/00:31:55;0/00:31:55;00:32;00:32;00:32;00:32;-;100,00;97,09;100,00;-;100,00;-;K;-;ETCS-Stützstelle;;DB2;DB 2;0/00:03:31;-;140,00;1,0000;1,030;-;-;54,0;118,0;ETCS L1;False;False;0;-; 0,0; 0,0; 0,0;DB2: Strecke 3 - Gleis 1 - Strecke 2;0,000000;31642,0;  0,0;6227,3;  0,0;1,030;1,00;1,00;"80 0622-19.0;";0;ETCS fallend;;;False;ETCS fallend;False;00:31:55;00:31:55;-;-;False;-;-;1915;1915
5900;ETCS fallend;0/00:31:56;0/00:31:56;00:32;00:32;00:32;00:32;-;100,00;97,09;100,00;-;100,00;-;K;-;ETCS-Stützstelle;;DB2;DB 2;0/00:03:32;-;140,00;1,0000;1,030;-;-;54,0;118,0;ETCS L1;False;False;0;-; 0,0; 0,0; 0,0;DB2: Strecke 3 - Gleis 1 - Strecke 2;0,000000;31642,0;  0,0;6227,3;  0,0;1,030;1,00;1,00;"80 0622-19.0;";0;ETCS fallend;;;False;ETCS fallend;False;00:31:56;00:31:56;-;-;False;-;-;1916;1916
5925;ETCS fallend;0/00:31:57;0/00:31:57;00:32;00:32;00:32;00:32;-;100,00;97,09;100,00;-;100,00;-;K;-;ETCS-Stützstelle;;DB2;DB 2;0/00:03:33;-;140,00;1,0000;1,030;-;-;54,0;118,0;ETCS L1;False;False;0;-; 0,0; 0,0; 0,0;DB2: Strecke 3 - Gleis 1 - Strecke 2;0,000000;31642,0;  0,0;6227,3;  0,0;1,030;1,00;1,00;"80 0622-19.0;";0;ETCS fallend;;;False;ETCS fallend;False;00:31:57;00:31:57;-;-;False;-;-;1917;1917
5950;ETCS fallend;0/00:31:58;0/00:31:58;00:32;00:32;00:32;00:32;-;100,00;97,09;100,00;-;100,00;-;K;-;ETCS-Stützstelle;;DB2;DB 2;0/00:03:34;-;140,00;1,0000;1,030;-;-;54,0;118,0;ETCS L1;False;False;0;-; 0,0; 0,0; 0,0;DB2: Strecke 3 - Gleis 1 - Strecke 2;0,000000;31642,0;  0,0;6227,3;  0,0;1,030;1,00;1,00;"80 0622-19.0;";0;ETCS fallend;;;False;ETCS fallend;False;00:31:58;00:31:58;-;-;False;-;-;1918;1918
5975;ETCS fallend;0/00:31:59;0/00:31:59;00:32;00:32;00:32;00:32;-;100,00;97,09;100,00;-;100,00;-;K;-;ETCS-Stützstelle;;DB2;DB 2;0/00:03:35;-;140,00;1,0000;1,030;-;-;54,0;118,0;ETCS L1;False;False;0;-; 0,0; 0,0; 0,0;DB2: Strecke 3 - Gleis 1 - Strecke 2;0,000000;31642,0;  0,0;6227,3;  0,0;1,030;1,00;1,00;"80 0622-19.0;";0;ETCS fallend;;;False;ETCS fallend;False;00:31:59;00:31:59;-;-;False;-;-;1919;1919
6000;ETCS fallend;0/00:32:00;0/00:32:00;00:32;00:32;00:32;00:32;-;100,00;97,09;100,00;-;100,00;-;K;-;ETCS-Stützstelle;;DB2;DB 2;0/00:03:36;-;140,00;1,0000;1,030;-;-;54,0;118,0;ETCS L1;False;False;0;-; 0,0; 0,0; 0,0;DB2: Strecke 3 - Gleis 1 - Strecke 2;0,000000;31642,0;  0,0;6227,3;  0,0;1,030;1,00;1,00;"80 0622-19.0;";0;ETCS fallend;;;False;ETCS fallend;False;00:32:00;00:32:00;-;-;False;-;-;1920;1920
6025;ETCS fallend;0/00:32:01;0/00:32:01;00:32;00:32;00:32;00:32;-;100,00;97,09;100,00;-;100,00;-;K;-;ETCS-Stützstelle;;DB2;DB 2;0/00:03:36;-;140,00;1,0000;1,030;-;-;54,0;118,0;ETCS L1;False;False;0;-; 0,0; 0,0; 0,0;DB2: Strecke 3 - Gleis 1 - Strecke 2;0,000000;31642,0;  0,0;6227,3;  0,0;1,030;1,00;1,00;"80 0622-19.0;";0;ETCS fallend;;;False;ETCS fallend;False;00:32:01;00:32:01;-;-;False;-;-;1921;1921
6050;ETCS fallend;0/00:32:02;0/00:32:02;00:32;00:32;00:32;00:32;-;100,00;97,09;100,00;-;100,00;-;K;-;ETCS-Stützstelle;;DB2;DB 2;0/00:03:37;-;140,00;1,0000;1,030;-;-;54,0;118,0;ETCS L1;False;False;0;-; 0,0; 0,0; 0,0;DB2: Strecke 3 - Gleis 1 - Strecke 2;0,000000;31642,0;  0,0;6227,3;  0,0;1,030;1,00;1,00;"80 0622-19.0;";0;ETCS fallend;;;False;ETCS fallend;False;00:32:02;00:32:02;-;-;False;-;-;1922;1922
6057;ETCS fallend;0/00:32:02;0/00:32:02;00:32;00:32;00:32;00:32;-;100,00;97,09;100,00;-;100,00;-;K;-;DB2 23.943  Punktbeeinflussung, Fallend, ETCS L1 FS, kennung=1; Ref(7025)=<DB2|22,975/+0|HS|02F|1> ;DB2;DB 2;0/00:03:38;-;140,00;1,0000;1,030;-;-;54,0;118,0;ETCS L1;False;False;0;-; 0,0; 0,0; 0,0;DB2: Strecke 3 - Gleis 1 - Strecke 2;0,000000;31642,0;  0,0;6227,3;  0,0;1,030;1,00;1,00;"80 0622-19.0;";0;ETCS fallend;3521;;True;ETCS fallend;False;00:32:02;00:32:02;-;-;False;-;Weiche 02W2 A - Betriebsstellengrenze 3521-0 (3521);1922;1922
6082;ETCS fallend;0/00:32:03;0/00:32:03;00:32;00:32;00:32;00:32;-;100,00;97,09;100,00;-;100,00;-;K;-;ETCS-Stützstelle;;DB2;DB 2;0/00:03:38;-;140,00;1,0000;1,030;-;-;54,0;118,0;ETCS L1;False;False;0;-; 0,0; 0,0; 0,0;DB2: Strecke 3 - Gleis 1 - Strecke 2;0,000000;31642,0;  0,0;6227,3;  0,0;1,030;1,00;1,00;"80 0622-19.0;";0;ETCS fallend;;;False;ETCS fallend;False;00:32:03;00:32:03;-;-;False;-;-;1923;1923
6107;ETCS fallend;0/00:32:04;0/00:32:04;00:32;00:32;00:32;00:32;-;100,00;97,09;100,00;-;100,00;-;K;-;ETCS-Stützstelle;;DB2;DB 2;0/00:03:39;-;140,00;1,0000;1,030;-;-;54,0;118,0;ETCS L1;False;False;0;-; 0,0; 0,0; 0,0;DB2: Strecke 3 - Gleis 1 - Strecke 2;0,000000;31642,0;  0,0;6227,3;  0,0;1,030;1,00;1,00;"80 0622-19.0;";0;ETCS fallend;;;False;ETCS fallend;False;00:32:04;00:32:04;-;-;False;-;-;1924;1924
6132;ETCS fallend;0/00:32:05;0/00:32:05;00:32;00:32;00:32;00:32;-;100,00;97,09;100,00;-;100,00;-;K;-;ETCS-Stützstelle;;DB2;DB 2;0/00:03:40;-;140,00;1,0000;1,030;-;-;54,0;118,0;ETCS L1;False;False;0;-; 0,0; 0,0; 0,0;DB2: Strecke 3 - Gleis 1 - Strecke 2;0,000000;31642,0;  0,0;6227,3;  0,0;1,030;1,00;1,00;"80 0622-19.0;";0;ETCS fallend;;;False;ETCS fallend;False;00:32:05;00:32:05;-;-;False;-;-;1925;1925
6157;ETCS fallend;0/00:32:06;0/00:32:06;00:32;00:32;00:32;00:32;-;100,00;97,09;100,00;-;100,00;-;K;-;ETCS-Stützstelle;;DB2;DB 2;0/00:03:41;-;140,00;1,0000;1,030;-;-;54,0;118,0;ETCS L1;False;False;0;-; 0,0; 0,0; 0,0;DB2: Strecke 3 - Gleis 1 - Strecke 2;0,000000;31642,0;  0,0;6227,3;  0,0;1,030;1,00;1,00;"80 0622-19.0;";0;ETCS fallend;;;False;ETCS fallend;False;00:32:06;00:32:06;-;-;False;-;-;1926;1926
6182;ETCS fallend;0/00:32:07;0/00:32:07;00:32;00:32;00:32;00:32;-;100,00;97,09;100,00;-;100,00;-;K;-;ETCS-Stützstelle;;DB2;DB 2;0/00:03:42;-;140,00;1,0000;1,030;-;-;54,0;118,0;ETCS L1;False;False;0;-; 0,0; 0,0; 0,0;DB2: Strecke 3 - Gleis 1 - Strecke 2;0,000000;31642,0;  0,0;6227,3;  0,0;1,030;1,00;1,00;"80 0622-19.0;";0;ETCS fallend;;;False;ETCS fallend;False;00:32:07;00:32:07;-;-;False;-;-;1927;1927
6207;ETCS fallend;0/00:32:08;0/00:32:08;00:32;00:32;00:32;00:32;-;100,00;97,09;100,00;-;100,00;-;K;-;ETCS-Stützstelle;;DB2;DB 2;0/00:03:43;-;140,00;1,0000;1,030;-;-;54,0;118,0;ETCS L1;False;False;0;-; 0,0; 0,0; 0,0;DB2: Strecke 3 - Gleis 1 - Strecke 2;0,000000;31642,0;  0,0;6227,3;  0,0;1,030;1,00;1,00;"80 0622-19.0;";0;ETCS fallend;;;False;ETCS fallend;False;00:32:08;00:32:08;-;-;False;-;-;1928;1928
6232;ETCS fallend;0/00:32:09;0/00:32:09;00:32;00:32;00:32;00:32;-;100,00;97,09;100,00;-;100,00;-;K;-;ETCS-Stützstelle;;DB2;DB 2;0/00:03:44;-;140,00;1,0000;1,030;-;-;54,0;118,0;ETCS L1;False;False;0;-; 0,0; 0,0; 0,0;DB2: Strecke 3 - Gleis 1 - Strecke 2;0,000000;31642,0;  0,0;6227,3;  0,0;1,030;1,00;1,00;"80 0622-19.0;";0;ETCS fallend;;;False;ETCS fallend;False;00:32:09;00:32:09;-;-;False;-;-;1929;1929
6246;ETCS fallend;0/00:32:09;0/00:32:09;00:32;00:32;00:32;00:32;-;100,00;97,09;100,00;-;100,00;-;K;-;BEP zu DB2 22.975 02F Hauptsignal, Fallend, DFa=3s, rs=20km/h, appr.=0km/h; Ref(7025)=<DB2|22,975/+0|HS|02F|1> ;DB2;DB 2;0/00:03:44;-;140,00;1,0000;1,030;-;-;54,0;118,0;ETCS L1;False;False;0;-; 0,0; 0,0; 0,0;DB2: Strecke 3 - Gleis 1 - Strecke 2;0,000000;31642,0;  0,0;6227,3;  0,0;1,030;1,00;1,00;"80 0622-19.0;";0;ETCS fallend;;;False;ETCS fallend;False;00:32:09;00:32:09;-;-;False;Indication;-;1929;1929
6257;ETCS fallend;0/00:32:10;0/00:32:10;00:32;00:32;00:32;00:32;-;100,00;97,09;100,00;-;100,00;-;K;-;ETCS-Stützstelle;;DB2;DB 2;0/00:03:45;-;140,00;1,0000;1,030;-;-;54,0;118,0;ETCS L1;False;False;0;-; 0,0; 0,0; 0,0;DB2: Strecke 3 - Gleis 1 - Strecke 2;0,000000;31642,0;  0,0;6227,3;  0,0;1,030;1,00;1,00;"80 0622-19.0;";0;ETCS fallend;;;False;ETCS fallend;False;00:32:10;00:32:10;-;-;False;-;-;1930;1930
6282;ETCS fallend;0/00:32:10;0/00:32:10;00:32;00:32;00:32;00:32;-;100,00;97,09;100,00;-;100,00;-;K;-;ETCS-Stützstelle;;DB2;DB 2;0/00:03:46;-;140,00;1,0000;1,030;-;-;54,0;118,0;ETCS L1;False;False;0;-; 0,0; 0,0; 0,0;DB2: Strecke 3 - Gleis 1 - Strecke 2;0,000000;31642,0;  0,0;6227,3;  0,0;1,030;1,00;1,00;"80 0622-19.0;";0;ETCS fallend;;;False;ETCS fallend;False;00:32:10;00:32:10;-;-;False;-;-;1930;1930
6307;ETCS fallend;0/00:32:11;0/00:32:11;00:32;00:32;00:32;00:32;-;100,00;97,09;100,00;-;100,00;-;K;-;ETCS-Stützstelle;;DB2;DB 2;0/00:03:47;-;140,00;1,0000;1,030;-;-;54,0;118,0;ETCS L1;False;False;0;-; 0,0; 0,0; 0,0;DB2: Strecke 3 - Gleis 1 - Strecke 2;0,000000;31642,0;  0,0;6227,3;  0,0;1,030;1,00;1,00;"80 0622-19.0;";0;ETCS fallend;;;False;ETCS fallend;False;00:32:11;00:32:11;-;-;False;-;-;1931;1931
6332;ETCS fallend;0/00:32:12;0/00:32:12;00:32;00:32;00:32;00:32;-;100,00;97,09;100,00;-;100,00;-;K;-;ETCS-Stützstelle;;DB2;DB 2;0/00:03:47;-;140,00;1,0000;1,030;-;-;54,0;118,0;ETCS L1;False;False;0;-; 0,0; 0,0; 0,0;DB2: Strecke 3 - Gleis 1 - Strecke 2;0,000000;31642,0;  0,0;6227,3;  0,0;1,030;1,00;1,00;"80 0622-19.0;";0;ETCS fallend;;;False;ETCS fallend;False;00:32:12;00:32:12;-;-;False;-;-;1932;1932
6357;ETCS fallend;0/00:32:13;0/00:32:13;00:32;00:32;00:32;00:32;-;100,00;97,09;100,00;-;100,00;-;K;-;ETCS-Stützstelle;;DB2;DB 2;0/00:03:48;-;140,00;1,0000;1,030;-;-;54,0;118,0;ETCS L1;False;False;0;-; 0,0; 0,0; 0,0;DB2: Strecke 3 - Gleis 1 - Strecke 2;0,000000;31642,0;  0,0;6227,3;  0,0;1,030;1,00;1,00;"80 0622-19.0;";0;ETCS fallend;;;False;ETCS fallend;False;00:32:13;00:32:13;-;-;False;-;-;1933;1933
6382;ETCS fallend;0/00:32:14;0/00:32:14;00:32;00:32;00:32;00:32;-;100,00;97,09;100,00;-;100,00;-;K;-;ETCS-Stützstelle;;DB2;DB 2;0/00:03:49;-;140,00;1,0000;1,030;-;-;54,0;118,0;ETCS L1;False;False;0;-; 0,0; 0,0; 0,0;DB2: Strecke 3 - Gleis 1 - Strecke 2;0,000000;31642,0;  0,0;6227,3;  0,0;1,030;1,00;1,00;"80 0622-19.0;";0;ETCS fallend;;;False;ETCS fallend;False;00:32:14;00:32:14;-;-;False;-;-;1934;1934
6407;ETCS fallend;0/00:32:15;0/00:32:15;00:32;00:32;00:32;00:32;-;100,00;97,09;100,00;-;100,00;-;K;-;ETCS-Stützstelle;;DB2;DB 2;0/00:03:50;-;140,00;1,0000;1,030;-;-;54,0;118,0;ETCS L1;False;False;0;-; 0,0; 0,0; 0,0;DB2: Strecke 3 - Gleis 1 - Strecke 2;0,000000;31642,0;  0,0;6227,3;  0,0;1,030;1,00;1,00;"80 0622-19.0;";0;ETCS fallend;;;False;ETCS fallend;False;00:32:15;00:32:15;-;-;False;-;-;1935;1935
6432;ETCS fallend;0/00:32:16;0/00:32:16;00:32;00:32;00:32;00:32;-;100,00;97,09;100,00;-;100,00;-;K;-;ETCS-Stützstelle;;DB2;DB 2;0/00:03:51;-;140,00;1,0000;1,030;-;-;54,0;118,0;ETCS L1;False;False;0;-; 0,0; 0,0; 0,0;DB2: Strecke 3 - Gleis 1 - Strecke 2;0,000000;31642,0;  0,0;6227,3;  0,0;1,030;1,00;1,00;"80 0622-19.0;";0;ETCS fallend;;;False;ETCS fallend;False;00:32:16;00:32:16;-;-;False;-;-;1936;1936
6457;ETCS fallend;0/00:32:17;0/00:32:17;00:32;00:32;00:32;00:32;-;100,00;97,09;100,00;-;100,00;-;K;-;ETCS-Stützstelle;;DB2;DB 2;0/00:03:52;-;140,00;1,0000;1,030;-;-;54,0;118,0;ETCS L1;False;False;0;-; 0,0; 0,0; 0,0;DB2: Strecke 3 - Gleis 1 - Strecke 2;0,000000;31642,0;  0,0;6227,3;  0,0;1,030;1,00;1,00;"80 0622-19.0;";0;ETCS fallend;;;False;ETCS fallend;False;00:32:17;00:32:17;-;-;False;-;-;1937;1937
6482;ETCS fallend;0/00:32:18;0/00:32:18;00:32;00:32;00:32;00:32;-;100,00;97,09;100,00;-;100,00;-;K;-;ETCS-Stützstelle;;DB2;DB 2;0/00:03:53;-;140,00;1,0000;1,030;-;-;54,0;118,0;ETCS L1;False;False;0;-; 0,0; 0,0; 0,0;DB2: Strecke 3 - Gleis 1 - Strecke 2;0,000000;31642,0;  0,0;6227,3;  0,0;1,030;1,00;1,00;"80 0622-19.0;";0;ETCS fallend;;;False;ETCS fallend;False;00:32:18;00:32:18;-;-;False;-;-;1938;1938
6507;ETCS fallend;0/00:32:19;0/00:32:19;00:32;00:32;00:32;00:32;-;100,00;97,09;100,00;-;100,00;-;K;-;ETCS-Stützstelle;;DB2;DB 2;0/00:03:54;-;140,00;1,0000;1,030;-;-;54,0;118,0;ETCS L1;False;False;0;-; 0,0; 0,0; 0,0;DB2: Strecke 3 - Gleis 1 - Strecke 2;0,000000;31642,0;  0,0;6227,3;  0,0;1,030;1,00;1,00;"80 0622-19.0;";0;ETCS fallend;;;False;ETCS fallend;False;00:32:19;00:32:19;-;-;False;-;-;1939;1939
6532;ETCS fallend;0/00:32:20;0/00:32:20;00:32;00:32;00:32;00:32;-;100,00;97,09;100,00;-;100,00;-;K;-;ETCS-Stützstelle;;DB2;DB 2;0/00:03:55;-;140,00;1,0000;1,030;-;-;54,0;118,0;ETCS L1;False;False;0;-; 0,0; 0,0; 0,0;DB2: Strecke 3 - Gleis 1 - Strecke 2;0,000000;31642,0;  0,0;6227,3;  0,0;1,030;1,00;1,00;"80 0622-19.0;";0;ETCS fallend;;;False;ETCS fallend;False;00:32:20;00:32:20;-;-;False;-;-;1940;1940
6557;ETCS fallend;0/00:32:21;0/00:32:21;00:32;00:32;00:32;00:32;-;100,00;97,09;100,00;-;100,00;-;K;-;ETCS-Stützstelle;;DB2;DB 2;0/00:03:56;-;140,00;1,0000;1,030;-;-;54,0;118,0;ETCS L1;False;False;0;-; 0,0; 0,0; 0,0;DB2: Strecke 3 - Gleis 1 - Strecke 2;0,000000;31642,0;  0,0;6227,3;  0,0;1,030;1,00;1,00;"80 0622-19.0;";0;ETCS fallend;;;False;ETCS fallend;False;00:32:21;00:32:21;-;-;False;-;-;1941;1941
6582;ETCS fallend;0/00:32:22;0/00:32:22;00:32;00:32;00:32;00:32;-;100,00;97,09;100,00;-;100,00;-;K;-;ETCS-Stützstelle;;DB2;DB 2;0/00:03:56;-;140,00;1,0000;1,030;-;-;54,0;118,0;ETCS L1;False;False;0;-; 0,0; 0,0; 0,0;DB2: Strecke 3 - Gleis 1 - Strecke 2;0,000000;31642,0;  0,0;6227,3;  0,0;1,030;1,00;1,00;"80 0622-19.0;";0;ETCS fallend;;;False;ETCS fallend;False;00:32:22;00:32:22;-;-;False;-;-;1942;1942
6607;ETCS fallend;0/00:32:23;0/00:32:23;00:32;00:32;00:32;00:32;-;100,00;97,09;100,00;-;100,00;-;K;-;ETCS-Stützstelle;;DB2;DB 2;0/00:03:57;-;140,00;1,0000;1,030;-;-;54,0;118,0;ETCS L1;False;False;0;-; 0,0; 0,0; 0,0;DB2: Strecke 3 - Gleis 1 - Strecke 2;0,000000;31642,0;  0,0;6227,3;  0,0;1,030;1,00;1,00;"80 0622-19.0;";0;ETCS fallend;;;False;ETCS fallend;False;00:32:23;00:32:23;-;-;False;-;-;1943;1943
6632;ETCS fallend;0/00:32:23;0/00:32:23;00:32;00:32;00:32;00:32;-;100,00;97,09;100,00;-;100,00;-;K;-;ETCS-Stützstelle;;DB2;DB 2;0/00:03:58;-;140,00;1,0000;1,030;-;-;54,0;118,0;ETCS L1;False;False;0;-; 0,0; 0,0; 0,0;DB2: Strecke 3 - Gleis 1 - Strecke 2;0,000000;31642,0;  0,0;6227,3;  0,0;1,030;1,00;1,00;"80 0622-19.0;";0;ETCS fallend;;;False;ETCS fallend;False;00:32:23;00:32:23;-;-;False;-;-;1943;1943
6657;ETCS fallend;0/00:32:24;0/00:32:24;00:32;00:32;00:32;00:32;-;100,00;97,09;100,00;-;100,00;-;K;-;ETCS-Stützstelle;;DB2;DB 2;0/00:03:59;-;140,00;1,0000;1,030;-;-;54,0;118,0;ETCS L1;False;False;0;-; 0,0; 0,0; 0,0;DB2: Strecke 3 - Gleis 1 - Strecke 2;0,000000;31642,0;  0,0;6227,3;  0,0;1,030;1,00;1,00;"80 0622-19.0;";0;ETCS fallend;;;False;ETCS fallend;False;00:32:24;00:32:24;-;-;False;-;-;1944;1944
6682;ETCS fallend;0/00:32:25;0/00:32:25;00:32;00:32;00:32;00:32;-;100,00;97,09;100,00;-;100,00;-;K;-;ETCS-Stützstelle;;DB2;DB 2;0/00:04:00;-;140,00;1,0000;1,030;-;-;54,0;118,0;ETCS L1;False;False;0;-; 0,0; 0,0; 0,0;DB2: Strecke 3 - Gleis 1 - Strecke 2;0,000000;31642,0;  0,0;6227,3;  0,0;1,030;1,00;1,00;"80 0622-19.0;";0;ETCS fallend;;;False;ETCS fallend;False;00:32:25;00:32:25;-;-;False;-;-;1945;1945
6707;ETCS fallend;0/00:32:26;0/00:32:26;00:32;00:32;00:32;00:32;-;100,00;97,09;100,00;-;100,00;-;K;-;ETCS-Stützstelle;;DB2;DB 2;0/00:04:01;-;140,00;1,0000;1,030;-;-;54,0;118,0;ETCS L1;False;False;0;-; 0,0; 0,0; 0,0;DB2: Strecke 3 - Gleis 1 - Strecke 2;0,000000;31642,0;  0,0;6227,3;  0,0;1,030;1,00;1,00;"80 0622-19.0;";0;ETCS fallend;;;False;ETCS fallend;False;00:32:26;00:32:26;-;-;False;-;-;1946;1946
6708;ETCS fallend;0/00:32:26;0/00:32:26;00:32;00:32;00:32;00:32;-;100,00;97,09;100,00;-;100,00;-;K;-;DB2 23.292  Punktbeeinflussung, Fallend, ETCS L1 FS, kennung=1;;DB2;DB 2;0/00:04:01;-;140,00;1,0000;1,030;-;-;54,0;118,0;ETCS L1;False;False;0;-; 0,0; 0,0; 0,0;DB2: Strecke 3 - Gleis 1 - Strecke 2;0,000000;31642,0;  0,0;6227,3;  0,0;1,030;1,00;1,00;"80 0622-19.0;";0;ETCS fallend;3521;;True;ETCS fallend;False;00:32:26;00:32:26;-;-;False;-;Weiche 02W2 A - Betriebsstellengrenze 3521-0 (3521);1946;1946
6733;ETCS fallend;0/00:32:27;0/00:32:27;00:32;00:32;00:32;00:32;-;100,00;97,09;100,00;-;100,00;-;K;-;ETCS-Stützstelle;;DB2;DB 2;0/00:04:02;-;140,00;1,0000;1,030;-;-;54,0;118,0;ETCS L1;False;False;0;-; 0,0; 0,0; 0,0;DB2: Strecke 3 - Gleis 1 - Strecke 2;0,000000;31642,0;  0,0;6227,3;  0,0;1,030;1,00;1,00;"80 0622-19.0;";0;ETCS fallend;;;False;ETCS fallend;False;00:32:27;00:32:27;-;-;False;-;-;1947;1947
6758;ETCS fallend;0/00:32:28;0/00:32:28;00:32;00:32;00:32;00:32;-;100,00;97,09;100,00;-;100,00;-;K;-;ETCS-Stützstelle;;DB2;DB 2;0/00:04:03;-;140,00;1,0000;1,030;-;-;54,0;118,0;ETCS L1;False;False;0;-; 0,0; 0,0; 0,0;DB2: Strecke 3 - Gleis 1 - Strecke 2;0,000000;31642,0;  0,0;6227,3;  0,0;1,030;1,00;1,00;"80 0622-19.0;";0;ETCS fallend;;;False;ETCS fallend;False;00:32:28;00:32:28;-;-;False;-;-;1948;1948
6783;ETCS fallend;0/00:32:29;0/00:32:29;00:32;00:32;00:32;00:32;-;100,00;97,09;100,00;-;100,00;-;K;-;ETCS-Stützstelle;;DB2;DB 2;0/00:04:04;-;140,00;1,0000;1,030;-;-;54,0;118,0;ETCS L1;False;False;0;-; 0,0; 0,0; 0,0;DB2: Strecke 3 - Gleis 1 - Strecke 2;0,000000;31642,0;  0,0;6227,3;  0,0;1,030;1,00;1,00;"80 0622-19.0;";0;ETCS fallend;;;False;ETCS fallend;False;00:32:29;00:32:29;-;-;False;-;-;1949;1949
6808;ETCS fallend;0/00:32:30;0/00:32:30;00:33;00:33;00:33;00:33;-;100,00;97,09;100,00;-;100,00;-;K;-;ETCS-Stützstelle;;DB2;DB 2;0/00:04:05;-;140,00;1,0000;1,030;-;-;54,0;118,0;ETCS L1;False;False;0;-; 0,0; 0,0; 0,0;DB2: Strecke 3 - Gleis 1 - Strecke 2;0,000000;31642,0;  0,0;6227,3;  0,0;1,030;1,00;1,00;"80 0622-19.0;";0;ETCS fallend;;;False;ETCS fallend;False;00:32:30;00:32:30;-;-;False;-;-;1950;1950
6833;ETCS fallend;0/00:32:31;0/00:32:31;00:33;00:33;00:33;00:33;-;100,00;97,09;100,00;-;100,00;-;K;-;ETCS-Stützstelle;;DB2;DB 2;0/00:04:05;-;140,00;1,0000;1,030;-;-;54,0;118,0;ETCS L1;False;False;0;-; 0,0; 0,0; 0,0;DB2: Strecke 3 - Gleis 1 - Strecke 2;0,000000;31642,0;  0,0;6227,3;  0,0;1,030;1,00;1,00;"80 0622-19.0;";0;ETCS fallend;;;False;ETCS fallend;False;00:32:31;00:32:31;-;-;False;-;-;1951;1951
6858;ETCS fallend;0/00:32:32;0/00:32:32;00:33;00:33;00:33;00:33;-;100,00;97,09;100,00;-;100,00;-;K;-;ETCS-Stützstelle;;DB2;DB 2;0/00:04:06;-;140,00;1,0000;1,030;-;-;54,0;118,0;ETCS L1;False;False;0;-; 0,0; 0,0; 0,0;DB2: Strecke 3 - Gleis 1 - Strecke 2;0,000000;31642,0;  0,0;6227,3;  0,0;1,030;1,00;1,00;"80 0622-19.0;";0;ETCS fallend;;;False;ETCS fallend;False;00:32:32;00:32:32;-;-;False;-;-;1952;1952
6883;ETCS fallend;0/00:32:33;0/00:32:33;00:33;00:33;00:33;00:33;-;100,00;97,09;100,00;-;100,00;-;K;-;ETCS-Stützstelle;;DB2;DB 2;0/00:04:07;-;140,00;1,0000;1,030;-;-;54,0;118,0;ETCS L1;False;False;0;-; 0,0; 0,0; 0,0;DB2: Strecke 3 - Gleis 1 - Strecke 2;0,000000;31642,0;  0,0;6227,3;  0,0;1,030;1,00;1,00;"80 0622-19.0;";0;ETCS fallend;;;False;ETCS fallend;False;00:32:33;00:32:33;-;-;False;-;-;1953;1953
6908;ETCS fallend;0/00:32:34;0/00:32:34;00:33;00:33;00:33;00:33;-;100,00;97,09;100,00;-;100,00;-;K;-;ETCS-Stützstelle;;DB2;DB 2;0/00:04:08;-;140,00;1,0000;1,030;-;-;54,0;118,0;ETCS L1;False;False;0;-; 0,0; 0,0; 0,0;DB2: Strecke 3 - Gleis 1 - Strecke 2;0,000000;31642,0;  0,0;6227,3;  0,0;1,030;1,00;1,00;"80 0622-19.0;";0;ETCS fallend;;;False;ETCS fallend;False;00:32:34;00:32:34;-;-;False;-;-;1954;1954
6933;ETCS fallend;0/00:32:35;0/00:32:35;00:33;00:33;00:33;00:33;-;100,00;97,09;100,00;-;100,00;-;K;-;ETCS-Stützstelle;;DB2;DB 2;0/00:04:09;-;140,00;1,0000;1,030;-;-;54,0;118,0;ETCS L1;False;False;0;-; 0,0; 0,0; 0,0;DB2: Strecke 3 - Gleis 1 - Strecke 2;0,000000;31642,0;  0,0;6227,3;  0,0;1,030;1,00;1,00;"80 0622-19.0;";0;ETCS fallend;;;False;ETCS fallend;False;00:32:35;00:32:35;-;-;False;-;-;1955;1955
6958;ETCS fallend;0/00:32:36;0/00:32:36;00:33;00:33;00:33;00:33;-;100,00;97,09;100,00;-;100,00;-;K;-;ETCS-Stützstelle;;DB2;DB 2;0/00:04:10;-;140,00;1,0000;1,030;-;-;54,0;118,0;ETCS L1;False;False;0;-; 0,0; 0,0; 0,0;DB2: Strecke 3 - Gleis 1 - Strecke 2;0,000000;31642,0;  0,0;6227,3;  0,0;1,030;1,00;1,00;"80 0622-19.0;";0;ETCS fallend;;;False;ETCS fallend;False;00:32:36;00:32:36;-;-;False;-;-;1956;1956
6983;ETCS fallend;0/00:32:36;0/00:32:36;00:33;00:33;00:33;00:33;-;100,00;97,09;100,00;-;100,00;-;K;-;ETCS-Stützstelle;;DB2;DB 2;0/00:04:11;-;140,00;1,0000;1,030;-;-;54,0;118,0;ETCS L1;False;False;0;-; 0,0; 0,0; 0,0;DB2: Strecke 3 - Gleis 1 - Strecke 2;0,000000;31642,0;  0,0;6227,3;  0,0;1,030;1,00;1,00;"80 0622-19.0;";0;ETCS fallend;;;False;ETCS fallend;False;00:32:36;00:32:36;-;-;False;-;-;1956;1956
7008;ETCS fallend;0/00:32:37;0/00:32:37;00:33;00:33;00:33;00:33;-;100,00;97,09;100,00;-;100,00;-;K;-;ETCS-Stützstelle;;DB2;DB 2;0/00:04:12;-;140,00;1,0000;1,030;-;-;54,0;118,0;ETCS L1;False;False;0;-; 0,0; 0,0; 0,0;DB2: Strecke 3 - Gleis 1 - Strecke 2;0,000000;31642,0;  0,0;6227,3;  0,0;1,030;1,00;1,00;"80 0622-19.0;";0;ETCS fallend;;;False;ETCS fallend;False;00:32:37;00:32:37;-;-;False;-;-;1957;1957
7025;ETCS fallend;0/00:32:38;0/00:32:38;00:33;00:33;00:33;00:33;-;100,00;97,09;100,00;-;100,00;-;K;-;ETCS-Stützstelle;;DB2;DB 2;0/00:04:12;-;140,00;1,0000;1,030;-;-;54,0;118,0;ETCS L1;False;False;0;-; 0,0; 0,0; 0,0;DB2: Strecke 3 - Gleis 1 - Strecke 2;0,000000;31642,0;  0,0;6227,3;  0,0;1,030;1,00;1,00;"80 0622-19.0;";0;ETCS fallend;;;False;ETCS fallend;False;00:32:38;00:32:38;-;-;False;-;-;1958;1958
7025;ETCS fallend;0/00:32:38;0/00:32:38;00:33;00:33;00:33;00:33;-;100,00;97,09;100,00;-;100,00;-;K;-;DB2 22.975 02F Hauptsignal, Fallend, DFa=3s, rs=20km/h, appr.=0km/h; Ref(6057)=<DB2|23,943/+0|PU||1>  Anfang(0)=<S3|30,000/+0|GE|3521-0|2>  Ende(7095)=<DB2|22,905/+0|ZSS||1> ;DB2;DB 2;0/00:04:12;-;140,00;1,0000;1,030;-;-;54,0;118,0;ETCS L1;False;False;0;-; 0,0; 0,0; 0,0;DB2: Strecke 3 - Gleis 1 - Strecke 2;0,000000;31642,0;  0,0;6227,3;  0,0;1,030;1,00;1,00;"80 0622-19.0;";0;ETCS fallend;3521;;True;ETCS fallend;False;00:32:38;00:32:38;-;-;False;-;Weiche 02W2 A - Betriebsstellengrenze 3521-0 (3521);1958;1958
7026;ETCS fallend;0/00:32:38;0/00:32:38;00:33;00:33;00:33;00:33;-;100,00;97,09;100,00;-;100,00;-;K;-;DB2 22.974  Punktbeeinflussung, Fallend, ETCS L1 FS, kennung=1;;DB2;DB 2;0/00:04:12;-;140,00;1,0000;1,030;-;-;54,0;118,0;ETCS L1;False;False;0;-; 0,0; 0,0; 0,0;DB2: Strecke 3 - Gleis 1 - Strecke 2;0,000000;31642,0;  0,0;6227,3;  0,0;1,030;1,00;1,00;"80 0622-19.0;";0;ETCS fallend;3521;;True;ETCS fallend;False;00:32:38;00:32:38;-;-;False;-;Weiche 02W2 A - Betriebsstellengrenze 3521-0 (3521);1958;1958
7051;ETCS fallend;0/00:32:39;0/00:32:39;00:33;00:33;00:33;00:33;-;100,00;97,09;100,00;-;100,00;-;K;-;ETCS-Stützstelle;;DB2;DB 2;0/00:04:13;-;140,00;1,0000;1,030;-;-;54,0;118,0;ETCS L1;False;False;0;-; 0,0; 0,0; 0,0;DB2: Strecke 3 - Gleis 1 - Strecke 2;0,000000;31642,0;  0,0;6227,3;  0,0;1,030;1,00;1,00;"80 0622-19.0;";0;ETCS fallend;;;False;ETCS fallend;False;00:32:39;00:32:39;-;-;False;-;-;1959;1959
7076;ETCS fallend;0/00:32:40;0/00:32:40;00:33;00:33;00:33;00:33;-;100,00;97,09;100,00;-;100,00;-;K;-;ETCS-Stützstelle;;DB2;DB 2;0/00:04:14;-;140,00;1,0000;1,030;-;-;54,0;118,0;ETCS L1;False;False;0;-; 0,0; 0,0; 0,0;DB2: Strecke 3 - Gleis 1 - Strecke 2;0,000000;31642,0;  0,0;6227,3;  0,0;1,030;1,00;1,00;"80 0622-19.0;";0;ETCS fallend;;;False;ETCS fallend;False;00:32:40;00:32:40;-;-;False;-;-;1960;1960
7095;ETCS fallend;0/00:32:41;0/00:32:41;00:33;00:33;00:33;00:33;-;100,00;97,09;100,00;-;100,00;-;K;-;DB2 22.905  Zugschlussstelle, Fallend, Signal, Fa=3.00s, SvL; Ref(7149)=<DB2|22,905/+0|ZSS||1>  Ende(7149)=<DB2|22,905/+0|ZSS||1> ;DB2;DB 2;0/00:04:15;-;140,00;1,0000;1,030;-;-;54,0;118,0;ETCS L1;False;False;0;-; 0,0; 0,0; 0,0;DB2: Strecke 3 - Gleis 1 - Strecke 2;0,000000;31642,0;  0,0;6227,3;  0,0;1,030;1,00;1,00;"80 0622-19.0;";0;ETCS fallend;3521;;False;ETCS fallend;False;00:32:41;00:32:41;-;-;False;-;Weiche 02W2 A - Betriebsstellengrenze 3521-0 (3521);1961;1961
7120;ETCS fallend;0/00:32:42;0/00:32:42;00:33;00:33;00:33;00:33;-;100,00;97,09;100,00;-;100,00;-;K;-;ETCS-Stützstelle;;DB2;DB 2;0/00:04:16;-;140,00;1,0000;1,030;-;-;54,0;118,0;ETCS L1;False;False;0;-; 0,0; 0,0; 0,0;DB2: Strecke 3 - Gleis 1 - Strecke 2;0,000000;31642,0;  0,0;6227,3;  0,0;1,030;1,00;1,00;"80 0622-19.0;";0;ETCS fallend;;;False;ETCS fallend;False;00:32:42;00:32:42;-;-;False;-;-;1962;1962
7120;ETCS fallend;0/00:32:42;0/00:32:42;00:33;00:33;00:33;00:33;-;100,00;97,09;100,00;-;100,00;-;K;-;DB2 22.880 02W2 Weiche, lt=25m, Anfang <22.880 02W2 Weiche, Stamm/22.880 02W2 Weiche, Abzweig rechts>; Ref(7760)=<DB2|22,240/+0|HP|Gl 1 f|1>|1  Anfang(7760)=<DB2|22,240/+0|HP|Gl 1 f|1>|1  Ende(7165)=<DB2|22,835/+0|ZSS||1> ;DB2;DB 2;0/00:04:16;-;140,00;1,0000;1,030;-;-;54,0;118,0;ETCS L1;False;False;0;-; 0,0; 0,0; 0,0;DB2: Strecke 3 - Gleis 1 - Strecke 2;0,000000;31642,0;  0,0;6227,3;  0,0;1,030;1,00;1,00;"80 0622-19.0;";0;ETCS fallend;3521;;True;ETCS fallend;False;00:32:42;00:32:42;-;-;False;-;Weiche 02W2 A - Betriebsstellengrenze 3521-0 (3521);1962;1962
7120;ETCS fallend;0/00:32:42;0/00:32:42;00:33;00:33;00:33;00:33;-;100,00;97,09;100,00;-;100,00;-;K;-;;;DB2;DB 2;0/00:04:16;-;140,00;1,0000;1,030;-;-;54,0;118,0;ETCS L1;False;False;0;-; 0,0; 0,0; 0,0;DB2: Strecke 3 - Gleis 1 - Strecke 2;0,000000;31642,0;  0,0;6227,3;  0,0;1,030;1,00;1,00;"80 0622-19.0;";0;ETCS fallend;;;False;ETCS fallend;False;00:32:42;00:32:42;-;-;False;-;-;1962;1962
7120;ETCS fallend;0/00:32:42;0/00:32:42;00:33;00:33;00:33;00:33;-;100,00;97,09;100,00;-;100,00;-;K;-;DB2 22.880 02W2 Weiche, lt=25m, Stamm <22.880 02W2 Weiche, Anfang>; Ref(7760)=<DB2|22,240/+0|HP|Gl 1 f|1>|1  Anfang(7760)=<DB2|22,240/+0|HP|Gl 1 f|1>|1  Ende(7165)=<DB2|22,835/+0|ZSS||1> ;DB2;DB 2;0/00:04:16;-;140,00;1,0000;1,030;-;-;54,0;118,0;ETCS L1;False;False;0;-; 0,0; 0,0; 0,0;DB2: Strecke 3 - Gleis 1 - Strecke 2;0,000000;31642,0;  0,0;6227,3;  0,0;1,030;1,00;1,00;"80 0622-19.0;";0;ETCS fallend;3521;;True;ETCS fallend;False;00:32:42;00:32:42;-;-;False;-;Weiche 02W1 S - Weiche 02W2 S (3521);1962;1962
7145;ETCS fallend;0/00:32:42;0/00:32:42;00:33;00:33;00:33;00:33;-;100,00;97,09;100,00;-;100,00;-;K;-;ETCS-Stützstelle;;DB2;DB 2;0/00:04:17;-;140,00;1,0000;1,030;-;-;54,0;118,0;ETCS L1;False;False;0;-; 0,0; 0,0; 0,0;DB2: Strecke 3 - Gleis 1 - Strecke 2;0,000000;31642,0;  0,0;6227,3;  0,0;1,030;1,00;1,00;"80 0622-19.0;";0;ETCS fallend;;;False;ETCS fallend;False;00:32:42;00:32:42;-;-;False;-;-;1962;1962
7149;ETCS fallend;0/00:32:43;0/00:32:43;00:33;00:33;00:33;00:33;-;100,00;97,09;100,00;102,10;100,00;-;K;-;DB2 22.905  Zugschlussstelle, Fallend, Signal, Fa=3.00s, SvL; Ref(7095)=<DB2|22,905/+0|ZSS||1>  Ende(7149)=<DB2|22,905/+0|ZSS||1> ;DB2;DB 2;0/00:04:17;-;140,00;1,0000;1,030;-;-;54,0;118,0;ETCS L1;False;False;54;-; 0,0; 0,0; 0,0;DB2: Strecke 3 - Gleis 1 - Strecke 2;0,000000;31642,0;  0,0;6227,3;  0,0;1,030;1,00;1,00;"80 0622-19.0;";0;ETCS fallend;3521;;True;ETCS fallend;False;00:32:43;00:32:43;-;-;False;-;Weiche 02W2 A - Betriebsstellengrenze 3521-0 (3521);1963;1963
7165;ETCS fallend;0/00:32:43;0/00:32:43;00:33;00:33;00:33;00:33;-;100,00;97,09;100,00;107,80;100,00;-;K;-;DB2 22.835  Zugschlussstelle, Fallend, Fahrstraße, Fa=3.00s, SvL; Ref(7219)=<DB2|22,835/+0|ZSS||1>  Ende(7219)=<DB2|22,835/+0|ZSS||1> ;DB2;DB 2;0/00:04:17;-;140,00;1,0000;1,030;-;-;54,0;118,0;ETCS L1;False;False;0;-; 0,0; 0,0; 0,0;DB2: Strecke 3 - Gleis 1 - Strecke 2;0,000000;31642,0;  0,0;6227,3;  0,0;1,030;1,00;1,00;"80 0622-19.0;";0;ETCS fallend;3521;;False;ETCS fallend;False;00:32:43;00:32:43;-;-;False;-;Weiche 02W1 S - Weiche 02W2 S (3521);1963;1963
7165;ETCS fallend;0/00:32:43;0/00:32:43;00:33;00:33;00:33;00:33;-;100,00;97,09;100,00;107,80;100,00;-;K;-;;;DB2;DB 2;0/00:04:17;-;140,00;1,0000;1,030;-;-;54,0;118,0;ETCS L1;False;False;0;-; 0,0; 0,0; 0,0;DB2: Strecke 3 - Gleis 1 - Strecke 2;0,000000;31642,0;  0,0;6227,3;  0,0;1,030;1,00;1,00;"80 0622-19.0;";0;ETCS fallend;;;False;ETCS fallend;False;00:32:43;00:32:43;-;-;False;-;-;1963;1963
7190;ETCS fallend;0/00:32:44;0/00:32:44;00:33;00:33;00:33;00:33;-;99,84;96,93;100,00;105,20;100,00;-;B;-;ETCS-Stützstelle;;DB2;DB 2;0/00:04:18;-;140,00;1,0000;1,030;-;-;54,0;118,0;ETCS L1;False;False;0;-; 0,0; 0,0; 0,0;DB2: Strecke 3 - Gleis 1 - Strecke 2;-0,701000;31649,4;  0,0;6215,1;  0,0;1,030;1,00;1,00;"80 0622-19.0;";0;ETCS fallend;;;False;ETCS fallend;False;00:32:44;00:32:44;-;-;False;-;-;1964;1964
7215;ETCS fallend;0/00:32:45;0/00:32:45;00:33;00:33;00:33;00:33;-;97,54;94,70;100,00;102,40;100,00;-;B;-;ETCS-Stützstelle;;DB2;DB 2;0/00:04:19;-;140,00;1,0000;1,030;-;-;54,0;118,0;ETCS L1;False;False;0;-; 0,0; 0,0; 0,0;DB2: Strecke 3 - Gleis 1 - Strecke 2;-0,695000;31754,7;  0,0;6041,5;  0,0;1,030;1,00;1,00;"80 0622-19.0;";0;ETCS fallend;;;False;ETCS fallend;False;00:32:45;00:32:45;-;-;False;-;-;1965;1965
7219;ETCS fallend;0/00:32:45;0/00:32:45;00:33;00:33;00:33;00:33;-;97,17;94,34;100,00;101,90;100,00;-;B;-;DB2 22.835  Zugschlussstelle, Fallend, Fahrstraße, Fa=3.00s, SvL; Ref(7165)=<DB2|22,835/+0|ZSS||1>  Ende(7219)=<DB2|22,835/+0|ZSS||1> ;DB2;DB 2;0/00:04:19;-;140,00;1,0000;1,030;-;-;54,0;118,0;ETCS L1;False;False;54;-; 0,0; 0,0; 0,0;DB2: Strecke 3 - Gleis 1 - Strecke 2;-0,699000;31772,6;  0,0;6013,9;  0,0;1,030;1,00;1,00;"80 0622-19.0;";0;ETCS fallend;3521;;True;ETCS fallend;False;00:32:45;00:32:45;-;-;False;-;Weiche 02W1 S - Weiche 02W2 S (3521);1965;1965
7244;ETCS fallend;0/00:32:46;0/00:32:46;00:33;00:33;00:33;00:33;-;94,81;92,05;100,00;99,10;100,00;-;B;-;ETCS-Stützstelle;;DB2;DB 2;0/00:04:20;-;140,00;1,0000;1,030;-;-;54,0;118,0;ETCS L1;False;False;54;-; 0,0; 0,0; 0,0;DB2: Strecke 3 - Gleis 1 - Strecke 2;-0,699000;31854,6;  0,0;5839,9;  0,0;1,030;1,00;1,00;"80 0622-19.0;";0;ETCS fallend;;;False;ETCS fallend;False;00:32:46;00:32:46;-;-;False;-;-;1966;1966
7269;ETCS fallend;0/00:32:47;0/00:32:47;00:33;00:33;00:33;00:33;-;92,39;89,70;100,00;96,30;100,00;-;B;-;ETCS-Stützstelle;;DB2;DB 2;0/00:04:21;-;140,00;1,0000;1,030;-;-;54,0;118,0;ETCS L1;False;False;54;-; 0,0; 0,0; 0,0;DB2: Strecke 3 - Gleis 1 - Strecke 2;-0,700000;31902,2;  0,0;5665,3;  0,0;1,030;1,00;1,00;"80 0622-19.0;";0;ETCS fallend;;;False;ETCS fallend;False;00:32:47;00:32:47;-;-;False;-;-;1967;1967
7294;ETCS fallend;0/00:32:48;0/00:32:48;00:33;00:33;00:33;00:33;-;89,90;87,28;100,00;93,40;100,00;-;B;-;ETCS-Stützstelle;;DB2;DB 2;0/00:04:22;-;140,00;1,0000;1,030;-;-;54,0;118,0;ETCS L1;False;False;54;-; 0,0; 0,0; 0,0;DB2: Strecke 3 - Gleis 1 - Strecke 2;-0,700000;31923,1;  0,0;5489,7;  0,0;1,030;1,00;1,00;"80 0622-19.0;";0;ETCS fallend;;;False;ETCS fallend;False;00:32:48;00:32:48;-;-;False;-;-;1968;1968
7319;ETCS fallend;0/00:32:49;0/00:32:49;00:33;00:33;00:33;00:33;-;87,34;84,80;100,00;90,40;100,00;-;B;-;ETCS-Stützstelle;;DB2;DB 2;0/00:04:23;-;140,00;1,0000;1,030;-;-;54,0;118,0;ETCS L1;False;False;54;-; 0,0; 0,0; 0,0;DB2: Strecke 3 - Gleis 1 - Strecke 2;-0,701000;37942,5;  0,0;5313,4;  0,0;1,030;1,00;1,00;"80 0622-19.0;";0;ETCS fallend;;;False;ETCS fallend;False;00:32:49;00:32:49;-;-;False;-;-;1969;1969
7344;ETCS fallend;0/00:32:50;0/00:32:50;00:33;00:33;00:33;00:33;-;84,70;82,23;100,00;87,30;100,00;-;B;-;ETCS-Stützstelle;;DB2;DB 2;0/00:04:24;-;140,00;1,0000;1,030;-;-;54,0;118,0;ETCS L1;False;False;54;-; 0,0; 0,0; 0,0;DB2: Strecke 3 - Gleis 1 - Strecke 2;-0,700000;41102,4;  0,0;5136,1;  0,0;1,030;1,00;1,00;"80 0622-19.0;";0;ETCS fallend;;;False;ETCS fallend;False;00:32:50;00:32:50;-;-;False;-;-;1970;1970
7369;ETCS fallend;0/00:32:51;0/00:32:51;00:33;00:33;00:33;00:33;-;81,98;79,59;100,00;84,00;100,00;-;B;-;ETCS-Stützstelle;;DB2;DB 2;0/00:04:25;-;140,00;1,0000;1,030;-;-;54,0;118,0;ETCS L1;False;False;54;-; 0,0; 0,0; 0,0;DB2: Strecke 3 - Gleis 1 - Strecke 2;-0,699000;41707,5;  0,0;4958,3;  0,0;1,030;1,00;1,00;"80 0622-19.0;";0;ETCS fallend;;;False;ETCS fallend;False;00:32:51;00:32:51;-;-;False;-;-;1971;1971
7394;ETCS fallend;0/00:32:53;0/00:32:53;00:33;00:33;00:33;00:33;-;79,17;76,86;100,00;80,80;100,00;-;B;-;ETCS-Stützstelle;;DB2;DB 2;0/00:04:27;-;140,00;1,0000;1,030;-;-;54,0;118,0;ETCS L1;False;False;54;-; 0,0; 0,0; 0,0;DB2: Strecke 3 - Gleis 1 - Strecke 2;-0,700000;42286,4;  0,0;4779,7;  0,0;1,030;1,00;1,00;"80 0622-19.0;";0;ETCS fallend;;;False;ETCS fallend;False;00:32:53;00:32:53;-;-;False;-;-;1973;1973
7419;ETCS fallend;0/00:32:54;0/00:32:54;00:33;00:33;00:33;00:33;-;76,25;74,03;100,00;77,70;100,00;-;B;-;ETCS-Stützstelle;;DB2;DB 2;0/00:04:28;-;140,00;1,0000;1,030;-;-;54,0;118,0;ETCS L1;False;False;54;-; 0,0; 0,0; 0,0;DB2: Strecke 3 - Gleis 1 - Strecke 2;-0,701000;42870,0;  0,0;4599,6;  0,0;1,030;1,00;1,00;"80 0622-19.0;";0;ETCS fallend;;;False;ETCS fallend;False;00:32:54;00:32:54;-;-;False;-;-;1974;1974
7442;ETCS fallend;0/00:32:55;0/00:32:55;00:33;00:33;00:33;00:33;-;73,46;71,32;100,00;74,40;100,00;-;B;-;DB2 22.558  Punktbeeinflussung, Fallend, ETCS L1 FS, kennung=1;;DB2;DB 2;0/00:04:29;-;140,00;1,0000;1,030;-;-;54,0;118,0;ETCS L1;False;False;0;-; 0,0; 0,0; 0,0;DB2: Strecke 3 - Gleis 1 - Strecke 2;-0,699000;43100,5;  0,0;4432,8;  0,0;1,030;1,00;1,00;"80 0622-19.0;";0;ETCS fallend;3521;;True;ETCS fallend;False;00:32:55;00:32:55;-;-;False;-;Weiche 02W1 S - Weiche 02W2 S (3521);1975;1975
7467;ETCS fallend;0/00:32:56;0/00:32:56;00:33;00:33;00:33;00:33;-;70,31;68,26;100,00;71,00;100,00;-;B;-;ETCS-Stützstelle;;DB2;DB 2;0/00:04:30;-;140,00;1,0000;1,030;-;-;54,0;118,0;ETCS L1;False;False;0;-; 0,0; 0,0; 0,0;DB2: Strecke 3 - Gleis 1 - Strecke 2;-0,699000;43351,1;  0,0;4250,6;  0,0;1,030;1,00;1,00;"80 0622-19.0;";0;ETCS fallend;;;False;ETCS fallend;False;00:32:56;00:32:56;-;-;False;-;-;1976;1976
7492;ETCS fallend;0/00:32:58;0/00:32:58;00:33;00:33;00:33;00:33;-;67,01;65,06;100,00;67,40;100,00;-;B;-;ETCS-Stützstelle;;DB2;DB 2;0/00:04:31;-;140,00;1,0000;1,030;-;-;54,0;118,0;ETCS L1;False;False;0;-; 0,0; 0,0; 0,0;DB2: Strecke 3 - Gleis 1 - Strecke 2;-0,699000;43479,9;  0,0;4066,8;  0,0;1,030;1,00;1,00;"80 0622-19.0;";0;ETCS fallend;;;False;ETCS fallend;False;00:32:58;00:32:58;-;-;False;-;-;1978;1978
7500;ETCS fallend;0/00:32:58;0/00:32:58;00:33;00:33;00:33;00:33;-;65,92;64,00;100,00;66,30;100,00;-;B;-;DB2 22.500 Gleis 1 Fahrzeitmesspunkt, Beide Richtungen, BS-Mitte;;DB2;DB 2;0/00:04:32;-;140,00;1,0000;1,030;-;-;54,0;118,0;ETCS L1;False;False;0;-; 0,0; 0,0; 0,0;DB2: Strecke 3 - Gleis 1 - Strecke 2;-0,701000;43496,9;  0,0;4007,6;  0,0;1,030;1,00;1,00;"80 0622-19.0;";0;ETCS fallend;3521;;True;ETCS fallend;False;00:32:58;00:32:58;-;-;False;-;Weiche 02W1 S - Weiche 02W2 S (3521);1978;1978
7525;ETCS fallend;0/00:32:59;0/00:32:59;00:33;00:33;00:33;00:33;-;62,38;60,56;100,00;62,50;100,00;-;B;-;ETCS-Stützstelle;;DB2;DB 2;0/00:04:33;-;140,00;1,0000;1,030;-;-;54,0;118,0;ETCS L1;False;False;0;-; 0,0; 0,0; 0,0;DB2: Strecke 3 - Gleis 1 - Strecke 2;-0,700000;54053,0;  0,0;3821,0;  0,0;1,030;1,00;1,00;"80 0622-19.0;";0;ETCS fallend;;;False;ETCS fallend;False;00:32:59;00:32:59;-;-;False;-;-;1979;1979
7550;ETCS fallend;0/00:33:01;0/00:33:01;00:33;00:33;00:33;00:33;-;58,63;56,92;100,00;58,70;100,00;-;B;-;ETCS-Stützstelle;;DB2;DB 2;0/00:04:35;-;140,00;1,0000;1,030;-;-;54,0;118,0;ETCS L1;False;False;0;-; 0,0; 0,0; 0,0;DB2: Strecke 3 - Gleis 1 - Strecke 2;-0,699000;54053,0;  0,0;3632,2;  0,0;1,030;1,00;1,00;"80 0622-19.0;";0;ETCS fallend;;;False;ETCS fallend;False;00:33:01;00:33:01;-;-;False;-;-;1981;1981
7575;ETCS fallend;0/00:33:03;0/00:33:03;00:33;00:33;00:33;00:33;-;54,60;53,01;100,00;54,60;100,00;-;B;-;ETCS-Stützstelle;;DB2;DB 2;0/00:04:36;-;140,00;1,0000;1,030;-;-;54,0;118,0;ETCS L1;False;False;0;-; 0,0; 0,0; 0,0;DB2: Strecke 3 - Gleis 1 - Strecke 2;-0,675000;54053,0;  0,0;3439,7;  0,0;1,030;1,00;1,00;"80 0622-19.0;";0;ETCS fallend;;;False;ETCS fallend;False;00:33:03;00:33:03;-;-;False;-;-;1983;1983
7600;ETCS fallend;0/00:33:04;0/00:33:04;00:33;00:33;00:33;00:33;-;50,47;49,00;100,00;50,50;100,00;-;B;-;ETCS-Stützstelle;;DB2;DB 2;0/00:04:38;-;140,00;1,0000;1,030;-;-;54,0;118,0;ETCS L1;False;False;0;-; 0,0; 0,0; 0,0;DB2: Strecke 3 - Gleis 1 - Strecke 2;-0,668000;54053,0;  0,0;3253,5;  0,0;1,030;1,00;1,00;"80 0622-19.0;";0;ETCS fallend;;;False;ETCS fallend;False;00:33:04;00:33:04;-;-;False;-;-;1984;1984
7625;ETCS fallend;0/00:33:06;0/00:33:06;00:33;00:33;00:33;00:33;-;45,98;44,64;100,00;46,00;100,00;-;B;-;ETCS-Stützstelle;;DB2;DB 2;0/00:04:40;-;140,00;1,0000;1,030;-;-;54,0;118,0;ETCS L1;False;False;0;-; 0,0; 0,0; 0,0;DB2: Strecke 3 - Gleis 1 - Strecke 2;-0,629000;54053,0;  0,0;3063,8;  0,0;1,030;1,00;1,00;"80 0622-19.0;";0;ETCS fallend;;;False;ETCS fallend;False;00:33:06;00:33:06;-;-;False;-;-;1986;1986
7650;ETCS fallend;0/00:33:08;0/00:33:08;00:33;00:33;00:33;00:33;-;41,30;40,10;100,00;41,30;100,00;-;B;-;ETCS-Stützstelle;;DB2;DB 2;0/00:04:42;-;140,00;1,0000;1,030;-;-;54,0;118,0;ETCS L1;False;False;0;-; 0,0; 0,0; 0,0;DB2: Strecke 3 - Gleis 1 - Strecke 2;-0,600000;78564,4;  0,0;2880,3;  0,0;1,030;1,00;1,00;"80 0622-19.0;";0;ETCS fallend;;;False;ETCS fallend;False;00:33:08;00:33:08;-;-;False;-;-;1988;1988
7675;ETCS fallend;0/00:33:11;0/00:33:11;00:33;00:33;00:33;00:33;-;36,30;35,24;100,00;36,50;100,00;-;B;-;ETCS-Stützstelle;;DB2;DB 2;0/00:04:44;-;140,00;1,0000;1,030;-;-;54,0;118,0;ETCS L1;False;False;0;-; 0,0; 0,0; 0,0;DB2: Strecke 3 - Gleis 1 - Strecke 2;-0,700000;82216,0;  0,0;2700,1;  0,0;1,030;1,00;1,00;"80 0622-19.0;";0;ETCS fallend;;;False;ETCS fallend;False;00:33:11;00:33:11;-;-;False;-;-;1991;1991
7700;ETCS fallend;0/00:33:14;0/00:33:14;00:33;00:33;00:33;00:33;-;29,39;28,53;100,00;29,40;100,00;-;B;-;ETCS-Stützstelle;;DB2;DB 2;0/00:04:47;-;140,00;1,0000;1,030;-;-;54,0;118,0;ETCS L1;False;False;0;-; 0,0; 0,0; 0,0;DB2: Strecke 3 - Gleis 1 - Strecke 2;-0,635000;81524,9;  0,0;2478,3;  0,0;1,030;1,00;1,00;"80 0622-19.0;";0;ETCS fallend;;;False;ETCS fallend;False;00:33:14;00:33:14;-;-;False;-;-;1994;1994
7725;ETCS fallend;0/00:33:17;0/00:33:17;00:33;00:33;00:33;00:33;-;21,27;20,65;100,00;21,30;100,00;-;B;-;ETCS-Stützstelle;;DB2;DB 2;0/00:04:51;-;140,00;1,0000;1,030;-;-;54,0;118,0;ETCS L1;False;False;0;-; 0,0; 0,0; 0,0;DB2: Strecke 3 - Gleis 1 - Strecke 2;-0,418000;95007,5;  0,0;2257,8;  0,0;1,030;1,00;1,00;"80 0622-19.0;";0;ETCS fallend;;;False;ETCS fallend;False;00:33:17;00:33:17;-;-;False;-;-;1997;1997
7750;ETCS fallend;0/00:33:23;0/00:33:23;00:33;00:33;00:33;00:33;-;13,47;13,08;100,00;20,00;100,00;-;K;-;ETCS-Stützstelle;;DB2;DB 2;0/00:04:56;-;140,00;1,0000;1,030;-;-;54,0;118,0;ETCS L1;False;False;0;-; 0,0; 0,0; 0,0;DB2: Strecke 3 - Gleis 1 - Strecke 2;-0,700000;104667,9;  0,0;2086,9;  0,0;1,030;1,00;1,00;"80 0622-19.0;";0;ETCS fallend;;;False;ETCS fallend;False;00:33:23;00:33:23;-;-;False;-;-;2003;2003
7760;ETCS fallend;0/00:33:28;0/00:33:28;00:33;00:33;00:33;00:33;-; 0,00; 0,00;100,00;20,00;100,00;-;K;-;ETCS-Stützstelle;;DB2;DB 2;0/00:05:01;-;140,00;1,0000;1,030;-;-;54,0;118,0;ETCS L1;False;False;0;-; 0,0; 0,0; 0,0;DB2: Strecke 3 - Gleis 1 - Strecke 2;0,992000;124906,0;  0,0;1886,2;  0,0;1,030;1,00;1,00;"80 0622-19.0;";0;ETCS fallend;;;False;ETCS fallend;False;00:33:28;00:33:28;-;-;False;-;-;2008;2008
7760;ETCS fallend;0/00:35:58;0/00:33:28;00:36;00:33;00:35;00:34;00:02:30/00:01:00; 0,00; 0,00;100,00;20,00;100,00;-;HVerk;-;DB2 22.240 Gl 1 f Halteplatz, Fallend, Personenzug, l=520.0m, Links, sEoA=0m, sSVL=0m, rs=-1km/h; Ref(7765)=<DB2|22,235/+0|HS|02P1|1>  Anfang(7025)=<DB2|22,975/+0|HS|02F|1>  Ende(7835)=<DB2|22,165/+0|ZSS||1> ;DB2;DB 2;0/00:05:01;00:35:58;140,00;1,0000;1,030;-;-;54,0;118,0;ETCS L1;False;False;0;-; 0,0; 0,0; 0,0;DB2: Strecke 3 - Gleis 1 - Strecke 2;0,992000;124906,0;  0,0;1886,2;  0,0;1,030;1,00;1,00;"80 0622-19.0;";0;ETCS fallend;3521;Gl 1 f;True;ETCS fallend;False;00:33:28;00:35:58;2,50;1,00;False;-;Weiche 02W1 S - Weiche 02W2 S (3521);2158;2008
7760;ETCS fallend;0/00:35:58;0/00:35:58;00:36;00:36;00:36;00:36;-; 4,00; 3,88;100,00;20,00;100,00;-;V;-;;;DB2;DB 2;0/00:05:01;-;140,00;1,0000;1,030;-;-;54,0;118,0;ETCS L1;False;False;0;-; 0,0; 0,0; 0,0;DB2: Strecke 3 - Gleis 1 - Strecke 2;0,941000;118746,0;  0,0;1933,3;  0,0;1,030;1,00;1,00;"80 0622-19.0;";0;ETCS fallend;;;False;ETCS fallend;False;00:35:58;00:35:58;-;-;False;-;-;2158;2158
7760;ETCS fallend;0/00:35:58;0/00:35:58;00:36;00:36;00:36;00:36;-; 2,00; 1,94;100,00;20,00;100,00;-;V;-;;;DB2;DB 2;0/00:05:01;-;140,00;1,0000;1,030;-;-;54,0;118,0;ETCS L1;False;False;0;-; 0,0; 0,0; 0,0;DB2: Strecke 3 - Gleis 1 - Strecke 2;0,967000;121872,0;  0,0;1908,5;  0,0;1,030;1,00;1,00;"80 0622-19.0;";0;ETCS fallend;;;False;ETCS fallend;False;00:35:58;00:35:58;-;-;False;-;-;2158;2158
7761;ETCS fallend;0/00:35:59;0/00:35:59;00:36;00:36;00:36;00:36;-; 6,00; 5,83;100,00;20,00;100,00;-;V;-;;;DB2;DB 2;0/00:05:02;-;140,00;1,0000;1,030;-;-;54,0;118,0;ETCS L1;False;False;0;-; 0,0; 0,0; 0,0;DB2: Strecke 3 - Gleis 1 - Strecke 2;0,916000;115565,0;  0,0;1960,8;  0,0;1,030;1,00;1,00;"80 0622-19.0;";0;ETCS fallend;;;False;ETCS fallend;False;00:35:59;00:35:59;-;-;False;-;-;2159;2159
7762;ETCS fallend;0/00:36:00;0/00:36:00;00:36;00:36;00:36;00:36;-; 8,00; 7,77;100,00;20,00;100,00;-;V;-;;;DB2;DB 2;0/00:05:02;-;140,00;1,0000;1,030;-;-;54,0;118,0;ETCS L1;False;False;0;-; 0,0; 0,0; 0,0;DB2: Strecke 3 - Gleis 1 - Strecke 2;0,893000;112623,0;  0,0;1991,0;  0,0;1,030;1,00;1,00;"80 0622-19.0;";0;ETCS fallend;;;False;ETCS fallend;False;00:36:00;00:36:00;-;-;False;-;-;2160;2160
7764;ETCS fallend;0/00:36:00;0/00:36:00;00:36;00:36;00:36;00:36;-;10,00; 9,71;100,00;20,00;100,00;-;V;-;;;DB2;DB 2;0/00:05:03;-;140,00;1,0000;1,030;-;-;54,0;118,0;ETCS L1;False;False;0;-; 0,0; 0,0; 0,0;DB2: Strecke 3 - Gleis 1 - Strecke 2;0,869000;110005,0;  0,0;2023,8;  0,0;1,030;1,00;1,00;"80 0622-19.0;";0;ETCS fallend;;;False;ETCS fallend;False;00:36:00;00:36:00;-;-;False;-;-;2160;2160
7765;ETCS fallend;0/00:36:01;0/00:36:01;00:36;00:36;00:36;00:36;-;11,07;10,75;100,00;20,00;100,00;-;V;-;ETCS-Stützstelle;;DB2;DB 2;0/00:05:04;-;140,00;1,0000;1,030;-;-;54,0;118,0;ETCS L1;False;False;0;-; 0,0; 0,0; 0,0;DB2: Strecke 3 - Gleis 1 - Strecke 2;0,862000;108334,9;  0,0;2042,4;  0,0;1,030;1,00;1,00;"80 0622-19.0;";0;ETCS fallend;;;False;ETCS fallend;False;00:36:01;00:36:01;-;-;False;-;-;2161;2161
7765;ETCS fallend;0/00:36:01;0/00:36:01;00:36;00:36;00:36;00:36;-;11,07;10,75;100,00;20,00;100,00;-;V;-;DB2 22.235 02P1 Hauptsignal, Fallend, DFa=3s, rs=20km/h, appr.=0km/h; Ref(7760)=<DB2|22,240/+0|HP|Gl 1 f|1>|1  Anfang(7025)=<DB2|22,975/+0|HS|02F|1>  Ende(7835)=<DB2|22,165/+0|ZSS||1> ;DB2;DB 2;0/00:05:04;-;140,00;1,0000;1,030;-;-;54,0;118,0;ETCS L1;False;False;0;-; 0,0; 0,0; 0,0;DB2: Strecke 3 - Gleis 1 - Strecke 2;0,862000;108334,9;  0,0;2042,4;  0,0;1,030;1,00;1,00;"80 0622-19.0;";0;ETCS fallend;3521;;True;ETCS fallend;False;00:36:01;00:36:01;-;-;False;-;Weiche 02W1 S - Weiche 02W2 S (3521);2161;2161
7766;ETCS fallend;0/00:36:01;0/00:36:01;00:36;00:36;00:36;00:36;-;12,00;11,65;100,00;-;100,00;-;V;-;;;DB2;DB 2;0/00:05:04;-;140,00;1,0000;1,030;-;-;54,0;118,0;ETCS L1;False;False;0;-; 0,0; 0,0; 0,0;DB2: Strecke 3 - Gleis 1 - Strecke 2;0,844000;106887,0;  0,0;2059,2;  0,0;1,030;1,00;1,00;"80 0622-19.0;";0;ETCS fallend;;;False;ETCS fallend;False;00:36:01;00:36:01;-;-;False;-;-;2161;2161
7768;ETCS fallend;0/00:36:02;0/00:36:02;00:36;00:36;00:36;00:36;-;14,00;13,59;100,00;-;100,00;-;V;-;;;DB2;DB 2;0/00:05:04;-;140,00;1,0000;1,030;-;-;54,0;118,0;ETCS L1;False;False;0;-; 0,0; 0,0; 0,0;DB2: Strecke 3 - Gleis 1 - Strecke 2;0,822000;104004,0;  0,0;2097,2;  0,0;1,030;1,00;1,00;"80 0622-19.0;";0;ETCS fallend;;;False;ETCS fallend;False;00:36:02;00:36:02;-;-;False;-;-;2162;2162
7771;ETCS fallend;0/00:36:02;0/00:36:02;00:36;00:36;00:36;00:36;-;16,00;15,53;100,00;-;100,00;-;V;-;;;DB2;DB 2;0/00:05:05;-;140,00;1,0000;1,030;-;-;54,0;118,0;ETCS L1;False;False;0;-; 0,0; 0,0; 0,0;DB2: Strecke 3 - Gleis 1 - Strecke 2;0,801000;101492,0;  0,0;2137,9;  0,0;1,030;1,00;1,00;"80 0622-19.0;";0;ETCS fallend;;;False;ETCS fallend;False;00:36:02;00:36:02;-;-;False;-;-;2162;2162
7774;ETCS fallend;0/00:36:03;0/00:36:03;00:36;00:36;00:36;00:36;-;18,00;17,48;100,00;-;100,00;-;V;-;;;DB2;DB 2;0/00:05:06;-;140,00;1,0000;1,030;-;-;54,0;118,0;ETCS L1;False;False;0;-; 0,0; 0,0; 0,0;DB2: Strecke 3 - Gleis 1 - Strecke 2;0,779000;99000,0;  0,0;2181,3;  0,0;1,030;1,00;1,00;"80 0622-19.0;";0;ETCS fallend;;;False;ETCS fallend;False;00:36:03;00:36:03;-;-;False;-;-;2163;2163
7778;ETCS fallend;0/00:36:04;0/00:36:04;00:36;00:36;00:36;00:36;-;20,00;19,42;100,00;-;100,00;-;K;-;;;DB2;DB 2;0/00:05:07;-;140,00;1,0000;1,030;-;-;54,0;118,0;ETCS L1;False;False;0;-; 0,0; 0,0; 0,0;DB2: Strecke 3 - Gleis 1 - Strecke 2;0,000000;96257,0;  0,0;2227,2;  0,0;1,030;1,00;1,00;"80 0622-19.0;";0;ETCS fallend;;;False;ETCS fallend;False;00:36:04;00:36:04;-;-;False;-;-;2164;2164
7790;ETCS fallend;0/00:36:06;0/00:36:06;00:36;00:36;00:36;00:36;-;20,00;19,42;100,00;-;100,00;-;K;-;ETCS-Stützstelle;;DB2;DB 2;0/00:05:09;-;140,00;1,0000;1,030;-;-;54,0;118,0;ETCS L1;False;False;0;-; 0,0; 0,0; 0,0;DB2: Strecke 3 - Gleis 1 - Strecke 2;0,760000;96257,0;  0,0;2227,2;  0,0;1,030;1,00;1,00;"80 0622-19.0;";0;ETCS fallend;;;False;ETCS fallend;False;00:36:06;00:36:06;-;-;False;-;-;2166;2166
7794;ETCS fallend;0/00:36:07;0/00:36:07;00:36;00:36;00:36;00:36;-;22,00;21,36;100,00;-;100,00;-;V;-;;;DB2;DB 2;0/00:05:09;-;140,00;1,0000;1,030;-;-;54,0;118,0;ETCS L1;False;False;0;-; 0,0; 0,0; 0,0;DB2: Strecke 3 - Gleis 1 - Strecke 2;0,743000;94279,0;  0,0;2275,8;  0,0;1,030;1,00;1,00;"80 0622-19.0;";0;ETCS fallend;;;False;ETCS fallend;False;00:36:07;00:36:07;-;-;False;-;-;2167;2167
7799;ETCS fallend;0/00:36:08;0/00:36:08;00:36;00:36;00:36;00:36;-;24,00;23,30;100,00;-;100,00;-;V;-;;;DB2;DB 2;0/00:05:10;-;140,00;1,0000;1,030;-;-;54,0;118,0;ETCS L1;False;False;0;-; 0,0; 0,0; 0,0;DB2: Strecke 3 - Gleis 1 - Strecke 2;0,726000;92188,0;  0,0;2327,1;  0,0;1,030;1,00;1,00;"80 0622-19.0;";0;ETCS fallend;;;False;ETCS fallend;False;00:36:08;00:36:08;-;-;False;-;-;2168;2168
7804;ETCS fallend;0/00:36:08;0/00:36:08;00:36;00:36;00:36;00:36;-;26,00;25,24;100,00;-;100,00;-;V;-;;;DB2;DB 2;0/00:05:11;-;140,00;1,0000;1,030;-;-;54,0;118,0;ETCS L1;False;False;0;-; 0,0; 0,0; 0,0;DB2: Strecke 3 - Gleis 1 - Strecke 2;0,709000;90363,0;  0,0;2380,9;  0,0;1,030;1,00;1,00;"80 0622-19.0;";0;ETCS fallend;;;False;ETCS fallend;False;00:36:08;00:36:08;-;-;False;-;-;2168;2168
7810;ETCS fallend;0/00:36:09;0/00:36:09;00:36;00:36;00:36;00:36;-;28,00;27,18;100,00;-;100,00;-;V;-;;;DB2;DB 2;0/00:05:12;-;140,00;1,0000;1,030;-;-;54,0;118,0;ETCS L1;False;False;0;-; 0,0; 0,0; 0,0;DB2: Strecke 3 - Gleis 1 - Strecke 2;0,675000;88026,0;  0,0;2437,4;  0,0;1,030;1,00;1,00;"80 0622-19.0;";0;ETCS fallend;;;False;ETCS fallend;False;00:36:09;00:36:09;-;-;False;-;-;2169;2169
7815;ETCS fallend;0/00:36:10;0/00:36:10;00:36;00:36;00:36;00:36;-;29,52;28,66;100,00;-;100,00;-;V;-;ETCS-Stützstelle;;DB2;DB 2;0/00:05:12;-;140,00;1,0000;1,030;-;-;54,0;118,0;ETCS L1;False;False;0;-; 0,0; 0,0; 0,0;DB2: Strecke 3 - Gleis 1 - Strecke 2;0,648000;81490,9;  0,0;2482,2;  0,0;1,030;1,00;1,00;"80 0622-19.0;";0;ETCS fallend;;;False;ETCS fallend;False;00:36:10;00:36:10;-;-;False;-;-;2170;2170
7817;ETCS fallend;0/00:36:10;0/00:36:10;00:36;00:36;00:36;00:36;-;30,00;29,13;100,00;-;100,00;-;V;-;;;DB2;DB 2;0/00:05:13;-;140,00;1,0000;1,030;-;-;54,0;118,0;ETCS L1;False;False;0;-; 0,0; 0,0; 0,0;DB2: Strecke 3 - Gleis 1 - Strecke 2;0,650000;82216,0;  0,0;2496,6;  0,0;1,030;1,00;1,00;"80 0622-19.0;";0;ETCS fallend;;;False;ETCS fallend;False;00:36:10;00:36:10;-;-;False;-;-;2170;2170
7835;ETCS fallend;0/00:36:12;0/00:36:12;00:36;00:36;00:36;00:36;-;34,69;33,68;100,00;-;100,00;-;V;-;DB2 22.165  Zugschlussstelle, Fallend, Signal, Fa=3.00s, SvL; Ref(7889)=<DB2|22,165/+0|ZSS||1>  Ende(7889)=<DB2|22,165/+0|ZSS||1> ;DB2;DB 2;0/00:05:15;-;140,00;1,0000;1,030;-;-;54,0;118,0;ETCS L1;False;False;0;-; 0,0; 0,0; 0,0;DB2: Strecke 3 - Gleis 1 - Strecke 2;0,649000;82216,0;  0,0;2645,6;  0,0;1,030;1,00;1,00;"80 0622-19.0;";0;ETCS fallend;3521;;False;ETCS fallend;False;00:36:12;00:36:12;-;-;False;-;Weiche 02W1 S - Weiche 02W2 S (3521);2172;2172
7857;ETCS fallend;0/00:36:14;0/00:36:14;00:36;00:36;00:36;00:36;-;39,69;38,53;100,00;-;100,00;-;V;-;;;DB2;DB 2;0/00:05:17;-;140,00;1,0000;1,030;-;-;54,0;118,0;ETCS L1;False;False;0;-; 0,0; 0,0; 0,0;DB2: Strecke 3 - Gleis 1 - Strecke 2;0,648000;82216,0;  0,0;2820,5;  0,0;1,030;1,00;1,00;"80 0622-19.0;";0;ETCS fallend;;;False;ETCS fallend;False;00:36:14;00:36:14;-;-;False;-;-;2174;2174
7860;ETCS fallend;0/00:36:15;0/00:36:15;00:36;00:36;00:36;00:36;-;40,32;39,15;100,00;-;100,00;-;V;-;ETCS-Stützstelle;;DB2;DB 2;0/00:05:17;-;140,00;1,0000;1,030;-;-;54,0;118,0;ETCS L1;False;False;0;-; 0,0; 0,0; 0,0;DB2: Strecke 3 - Gleis 1 - Strecke 2;0,648000;82216,0;  0,0;2843,7;  0,0;1,030;1,00;1,00;"80 0622-19.0;";0;ETCS fallend;;;False;ETCS fallend;False;00:36:15;00:36:15;-;-;False;-;-;2175;2175
7863;ETCS fallend;0/00:36:15;0/00:36:15;00:36;00:36;00:36;00:36;-;41,00;39,81;100,00;-;100,00;-;V;-;;;DB2;DB 2;0/00:05:17;-;140,00;1,0000;1,030;-;-;54,0;118,0;ETCS L1;False;False;0;-; 0,0; 0,0; 0,0;DB2: Strecke 3 - Gleis 1 - Strecke 2;0,548000;82216,0;  0,0;2869,0;  0,0;1,030;1,00;1,00;"80 0622-19.0;";0;ETCS fallend;;;False;ETCS fallend;False;00:36:15;00:36:15;-;-;False;-;-;2175;2175
7875;ETCS fallend;0/00:36:16;0/00:36:16;00:36;00:36;00:36;00:36;-;43,00;41,75;100,00;-;100,00;-;V;-;;;DB2;DB 2;0/00:05:18;-;140,00;1,0000;1,030;-;-;54,0;118,0;ETCS L1;False;False;0;-; 0,0; 0,0; 0,0;DB2: Strecke 3 - Gleis 1 - Strecke 2;0,433000;57872,0;  0,0;2945,3;  0,0;1,030;1,00;1,00;"80 0622-19.0;";0;ETCS fallend;;;False;ETCS fallend;False;00:36:16;00:36:16;-;-;False;-;-;2176;2176
7880;ETCS fallend;0/00:36:16;0/00:36:16;00:36;00:36;00:36;00:36;-;43,65;42,38;100,00;-;100,00;-;V;-;ETCS-Stützstelle;;DB2;DB 2;0/00:05:19;-;140,00;1,0000;1,030;-;-;54,0;118,0;ETCS L1;False;False;0;-; 0,0; 0,0; 0,0;DB2: Strecke 3 - Gleis 1 - Strecke 2;0,423000;55390,1;  0,0;2970,6;  0,0;1,030;1,00;1,00;"80 0622-19.0;";0;ETCS fallend;;;False;ETCS fallend;False;00:36:16;00:36:16;-;-;False;-;-;2176;2176
7880;ETCS fallend;0/00:36:16;0/00:36:16;00:36;00:36;00:36;00:36;-;43,65;42,38;100,00;-;100,00;-;V;-;DB2 22.120 02W1 Weiche, lt=25m, Stamm <22.120 02W1 Weiche, Anfang>; Ref(22025)=<DB1|7,975/+0|HS|01F|1>  Anfang(22025)=<DB1|7,975/+0|HS|01F|1>  Ende(7905)=<DB2|22,095/+0|ZSS||1> ;DB2;DB 2;0/00:05:19;-;140,00;1,0000;1,030;-;-;54,0;118,0;ETCS L1;False;False;0;-; 0,0; 0,0; 0,0;DB2: Strecke 3 - Gleis 1 - Strecke 2;0,423000;55390,1;  0,0;2970,6;  0,0;1,030;1,00;1,00;"80 0622-19.0;";0;ETCS fallend;3521;;True;ETCS fallend;False;00:36:16;00:36:16;-;-;False;-;Weiche 02W1 S - Weiche 02W2 S (3521);2176;2176
7880;ETCS fallend;0/00:36:16;0/00:36:16;00:36;00:36;00:36;00:36;-;43,65;42,38;100,00;-;100,00;-;V;-;;;DB2;DB 2;0/00:05:19;-;140,00;1,0000;1,030;-;-;54,0;118,0;ETCS L1;False;False;0;-; 0,0; 0,0; 0,0;DB2: Strecke 3 - Gleis 1 - Strecke 2;0,423000;55390,1;  0,0;2970,6;  0,0;1,030;1,00;1,00;"80 0622-19.0;";0;ETCS fallend;;;False;ETCS fallend;False;00:36:16;00:36:16;-;-;False;-;-;2176;2176
7880;ETCS fallend;0/00:36:16;0/00:36:16;00:36;00:36;00:36;00:36;-;43,65;42,38;100,00;-;100,00;-;V;-;DB2 22.120 02W1 Weiche, lt=25m, Anfang <22.120 02W1 Weiche, Stamm/22.120 02W1 Weiche, Abzweig links>; Ref(22025)=<DB1|7,975/+0|HS|01F|1>  Anfang(22025)=<DB1|7,975/+0|HS|01F|1>  Ende(7905)=<DB2|22,095/+0|ZSS||1> ;DB2;DB 2;0/00:05:19;-;140,00;1,0000;1,030;-;-;54,0;118,0;ETCS L1;False;False;0;-; 0,0; 0,0; 0,0;DB2: Strecke 3 - Gleis 1 - Strecke 2;0,423000;55390,1;  0,0;2970,6;  0,0;1,030;1,00;1,00;"80 0622-19.0;";0;ETCS fallend;3521;;True;ETCS fallend;False;00:36:16;00:36:16;-;-;False;-;Betriebsstellengrenze 3521-0 - Weiche 02W1 A (3521);2176;2176
7883;ETCS fallend;0/00:36:17;0/00:36:17;00:36;00:36;00:36;00:36;-;44,00;42,72;100,00;-;100,00;-;V;-;;;DB2;DB 2;0/00:05:19;-;140,00;1,0000;1,030;-;-;54,0;118,0;ETCS L1;False;False;0;-; 0,0; 0,0; 0,0;DB2: Strecke 3 - Gleis 1 - Strecke 2;0,416000;54053,0;  0,0;2984,4;  0,0;1,030;1,00;1,00;"80 0622-19.0;";0;ETCS fallend;;;False;ETCS fallend;False;00:36:17;00:36:17;-;-;False;-;-;2177;2177
7889;ETCS fallend;0/00:36:17;0/00:36:17;00:36;00:36;00:36;00:36;-;44,73;43,43;100,00;-;100,00;-;V;-;DB2 22.165  Zugschlussstelle, Fallend, Signal, Fa=3.00s, SvL; Ref(7835)=<DB2|22,165/+0|ZSS||1>  Ende(7889)=<DB2|22,165/+0|ZSS||1> ;DB2;DB 2;0/00:05:19;-;140,00;1,0000;1,030;-;-;54,0;118,0;ETCS L1;False;False;54;-; 0,0; 0,0; 0,0;DB2: Strecke 3 - Gleis 1 - Strecke 2;0,416000;54053,0;  0,0;3013,4;  0,0;1,030;1,00;1,00;"80 0622-19.0;";0;ETCS fallend;3521;;True;ETCS fallend;False;00:36:17;00:36:17;-;-;False;-;Weiche 02W1 S - Weiche 02W2 S (3521);2177;2177
7905;ETCS fallend;0/00:36:18;0/00:36:18;00:36;00:36;00:36;00:36;-;46,62;45,26;100,00;-;100,00;-;V;-;DB2 22.095  Zugschlussstelle, Fallend, Fahrstraße, Fa=3.00s, SvL; Ref(7959)=<DB2|22,095/+0|ZSS||1>  Ende(7959)=<DB2|22,095/+0|ZSS||1> ;DB2;DB 2;0/00:05:21;-;140,00;1,0000;1,030;-;-;54,0;118,0;ETCS L1;False;False;0;-; 0,0; 0,0; 0,0;DB2: Strecke 3 - Gleis 1 - Strecke 2;0,415000;54053,0;  0,0;3090,1;  0,0;1,030;1,00;1,00;"80 0622-19.0;";0;ETCS fallend;3521;;False;ETCS fallend;False;00:36:18;00:36:18;-;-;False;-;Betriebsstellengrenze 3521-0 - Weiche 02W1 A (3521);2178;2178
7905;ETCS fallend;0/00:36:18;0/00:36:18;00:36;00:36;00:36;00:36;-;46,62;45,26;100,00;-;100,00;-;V;-;DB2 22.095  Geschwindigkeit Zulässig, Fallend, v=100km/h, Wirkung ab hier, Alle;;DB2;DB 2;0/00:05:21;-;140,00;1,0000;1,030;-;-;54,0;118,0;ETCS L1;False;False;0;-; 0,0; 0,0; 0,0;DB2: Strecke 3 - Gleis 1 - Strecke 2;0,415000;54053,0;  0,0;3090,1;  0,0;1,030;1,00;1,00;"80 0622-19.0;";0;ETCS fallend;3521;;True;ETCS fallend;False;00:36:18;00:36:18;-;-;False;-;Betriebsstellengrenze 3521-0 - Weiche 02W1 A (3521);2178;2178
7930;ETCS fallend;0/00:36:20;0/00:36:20;00:36;00:36;00:36;00:36;-;49,42;47,98;100,00;-;100,00;-;V;-;ETCS-Stützstelle;;DB2;DB 2;0/00:05:23;-;140,00;1,0000;1,030;-;-;54,0;118,0;ETCS L1;False;False;0;-; 0,0; 0,0; 0,0;DB2: Strecke 3 - Gleis 1 - Strecke 2;0,414000;54053,0;  0,0;3207,9;  0,0;1,030;1,00;1,00;"80 0622-19.0;";0;ETCS fallend;;;False;ETCS fallend;False;00:36:20;00:36:20;-;-;False;-;-;2180;2180
7955;ETCS fallend;0/00:36:22;0/00:36:22;00:36;00:36;00:36;00:36;-;52,07;50,55;100,00;-;100,00;-;V;-;ETCS-Stützstelle;;DB2;DB 2;0/00:05:24;-;140,00;1,0000;1,030;-;-;54,0;118,0;ETCS L1;False;False;0;-; 0,0; 0,0; 0,0;DB2: Strecke 3 - Gleis 1 - Strecke 2;0,413000;54053,0;  0,0;3324,3;  0,0;1,030;1,00;1,00;"80 0622-19.0;";0;ETCS fallend;;;False;ETCS fallend;False;00:36:22;00:36:22;-;-;False;-;-;2182;2182
7959;ETCS fallend;0/00:36:22;0/00:36:22;00:36;00:36;00:36;00:36;-;52,48;50,95;100,00;-;100,00;-;V;-;DB2 22.095  Zugschlussstelle, Fallend, Fahrstraße, Fa=3.00s, SvL; Ref(7905)=<DB2|22,095/+0|ZSS||1>  Ende(7959)=<DB2|22,095/+0|ZSS||1> ;DB2;DB 2;0/00:05:25;-;140,00;1,0000;1,030;-;-;54,0;118,0;ETCS L1;False;False;54;-; 0,0; 0,0; 0,0;DB2: Strecke 3 - Gleis 1 - Strecke 2;0,413000;54053,0;  0,0;3342,7;  0,0;1,030;1,00;1,00;"80 0622-19.0;";0;ETCS fallend;3521;;True;ETCS fallend;False;00:36:22;00:36:22;-;-;False;-;Betriebsstellengrenze 3521-0 - Weiche 02W1 A (3521);2182;2182
7984;ETCS fallend;0/00:36:24;0/00:36:24;00:36;00:36;00:36;00:36;-;54,97;53,37;100,00;-;100,00;-;V;-;ETCS-Stützstelle;;DB2;DB 2;0/00:05:26;-;140,00;1,0000;1,030;-;-;54,0;118,0;ETCS L1;False;False;54;-; 0,0; 0,0; 0,0;DB2: Strecke 3 - Gleis 1 - Strecke 2;0,412000;54053,0;  0,0;3456,9;  0,0;1,030;1,00;1,00;"80 0622-19.0;";0;ETCS fallend;;;False;ETCS fallend;False;00:36:24;00:36:24;-;-;False;-;-;2184;2184
8009;ETCS fallend;0/00:36:26;0/00:36:26;00:36;00:36;00:36;00:36;-;57,35;55,68;100,00;-;100,00;-;V;-;ETCS-Stützstelle;;DB2;DB 2;0/00:05:28;-;140,00;1,0000;1,030;-;-;54,0;118,0;ETCS L1;False;False;54;-; 0,0; 0,0; 0,0;DB2: Strecke 3 - Gleis 1 - Strecke 2;0,411000;54053,0;  0,0;3569,9;  0,0;1,030;1,00;1,00;"80 0622-19.0;";0;ETCS fallend;;;False;ETCS fallend;False;00:36:26;00:36:26;-;-;False;-;-;2186;2186
8034;ETCS fallend;0/00:36:27;0/00:36:27;00:36;00:36;00:36;00:36;-;59,63;57,89;100,00;-;100,00;-;V;-;ETCS-Stützstelle;;DB2;DB 2;0/00:05:29;-;140,00;1,0000;1,030;-;-;54,0;118,0;ETCS L1;False;False;54;-; 0,0; 0,0; 0,0;DB2: Strecke 3 - Gleis 1 - Strecke 2;0,411000;54053,0;  0,0;3681,6;  0,0;1,030;1,00;1,00;"80 0622-19.0;";0;ETCS fallend;;;False;ETCS fallend;False;00:36:27;00:36:27;-;-;False;-;-;2187;2187
8059;ETCS fallend;0/00:36:29;0/00:36:29;00:36;00:36;00:36;00:36;-;61,82;60,02;100,00;-;100,00;-;V;-;ETCS-Stützstelle;;DB2;DB 2;0/00:05:31;-;140,00;1,0000;1,030;-;-;54,0;118,0;ETCS L1;False;False;54;-; 0,0; 0,0; 0,0;DB2: Strecke 3 - Gleis 1 - Strecke 2;0,410000;54053,0;  0,0;3792,2;  0,0;1,030;1,00;1,00;"80 0622-19.0;";0;ETCS fallend;;;False;ETCS fallend;False;00:36:29;00:36:29;-;-;False;-;-;2189;2189
8073;ETCS fallend;0/00:36:30;0/00:36:30;00:37;00:37;00:37;00:37;-;63,00;61,17;100,00;-;100,00;-;V;-;;;DB2;DB 2;0/00:05:32;-;140,00;1,0000;1,030;-;-;54,0;118,0;ETCS L1;False;False;0;-; 0,0; 0,0; 0,0;DB2: Strecke 3 - Gleis 1 - Strecke 2;0,367000;54053,0;  0,0;3853,1;  0,0;1,030;1,00;1,00;"80 0622-19.0;";0;ETCS fallend;;;False;ETCS fallend;False;00:36:30;00:36:30;-;-;False;-;-;2190;2190
8084;ETCS fallend;0/00:36:30;0/00:36:30;00:37;00:37;00:37;00:37;-;63,82;61,96;100,00;-;100,00;-;V;-;ETCS-Stützstelle;;DB2;DB 2;0/00:05:32;-;140,00;1,0000;1,030;-;-;54,0;118,0;ETCS L1;False;False;54;-; 0,0; 0,0; 0,0;DB2: Strecke 3 - Gleis 1 - Strecke 2;0,349000;49737,3;  0,0;3895,9;  0,0;1,030;1,00;1,00;"80 0622-19.0;";0;ETCS fallend;;;False;ETCS fallend;False;00:36:30;00:36:30;-;-;False;-;-;2190;2190
8101;ETCS fallend;0/00:36:31;0/00:36:31;00:37;00:37;00:37;00:37;-;65,00;63,11;100,00;-;100,00;-;V;-;;;DB2;DB 2;0/00:05:33;-;140,00;1,0000;1,030;-;-;54,0;118,0;ETCS L1;False;False;0;-; 0,0; 0,0; 0,0;DB2: Strecke 3 - Gleis 1 - Strecke 2;0,323000;43527,0;  0,0;3958,3;  0,0;1,030;1,00;1,00;"80 0622-19.0;";0;ETCS fallend;;;False;ETCS fallend;False;00:36:31;00:36:31;-;-;False;-;-;2191;2191
8109;ETCS fallend;0/00:36:32;0/00:36:32;00:37;00:37;00:37;00:37;-;65,51;63,60;100,00;-;100,00;-;V;-;ETCS-Stützstelle;;DB2;DB 2;0/00:05:34;-;140,00;1,0000;1,030;-;-;54,0;118,0;ETCS L1;False;False;54;-; 0,0; 0,0; 0,0;DB2: Strecke 3 - Gleis 1 - Strecke 2;0,322000;43508,6;  0,0;3985,6;  0,0;1,030;1,00;1,00;"80 0622-19.0;";0;ETCS fallend;;;False;ETCS fallend;False;00:36:32;00:36:32;-;-;False;-;-;2192;2192
8133;ETCS fallend;0/00:36:33;0/00:36:33;00:37;00:37;00:37;00:37;-;67,00;65,05;100,00;-;100,00;-;V;-;;;DB2;DB 2;0/00:05:35;-;140,00;1,0000;1,030;-;-;54,0;118,0;ETCS L1;False;False;0;-; 0,0; 0,0; 0,0;DB2: Strecke 3 - Gleis 1 - Strecke 2;0,321000;43480,0;  0,0;4066,2;  0,0;1,030;1,00;1,00;"80 0622-19.0;";0;ETCS fallend;;;False;ETCS fallend;False;00:36:33;00:36:33;-;-;False;-;-;2193;2193
8134;ETCS fallend;0/00:36:33;0/00:36:33;00:37;00:37;00:37;00:37;-;67,06;65,11;100,00;-;100,00;-;V;-;ETCS-Stützstelle;;DB2;DB 2;0/00:05:35;-;140,00;1,0000;1,030;-;-;54,0;118,0;ETCS L1;False;False;54;-; 0,0; 0,0; 0,0;DB2: Strecke 3 - Gleis 1 - Strecke 2;0,321000;43479,4;  0,0;4069,5;  0,0;1,030;1,00;1,00;"80 0622-19.0;";0;ETCS fallend;;;False;ETCS fallend;False;00:36:33;00:36:33;-;-;False;-;-;2193;2193
8159;ETCS fallend;0/00:36:35;0/00:36:35;00:37;00:37;00:37;00:37;-;68,59;66,59;100,00;-;100,00;-;V;-;ETCS-Stützstelle;;DB2;DB 2;0/00:05:36;-;140,00;1,0000;1,030;-;-;54,0;118,0;ETCS L1;False;False;54;-; 0,0; 0,0; 0,0;DB2: Strecke 3 - Gleis 1 - Strecke 2;0,321000;43449,4;  0,0;4153,9;  0,0;1,030;1,00;1,00;"80 0622-19.0;";0;ETCS fallend;;;False;ETCS fallend;False;00:36:35;00:36:35;-;-;False;-;-;2195;2195
8166;ETCS fallend;0/00:36:35;0/00:36:35;00:37;00:37;00:37;00:37;-;69,00;66,99;100,00;-;100,00;-;V;-;;;DB2;DB 2;0/00:05:37;-;140,00;1,0000;1,030;-;-;54,0;118,0;ETCS L1;False;False;0;-; 0,0; 0,0; 0,0;DB2: Strecke 3 - Gleis 1 - Strecke 2;0,320000;43437,0;  0,0;4176,8;  0,0;1,030;1,00;1,00;"80 0622-19.0;";0;ETCS fallend;;;False;ETCS fallend;False;00:36:35;00:36:35;-;-;False;-;-;2195;2195
8184;ETCS fallend;0/00:36:36;0/00:36:36;00:37;00:37;00:37;00:37;-;70,07;68,03;100,00;-;100,00;-;V;-;ETCS-Stützstelle;;DB2;DB 2;0/00:05:38;-;140,00;1,0000;1,030;-;-;54,0;118,0;ETCS L1;False;False;54;-; 0,0; 0,0; 0,0;DB2: Strecke 3 - Gleis 1 - Strecke 2;0,319000;43365,6;  0,0;4237,0;  0,0;1,030;1,00;1,00;"80 0622-19.0;";0;ETCS fallend;;;False;ETCS fallend;False;00:36:36;00:36:36;-;-;False;-;-;2196;2196
8200;ETCS fallend;0/00:36:37;0/00:36:37;00:37;00:37;00:37;00:37;-;71,00;68,93;100,00;-;100,00;-;V;-;;;DB2;DB 2;0/00:05:39;-;140,00;1,0000;1,030;-;-;54,0;118,0;ETCS L1;False;False;0;-; 0,0; 0,0; 0,0;DB2: Strecke 3 - Gleis 1 - Strecke 2;0,318000;43312,0;  0,0;4290,0;  0,0;1,030;1,00;1,00;"80 0622-19.0;";0;ETCS fallend;;;False;ETCS fallend;False;00:36:37;00:36:37;-;-;False;-;-;2197;2197
8209;ETCS fallend;0/00:36:37;0/00:36:37;00:37;00:37;00:37;00:37;-;71,52;69,44;100,00;-;100,00;-;V;-;ETCS-Stützstelle;;DB2;DB 2;0/00:05:39;-;140,00;1,0000;1,030;-;-;54,0;118,0;ETCS L1;False;False;54;-; 0,0; 0,0; 0,0;DB2: Strecke 3 - Gleis 1 - Strecke 2;0,317000;43267,8;  0,0;4319,8;  0,0;1,030;1,00;1,00;"80 0622-19.0;";0;ETCS fallend;;;False;ETCS fallend;False;00:36:37;00:36:37;-;-;False;-;-;2197;2197
8234;ETCS fallend;0/00:36:39;0/00:36:39;00:37;00:37;00:37;00:37;-;72,94;70,82;100,00;-;100,00;-;V;-;ETCS-Stützstelle;;DB2;DB 2;0/00:05:40;-;140,00;1,0000;1,030;-;-;54,0;118,0;ETCS L1;False;False;54;-; 0,0; 0,0; 0,0;DB2: Strecke 3 - Gleis 1 - Strecke 2;0,316000;43147,1;  0,0;4402,3;  0,0;1,030;1,00;1,00;"80 0622-19.0;";0;ETCS fallend;;;False;ETCS fallend;False;00:36:39;00:36:39;-;-;False;-;-;2199;2199
8235;ETCS fallend;0/00:36:39;0/00:36:39;00:37;00:37;00:37;00:37;-;73,00;70,87;100,00;-;100,00;-;V;-;;;DB2;DB 2;0/00:05:40;-;140,00;1,0000;1,030;-;-;54,0;118,0;ETCS L1;False;False;0;-; 0,0; 0,0; 0,0;DB2: Strecke 3 - Gleis 1 - Strecke 2;0,315000;43142,0;  0,0;4405,8;  0,0;1,030;1,00;1,00;"80 0622-19.0;";0;ETCS fallend;;;False;ETCS fallend;False;00:36:39;00:36:39;-;-;False;-;-;2199;2199
8259;ETCS fallend;0/00:36:40;0/00:36:40;00:37;00:37;00:37;00:37;-;74,33;72,17;100,00;-;100,00;-;V;-;ETCS-Stützstelle;;DB2;DB 2;0/00:05:41;-;140,00;1,0000;1,030;-;-;54,0;118,0;ETCS L1;False;False;54;-; 0,0; 0,0; 0,0;DB2: Strecke 3 - Gleis 1 - Strecke 2;0,314000;43028,9;  0,0;4484,3;  0,0;1,030;1,00;1,00;"80 0622-19.0;";0;ETCS fallend;;;False;ETCS fallend;False;00:36:40;00:36:40;-;-;False;-;-;2200;2200
8271;ETCS fallend;0/00:36:40;0/00:36:40;00:37;00:37;00:37;00:37;-;75,00;72,82;100,00;-;100,00;-;V;-;;;DB2;DB 2;0/00:05:42;-;140,00;1,0000;1,030;-;-;54,0;118,0;ETCS L1;False;False;0;-; 0,0; 0,0; 0,0;DB2: Strecke 3 - Gleis 1 - Strecke 2;0,313000;42980,0;  0,0;4524,2;  0,0;1,030;1,00;1,00;"80 0622-19.0;";0;ETCS fallend;;;False;ETCS fallend;False;00:36:40;00:36:40;-;-;False;-;-;2200;2200
8284;ETCS fallend;0/00:36:41;0/00:36:41;00:37;00:37;00:37;00:37;-;75,70;73,50;100,00;-;100,00;-;V;-;ETCS-Stützstelle;;DB2;DB 2;0/00:05:43;-;140,00;1,0000;1,030;-;-;54,0;118,0;ETCS L1;False;False;54;-; 0,0; 0,0; 0,0;DB2: Strecke 3 - Gleis 1 - Strecke 2;0,312000;42933,8;  0,0;4566,3;  0,0;1,030;1,00;1,00;"80 0622-19.0;";0;ETCS fallend;;;False;ETCS fallend;False;00:36:41;00:36:41;-;-;False;-;-;2201;2201
8309;ETCS fallend;0/00:36:42;0/00:36:42;00:37;00:37;00:37;00:37;-;77,00;74,76;100,00;-;100,00;-;V;-;ETCS-Stützstelle;;DB2;DB 2;0/00:05:44;-;140,00;1,0000;1,030;-;-;54,0;118,0;ETCS L1;False;False;54;-; 0,0; 0,0; 0,0;DB2: Strecke 3 - Gleis 1 - Strecke 2;0,309000;42744,0;  0,0;4645,3;  0,0;1,030;1,00;1,00;"80 0622-19.0;";0;ETCS fallend;;;False;ETCS fallend;False;00:36:42;00:36:42;-;-;False;-;-;2202;2202
8334;ETCS fallend;0/00:36:43;0/00:36:43;00:37;00:37;00:37;00:37;-;78,29;76,01;100,00;-;100,00;-;V;-;ETCS-Stützstelle;;DB2;DB 2;0/00:05:45;-;140,00;1,0000;1,030;-;-;54,0;118,0;ETCS L1;False;False;54;-; 0,0; 0,0; 0,0;DB2: Strecke 3 - Gleis 1 - Strecke 2;0,308000;42483,0;  0,0;4724,8;  0,0;1,030;1,00;1,00;"80 0622-19.0;";0;ETCS fallend;;;False;ETCS fallend;False;00:36:43;00:36:43;-;-;False;-;-;2203;2203
8348;ETCS fallend;0/00:36:44;0/00:36:44;00:37;00:37;00:37;00:37;-;79,00;76,70;100,00;-;100,00;-;V;-;;;DB2;DB 2;0/00:05:46;-;140,00;1,0000;1,030;-;-;54,0;118,0;ETCS L1;False;False;0;-; 0,0; 0,0; 0,0;DB2: Strecke 3 - Gleis 1 - Strecke 2;0,304000;42323,0;  0,0;4769,1;  0,0;1,030;1,00;1,00;"80 0622-19.0;";0;ETCS fallend;;;False;ETCS fallend;False;00:36:44;00:36:44;-;-;False;-;-;2204;2204
8359;ETCS fallend;0/00:36:45;0/00:36:45;00:37;00:37;00:37;00:37;-;79,55;77,23;100,00;-;100,00;-;V;-;ETCS-Stützstelle;;DB2;DB 2;0/00:05:46;-;140,00;1,0000;1,030;-;-;54,0;118,0;ETCS L1;False;False;54;-; 0,0; 0,0; 0,0;DB2: Strecke 3 - Gleis 1 - Strecke 2;0,304000;42205,2;  0,0;4803,5;  0,0;1,030;1,00;1,00;"80 0622-19.0;";0;ETCS fallend;;;False;ETCS fallend;False;00:36:45;00:36:45;-;-;False;-;-;2205;2205
8384;ETCS fallend;0/00:36:46;0/00:36:46;00:37;00:37;00:37;00:37;-;80,78;78,43;100,00;-;100,00;-;V;-;ETCS-Stützstelle;;DB2;DB 2;0/00:05:47;-;140,00;1,0000;1,030;-;-;54,0;118,0;ETCS L1;False;False;54;-; 0,0; 0,0; 0,0;DB2: Strecke 3 - Gleis 1 - Strecke 2;0,302000;41947,3;  0,0;4881,4;  0,0;1,030;1,00;1,00;"80 0622-19.0;";0;ETCS fallend;;;False;ETCS fallend;False;00:36:46;00:36:46;-;-;False;-;-;2206;2206
8389;ETCS fallend;0/00:36:46;0/00:36:46;00:37;00:37;00:37;00:37;-;81,00;78,64;100,00;-;100,00;-;V;-;;;DB2;DB 2;0/00:05:48;-;140,00;1,0000;1,030;-;-;54,0;118,0;ETCS L1;False;False;0;-; 0,0; 0,0; 0,0;DB2: Strecke 3 - Gleis 1 - Strecke 2;0,300000;41902,0;  0,0;4895,4;  0,0;1,030;1,00;1,00;"80 0622-19.0;";0;ETCS fallend;;;False;ETCS fallend;False;00:36:46;00:36:46;-;-;False;-;-;2206;2206
8409;ETCS fallend;0/00:36:47;0/00:36:47;00:37;00:37;00:37;00:37;-;81,96;79,57;100,00;-;100,00;-;V;-;ETCS-Stützstelle;;DB2;DB 2;0/00:05:48;-;140,00;1,0000;1,030;-;-;54,0;118,0;ETCS L1;False;False;54;-; 0,0; 0,0; 0,0;DB2: Strecke 3 - Gleis 1 - Strecke 2;0,299000;41711,1;  0,0;4957,0;  0,0;1,030;1,00;1,00;"80 0622-19.0;";0;ETCS fallend;;;False;ETCS fallend;False;00:36:47;00:36:47;-;-;False;-;-;2207;2207
8431;ETCS fallend;0/00:36:48;0/00:36:48;00:37;00:37;00:37;00:37;-;83,00;80,58;100,00;-;100,00;-;V;-;;;DB2;DB 2;0/00:05:49;-;140,00;1,0000;1,030;-;-;54,0;118,0;ETCS L1;False;False;0;-; 0,0; 0,0; 0,0;DB2: Strecke 3 - Gleis 1 - Strecke 2;0,295000;41549,0;  0,0;5024,4;  0,0;1,030;1,00;1,00;"80 0622-19.0;";0;ETCS fallend;;;False;ETCS fallend;False;00:36:48;00:36:48;-;-;False;-;-;2208;2208
8434;ETCS fallend;0/00:36:48;0/00:36:48;00:37;00:37;00:37;00:37;-;83,14;80,72;100,00;-;100,00;-;V;-;ETCS-Stützstelle;;DB2;DB 2;0/00:05:49;-;140,00;1,0000;1,030;-;-;54,0;118,0;ETCS L1;False;False;54;-; 0,0; 0,0; 0,0;DB2: Strecke 3 - Gleis 1 - Strecke 2;0,295000;41595,4;  0,0;5033,5;  0,0;1,030;1,00;1,00;"80 0622-19.0;";0;ETCS fallend;;;False;ETCS fallend;False;00:36:48;00:36:48;-;-;False;-;-;2208;2208
8459;ETCS fallend;0/00:36:49;0/00:36:49;00:37;00:37;00:37;00:37;-;84,28;81,83;100,00;-;100,00;-;V;-;ETCS-Stützstelle;;DB2;DB 2;0/00:05:51;-;140,00;1,0000;1,030;-;-;54,0;118,0;ETCS L1;False;False;54;-; 0,0; 0,0; 0,0;DB2: Strecke 3 - Gleis 1 - Strecke 2;0,294000;41417,6;  0,0;5108,4;  0,0;1,030;1,00;1,00;"80 0622-19.0;";0;ETCS fallend;;;False;ETCS fallend;False;00:36:49;00:36:49;-;-;False;-;-;2209;2209
8475;ETCS fallend;0/00:36:50;0/00:36:50;00:37;00:37;00:37;00:37;-;85,00;82,52;100,00;-;100,00;-;V;-;;;DB2;DB 2;0/00:05:51;-;140,00;1,0000;1,030;-;-;54,0;118,0;ETCS L1;False;False;0;-; 0,0; 0,0; 0,0;DB2: Strecke 3 - Gleis 1 - Strecke 2;0,284000;40795,0;  0,0;5156,1;  0,0;1,030;1,00;1,00;"80 0622-19.0;";0;ETCS fallend;;;False;ETCS fallend;False;00:36:50;00:36:50;-;-;False;-;-;2210;2210
8484;ETCS fallend;0/00:36:50;0/00:36:50;00:37;00:37;00:37;00:37;-;85,39;82,90;100,00;-;100,00;-;V;-;ETCS-Stützstelle;;DB2;DB 2;0/00:05:52;-;140,00;1,0000;1,030;-;-;54,0;118,0;ETCS L1;False;False;54;-; 0,0; 0,0; 0,0;DB2: Strecke 3 - Gleis 1 - Strecke 2;0,282000;40475,6;  0,0;5182,0;  0,0;1,030;1,00;1,00;"80 0622-19.0;";0;ETCS fallend;;;False;ETCS fallend;False;00:36:50;00:36:50;-;-;False;-;-;2210;2210
8509;ETCS fallend;0/00:36:51;0/00:36:51;00:37;00:37;00:37;00:37;-;86,46;83,94;100,00;-;100,00;-;V;-;ETCS-Stützstelle;;DB2;DB 2;0/00:05:53;-;140,00;1,0000;1,030;-;-;54,0;118,0;ETCS L1;False;False;54;-; 0,0; 0,0; 0,0;DB2: Strecke 3 - Gleis 1 - Strecke 2;0,279000;39607,0;  0,0;5253,8;  0,0;1,030;1,00;1,00;"80 0622-19.0;";0;ETCS fallend;;;False;ETCS fallend;False;00:36:51;00:36:51;-;-;False;-;-;2211;2211
8522;ETCS fallend;0/00:36:52;0/00:36:52;00:37;00:37;00:37;00:37;-;87,00;84,47;100,00;-;100,00;-;V;-;;;DB2;DB 2;0/00:05:53;-;140,00;1,0000;1,030;-;-;54,0;118,0;ETCS L1;False;False;0;-; 0,0; 0,0; 0,0;DB2: Strecke 3 - Gleis 1 - Strecke 2;0,247000;39173,0;  0,0;5290,3;  0,0;1,030;1,00;1,00;"80 0622-19.0;";0;ETCS fallend;;;False;ETCS fallend;False;00:36:52;00:36:52;-;-;False;-;-;2212;2212
8534;ETCS fallend;0/00:36:52;0/00:36:52;00:37;00:37;00:37;00:37;-;87,44;84,89;100,00;-;100,00;-;V;-;ETCS-Stützstelle;;DB2;DB 2;0/00:05:54;-;140,00;1,0000;1,030;-;-;54,0;118,0;ETCS L1;False;False;54;-; 0,0; 0,0; 0,0;DB2: Strecke 3 - Gleis 1 - Strecke 2;0,240000;37580,6;  0,0;5320,2;  0,0;1,030;1,00;1,00;"80 0622-19.0;";0;ETCS fallend;;;False;ETCS fallend;False;00:36:52;00:36:52;-;-;False;-;-;2212;2212
8559;ETCS fallend;0/00:36:53;0/00:36:53;00:37;00:37;00:37;00:37;-;88,32;85,75;100,00;-;100,00;-;V;-;ETCS-Stützstelle;;DB2;DB 2;0/00:05:55;-;140,00;1,0000;1,030;-;-;54,0;118,0;ETCS L1;False;False;54;-; 0,0; 0,0; 0,0;DB2: Strecke 3 - Gleis 1 - Strecke 2;0,227000;34395,9;  0,0;5380,4;  0,0;1,030;1,00;1,00;"80 0622-19.0;";0;ETCS fallend;;;False;ETCS fallend;False;00:36:53;00:36:53;-;-;False;-;-;2213;2213
8580;ETCS fallend;0/00:36:54;0/00:36:54;00:37;00:37;00:37;00:37;-;89,00;86,41;100,00;-;100,00;-;V;-;;;DB2;DB 2;0/00:05:56;-;140,00;1,0000;1,030;-;-;54,0;118,0;ETCS L1;False;False;0;-; 0,0; 0,0; 0,0;DB2: Strecke 3 - Gleis 1 - Strecke 2;0,216000;31935,0;  0,0;5427,2;  0,0;1,030;1,00;1,00;"80 0622-19.0;";0;ETCS fallend;;;False;ETCS fallend;False;00:36:54;00:36:54;-;-;False;-;-;2214;2214
8584;ETCS fallend;0/00:36:54;0/00:36:54;00:37;00:37;00:37;00:37;-;89,13;86,53;100,00;-;100,00;-;V;-;ETCS-Stützstelle;;DB2;DB 2;0/00:05:56;-;140,00;1,0000;1,030;-;-;54,0;118,0;ETCS L1;False;False;54;-; 0,0; 0,0; 0,0;DB2: Strecke 3 - Gleis 1 - Strecke 2;0,216000;31933,1;  0,0;5436,2;  0,0;1,030;1,00;1,00;"80 0622-19.0;";0;ETCS fallend;;;False;ETCS fallend;False;00:36:54;00:36:54;-;-;False;-;-;2214;2214
8609;ETCS fallend;0/00:36:55;0/00:36:55;00:37;00:37;00:37;00:37;-;89,91;87,29;100,00;-;100,00;-;V;-;ETCS-Stützstelle;;DB2;DB 2;0/00:05:57;-;140,00;1,0000;1,030;-;-;54,0;118,0;ETCS L1;False;False;54;-; 0,0; 0,0; 0,0;DB2: Strecke 3 - Gleis 1 - Strecke 2;0,216000;31923,0;  0,0;5490,4;  0,0;1,030;1,00;1,00;"80 0622-19.0;";0;ETCS fallend;;;False;ETCS fallend;False;00:36:55;00:36:55;-;-;False;-;-;2215;2215
8634;ETCS fallend;0/00:36:57;0/00:36:57;00:37;00:37;00:37;00:37;-;90,68;88,04;100,00;-;100,00;-;V;-;ETCS-Stützstelle;;DB2;DB 2;0/00:05:58;-;140,00;1,0000;1,030;-;-;54,0;118,0;ETCS L1;False;False;54;-; 0,0; 0,0; 0,0;DB2: Strecke 3 - Gleis 1 - Strecke 2;0,215000;31915,4;  0,0;5544,3;  0,0;1,030;1,00;1,00;"80 0622-19.0;";0;ETCS fallend;;;False;ETCS fallend;False;00:36:57;00:36:57;-;-;False;-;-;2217;2217
8644;ETCS fallend;0/00:36:57;0/00:36:57;00:37;00:37;00:37;00:37;-;91,00;88,35;100,00;-;100,00;-;V;-;;;DB2;DB 2;0/00:05:58;-;140,00;1,0000;1,030;-;-;54,0;118,0;ETCS L1;False;False;0;-; 0,0; 0,0; 0,0;DB2: Strecke 3 - Gleis 1 - Strecke 2;0,215000;31913,0;  0,0;5566,8;  0,0;1,030;1,00;1,00;"80 0622-19.0;";0;ETCS fallend;;;False;ETCS fallend;False;00:36:57;00:36:57;-;-;False;-;-;2217;2217
8659;ETCS fallend;0/00:36:58;0/00:36:58;00:37;00:37;00:37;00:37;-;91,46;88,80;100,00;-;100,00;-;V;-;ETCS-Stützstelle;;DB2;DB 2;0/00:05:59;-;140,00;1,0000;1,030;-;-;54,0;118,0;ETCS L1;False;False;54;-; 0,0; 0,0; 0,0;DB2: Strecke 3 - Gleis 1 - Strecke 2;0,214000;31910,3;  0,0;5599,2;  0,0;1,030;1,00;1,00;"80 0622-19.0;";0;ETCS fallend;;;False;ETCS fallend;False;00:36:58;00:36:58;-;-;False;-;-;2218;2218
8684;ETCS fallend;0/00:36:59;0/00:36:59;00:37;00:37;00:37;00:37;-;92,22;89,53;100,00;-;100,00;-;V;-;ETCS-Stützstelle;;DB2;DB 2;0/00:06:00;-;140,00;1,0000;1,030;-;-;54,0;118,0;ETCS L1;False;False;54;-; 0,0; 0,0; 0,0;DB2: Strecke 3 - Gleis 1 - Strecke 2;0,214000;31903,9;  0,0;5653,2;  0,0;1,030;1,00;1,00;"80 0622-19.0;";0;ETCS fallend;;;False;ETCS fallend;False;00:36:59;00:36:59;-;-;False;-;-;2219;2219
8709;ETCS fallend;0/00:37:00;0/00:37:00;00:37;00:37;00:37;00:37;-;92,97;90,26;100,00;-;100,00;-;V;-;ETCS-Stützstelle;;DB2;DB 2;0/00:06:01;-;140,00;1,0000;1,030;-;-;54,0;118,0;ETCS L1;False;False;54;-; 0,0; 0,0; 0,0;DB2: Strecke 3 - Gleis 1 - Strecke 2;0,214000;31895,4;  0,0;5706,8;  0,0;1,030;1,00;1,00;"80 0622-19.0;";0;ETCS fallend;;;False;ETCS fallend;False;00:37:00;00:37:00;-;-;False;-;-;2220;2220
8710;ETCS fallend;0/00:37:00;0/00:37:00;00:37;00:37;00:37;00:37;-;93,00;90,29;100,00;-;100,00;-;V;-;;;DB2;DB 2;0/00:06:01;-;140,00;1,0000;1,030;-;-;54,0;118,0;ETCS L1;False;False;0;-; 0,0; 0,0; 0,0;DB2: Strecke 3 - Gleis 1 - Strecke 2;0,213000;31895,0;  0,0;5709,0;  0,0;1,030;1,00;1,00;"80 0622-19.0;";0;ETCS fallend;;;False;ETCS fallend;False;00:37:00;00:37:00;-;-;False;-;-;2220;2220
8734;ETCS fallend;0/00:37:01;0/00:37:01;00:37;00:37;00:37;00:37;-;93,71;90,98;100,00;-;100,00;-;V;-;ETCS-Stützstelle;;DB2;DB 2;0/00:06:02;-;140,00;1,0000;1,030;-;-;54,0;118,0;ETCS L1;False;False;54;-; 0,0; 0,0; 0,0;DB2: Strecke 3 - Gleis 1 - Strecke 2;0,213000;31888,1;  0,0;5760,1;  0,0;1,030;1,00;1,00;"80 0622-19.0;";0;ETCS fallend;;;False;ETCS fallend;False;00:37:01;00:37:01;-;-;False;-;-;2221;2221
8759;ETCS fallend;0/00:37:02;0/00:37:02;00:37;00:37;00:37;00:37;-;94,44;91,69;100,00;-;100,00;-;V;-;ETCS-Stützstelle;;DB2;DB 2;0/00:06:03;-;140,00;1,0000;1,030;-;-;54,0;118,0;ETCS L1;False;False;54;-; 0,0; 0,0; 0,0;DB2: Strecke 3 - Gleis 1 - Strecke 2;0,213000;31869,0;  0,0;5813,0;  0,0;1,030;1,00;1,00;"80 0622-19.0;";0;ETCS fallend;;;False;ETCS fallend;False;00:37:02;00:37:02;-;-;False;-;-;2222;2222
8778;ETCS fallend;0/00:37:02;0/00:37:02;00:37;00:37;00:37;00:37;-;95,00;92,23;100,00;-;100,00;-;V;-;;;DB2;DB 2;0/00:06:03;-;140,00;1,0000;1,030;-;-;54,0;118,0;ETCS L1;False;False;0;-; 0,0; 0,0; 0,0;DB2: Strecke 3 - Gleis 1 - Strecke 2;0,211000;31846,0;  0,0;5853,8;  0,0;1,030;1,00;1,00;"80 0622-19.0;";0;ETCS fallend;;;False;ETCS fallend;False;00:37:02;00:37:02;-;-;False;-;-;2222;2222
8784;ETCS fallend;0/00:37:03;0/00:37:03;00:37;00:37;00:37;00:37;-;95,17;92,40;100,00;-;100,00;-;V;-;ETCS-Stützstelle;;DB2;DB 2;0/00:06:04;-;140,00;1,0000;1,030;-;-;54,0;118,0;ETCS L1;False;False;54;-; 0,0; 0,0; 0,0;DB2: Strecke 3 - Gleis 1 - Strecke 2;0,211000;31840,3;  0,0;5866,2;  0,0;1,030;1,00;1,00;"80 0622-19.0;";0;ETCS fallend;;;False;ETCS fallend;False;00:37:03;00:37:03;-;-;False;-;-;2223;2223
8809;ETCS fallend;0/00:37:03;0/00:37:03;00:37;00:37;00:37;00:37;-;95,89;93,10;100,00;-;100,00;-;V;-;ETCS-Stützstelle;;DB2;DB 2;0/00:06:05;-;140,00;1,0000;1,030;-;-;54,0;118,0;ETCS L1;False;False;54;-; 0,0; 0,0; 0,0;DB2: Strecke 3 - Gleis 1 - Strecke 2;0,211000;31816,6;  0,0;5919,1;  0,0;1,030;1,00;1,00;"80 0622-19.0;";0;ETCS fallend;;;False;ETCS fallend;False;00:37:03;00:37:03;-;-;False;-;-;2223;2223
8834;ETCS fallend;0/00:37:04;0/00:37:04;00:37;00:37;00:37;00:37;-;96,60;93,79;100,00;-;100,00;-;V;-;ETCS-Stützstelle;;DB2;DB 2;0/00:06:05;-;140,00;1,0000;1,030;-;-;54,0;118,0;ETCS L1;False;False;54;-; 0,0; 0,0; 0,0;DB2: Strecke 3 - Gleis 1 - Strecke 2;0,211000;31793,7;  0,0;5971,5;  0,0;1,030;1,00;1,00;"80 0622-19.0;";0;ETCS fallend;;;False;ETCS fallend;False;00:37:04;00:37:04;-;-;False;-;-;2224;2224
8848;ETCS fallend;0/00:37:05;0/00:37:05;00:37;00:37;00:37;00:37;-;97,00;94,17;100,00;-;100,00;-;V;-;;;DB2;DB 2;0/00:06:06;-;140,00;1,0000;1,030;-;-;54,0;118,0;ETCS L1;False;False;0;-; 0,0; 0,0; 0,0;DB2: Strecke 3 - Gleis 1 - Strecke 2;0,210000;31781,0;  0,0;6001,2;  0,0;1,030;1,00;1,00;"80 0622-19.0;";0;ETCS fallend;;;False;ETCS fallend;False;00:37:05;00:37:05;-;-;False;-;-;2225;2225
8859;ETCS fallend;0/00:37:05;0/00:37:05;00:37;00:37;00:37;00:37;-;97,31;94,48;100,00;-;100,00;-;V;-;ETCS-Stützstelle;;DB2;DB 2;0/00:06:06;-;140,00;1,0000;1,030;-;-;54,0;118,0;ETCS L1;False;False;54;-; 0,0; 0,0; 0,0;DB2: Strecke 3 - Gleis 1 - Strecke 2;0,209000;31765,8;  0,0;6024,3;  0,0;1,030;1,00;1,00;"80 0622-19.0;";0;ETCS fallend;;;False;ETCS fallend;False;00:37:05;00:37:05;-;-;False;-;-;2225;2225
8884;ETCS fallend;0/00:37:06;0/00:37:06;00:37;00:37;00:37;00:37;-;98,00;95,15;100,00;-;100,00;-;V;-;ETCS-Stützstelle;;DB2;DB 2;0/00:06:07;-;140,00;1,0000;1,030;-;-;54,0;118,0;ETCS L1;False;False;54;-; 0,0; 0,0; 0,0;DB2: Strecke 3 - Gleis 1 - Strecke 2;0,209000;31733,0;  0,0;6075,9;  0,0;1,030;1,00;1,00;"80 0622-19.0;";0;ETCS fallend;;;False;ETCS fallend;False;00:37:06;00:37:06;-;-;False;-;-;2226;2226
8909;ETCS fallend;0/00:37:07;0/00:37:07;00:37;00:37;00:37;00:37;-;98,69;95,82;100,00;-;100,00;-;V;-;ETCS-Stützstelle;;DB2;DB 2;0/00:06:08;-;140,00;1,0000;1,030;-;-;54,0;118,0;ETCS L1;False;False;54;-; 0,0; 0,0; 0,0;DB2: Strecke 3 - Gleis 1 - Strecke 2;0,209000;31701,6;  0,0;6127,9;  0,0;1,030;1,00;1,00;"80 0622-19.0;";0;ETCS fallend;;;False;ETCS fallend;False;00:37:07;00:37:07;-;-;False;-;-;2227;2227
8920;ETCS fallend;0/00:37:08;0/00:37:08;00:37;00:37;00:37;00:37;-;99,00;96,12;100,00;-;100,00;-;V;-;;;DB2;DB 2;0/00:06:09;-;140,00;1,0000;1,030;-;-;54,0;118,0;ETCS L1;False;False;0;-; 0,0; 0,0; 0,0;DB2: Strecke 3 - Gleis 1 - Strecke 2;0,208000;31688,0;  0,0;6151,3;  0,0;1,030;1,00;1,00;"80 0622-19.0;";0;ETCS fallend;;;False;ETCS fallend;False;00:37:08;00:37:08;-;-;False;-;-;2228;2228
8934;ETCS fallend;0/00:37:08;0/00:37:08;00:37;00:37;00:37;00:37;-;99,38;96,49;100,00;-;100,00;-;V;-;ETCS-Stützstelle;;DB2;DB 2;0/00:06:09;-;140,00;1,0000;1,030;-;-;54,0;118,0;ETCS L1;False;False;54;-; 0,0; 0,0; 0,0;DB2: Strecke 3 - Gleis 1 - Strecke 2;0,208000;31670,5;  0,0;6180,1;  0,0;1,030;1,00;1,00;"80 0622-19.0;";0;ETCS fallend;;;False;ETCS fallend;False;00:37:08;00:37:08;-;-;False;-;-;2228;2228
8957;ETCS fallend;0/00:37:09;0/00:37:09;00:37;00:37;00:37;00:37;-;100,00;97,09;100,00;-;100,00;-;K;-;;;DB2;DB 2;0/00:06:10;-;140,00;1,0000;1,030;-;-;54,0;118,0;ETCS L1;False;False;0;-; 0,0; 0,0; 0,0;DB2: Strecke 3 - Gleis 1 - Strecke 2;0,000000;31642,0;  0,0;6227,3;  0,0;1,030;1,00;1,00;"80 0622-19.0;";0;ETCS fallend;;;False;ETCS fallend;False;00:37:09;00:37:09;-;-;False;-;-;2229;2229
8959;ETCS fallend;0/00:37:09;0/00:37:09;00:37;00:37;00:37;00:37;-;100,00;97,09;100,00;-;100,00;-;K;-;ETCS-Stützstelle;;DB2;DB 2;0/00:06:10;-;140,00;1,0000;1,030;-;-;54,0;118,0;ETCS L1;False;False;54;-; 0,0; 0,0; 0,0;DB2: Strecke 3 - Gleis 1 - Strecke 2;0,000000;31642,0;  0,0;6227,3;  0,0;1,030;1,00;1,00;"80 0622-19.0;";0;ETCS fallend;;;False;ETCS fallend;False;00:37:09;00:37:09;-;-;False;-;-;2229;2229
8984;ETCS fallend;0/00:37:10;0/00:37:10;00:37;00:37;00:37;00:37;-;100,00;97,09;100,00;-;100,00;-;K;-;ETCS-Stützstelle;;DB2;DB 2;0/00:06:11;-;140,00;1,0000;1,030;-;-;54,0;118,0;ETCS L1;False;False;54;-; 0,0; 0,0; 0,0;DB2: Strecke 3 - Gleis 1 - Strecke 2;0,000000;31642,0;  0,0;6227,3;  0,0;1,030;1,00;1,00;"80 0622-19.0;";0;ETCS fallend;;;False;ETCS fallend;False;00:37:10;00:37:10;-;-;False;-;-;2230;2230
9009;ETCS fallend;0/00:37:11;0/00:37:11;00:37;00:37;00:37;00:37;-;100,00;97,09;100,00;-;100,00;-;K;-;ETCS-Stützstelle;;DB2;DB 2;0/00:06:12;-;140,00;1,0000;1,030;-;-;54,0;118,0;ETCS L1;False;False;54;-; 0,0; 0,0; 0,0;DB2: Strecke 3 - Gleis 1 - Strecke 2;0,000000;31642,0;  0,0;6227,3;  0,0;1,030;1,00;1,00;"80 0622-19.0;";0;ETCS fallend;;;False;ETCS fallend;False;00:37:11;00:37:11;-;-;False;-;-;2231;2231
9034;ETCS fallend;0/00:37:12;0/00:37:12;00:37;00:37;00:37;00:37;-;100,00;97,09;100,00;-;100,00;-;K;-;ETCS-Stützstelle;;DB2;DB 2;0/00:06:13;-;140,00;1,0000;1,030;-;-;54,0;118,0;ETCS L1;False;False;54;-; 0,0; 0,0; 0,0;DB2: Strecke 3 - Gleis 1 - Strecke 2;0,000000;31642,0;  0,0;6227,3;  0,0;1,030;1,00;1,00;"80 0622-19.0;";0;ETCS fallend;;;False;ETCS fallend;False;00:37:12;00:37:12;-;-;False;-;-;2232;2232
9059;ETCS fallend;0/00:37:13;0/00:37:13;00:37;00:37;00:37;00:37;-;100,00;97,09;100,00;-;100,00;-;K;-;ETCS-Stützstelle;;DB2;DB 2;0/00:06:14;-;140,00;1,0000;1,030;-;-;54,0;118,0;ETCS L1;False;False;54;-; 0,0; 0,0; 0,0;DB2: Strecke 3 - Gleis 1 - Strecke 2;0,000000;31642,0;  0,0;6227,3;  0,0;1,030;1,00;1,00;"80 0622-19.0;";0;ETCS fallend;;;False;ETCS fallend;False;00:37:13;00:37:13;-;-;False;-;-;2233;2233
9084;ETCS fallend;0/00:37:14;0/00:37:14;00:37;00:37;00:37;00:37;-;100,00;97,09;100,00;-;100,00;-;K;-;ETCS-Stützstelle;;DB2;DB 2;0/00:06:15;-;140,00;1,0000;1,030;-;-;54,0;118,0;ETCS L1;False;False;54;-; 0,0; 0,0; 0,0;DB2: Strecke 3 - Gleis 1 - Strecke 2;0,000000;31642,0;  0,0;6227,3;  0,0;1,030;1,00;1,00;"80 0622-19.0;";0;ETCS fallend;;;False;ETCS fallend;False;00:37:14;00:37:14;-;-;False;-;-;2234;2234
9109;ETCS fallend;0/00:37:15;0/00:37:15;00:37;00:37;00:37;00:37;-;100,00;97,09;100,00;-;100,00;-;K;-;ETCS-Stützstelle;;DB2;DB 2;0/00:06:15;-;140,00;1,0000;1,030;-;-;54,0;118,0;ETCS L1;False;False;54;-; 0,0; 0,0; 0,0;DB2: Strecke 3 - Gleis 1 - Strecke 2;0,000000;31642,0;  0,0;6227,3;  0,0;1,030;1,00;1,00;"80 0622-19.0;";0;ETCS fallend;;;False;ETCS fallend;False;00:37:15;00:37:15;-;-;False;-;-;2235;2235
9134;ETCS fallend;0/00:37:16;0/00:37:16;00:37;00:37;00:37;00:37;-;100,00;97,09;100,00;-;100,00;-;K;-;ETCS-Stützstelle;;DB2;DB 2;0/00:06:16;-;140,00;1,0000;1,030;-;-;54,0;118,0;ETCS L1;False;False;54;-; 0,0; 0,0; 0,0;DB2: Strecke 3 - Gleis 1 - Strecke 2;0,000000;31642,0;  0,0;6227,3;  0,0;1,030;1,00;1,00;"80 0622-19.0;";0;ETCS fallend;;;False;ETCS fallend;False;00:37:16;00:37:16;-;-;False;-;-;2236;2236
9159;ETCS fallend;0/00:37:17;0/00:37:17;00:37;00:37;00:37;00:37;-;100,00;97,09;100,00;-;100,00;-;K;-;ETCS-Stützstelle;;DB2;DB 2;0/00:06:17;-;140,00;1,0000;1,030;-;-;54,0;118,0;ETCS L1;False;False;54;-; 0,0; 0,0; 0,0;DB2: Strecke 3 - Gleis 1 - Strecke 2;0,000000;31642,0;  0,0;6227,3;  0,0;1,030;1,00;1,00;"80 0622-19.0;";0;ETCS fallend;;;False;ETCS fallend;False;00:37:17;00:37:17;-;-;False;-;-;2237;2237
9184;ETCS fallend;0/00:37:18;0/00:37:18;00:37;00:37;00:37;00:37;-;100,00;97,09;100,00;-;100,00;-;K;-;ETCS-Stützstelle;;DB2;DB 2;0/00:06:18;-;140,00;1,0000;1,030;-;-;54,0;118,0;ETCS L1;False;False;54;-; 0,0; 0,0; 0,0;DB2: Strecke 3 - Gleis 1 - Strecke 2;0,000000;31642,0;  0,0;6227,3;  0,0;1,030;1,00;1,00;"80 0622-19.0;";0;ETCS fallend;;;False;ETCS fallend;False;00:37:18;00:37:18;-;-;False;-;-;2238;2238
9209;ETCS fallend;0/00:37:18;0/00:37:18;00:37;00:37;00:37;00:37;-;100,00;97,09;100,00;-;100,00;-;K;-;ETCS-Stützstelle;;DB2;DB 2;0/00:06:19;-;140,00;1,0000;1,030;-;-;54,0;118,0;ETCS L1;False;False;54;-; 0,0; 0,0; 0,0;DB2: Strecke 3 - Gleis 1 - Strecke 2;0,000000;31642,0;  0,0;6227,3;  0,0;1,030;1,00;1,00;"80 0622-19.0;";0;ETCS fallend;;;False;ETCS fallend;False;00:37:18;00:37:18;-;-;False;-;-;2238;2238
9234;ETCS fallend;0/00:37:19;0/00:37:19;00:37;00:37;00:37;00:37;-;100,00;97,09;100,00;-;100,00;-;K;-;ETCS-Stützstelle;;DB2;DB 2;0/00:06:20;-;140,00;1,0000;1,030;-;-;54,0;118,0;ETCS L1;False;False;54;-; 0,0; 0,0; 0,0;DB2: Strecke 3 - Gleis 1 - Strecke 2;0,000000;31642,0;  0,0;6227,3;  0,0;1,030;1,00;1,00;"80 0622-19.0;";0;ETCS fallend;;;False;ETCS fallend;False;00:37:19;00:37:19;-;-;False;-;-;2239;2239
9259;ETCS fallend;0/00:37:20;0/00:37:20;00:37;00:37;00:37;00:37;-;100,00;97,09;100,00;-;100,00;-;K;-;ETCS-Stützstelle;;DB2;DB 2;0/00:06:21;-;140,00;1,0000;1,030;-;-;54,0;118,0;ETCS L1;False;False;54;-; 0,0; 0,0; 0,0;DB2: Strecke 3 - Gleis 1 - Strecke 2;0,000000;31642,0;  0,0;6227,3;  0,0;1,030;1,00;1,00;"80 0622-19.0;";0;ETCS fallend;;;False;ETCS fallend;False;00:37:20;00:37:20;-;-;False;-;-;2240;2240
9284;ETCS fallend;0/00:37:21;0/00:37:21;00:37;00:37;00:37;00:37;-;100,00;97,09;100,00;-;100,00;-;K;-;ETCS-Stützstelle;;DB2;DB 2;0/00:06:22;-;140,00;1,0000;1,030;-;-;54,0;118,0;ETCS L1;False;False;54;-; 0,0; 0,0; 0,0;DB2: Strecke 3 - Gleis 1 - Strecke 2;0,000000;31642,0;  0,0;6227,3;  0,0;1,030;1,00;1,00;"80 0622-19.0;";0;ETCS fallend;;;False;ETCS fallend;False;00:37:21;00:37:21;-;-;False;-;-;2241;2241
9309;ETCS fallend;0/00:37:22;0/00:37:22;00:37;00:37;00:37;00:37;-;100,00;97,09;100,00;-;100,00;-;K;-;ETCS-Stützstelle;;DB2;DB 2;0/00:06:23;-;140,00;1,0000;1,030;-;-;54,0;118,0;ETCS L1;False;False;54;-; 0,0; 0,0; 0,0;DB2: Strecke 3 - Gleis 1 - Strecke 2;0,000000;31642,0;  0,0;6227,3;  0,0;1,030;1,00;1,00;"80 0622-19.0;";0;ETCS fallend;;;False;ETCS fallend;False;00:37:22;00:37:22;-;-;False;-;-;2242;2242
9334;ETCS fallend;0/00:37:23;0/00:37:23;00:37;00:37;00:37;00:37;-;100,00;97,09;100,00;-;100,00;-;K;-;ETCS-Stützstelle;;DB2;DB 2;0/00:06:24;-;140,00;1,0000;1,030;-;-;54,0;118,0;ETCS L1;False;False;54;-; 0,0; 0,0; 0,0;DB2: Strecke 3 - Gleis 1 - Strecke 2;0,000000;31642,0;  0,0;6227,3;  0,0;1,030;1,00;1,00;"80 0622-19.0;";0;ETCS fallend;;;False;ETCS fallend;False;00:37:23;00:37:23;-;-;False;-;-;2243;2243
9359;ETCS fallend;0/00:37:24;0/00:37:24;00:37;00:37;00:37;00:37;-;100,00;97,09;100,00;-;100,00;-;K;-;ETCS-Stützstelle;;DB2;DB 2;0/00:06:24;-;140,00;1,0000;1,030;-;-;54,0;118,0;ETCS L1;False;False;54;-; 0,0; 0,0; 0,0;DB2: Strecke 3 - Gleis 1 - Strecke 2;0,000000;31642,0;  0,0;6227,3;  0,0;1,030;1,00;1,00;"80 0622-19.0;";0;ETCS fallend;;;False;ETCS fallend;False;00:37:24;00:37:24;-;-;False;-;-;2244;2244
9384;ETCS fallend;0/00:37:25;0/00:37:25;00:37;00:37;00:37;00:37;-;100,00;97,09;100,00;-;100,00;-;K;-;ETCS-Stützstelle;;DB2;DB 2;0/00:06:25;-;140,00;1,0000;1,030;-;-;54,0;118,0;ETCS L1;False;False;54;-; 0,0; 0,0; 0,0;DB2: Strecke 3 - Gleis 1 - Strecke 2;0,000000;31642,0;  0,0;6227,3;  0,0;1,030;1,00;1,00;"80 0622-19.0;";0;ETCS fallend;;;False;ETCS fallend;False;00:37:25;00:37:25;-;-;False;-;-;2245;2245
9409;ETCS fallend;0/00:37:26;0/00:37:26;00:37;00:37;00:37;00:37;-;100,00;97,09;100,00;-;100,00;-;K;-;ETCS-Stützstelle;;DB2;DB 2;0/00:06:26;-;140,00;1,0000;1,030;-;-;54,0;118,0;ETCS L1;False;False;54;-; 0,0; 0,0; 0,0;DB2: Strecke 3 - Gleis 1 - Strecke 2;0,000000;31642,0;  0,0;6227,3;  0,0;1,030;1,00;1,00;"80 0622-19.0;";0;ETCS fallend;;;False;ETCS fallend;False;00:37:26;00:37:26;-;-;False;-;-;2246;2246
9434;ETCS fallend;0/00:37:27;0/00:37:27;00:37;00:37;00:37;00:37;-;100,00;97,09;100,00;-;100,00;-;K;-;ETCS-Stützstelle;;DB2;DB 2;0/00:06:27;-;140,00;1,0000;1,030;-;-;54,0;118,0;ETCS L1;False;False;54;-; 0,0; 0,0; 0,0;DB2: Strecke 3 - Gleis 1 - Strecke 2;0,000000;31642,0;  0,0;6227,3;  0,0;1,030;1,00;1,00;"80 0622-19.0;";0;ETCS fallend;;;False;ETCS fallend;False;00:37:27;00:37:27;-;-;False;-;-;2247;2247
9459;ETCS fallend;0/00:37:28;0/00:37:28;00:37;00:37;00:37;00:37;-;100,00;97,09;100,00;-;100,00;-;K;-;ETCS-Stützstelle;;DB2;DB 2;0/00:06:28;-;140,00;1,0000;1,030;-;-;54,0;118,0;ETCS L1;False;False;54;-; 0,0; 0,0; 0,0;DB2: Strecke 3 - Gleis 1 - Strecke 2;0,000000;31642,0;  0,0;6227,3;  0,0;1,030;1,00;1,00;"80 0622-19.0;";0;ETCS fallend;;;False;ETCS fallend;False;00:37:28;00:37:28;-;-;False;-;-;2248;2248
9484;ETCS fallend;0/00:37:29;0/00:37:29;00:37;00:37;00:37;00:37;-;100,00;97,09;100,00;-;100,00;-;K;-;ETCS-Stützstelle;;DB2;DB 2;0/00:06:29;-;140,00;1,0000;1,030;-;-;54,0;118,0;ETCS L1;False;False;54;-; 0,0; 0,0; 0,0;DB2: Strecke 3 - Gleis 1 - Strecke 2;0,000000;31642,0;  0,0;6227,3;  0,0;1,030;1,00;1,00;"80 0622-19.0;";0;ETCS fallend;;;False;ETCS fallend;False;00:37:29;00:37:29;-;-;False;-;-;2249;2249
9500;ETCS fallend;0/00:37:29;0/00:37:29;00:37;00:37;00:37;00:37;-;100,00;97,09;100,00;-;100,00;-;K;-;DB2 20.500 3521-0 Betriebsstellengrenze, =>S2 3521-0, Gleis 0;;DB2;DB 2;0/00:06:29;-;140,00;1,0000;1,030;-;-;54,0;118,0;ETCS L1;False;False;0;-; 0,0; 0,0; 0,0;DB2: Strecke 3 - Gleis 1 - Strecke 2;0,000000;31642,0;  0,0;6227,3;  0,0;1,030;1,00;1,00;"80 0622-19.0;";0;ETCS fallend;3521;0;True;ETCS fallend;False;00:37:29;00:37:29;-;-;False;-;Betriebsstellengrenze 3521-0 - Weiche 02W1 A (3521);2249;2249
9500;ETCS fallend;0/00:37:29;0/00:37:29;00:37;00:37;00:37;00:37;-;100,00;97,09;100,00;-;100,00;-;K;-;S2 20.500 3521-0 Betriebsstellengrenze, =>DB2 3521-0, Gleis 0;;S2;Strecke 2;0/00:06:29;-;140,00;1,0000;1,030;-;-;54,0;118,0;ETCS L1;False;False;0;-; 0,0; 0,0; 0,0;S2: VDV 2 - Strecke 2 - VDV 1;0,000000;31642,0;  0,0;6227,3;  0,0;1,030;1,00;1,00;"80 0622-19.0;";0;ETCS fallend;3521;0;True;ETCS fallend;False;00:37:29;00:37:29;-;-;False;-;Betriebsstellengrenze 3521-0 - Betriebsstellengrenze 3521-0 (3521);2249;2249
9525;ETCS fallend;0/00:37:30;0/00:37:30;00:38;00:38;00:38;00:38;-;100,00;97,09;100,00;-;100,00;-;K;-;ETCS-Stützstelle;;S2;Strecke 2;0/00:06:30;-;140,00;1,0000;1,030;-;-;54,0;118,0;ETCS L1;False;False;0;-; 0,0; 0,0; 0,0;S2: VDV 2 - Strecke 2 - VDV 1;0,000000;31642,0;  0,0;6227,3;  0,0;1,030;1,00;1,00;"80 0622-19.0;";0;ETCS fallend;;;False;ETCS fallend;False;00:37:30;00:37:30;-;-;False;-;-;2250;2250
9550;ETCS fallend;0/00:37:31;0/00:37:31;00:38;00:38;00:38;00:38;-;100,00;97,09;100,00;-;100,00;-;K;-;ETCS-Stützstelle;;S2;Strecke 2;0/00:06:31;-;140,00;1,0000;1,030;-;-;54,0;118,0;ETCS L1;False;False;0;-; 0,0; 0,0; 0,0;S2: VDV 2 - Strecke 2 - VDV 1;0,000000;31642,0;  0,0;6227,3;  0,0;1,030;1,00;1,00;"80 0622-19.0;";0;ETCS fallend;;;False;ETCS fallend;False;00:37:31;00:37:31;-;-;False;-;-;2251;2251
9575;ETCS fallend;0/00:37:32;0/00:37:32;00:38;00:38;00:38;00:38;-;100,00;97,09;100,00;-;100,00;-;K;-;ETCS-Stützstelle;;S2;Strecke 2;0/00:06:32;-;140,00;1,0000;1,030;-;-;54,0;118,0;ETCS L1;False;False;0;-; 0,0; 0,0; 0,0;S2: VDV 2 - Strecke 2 - VDV 1;0,000000;31642,0;  0,0;6227,3;  0,0;1,030;1,00;1,00;"80 0622-19.0;";0;ETCS fallend;;;False;ETCS fallend;False;00:37:32;00:37:32;-;-;False;-;-;2252;2252
9600;ETCS fallend;0/00:37:33;0/00:37:33;00:38;00:38;00:38;00:38;-;100,00;97,09;100,00;-;100,00;-;K;-;ETCS-Stützstelle;;S2;Strecke 2;0/00:06:33;-;140,00;1,0000;1,030;-;-;54,0;118,0;ETCS L1;False;False;0;-; 0,0; 0,0; 0,0;S2: VDV 2 - Strecke 2 - VDV 1;0,000000;31642,0;  0,0;6227,3;  0,0;1,030;1,00;1,00;"80 0622-19.0;";0;ETCS fallend;;;False;ETCS fallend;False;00:37:33;00:37:33;-;-;False;-;-;2253;2253
9625;ETCS fallend;0/00:37:34;0/00:37:34;00:38;00:38;00:38;00:38;-;100,00;97,09;100,00;-;100,00;-;K;-;ETCS-Stützstelle;;S2;Strecke 2;0/00:06:34;-;140,00;1,0000;1,030;-;-;54,0;118,0;ETCS L1;False;False;0;-; 0,0; 0,0; 0,0;S2: VDV 2 - Strecke 2 - VDV 1;0,000000;31642,0;  0,0;6227,3;  0,0;1,030;1,00;1,00;"80 0622-19.0;";0;ETCS fallend;;;False;ETCS fallend;False;00:37:34;00:37:34;-;-;False;-;-;2254;2254
9650;ETCS fallend;0/00:37:35;0/00:37:35;00:38;00:38;00:38;00:38;-;100,00;97,09;100,00;-;100,00;-;K;-;ETCS-Stützstelle;;S2;Strecke 2;0/00:06:35;-;140,00;1,0000;1,030;-;-;54,0;118,0;ETCS L1;False;False;0;-; 0,0; 0,0; 0,0;S2: VDV 2 - Strecke 2 - VDV 1;0,000000;31642,0;  0,0;6227,3;  0,0;1,030;1,00;1,00;"80 0622-19.0;";0;ETCS fallend;;;False;ETCS fallend;False;00:37:35;00:37:35;-;-;False;-;-;2255;2255
9675;ETCS fallend;0/00:37:36;0/00:37:36;00:38;00:38;00:38;00:38;-;100,00;97,09;100,00;-;100,00;-;K;-;ETCS-Stützstelle;;S2;Strecke 2;0/00:06:36;-;140,00;1,0000;1,030;-;-;54,0;118,0;ETCS L1;False;False;0;-; 0,0; 0,0; 0,0;S2: VDV 2 - Strecke 2 - VDV 1;0,000000;31642,0;  0,0;6227,3;  0,0;1,030;1,00;1,00;"80 0622-19.0;";0;ETCS fallend;;;False;ETCS fallend;False;00:37:36;00:37:36;-;-;False;-;-;2256;2256
9700;ETCS fallend;0/00:37:37;0/00:37:37;00:38;00:38;00:38;00:38;-;100,00;97,09;100,00;-;100,00;-;K;-;ETCS-Stützstelle;;S2;Strecke 2;0/00:06:37;-;140,00;1,0000;1,030;-;-;54,0;118,0;ETCS L1;False;False;0;-; 0,0; 0,0; 0,0;S2: VDV 2 - Strecke 2 - VDV 1;0,000000;31642,0;  0,0;6227,3;  0,0;1,030;1,00;1,00;"80 0622-19.0;";0;ETCS fallend;;;False;ETCS fallend;False;00:37:37;00:37:37;-;-;False;-;-;2257;2257
9725;ETCS fallend;0/00:37:38;0/00:37:38;00:38;00:38;00:38;00:38;-;100,00;97,09;100,00;-;100,00;-;K;-;ETCS-Stützstelle;;S2;Strecke 2;0/00:06:38;-;140,00;1,0000;1,030;-;-;54,0;118,0;ETCS L1;False;False;0;-; 0,0; 0,0; 0,0;S2: VDV 2 - Strecke 2 - VDV 1;0,000000;31642,0;  0,0;6227,3;  0,0;1,030;1,00;1,00;"80 0622-19.0;";0;ETCS fallend;;;False;ETCS fallend;False;00:37:38;00:37:38;-;-;False;-;-;2258;2258
9750;ETCS fallend;0/00:37:38;0/00:37:38;00:38;00:38;00:38;00:38;-;100,00;97,09;100,00;-;100,00;-;K;-;ETCS-Stützstelle;;S2;Strecke 2;0/00:06:38;-;140,00;1,0000;1,030;-;-;54,0;118,0;ETCS L1;False;False;0;-; 0,0; 0,0; 0,0;S2: VDV 2 - Strecke 2 - VDV 1;0,000000;31642,0;  0,0;6227,3;  0,0;1,030;1,00;1,00;"80 0622-19.0;";0;ETCS fallend;;;False;ETCS fallend;False;00:37:38;00:37:38;-;-;False;-;-;2258;2258
9775;ETCS fallend;0/00:37:39;0/00:37:39;00:38;00:38;00:38;00:38;-;100,00;97,09;100,00;-;100,00;-;K;-;ETCS-Stützstelle;;S2;Strecke 2;0/00:06:39;-;140,00;1,0000;1,030;-;-;54,0;118,0;ETCS L1;False;False;0;-; 0,0; 0,0; 0,0;S2: VDV 2 - Strecke 2 - VDV 1;0,000000;31642,0;  0,0;6227,3;  0,0;1,030;1,00;1,00;"80 0622-19.0;";0;ETCS fallend;;;False;ETCS fallend;False;00:37:39;00:37:39;-;-;False;-;-;2259;2259
9800;ETCS fallend;0/00:37:40;0/00:37:40;00:38;00:38;00:38;00:38;-;100,00;97,09;100,00;-;100,00;-;K;-;ETCS-Stützstelle;;S2;Strecke 2;0/00:06:40;-;140,00;1,0000;1,030;-;-;54,0;118,0;ETCS L1;False;False;0;-; 0,0; 0,0; 0,0;S2: VDV 2 - Strecke 2 - VDV 1;0,000000;31642,0;  0,0;6227,3;  0,0;1,030;1,00;1,00;"80 0622-19.0;";0;ETCS fallend;;;False;ETCS fallend;False;00:37:40;00:37:40;-;-;False;-;-;2260;2260
9825;ETCS fallend;0/00:37:41;0/00:37:41;00:38;00:38;00:38;00:38;-;100,00;97,09;100,00;-;100,00;-;K;-;ETCS-Stützstelle;;S2;Strecke 2;0/00:06:41;-;140,00;1,0000;1,030;-;-;54,0;118,0;ETCS L1;False;False;0;-; 0,0; 0,0; 0,0;S2: VDV 2 - Strecke 2 - VDV 1;0,000000;31642,0;  0,0;6227,3;  0,0;1,030;1,00;1,00;"80 0622-19.0;";0;ETCS fallend;;;False;ETCS fallend;False;00:37:41;00:37:41;-;-;False;-;-;2261;2261
9850;ETCS fallend;0/00:37:42;0/00:37:42;00:38;00:38;00:38;00:38;-;100,00;97,09;100,00;-;100,00;-;K;-;ETCS-Stützstelle;;S2;Strecke 2;0/00:06:42;-;140,00;1,0000;1,030;-;-;54,0;118,0;ETCS L1;False;False;0;-; 0,0; 0,0; 0,0;S2: VDV 2 - Strecke 2 - VDV 1;0,000000;31642,0;  0,0;6227,3;  0,0;1,030;1,00;1,00;"80 0622-19.0;";0;ETCS fallend;;;False;ETCS fallend;False;00:37:42;00:37:42;-;-;False;-;-;2262;2262
9875;ETCS fallend;0/00:37:43;0/00:37:43;00:38;00:38;00:38;00:38;-;100,00;97,09;100,00;-;100,00;-;K;-;ETCS-Stützstelle;;S2;Strecke 2;0/00:06:43;-;140,00;1,0000;1,030;-;-;54,0;118,0;ETCS L1;False;False;0;-; 0,0; 0,0; 0,0;S2: VDV 2 - Strecke 2 - VDV 1;0,000000;31642,0;  0,0;6227,3;  0,0;1,030;1,00;1,00;"80 0622-19.0;";0;ETCS fallend;;;False;ETCS fallend;False;00:37:43;00:37:43;-;-;False;-;-;2263;2263
9900;ETCS fallend;0/00:37:44;0/00:37:44;00:38;00:38;00:38;00:38;-;100,00;97,09;100,00;-;100,00;-;K;-;ETCS-Stützstelle;;S2;Strecke 2;0/00:06:44;-;140,00;1,0000;1,030;-;-;54,0;118,0;ETCS L1;False;False;0;-; 0,0; 0,0; 0,0;S2: VDV 2 - Strecke 2 - VDV 1;0,000000;31642,0;  0,0;6227,3;  0,0;1,030;1,00;1,00;"80 0622-19.0;";0;ETCS fallend;;;False;ETCS fallend;False;00:37:44;00:37:44;-;-;False;-;-;2264;2264
9925;ETCS fallend;0/00:37:45;0/00:37:45;00:38;00:38;00:38;00:38;-;100,00;97,09;100,00;-;100,00;-;K;-;ETCS-Stützstelle;;S2;Strecke 2;0/00:06:45;-;140,00;1,0000;1,030;-;-;54,0;118,0;ETCS L1;False;False;0;-; 0,0; 0,0; 0,0;S2: VDV 2 - Strecke 2 - VDV 1;0,000000;31642,0;  0,0;6227,3;  0,0;1,030;1,00;1,00;"80 0622-19.0;";0;ETCS fallend;;;False;ETCS fallend;False;00:37:45;00:37:45;-;-;False;-;-;2265;2265
9950;ETCS fallend;0/00:37:46;0/00:37:46;00:38;00:38;00:38;00:38;-;100,00;97,09;100,00;-;100,00;-;K;-;ETCS-Stützstelle;;S2;Strecke 2;0/00:06:46;-;140,00;1,0000;1,030;-;-;54,0;118,0;ETCS L1;False;False;0;-; 0,0; 0,0; 0,0;S2: VDV 2 - Strecke 2 - VDV 1;0,000000;31642,0;  0,0;6227,3;  0,0;1,030;1,00;1,00;"80 0622-19.0;";0;ETCS fallend;;;False;ETCS fallend;False;00:37:46;00:37:46;-;-;False;-;-;2266;2266
9975;ETCS fallend;0/00:37:47;0/00:37:47;00:38;00:38;00:38;00:38;-;100,00;97,09;100,00;-;100,00;-;K;-;ETCS-Stützstelle;;S2;Strecke 2;0/00:06:47;-;140,00;1,0000;1,030;-;-;54,0;118,0;ETCS L1;False;False;0;-; 0,0; 0,0; 0,0;S2: VDV 2 - Strecke 2 - VDV 1;0,000000;31642,0;  0,0;6227,3;  0,0;1,030;1,00;1,00;"80 0622-19.0;";0;ETCS fallend;;;False;ETCS fallend;False;00:37:47;00:37:47;-;-;False;-;-;2267;2267
10000;ETCS fallend;0/00:37:48;0/00:37:48;00:38;00:38;00:38;00:38;-;100,00;97,09;100,00;-;100,00;-;K;-;ETCS-Stützstelle;;S2;Strecke 2;0/00:06:47;-;140,00;1,0000;1,030;-;-;54,0;118,0;ETCS L1;False;False;0;-; 0,0; 0,0; 0,0;S2: VDV 2 - Strecke 2 - VDV 1;0,000000;31642,0;  0,0;6227,3;  0,0;1,030;1,00;1,00;"80 0622-19.0;";0;ETCS fallend;;;False;ETCS fallend;False;00:37:48;00:37:48;-;-;False;-;-;2268;2268
10025;ETCS fallend;0/00:37:49;0/00:37:49;00:38;00:38;00:38;00:38;-;100,00;97,09;100,00;-;100,00;-;K;-;ETCS-Stützstelle;;S2;Strecke 2;0/00:06:48;-;140,00;1,0000;1,030;-;-;54,0;118,0;ETCS L1;False;False;0;-; 0,0; 0,0; 0,0;S2: VDV 2 - Strecke 2 - VDV 1;0,000000;31642,0;  0,0;6227,3;  0,0;1,030;1,00;1,00;"80 0622-19.0;";0;ETCS fallend;;;False;ETCS fallend;False;00:37:49;00:37:49;-;-;False;-;-;2269;2269
10050;ETCS fallend;0/00:37:50;0/00:37:50;00:38;00:38;00:38;00:38;-;100,00;97,09;100,00;-;100,00;-;K;-;ETCS-Stützstelle;;S2;Strecke 2;0/00:06:49;-;140,00;1,0000;1,030;-;-;54,0;118,0;ETCS L1;False;False;0;-; 0,0; 0,0; 0,0;S2: VDV 2 - Strecke 2 - VDV 1;0,000000;31642,0;  0,0;6227,3;  0,0;1,030;1,00;1,00;"80 0622-19.0;";0;ETCS fallend;;;False;ETCS fallend;False;00:37:50;00:37:50;-;-;False;-;-;2270;2270
10075;ETCS fallend;0/00:37:51;0/00:37:51;00:38;00:38;00:38;00:38;-;100,00;97,09;100,00;-;100,00;-;K;-;ETCS-Stützstelle;;S2;Strecke 2;0/00:06:50;-;140,00;1,0000;1,030;-;-;54,0;118,0;ETCS L1;False;False;0;-; 0,0; 0,0; 0,0;S2: VDV 2 - Strecke 2 - VDV 1;0,000000;31642,0;  0,0;6227,3;  0,0;1,030;1,00;1,00;"80 0622-19.0;";0;ETCS fallend;;;False;ETCS fallend;False;00:37:51;00:37:51;-;-;False;-;-;2271;2271
10100;ETCS fallend;0/00:37:51;0/00:37:51;00:38;00:38;00:38;00:38;-;100,00;97,09;100,00;-;100,00;-;K;-;ETCS-Stützstelle;;S2;Strecke 2;0/00:06:51;-;140,00;1,0000;1,030;-;-;54,0;118,0;ETCS L1;False;False;0;-; 0,0; 0,0; 0,0;S2: VDV 2 - Strecke 2 - VDV 1;0,000000;31642,0;  0,0;6227,3;  0,0;1,030;1,00;1,00;"80 0622-19.0;";0;ETCS fallend;;;False;ETCS fallend;False;00:37:51;00:37:51;-;-;False;-;-;2271;2271
10125;ETCS fallend;0/00:37:52;0/00:37:52;00:38;00:38;00:38;00:38;-;100,00;97,09;100,00;-;100,00;-;K;-;ETCS-Stützstelle;;S2;Strecke 2;0/00:06:52;-;140,00;1,0000;1,030;-;-;54,0;118,0;ETCS L1;False;False;0;-; 0,0; 0,0; 0,0;S2: VDV 2 - Strecke 2 - VDV 1;0,000000;31642,0;  0,0;6227,3;  0,0;1,030;1,00;1,00;"80 0622-19.0;";0;ETCS fallend;;;False;ETCS fallend;False;00:37:52;00:37:52;-;-;False;-;-;2272;2272
10150;ETCS fallend;0/00:37:53;0/00:37:53;00:38;00:38;00:38;00:38;-;100,00;97,09;100,00;-;100,00;-;K;-;ETCS-Stützstelle;;S2;Strecke 2;0/00:06:53;-;140,00;1,0000;1,030;-;-;54,0;118,0;ETCS L1;False;False;0;-; 0,0; 0,0; 0,0;S2: VDV 2 - Strecke 2 - VDV 1;0,000000;31642,0;  0,0;6227,3;  0,0;1,030;1,00;1,00;"80 0622-19.0;";0;ETCS fallend;;;False;ETCS fallend;False;00:37:53;00:37:53;-;-;False;-;-;2273;2273
10175;ETCS fallend;0/00:37:54;0/00:37:54;00:38;00:38;00:38;00:38;-;100,00;97,09;100,00;-;100,00;-;K;-;ETCS-Stützstelle;;S2;Strecke 2;0/00:06:54;-;140,00;1,0000;1,030;-;-;54,0;118,0;ETCS L1;False;False;0;-; 0,0; 0,0; 0,0;S2: VDV 2 - Strecke 2 - VDV 1;0,000000;31642,0;  0,0;6227,3;  0,0;1,030;1,00;1,00;"80 0622-19.0;";0;ETCS fallend;;;False;ETCS fallend;False;00:37:54;00:37:54;-;-;False;-;-;2274;2274
10200;ETCS fallend;0/00:37:55;0/00:37:55;00:38;00:38;00:38;00:38;-;100,00;97,09;100,00;-;100,00;-;K;-;ETCS-Stützstelle;;S2;Strecke 2;0/00:06:55;-;140,00;1,0000;1,030;-;-;54,0;118,0;ETCS L1;False;False;0;-; 0,0; 0,0; 0,0;S2: VDV 2 - Strecke 2 - VDV 1;0,000000;31642,0;  0,0;6227,3;  0,0;1,030;1,00;1,00;"80 0622-19.0;";0;ETCS fallend;;;False;ETCS fallend;False;00:37:55;00:37:55;-;-;False;-;-;2275;2275
10225;ETCS fallend;0/00:37:56;0/00:37:56;00:38;00:38;00:38;00:38;-;100,00;97,09;100,00;-;100,00;-;K;-;ETCS-Stützstelle;;S2;Strecke 2;0/00:06:56;-;140,00;1,0000;1,030;-;-;54,0;118,0;ETCS L1;False;False;0;-; 0,0; 0,0; 0,0;S2: VDV 2 - Strecke 2 - VDV 1;0,000000;31642,0;  0,0;6227,3;  0,0;1,030;1,00;1,00;"80 0622-19.0;";0;ETCS fallend;;;False;ETCS fallend;False;00:37:56;00:37:56;-;-;False;-;-;2276;2276
10250;ETCS fallend;0/00:37:57;0/00:37:57;00:38;00:38;00:38;00:38;-;100,00;97,09;100,00;-;100,00;-;K;-;ETCS-Stützstelle;;S2;Strecke 2;0/00:06:56;-;140,00;1,0000;1,030;-;-;54,0;118,0;ETCS L1;False;False;0;-; 0,0; 0,0; 0,0;S2: VDV 2 - Strecke 2 - VDV 1;0,000000;31642,0;  0,0;6227,3;  0,0;1,030;1,00;1,00;"80 0622-19.0;";0;ETCS fallend;;;False;ETCS fallend;False;00:37:57;00:37:57;-;-;False;-;-;2277;2277
10275;ETCS fallend;0/00:37:58;0/00:37:58;00:38;00:38;00:38;00:38;-;100,00;97,09;100,00;-;100,00;-;K;-;ETCS-Stützstelle;;S2;Strecke 2;0/00:06:57;-;140,00;1,0000;1,030;-;-;54,0;118,0;ETCS L1;False;False;0;-; 0,0; 0,0; 0,0;S2: VDV 2 - Strecke 2 - VDV 1;0,000000;31642,0;  0,0;6227,3;  0,0;1,030;1,00;1,00;"80 0622-19.0;";0;ETCS fallend;;;False;ETCS fallend;False;00:37:58;00:37:58;-;-;False;-;-;2278;2278
10300;ETCS fallend;0/00:37:59;0/00:37:59;00:38;00:38;00:38;00:38;-;100,00;97,09;100,00;-;100,00;-;K;-;ETCS-Stützstelle;;S2;Strecke 2;0/00:06:58;-;140,00;1,0000;1,030;-;-;54,0;118,0;ETCS L1;False;False;0;-; 0,0; 0,0; 0,0;S2: VDV 2 - Strecke 2 - VDV 1;0,000000;31642,0;  0,0;6227,3;  0,0;1,030;1,00;1,00;"80 0622-19.0;";0;ETCS fallend;;;False;ETCS fallend;False;00:37:59;00:37:59;-;-;False;-;-;2279;2279
10325;ETCS fallend;0/00:38:00;0/00:38:00;00:38;00:38;00:38;00:38;-;100,00;97,09;100,00;-;100,00;-;K;-;ETCS-Stützstelle;;S2;Strecke 2;0/00:06:59;-;140,00;1,0000;1,030;-;-;54,0;118,0;ETCS L1;False;False;0;-; 0,0; 0,0; 0,0;S2: VDV 2 - Strecke 2 - VDV 1;0,000000;31642,0;  0,0;6227,3;  0,0;1,030;1,00;1,00;"80 0622-19.0;";0;ETCS fallend;;;False;ETCS fallend;False;00:38:00;00:38:00;-;-;False;-;-;2280;2280
10350;ETCS fallend;0/00:38:01;0/00:38:01;00:38;00:38;00:38;00:38;-;100,00;97,09;100,00;-;100,00;-;K;-;ETCS-Stützstelle;;S2;Strecke 2;0/00:07:00;-;140,00;1,0000;1,030;-;-;54,0;118,0;ETCS L1;False;False;0;-; 0,0; 0,0; 0,0;S2: VDV 2 - Strecke 2 - VDV 1;0,000000;31642,0;  0,0;6227,3;  0,0;1,030;1,00;1,00;"80 0622-19.0;";0;ETCS fallend;;;False;ETCS fallend;False;00:38:01;00:38:01;-;-;False;-;-;2281;2281
10375;ETCS fallend;0/00:38:02;0/00:38:02;00:38;00:38;00:38;00:38;-;100,00;97,09;100,00;-;100,00;-;K;-;ETCS-Stützstelle;;S2;Strecke 2;0/00:07:01;-;140,00;1,0000;1,030;-;-;54,0;118,0;ETCS L1;False;False;0;-; 0,0; 0,0; 0,0;S2: VDV 2 - Strecke 2 - VDV 1;0,000000;31642,0;  0,0;6227,3;  0,0;1,030;1,00;1,00;"80 0622-19.0;";0;ETCS fallend;;;False;ETCS fallend;False;00:38:02;00:38:02;-;-;False;-;-;2282;2282
10400;ETCS fallend;0/00:38:03;0/00:38:03;00:38;00:38;00:38;00:38;-;100,00;97,09;100,00;-;100,00;-;K;-;ETCS-Stützstelle;;S2;Strecke 2;0/00:07:02;-;140,00;1,0000;1,030;-;-;54,0;118,0;ETCS L1;False;False;0;-; 0,0; 0,0; 0,0;S2: VDV 2 - Strecke 2 - VDV 1;0,000000;31642,0;  0,0;6227,3;  0,0;1,030;1,00;1,00;"80 0622-19.0;";0;ETCS fallend;;;False;ETCS fallend;False;00:38:03;00:38:03;-;-;False;-;-;2283;2283
10425;ETCS fallend;0/00:38:04;0/00:38:04;00:38;00:38;00:38;00:38;-;100,00;97,09;100,00;-;100,00;-;K;-;ETCS-Stützstelle;;S2;Strecke 2;0/00:07:03;-;140,00;1,0000;1,030;-;-;54,0;118,0;ETCS L1;False;False;0;-; 0,0; 0,0; 0,0;S2: VDV 2 - Strecke 2 - VDV 1;0,000000;31642,0;  0,0;6227,3;  0,0;1,030;1,00;1,00;"80 0622-19.0;";0;ETCS fallend;;;False;ETCS fallend;False;00:38:04;00:38:04;-;-;False;-;-;2284;2284
10450;ETCS fallend;0/00:38:04;0/00:38:04;00:38;00:38;00:38;00:38;-;100,00;97,09;100,00;-;100,00;-;K;-;ETCS-Stützstelle;;S2;Strecke 2;0/00:07:04;-;140,00;1,0000;1,030;-;-;54,0;118,0;ETCS L1;False;False;0;-; 0,0; 0,0; 0,0;S2: VDV 2 - Strecke 2 - VDV 1;0,000000;31642,0;  0,0;6227,3;  0,0;1,030;1,00;1,00;"80 0622-19.0;";0;ETCS fallend;;;False;ETCS fallend;False;00:38:04;00:38:04;-;-;False;-;-;2284;2284
10475;ETCS fallend;0/00:38:05;0/00:38:05;00:38;00:38;00:38;00:38;-;100,00;97,09;100,00;-;100,00;-;K;-;ETCS-Stützstelle;;S2;Strecke 2;0/00:07:05;-;140,00;1,0000;1,030;-;-;54,0;118,0;ETCS L1;False;False;0;-; 0,0; 0,0; 0,0;S2: VDV 2 - Strecke 2 - VDV 1;0,000000;31642,0;  0,0;6227,3;  0,0;1,030;1,00;1,00;"80 0622-19.0;";0;ETCS fallend;;;False;ETCS fallend;False;00:38:05;00:38:05;-;-;False;-;-;2285;2285
10500;ETCS fallend;0/00:38:06;0/00:38:06;00:38;00:38;00:38;00:38;-;100,00;97,09;100,00;-;100,00;-;K;-;ETCS-Stützstelle;;S2;Strecke 2;0/00:07:05;-;140,00;1,0000;1,030;-;-;54,0;118,0;ETCS L1;False;False;0;-; 0,0; 0,0; 0,0;S2: VDV 2 - Strecke 2 - VDV 1;0,000000;31642,0;  0,0;6227,3;  0,0;1,030;1,00;1,00;"80 0622-19.0;";0;ETCS fallend;;;False;ETCS fallend;False;00:38:06;00:38:06;-;-;False;-;-;2286;2286
10525;ETCS fallend;0/00:38:07;0/00:38:07;00:38;00:38;00:38;00:38;-;100,00;97,09;100,00;-;100,00;-;K;-;ETCS-Stützstelle;;S2;Strecke 2;0/00:07:06;-;140,00;1,0000;1,030;-;-;54,0;118,0;ETCS L1;False;False;0;-; 0,0; 0,0; 0,0;S2: VDV 2 - Strecke 2 - VDV 1;0,000000;31642,0;  0,0;6227,3;  0,0;1,030;1,00;1,00;"80 0622-19.0;";0;ETCS fallend;;;False;ETCS fallend;False;00:38:07;00:38:07;-;-;False;-;-;2287;2287
10550;ETCS fallend;0/00:38:08;0/00:38:08;00:38;00:38;00:38;00:38;-;100,00;97,09;100,00;-;100,00;-;K;-;ETCS-Stützstelle;;S2;Strecke 2;0/00:07:07;-;140,00;1,0000;1,030;-;-;54,0;118,0;ETCS L1;False;False;0;-; 0,0; 0,0; 0,0;S2: VDV 2 - Strecke 2 - VDV 1;0,000000;31642,0;  0,0;6227,3;  0,0;1,030;1,00;1,00;"80 0622-19.0;";0;ETCS fallend;;;False;ETCS fallend;False;00:38:08;00:38:08;-;-;False;-;-;2288;2288
10575;ETCS fallend;0/00:38:09;0/00:38:09;00:38;00:38;00:38;00:38;-;100,00;97,09;100,00;-;100,00;-;K;-;ETCS-Stützstelle;;S2;Strecke 2;0/00:07:08;-;140,00;1,0000;1,030;-;-;54,0;118,0;ETCS L1;False;False;0;-; 0,0; 0,0; 0,0;S2: VDV 2 - Strecke 2 - VDV 1;0,000000;31642,0;  0,0;6227,3;  0,0;1,030;1,00;1,00;"80 0622-19.0;";0;ETCS fallend;;;False;ETCS fallend;False;00:38:09;00:38:09;-;-;False;-;-;2289;2289
10600;ETCS fallend;0/00:38:10;0/00:38:10;00:38;00:38;00:38;00:38;-;100,00;97,09;100,00;-;100,00;-;K;-;ETCS-Stützstelle;;S2;Strecke 2;0/00:07:09;-;140,00;1,0000;1,030;-;-;54,0;118,0;ETCS L1;False;False;0;-; 0,0; 0,0; 0,0;S2: VDV 2 - Strecke 2 - VDV 1;0,000000;31642,0;  0,0;6227,3;  0,0;1,030;1,00;1,00;"80 0622-19.0;";0;ETCS fallend;;;False;ETCS fallend;False;00:38:10;00:38:10;-;-;False;-;-;2290;2290
10625;ETCS fallend;0/00:38:11;0/00:38:11;00:38;00:38;00:38;00:38;-;100,00;97,09;100,00;-;100,00;-;K;-;ETCS-Stützstelle;;S2;Strecke 2;0/00:07:10;-;140,00;1,0000;1,030;-;-;54,0;118,0;ETCS L1;False;False;0;-; 0,0; 0,0; 0,0;S2: VDV 2 - Strecke 2 - VDV 1;0,000000;31642,0;  0,0;6227,3;  0,0;1,030;1,00;1,00;"80 0622-19.0;";0;ETCS fallend;;;False;ETCS fallend;False;00:38:11;00:38:11;-;-;False;-;-;2291;2291
10650;ETCS fallend;0/00:38:12;0/00:38:12;00:38;00:38;00:38;00:38;-;100,00;97,09;100,00;-;100,00;-;K;-;ETCS-Stützstelle;;S2;Strecke 2;0/00:07:11;-;140,00;1,0000;1,030;-;-;54,0;118,0;ETCS L1;False;False;0;-; 0,0; 0,0; 0,0;S2: VDV 2 - Strecke 2 - VDV 1;0,000000;31642,0;  0,0;6227,3;  0,0;1,030;1,00;1,00;"80 0622-19.0;";0;ETCS fallend;;;False;ETCS fallend;False;00:38:12;00:38:12;-;-;False;-;-;2292;2292
10675;ETCS fallend;0/00:38:13;0/00:38:13;00:38;00:38;00:38;00:38;-;100,00;97,09;100,00;-;100,00;-;K;-;ETCS-Stützstelle;;S2;Strecke 2;0/00:07:12;-;140,00;1,0000;1,030;-;-;54,0;118,0;ETCS L1;False;False;0;-; 0,0; 0,0; 0,0;S2: VDV 2 - Strecke 2 - VDV 1;0,000000;31642,0;  0,0;6227,3;  0,0;1,030;1,00;1,00;"80 0622-19.0;";0;ETCS fallend;;;False;ETCS fallend;False;00:38:13;00:38:13;-;-;False;-;-;2293;2293
10700;ETCS fallend;0/00:38:14;0/00:38:14;00:38;00:38;00:38;00:38;-;100,00;97,09;100,00;-;100,00;-;K;-;ETCS-Stützstelle;;S2;Strecke 2;0/00:07:13;-;140,00;1,0000;1,030;-;-;54,0;118,0;ETCS L1;False;False;0;-; 0,0; 0,0; 0,0;S2: VDV 2 - Strecke 2 - VDV 1;0,000000;31642,0;  0,0;6227,3;  0,0;1,030;1,00;1,00;"80 0622-19.0;";0;ETCS fallend;;;False;ETCS fallend;False;00:38:14;00:38:14;-;-;False;-;-;2294;2294
10725;ETCS fallend;0/00:38:15;0/00:38:15;00:38;00:38;00:38;00:38;-;100,00;97,09;100,00;-;100,00;-;K;-;ETCS-Stützstelle;;S2;Strecke 2;0/00:07:14;-;140,00;1,0000;1,030;-;-;54,0;118,0;ETCS L1;False;False;0;-; 0,0; 0,0; 0,0;S2: VDV 2 - Strecke 2 - VDV 1;0,000000;31642,0;  0,0;6227,3;  0,0;1,030;1,00;1,00;"80 0622-19.0;";0;ETCS fallend;;;False;ETCS fallend;False;00:38:15;00:38:15;-;-;False;-;-;2295;2295
10750;ETCS fallend;0/00:38:16;0/00:38:16;00:38;00:38;00:38;00:38;-;100,00;97,09;100,00;-;100,00;-;K;-;ETCS-Stützstelle;;S2;Strecke 2;0/00:07:14;-;140,00;1,0000;1,030;-;-;54,0;118,0;ETCS L1;False;False;0;-; 0,0; 0,0; 0,0;S2: VDV 2 - Strecke 2 - VDV 1;0,000000;31642,0;  0,0;6227,3;  0,0;1,030;1,00;1,00;"80 0622-19.0;";0;ETCS fallend;;;False;ETCS fallend;False;00:38:16;00:38:16;-;-;False;-;-;2296;2296
10775;ETCS fallend;0/00:38:16;0/00:38:16;00:38;00:38;00:38;00:38;-;100,00;97,09;100,00;-;100,00;-;K;-;ETCS-Stützstelle;;S2;Strecke 2;0/00:07:15;-;140,00;1,0000;1,030;-;-;54,0;118,0;ETCS L1;False;False;0;-; 0,0; 0,0; 0,0;S2: VDV 2 - Strecke 2 - VDV 1;0,000000;31642,0;  0,0;6227,3;  0,0;1,030;1,00;1,00;"80 0622-19.0;";0;ETCS fallend;;;False;ETCS fallend;False;00:38:16;00:38:16;-;-;False;-;-;2296;2296
10800;ETCS fallend;0/00:38:17;0/00:38:17;00:38;00:38;00:38;00:38;-;100,00;97,09;100,00;-;100,00;-;K;-;ETCS-Stützstelle;;S2;Strecke 2;0/00:07:16;-;140,00;1,0000;1,030;-;-;54,0;118,0;ETCS L1;False;False;0;-; 0,0; 0,0; 0,0;S2: VDV 2 - Strecke 2 - VDV 1;0,000000;31642,0;  0,0;6227,3;  0,0;1,030;1,00;1,00;"80 0622-19.0;";0;ETCS fallend;;;False;ETCS fallend;False;00:38:17;00:38:17;-;-;False;-;-;2297;2297
10825;ETCS fallend;0/00:38:18;0/00:38:18;00:38;00:38;00:38;00:38;-;100,00;97,09;100,00;-;100,00;-;K;-;ETCS-Stützstelle;;S2;Strecke 2;0/00:07:17;-;140,00;1,0000;1,030;-;-;54,0;118,0;ETCS L1;False;False;0;-; 0,0; 0,0; 0,0;S2: VDV 2 - Strecke 2 - VDV 1;0,000000;31642,0;  0,0;6227,3;  0,0;1,030;1,00;1,00;"80 0622-19.0;";0;ETCS fallend;;;False;ETCS fallend;False;00:38:18;00:38:18;-;-;False;-;-;2298;2298
10850;ETCS fallend;0/00:38:19;0/00:38:19;00:38;00:38;00:38;00:38;-;100,00;97,09;100,00;-;100,00;-;K;-;ETCS-Stützstelle;;S2;Strecke 2;0/00:07:18;-;140,00;1,0000;1,030;-;-;54,0;118,0;ETCS L1;False;False;0;-; 0,0; 0,0; 0,0;S2: VDV 2 - Strecke 2 - VDV 1;0,000000;31642,0;  0,0;6227,3;  0,0;1,030;1,00;1,00;"80 0622-19.0;";0;ETCS fallend;;;False;ETCS fallend;False;00:38:19;00:38:19;-;-;False;-;-;2299;2299
10875;ETCS fallend;0/00:38:20;0/00:38:20;00:38;00:38;00:38;00:38;-;100,00;97,09;100,00;-;100,00;-;K;-;ETCS-Stützstelle;;S2;Strecke 2;0/00:07:19;-;140,00;1,0000;1,030;-;-;54,0;118,0;ETCS L1;False;False;0;-; 0,0; 0,0; 0,0;S2: VDV 2 - Strecke 2 - VDV 1;0,000000;31642,0;  0,0;6227,3;  0,0;1,030;1,00;1,00;"80 0622-19.0;";0;ETCS fallend;;;False;ETCS fallend;False;00:38:20;00:38:20;-;-;False;-;-;2300;2300
10900;ETCS fallend;0/00:38:21;0/00:38:21;00:38;00:38;00:38;00:38;-;100,00;97,09;100,00;-;100,00;-;K;-;ETCS-Stützstelle;;S2;Strecke 2;0/00:07:20;-;140,00;1,0000;1,030;-;-;54,0;118,0;ETCS L1;False;False;0;-; 0,0; 0,0; 0,0;S2: VDV 2 - Strecke 2 - VDV 1;0,000000;31642,0;  0,0;6227,3;  0,0;1,030;1,00;1,00;"80 0622-19.0;";0;ETCS fallend;;;False;ETCS fallend;False;00:38:21;00:38:21;-;-;False;-;-;2301;2301
10925;ETCS fallend;0/00:38:22;0/00:38:22;00:38;00:38;00:38;00:38;-;100,00;97,09;100,00;-;100,00;-;K;-;ETCS-Stützstelle;;S2;Strecke 2;0/00:07:21;-;140,00;1,0000;1,030;-;-;54,0;118,0;ETCS L1;False;False;0;-; 0,0; 0,0; 0,0;S2: VDV 2 - Strecke 2 - VDV 1;0,000000;31642,0;  0,0;6227,3;  0,0;1,030;1,00;1,00;"80 0622-19.0;";0;ETCS fallend;;;False;ETCS fallend;False;00:38:22;00:38:22;-;-;False;-;-;2302;2302
10950;ETCS fallend;0/00:38:23;0/00:38:23;00:38;00:38;00:38;00:38;-;100,00;97,09;100,00;-;100,00;-;K;-;ETCS-Stützstelle;;S2;Strecke 2;0/00:07:22;-;140,00;1,0000;1,030;-;-;54,0;118,0;ETCS L1;False;False;0;-; 0,0; 0,0; 0,0;S2: VDV 2 - Strecke 2 - VDV 1;0,000000;31642,0;  0,0;6227,3;  0,0;1,030;1,00;1,00;"80 0622-19.0;";0;ETCS fallend;;;False;ETCS fallend;False;00:38:23;00:38:23;-;-;False;-;-;2303;2303
10975;ETCS fallend;0/00:38:24;0/00:38:24;00:38;00:38;00:38;00:38;-;100,00;97,09;100,00;-;100,00;-;K;-;ETCS-Stützstelle;;S2;Strecke 2;0/00:07:23;-;140,00;1,0000;1,030;-;-;54,0;118,0;ETCS L1;False;False;0;-; 0,0; 0,0; 0,0;S2: VDV 2 - Strecke 2 - VDV 1;0,000000;31642,0;  0,0;6227,3;  0,0;1,030;1,00;1,00;"80 0622-19.0;";0;ETCS fallend;;;False;ETCS fallend;False;00:38:24;00:38:24;-;-;False;-;-;2304;2304
11000;ETCS fallend;0/00:38:25;0/00:38:25;00:38;00:38;00:38;00:38;-;100,00;97,09;100,00;-;100,00;-;K;-;ETCS-Stützstelle;;S2;Strecke 2;0/00:07:23;-;140,00;1,0000;1,030;-;-;54,0;118,0;ETCS L1;False;False;0;-; 0,0; 0,0; 0,0;S2: VDV 2 - Strecke 2 - VDV 1;0,000000;31642,0;  0,0;6227,3;  0,0;1,030;1,00;1,00;"80 0622-19.0;";0;ETCS fallend;;;False;ETCS fallend;False;00:38:25;00:38:25;-;-;False;-;-;2305;2305
11025;ETCS fallend;0/00:38:26;0/00:38:26;00:38;00:38;00:38;00:38;-;100,00;97,09;100,00;-;100,00;-;K;-;ETCS-Stützstelle;;S2;Strecke 2;0/00:07:24;-;140,00;1,0000;1,030;-;-;54,0;118,0;ETCS L1;False;False;0;-; 0,0; 0,0; 0,0;S2: VDV 2 - Strecke 2 - VDV 1;0,000000;31642,0;  0,0;6227,3;  0,0;1,030;1,00;1,00;"80 0622-19.0;";0;ETCS fallend;;;False;ETCS fallend;False;00:38:26;00:38:26;-;-;False;-;-;2306;2306
11050;ETCS fallend;0/00:38:27;0/00:38:27;00:38;00:38;00:38;00:38;-;100,00;97,09;100,00;-;100,00;-;K;-;ETCS-Stützstelle;;S2;Strecke 2;0/00:07:25;-;140,00;1,0000;1,030;-;-;54,0;118,0;ETCS L1;False;False;0;-; 0,0; 0,0; 0,0;S2: VDV 2 - Strecke 2 - VDV 1;0,000000;31642,0;  0,0;6227,3;  0,0;1,030;1,00;1,00;"80 0622-19.0;";0;ETCS fallend;;;False;ETCS fallend;False;00:38:27;00:38:27;-;-;False;-;-;2307;2307
11075;ETCS fallend;0/00:38:28;0/00:38:28;00:38;00:38;00:38;00:38;-;100,00;97,09;100,00;-;100,00;-;K;-;ETCS-Stützstelle;;S2;Strecke 2;0/00:07:26;-;140,00;1,0000;1,030;-;-;54,0;118,0;ETCS L1;False;False;0;-; 0,0; 0,0; 0,0;S2: VDV 2 - Strecke 2 - VDV 1;0,000000;31642,0;  0,0;6227,3;  0,0;1,030;1,00;1,00;"80 0622-19.0;";0;ETCS fallend;;;False;ETCS fallend;False;00:38:28;00:38:28;-;-;False;-;-;2308;2308
11100;ETCS fallend;0/00:38:29;0/00:38:29;00:38;00:38;00:38;00:38;-;100,00;97,09;100,00;-;100,00;-;K;-;ETCS-Stützstelle;;S2;Strecke 2;0/00:07:27;-;140,00;1,0000;1,030;-;-;54,0;118,0;ETCS L1;False;False;0;-; 0,0; 0,0; 0,0;S2: VDV 2 - Strecke 2 - VDV 1;0,000000;31642,0;  0,0;6227,3;  0,0;1,030;1,00;1,00;"80 0622-19.0;";0;ETCS fallend;;;False;ETCS fallend;False;00:38:29;00:38:29;-;-;False;-;-;2309;2309
11125;ETCS fallend;0/00:38:29;0/00:38:29;00:38;00:38;00:38;00:38;-;100,00;97,09;100,00;-;100,00;-;K;-;ETCS-Stützstelle;;S2;Strecke 2;0/00:07:28;-;140,00;1,0000;1,030;-;-;54,0;118,0;ETCS L1;False;False;0;-; 0,0; 0,0; 0,0;S2: VDV 2 - Strecke 2 - VDV 1;0,000000;31642,0;  0,0;6227,3;  0,0;1,030;1,00;1,00;"80 0622-19.0;";0;ETCS fallend;;;False;ETCS fallend;False;00:38:29;00:38:29;-;-;False;-;-;2309;2309
11150;ETCS fallend;0/00:38:30;0/00:38:30;00:39;00:39;00:39;00:39;-;100,00;97,09;100,00;-;100,00;-;K;-;ETCS-Stützstelle;;S2;Strecke 2;0/00:07:29;-;140,00;1,0000;1,030;-;-;54,0;118,0;ETCS L1;False;False;0;-; 0,0; 0,0; 0,0;S2: VDV 2 - Strecke 2 - VDV 1;0,000000;31642,0;  0,0;6227,3;  0,0;1,030;1,00;1,00;"80 0622-19.0;";0;ETCS fallend;;;False;ETCS fallend;False;00:38:30;00:38:30;-;-;False;-;-;2310;2310
11175;ETCS fallend;0/00:38:31;0/00:38:31;00:39;00:39;00:39;00:39;-;100,00;97,09;100,00;-;100,00;-;K;-;ETCS-Stützstelle;;S2;Strecke 2;0/00:07:30;-;140,00;1,0000;1,030;-;-;54,0;118,0;ETCS L1;False;False;0;-; 0,0; 0,0; 0,0;S2: VDV 2 - Strecke 2 - VDV 1;0,000000;31642,0;  0,0;6227,3;  0,0;1,030;1,00;1,00;"80 0622-19.0;";0;ETCS fallend;;;False;ETCS fallend;False;00:38:31;00:38:31;-;-;False;-;-;2311;2311
11200;ETCS fallend;0/00:38:32;0/00:38:32;00:39;00:39;00:39;00:39;-;100,00;97,09;100,00;-;100,00;-;K;-;ETCS-Stützstelle;;S2;Strecke 2;0/00:07:31;-;140,00;1,0000;1,030;-;-;54,0;118,0;ETCS L1;False;False;0;-; 0,0; 0,0; 0,0;S2: VDV 2 - Strecke 2 - VDV 1;0,000000;31642,0;  0,0;6227,3;  0,0;1,030;1,00;1,00;"80 0622-19.0;";0;ETCS fallend;;;False;ETCS fallend;False;00:38:32;00:38:32;-;-;False;-;-;2312;2312
11225;ETCS fallend;0/00:38:33;0/00:38:33;00:39;00:39;00:39;00:39;-;100,00;97,09;100,00;-;100,00;-;K;-;ETCS-Stützstelle;;S2;Strecke 2;0/00:07:32;-;140,00;1,0000;1,030;-;-;54,0;118,0;ETCS L1;False;False;0;-; 0,0; 0,0; 0,0;S2: VDV 2 - Strecke 2 - VDV 1;0,000000;31642,0;  0,0;6227,3;  0,0;1,030;1,00;1,00;"80 0622-19.0;";0;ETCS fallend;;;False;ETCS fallend;False;00:38:33;00:38:33;-;-;False;-;-;2313;2313
11250;ETCS fallend;0/00:38:34;0/00:38:34;00:39;00:39;00:39;00:39;-;100,00;97,09;100,00;-;100,00;-;K;-;ETCS-Stützstelle;;S2;Strecke 2;0/00:07:32;-;140,00;1,0000;1,030;-;-;54,0;118,0;ETCS L1;False;False;0;-; 0,0; 0,0; 0,0;S2: VDV 2 - Strecke 2 - VDV 1;0,000000;31642,0;  0,0;6227,3;  0,0;1,030;1,00;1,00;"80 0622-19.0;";0;ETCS fallend;;;False;ETCS fallend;False;00:38:34;00:38:34;-;-;False;-;-;2314;2314
11275;ETCS fallend;0/00:38:35;0/00:38:35;00:39;00:39;00:39;00:39;-;100,00;97,09;100,00;-;100,00;-;K;-;ETCS-Stützstelle;;S2;Strecke 2;0/00:07:33;-;140,00;1,0000;1,030;-;-;54,0;118,0;ETCS L1;False;False;0;-; 0,0; 0,0; 0,0;S2: VDV 2 - Strecke 2 - VDV 1;0,000000;31642,0;  0,0;6227,3;  0,0;1,030;1,00;1,00;"80 0622-19.0;";0;ETCS fallend;;;False;ETCS fallend;False;00:38:35;00:38:35;-;-;False;-;-;2315;2315
11300;ETCS fallend;0/00:38:36;0/00:38:36;00:39;00:39;00:39;00:39;-;100,00;97,09;100,00;-;100,00;-;K;-;ETCS-Stützstelle;;S2;Strecke 2;0/00:07:34;-;140,00;1,0000;1,030;-;-;54,0;118,0;ETCS L1;False;False;0;-; 0,0; 0,0; 0,0;S2: VDV 2 - Strecke 2 - VDV 1;0,000000;31642,0;  0,0;6227,3;  0,0;1,030;1,00;1,00;"80 0622-19.0;";0;ETCS fallend;;;False;ETCS fallend;False;00:38:36;00:38:36;-;-;False;-;-;2316;2316
11325;ETCS fallend;0/00:38:37;0/00:38:37;00:39;00:39;00:39;00:39;-;100,00;97,09;100,00;-;100,00;-;K;-;ETCS-Stützstelle;;S2;Strecke 2;0/00:07:35;-;140,00;1,0000;1,030;-;-;54,0;118,0;ETCS L1;False;False;0;-; 0,0; 0,0; 0,0;S2: VDV 2 - Strecke 2 - VDV 1;0,000000;31642,0;  0,0;6227,3;  0,0;1,030;1,00;1,00;"80 0622-19.0;";0;ETCS fallend;;;False;ETCS fallend;False;00:38:37;00:38:37;-;-;False;-;-;2317;2317
11350;ETCS fallend;0/00:38:38;0/00:38:38;00:39;00:39;00:39;00:39;-;100,00;97,09;100,00;-;100,00;-;K;-;ETCS-Stützstelle;;S2;Strecke 2;0/00:07:36;-;140,00;1,0000;1,030;-;-;54,0;118,0;ETCS L1;False;False;0;-; 0,0; 0,0; 0,0;S2: VDV 2 - Strecke 2 - VDV 1;0,000000;31642,0;  0,0;6227,3;  0,0;1,030;1,00;1,00;"80 0622-19.0;";0;ETCS fallend;;;False;ETCS fallend;False;00:38:38;00:38:38;-;-;False;-;-;2318;2318
11375;ETCS fallend;0/00:38:39;0/00:38:39;00:39;00:39;00:39;00:39;-;100,00;97,09;100,00;-;100,00;-;K;-;ETCS-Stützstelle;;S2;Strecke 2;0/00:07:37;-;140,00;1,0000;1,030;-;-;54,0;118,0;ETCS L1;False;False;0;-; 0,0; 0,0; 0,0;S2: VDV 2 - Strecke 2 - VDV 1;0,000000;31642,0;  0,0;6227,3;  0,0;1,030;1,00;1,00;"80 0622-19.0;";0;ETCS fallend;;;False;ETCS fallend;False;00:38:39;00:38:39;-;-;False;-;-;2319;2319
11400;ETCS fallend;0/00:38:40;0/00:38:40;00:39;00:39;00:39;00:39;-;100,00;97,09;100,00;-;100,00;-;K;-;ETCS-Stützstelle;;S2;Strecke 2;0/00:07:38;-;140,00;1,0000;1,030;-;-;54,0;118,0;ETCS L1;False;False;0;-; 0,0; 0,0; 0,0;S2: VDV 2 - Strecke 2 - VDV 1;0,000000;31642,0;  0,0;6227,3;  0,0;1,030;1,00;1,00;"80 0622-19.0;";0;ETCS fallend;;;False;ETCS fallend;False;00:38:40;00:38:40;-;-;False;-;-;2320;2320
11425;ETCS fallend;0/00:38:41;0/00:38:41;00:39;00:39;00:39;00:39;-;100,00;97,09;100,00;-;100,00;-;K;-;ETCS-Stützstelle;;S2;Strecke 2;0/00:07:39;-;140,00;1,0000;1,030;-;-;54,0;118,0;ETCS L1;False;False;0;-; 0,0; 0,0; 0,0;S2: VDV 2 - Strecke 2 - VDV 1;0,000000;31642,0;  0,0;6227,3;  0,0;1,030;1,00;1,00;"80 0622-19.0;";0;ETCS fallend;;;False;ETCS fallend;False;00:38:41;00:38:41;-;-;False;-;-;2321;2321
11450;ETCS fallend;0/00:38:42;0/00:38:42;00:39;00:39;00:39;00:39;-;100,00;97,09;100,00;-;100,00;-;K;-;ETCS-Stützstelle;;S2;Strecke 2;0/00:07:40;-;140,00;1,0000;1,030;-;-;54,0;118,0;ETCS L1;False;False;0;-; 0,0; 0,0; 0,0;S2: VDV 2 - Strecke 2 - VDV 1;0,000000;31642,0;  0,0;6227,3;  0,0;1,030;1,00;1,00;"80 0622-19.0;";0;ETCS fallend;;;False;ETCS fallend;False;00:38:42;00:38:42;-;-;False;-;-;2322;2322
11475;ETCS fallend;0/00:38:42;0/00:38:42;00:39;00:39;00:39;00:39;-;100,00;97,09;100,00;-;100,00;-;K;-;ETCS-Stützstelle;;S2;Strecke 2;0/00:07:41;-;140,00;1,0000;1,030;-;-;54,0;118,0;ETCS L1;False;False;0;-; 0,0; 0,0; 0,0;S2: VDV 2 - Strecke 2 - VDV 1;0,000000;31642,0;  0,0;6227,3;  0,0;1,030;1,00;1,00;"80 0622-19.0;";0;ETCS fallend;;;False;ETCS fallend;False;00:38:42;00:38:42;-;-;False;-;-;2322;2322
11500;ETCS fallend;0/00:38:43;0/00:38:43;00:39;00:39;00:39;00:39;-;100,00;97,09;100,00;-;100,00;-;K;-;ETCS-Stützstelle;;S2;Strecke 2;0/00:07:41;-;140,00;1,0000;1,030;-;-;54,0;118,0;ETCS L1;False;False;0;-; 0,0; 0,0; 0,0;S2: VDV 2 - Strecke 2 - VDV 1;0,000000;31642,0;  0,0;6227,3;  0,0;1,030;1,00;1,00;"80 0622-19.0;";0;ETCS fallend;;;False;ETCS fallend;False;00:38:43;00:38:43;-;-;False;-;-;2323;2323
11525;ETCS fallend;0/00:38:44;0/00:38:44;00:39;00:39;00:39;00:39;-;100,00;97,09;100,00;-;100,00;-;K;-;ETCS-Stützstelle;;S2;Strecke 2;0/00:07:42;-;140,00;1,0000;1,030;-;-;54,0;118,0;ETCS L1;False;False;0;-; 0,0; 0,0; 0,0;S2: VDV 2 - Strecke 2 - VDV 1;0,000000;31642,0;  0,0;6227,3;  0,0;1,030;1,00;1,00;"80 0622-19.0;";0;ETCS fallend;;;False;ETCS fallend;False;00:38:44;00:38:44;-;-;False;-;-;2324;2324
11550;ETCS fallend;0/00:38:45;0/00:38:45;00:39;00:39;00:39;00:39;-;100,00;97,09;100,00;-;100,00;-;K;-;ETCS-Stützstelle;;S2;Strecke 2;0/00:07:43;-;140,00;1,0000;1,030;-;-;54,0;118,0;ETCS L1;False;False;0;-; 0,0; 0,0; 0,0;S2: VDV 2 - Strecke 2 - VDV 1;0,000000;31642,0;  0,0;6227,3;  0,0;1,030;1,00;1,00;"80 0622-19.0;";0;ETCS fallend;;;False;ETCS fallend;False;00:38:45;00:38:45;-;-;False;-;-;2325;2325
11575;ETCS fallend;0/00:38:46;0/00:38:46;00:39;00:39;00:39;00:39;-;100,00;97,09;100,00;-;100,00;-;K;-;ETCS-Stützstelle;;S2;Strecke 2;0/00:07:44;-;140,00;1,0000;1,030;-;-;54,0;118,0;ETCS L1;False;False;0;-; 0,0; 0,0; 0,0;S2: VDV 2 - Strecke 2 - VDV 1;0,000000;31642,0;  0,0;6227,3;  0,0;1,030;1,00;1,00;"80 0622-19.0;";0;ETCS fallend;;;False;ETCS fallend;False;00:38:46;00:38:46;-;-;False;-;-;2326;2326
11600;ETCS fallend;0/00:38:47;0/00:38:47;00:39;00:39;00:39;00:39;-;100,00;97,09;100,00;-;100,00;-;K;-;ETCS-Stützstelle;;S2;Strecke 2;0/00:07:45;-;140,00;1,0000;1,030;-;-;54,0;118,0;ETCS L1;False;False;0;-; 0,0; 0,0; 0,0;S2: VDV 2 - Strecke 2 - VDV 1;0,000000;31642,0;  0,0;6227,3;  0,0;1,030;1,00;1,00;"80 0622-19.0;";0;ETCS fallend;;;False;ETCS fallend;False;00:38:47;00:38:47;-;-;False;-;-;2327;2327
11625;ETCS fallend;0/00:38:48;0/00:38:48;00:39;00:39;00:39;00:39;-;100,00;97,09;100,00;-;100,00;-;K;-;ETCS-Stützstelle;;S2;Strecke 2;0/00:07:46;-;140,00;1,0000;1,030;-;-;54,0;118,0;ETCS L1;False;False;0;-; 0,0; 0,0; 0,0;S2: VDV 2 - Strecke 2 - VDV 1;0,000000;31642,0;  0,0;6227,3;  0,0;1,030;1,00;1,00;"80 0622-19.0;";0;ETCS fallend;;;False;ETCS fallend;False;00:38:48;00:38:48;-;-;False;-;-;2328;2328
11650;ETCS fallend;0/00:38:49;0/00:38:49;00:39;00:39;00:39;00:39;-;100,00;97,09;100,00;-;100,00;-;K;-;ETCS-Stützstelle;;S2;Strecke 2;0/00:07:47;-;140,00;1,0000;1,030;-;-;54,0;118,0;ETCS L1;False;False;0;-; 0,0; 0,0; 0,0;S2: VDV 2 - Strecke 2 - VDV 1;0,000000;31642,0;  0,0;6227,3;  0,0;1,030;1,00;1,00;"80 0622-19.0;";0;ETCS fallend;;;False;ETCS fallend;False;00:38:49;00:38:49;-;-;False;-;-;2329;2329
11675;ETCS fallend;0/00:38:50;0/00:38:50;00:39;00:39;00:39;00:39;-;100,00;97,09;100,00;-;100,00;-;K;-;ETCS-Stützstelle;;S2;Strecke 2;0/00:07:48;-;140,00;1,0000;1,030;-;-;54,0;118,0;ETCS L1;False;False;0;-; 0,0; 0,0; 0,0;S2: VDV 2 - Strecke 2 - VDV 1;0,000000;31642,0;  0,0;6227,3;  0,0;1,030;1,00;1,00;"80 0622-19.0;";0;ETCS fallend;;;False;ETCS fallend;False;00:38:50;00:38:50;-;-;False;-;-;2330;2330
11700;ETCS fallend;0/00:38:51;0/00:38:51;00:39;00:39;00:39;00:39;-;100,00;97,09;100,00;-;100,00;-;K;-;ETCS-Stützstelle;;S2;Strecke 2;0/00:07:49;-;140,00;1,0000;1,030;-;-;54,0;118,0;ETCS L1;False;False;0;-; 0,0; 0,0; 0,0;S2: VDV 2 - Strecke 2 - VDV 1;0,000000;31642,0;  0,0;6227,3;  0,0;1,030;1,00;1,00;"80 0622-19.0;";0;ETCS fallend;;;False;ETCS fallend;False;00:38:51;00:38:51;-;-;False;-;-;2331;2331
11725;ETCS fallend;0/00:38:52;0/00:38:52;00:39;00:39;00:39;00:39;-;100,00;97,09;100,00;-;100,00;-;K;-;ETCS-Stützstelle;;S2;Strecke 2;0/00:07:50;-;140,00;1,0000;1,030;-;-;54,0;118,0;ETCS L1;False;False;0;-; 0,0; 0,0; 0,0;S2: VDV 2 - Strecke 2 - VDV 1;0,000000;31642,0;  0,0;6227,3;  0,0;1,030;1,00;1,00;"80 0622-19.0;";0;ETCS fallend;;;False;ETCS fallend;False;00:38:52;00:38:52;-;-;False;-;-;2332;2332
11750;ETCS fallend;0/00:38:53;0/00:38:53;00:39;00:39;00:39;00:39;-;100,00;97,09;100,00;-;100,00;-;K;-;ETCS-Stützstelle;;S2;Strecke 2;0/00:07:50;-;140,00;1,0000;1,030;-;-;54,0;118,0;ETCS L1;False;False;0;-; 0,0; 0,0; 0,0;S2: VDV 2 - Strecke 2 - VDV 1;0,000000;31642,0;  0,0;6227,3;  0,0;1,030;1,00;1,00;"80 0622-19.0;";0;ETCS fallend;;;False;ETCS fallend;False;00:38:53;00:38:53;-;-;False;-;-;2333;2333
11775;ETCS fallend;0/00:38:54;0/00:38:54;00:39;00:39;00:39;00:39;-;100,00;97,09;100,00;-;100,00;-;K;-;ETCS-Stützstelle;;S2;Strecke 2;0/00:07:51;-;140,00;1,0000;1,030;-;-;54,0;118,0;ETCS L1;False;False;0;-; 0,0; 0,0; 0,0;S2: VDV 2 - Strecke 2 - VDV 1;0,000000;31642,0;  0,0;6227,3;  0,0;1,030;1,00;1,00;"80 0622-19.0;";0;ETCS fallend;;;False;ETCS fallend;False;00:38:54;00:38:54;-;-;False;-;-;2334;2334
11800;ETCS fallend;0/00:38:55;0/00:38:55;00:39;00:39;00:39;00:39;-;100,00;97,09;100,00;-;100,00;-;K;-;ETCS-Stützstelle;;S2;Strecke 2;0/00:07:52;-;140,00;1,0000;1,030;-;-;54,0;118,0;ETCS L1;False;False;0;-; 0,0; 0,0; 0,0;S2: VDV 2 - Strecke 2 - VDV 1;0,000000;31642,0;  0,0;6227,3;  0,0;1,030;1,00;1,00;"80 0622-19.0;";0;ETCS fallend;;;False;ETCS fallend;False;00:38:55;00:38:55;-;-;False;-;-;2335;2335
11825;ETCS fallend;0/00:38:55;0/00:38:55;00:39;00:39;00:39;00:39;-;100,00;97,09;100,00;-;100,00;-;K;-;ETCS-Stützstelle;;S2;Strecke 2;0/00:07:53;-;140,00;1,0000;1,030;-;-;54,0;118,0;ETCS L1;False;False;0;-; 0,0; 0,0; 0,0;S2: VDV 2 - Strecke 2 - VDV 1;0,000000;31642,0;  0,0;6227,3;  0,0;1,030;1,00;1,00;"80 0622-19.0;";0;ETCS fallend;;;False;ETCS fallend;False;00:38:55;00:38:55;-;-;False;-;-;2335;2335
11850;ETCS fallend;0/00:38:56;0/00:38:56;00:39;00:39;00:39;00:39;-;100,00;97,09;100,00;-;100,00;-;K;-;ETCS-Stützstelle;;S2;Strecke 2;0/00:07:54;-;140,00;1,0000;1,030;-;-;54,0;118,0;ETCS L1;False;False;0;-; 0,0; 0,0; 0,0;S2: VDV 2 - Strecke 2 - VDV 1;0,000000;31642,0;  0,0;6227,3;  0,0;1,030;1,00;1,00;"80 0622-19.0;";0;ETCS fallend;;;False;ETCS fallend;False;00:38:56;00:38:56;-;-;False;-;-;2336;2336
11875;ETCS fallend;0/00:38:57;0/00:38:57;00:39;00:39;00:39;00:39;-;100,00;97,09;100,00;-;100,00;-;K;-;ETCS-Stützstelle;;S2;Strecke 2;0/00:07:55;-;140,00;1,0000;1,030;-;-;54,0;118,0;ETCS L1;False;False;0;-; 0,0; 0,0; 0,0;S2: VDV 2 - Strecke 2 - VDV 1;0,000000;31642,0;  0,0;6227,3;  0,0;1,030;1,00;1,00;"80 0622-19.0;";0;ETCS fallend;;;False;ETCS fallend;False;00:38:57;00:38:57;-;-;False;-;-;2337;2337
11900;ETCS fallend;0/00:38:58;0/00:38:58;00:39;00:39;00:39;00:39;-;100,00;97,09;100,00;-;100,00;-;K;-;ETCS-Stützstelle;;S2;Strecke 2;0/00:07:56;-;140,00;1,0000;1,030;-;-;54,0;118,0;ETCS L1;False;False;0;-; 0,0; 0,0; 0,0;S2: VDV 2 - Strecke 2 - VDV 1;0,000000;31642,0;  0,0;6227,3;  0,0;1,030;1,00;1,00;"80 0622-19.0;";0;ETCS fallend;;;False;ETCS fallend;False;00:38:58;00:38:58;-;-;False;-;-;2338;2338
11925;ETCS fallend;0/00:38:59;0/00:38:59;00:39;00:39;00:39;00:39;-;100,00;97,09;100,00;-;100,00;-;K;-;ETCS-Stützstelle;;S2;Strecke 2;0/00:07:57;-;140,00;1,0000;1,030;-;-;54,0;118,0;ETCS L1;False;False;0;-; 0,0; 0,0; 0,0;S2: VDV 2 - Strecke 2 - VDV 1;0,000000;31642,0;  0,0;6227,3;  0,0;1,030;1,00;1,00;"80 0622-19.0;";0;ETCS fallend;;;False;ETCS fallend;False;00:38:59;00:38:59;-;-;False;-;-;2339;2339
11950;ETCS fallend;0/00:39:00;0/00:39:00;00:39;00:39;00:39;00:39;-;100,00;97,09;100,00;-;100,00;-;K;-;ETCS-Stützstelle;;S2;Strecke 2;0/00:07:58;-;140,00;1,0000;1,030;-;-;54,0;118,0;ETCS L1;False;False;0;-; 0,0; 0,0; 0,0;S2: VDV 2 - Strecke 2 - VDV 1;0,000000;31642,0;  0,0;6227,3;  0,0;1,030;1,00;1,00;"80 0622-19.0;";0;ETCS fallend;;;False;ETCS fallend;False;00:39:00;00:39:00;-;-;False;-;-;2340;2340
11975;ETCS fallend;0/00:39:01;0/00:39:01;00:39;00:39;00:39;00:39;-;100,00;97,09;100,00;-;100,00;-;K;-;ETCS-Stützstelle;;S2;Strecke 2;0/00:07:59;-;140,00;1,0000;1,030;-;-;54,0;118,0;ETCS L1;False;False;0;-; 0,0; 0,0; 0,0;S2: VDV 2 - Strecke 2 - VDV 1;0,000000;31642,0;  0,0;6227,3;  0,0;1,030;1,00;1,00;"80 0622-19.0;";0;ETCS fallend;;;False;ETCS fallend;False;00:39:01;00:39:01;-;-;False;-;-;2341;2341
12000;ETCS fallend;0/00:39:02;0/00:39:02;00:39;00:39;00:39;00:39;-;100,00;97,09;100,00;-;100,00;-;K;-;ETCS-Stützstelle;;S2;Strecke 2;0/00:07:59;-;140,00;1,0000;1,030;-;-;54,0;118,0;ETCS L1;False;False;0;-; 0,0; 0,0; 0,0;S2: VDV 2 - Strecke 2 - VDV 1;0,000000;31642,0;  0,0;6227,3;  0,0;1,030;1,00;1,00;"80 0622-19.0;";0;ETCS fallend;;;False;ETCS fallend;False;00:39:02;00:39:02;-;-;False;-;-;2342;2342
12025;ETCS fallend;0/00:39:03;0/00:39:03;00:39;00:39;00:39;00:39;-;100,00;97,09;100,00;-;100,00;-;K;-;ETCS-Stützstelle;;S2;Strecke 2;0/00:08:00;-;140,00;1,0000;1,030;-;-;54,0;118,0;ETCS L1;False;False;0;-; 0,0; 0,0; 0,0;S2: VDV 2 - Strecke 2 - VDV 1;0,000000;31642,0;  0,0;6227,3;  0,0;1,030;1,00;1,00;"80 0622-19.0;";0;ETCS fallend;;;False;ETCS fallend;False;00:39:03;00:39:03;-;-;False;-;-;2343;2343
12050;ETCS fallend;0/00:39:04;0/00:39:04;00:39;00:39;00:39;00:39;-;100,00;97,09;100,00;-;100,00;-;K;-;ETCS-Stützstelle;;S2;Strecke 2;0/00:08:01;-;140,00;1,0000;1,030;-;-;54,0;118,0;ETCS L1;False;False;0;-; 0,0; 0,0; 0,0;S2: VDV 2 - Strecke 2 - VDV 1;0,000000;31642,0;  0,0;6227,3;  0,0;1,030;1,00;1,00;"80 0622-19.0;";0;ETCS fallend;;;False;ETCS fallend;False;00:39:04;00:39:04;-;-;False;-;-;2344;2344
12075;ETCS fallend;0/00:39:05;0/00:39:05;00:39;00:39;00:39;00:39;-;100,00;97,09;100,00;-;100,00;-;K;-;ETCS-Stützstelle;;S2;Strecke 2;0/00:08:02;-;140,00;1,0000;1,030;-;-;54,0;118,0;ETCS L1;False;False;0;-; 0,0; 0,0; 0,0;S2: VDV 2 - Strecke 2 - VDV 1;0,000000;31642,0;  0,0;6227,3;  0,0;1,030;1,00;1,00;"80 0622-19.0;";0;ETCS fallend;;;False;ETCS fallend;False;00:39:05;00:39:05;-;-;False;-;-;2345;2345
12100;ETCS fallend;0/00:39:06;0/00:39:06;00:39;00:39;00:39;00:39;-;100,00;97,09;100,00;-;100,00;-;K;-;ETCS-Stützstelle;;S2;Strecke 2;0/00:08:03;-;140,00;1,0000;1,030;-;-;54,0;118,0;ETCS L1;False;False;0;-; 0,0; 0,0; 0,0;S2: VDV 2 - Strecke 2 - VDV 1;0,000000;31642,0;  0,0;6227,3;  0,0;1,030;1,00;1,00;"80 0622-19.0;";0;ETCS fallend;;;False;ETCS fallend;False;00:39:06;00:39:06;-;-;False;-;-;2346;2346
12125;ETCS fallend;0/00:39:07;0/00:39:07;00:39;00:39;00:39;00:39;-;100,00;97,09;100,00;-;100,00;-;K;-;ETCS-Stützstelle;;S2;Strecke 2;0/00:08:04;-;140,00;1,0000;1,030;-;-;54,0;118,0;ETCS L1;False;False;0;-; 0,0; 0,0; 0,0;S2: VDV 2 - Strecke 2 - VDV 1;0,000000;31642,0;  0,0;6227,3;  0,0;1,030;1,00;1,00;"80 0622-19.0;";0;ETCS fallend;;;False;ETCS fallend;False;00:39:07;00:39:07;-;-;False;-;-;2347;2347
12150;ETCS fallend;0/00:39:07;0/00:39:07;00:39;00:39;00:39;00:39;-;100,00;97,09;100,00;-;100,00;-;K;-;ETCS-Stützstelle;;S2;Strecke 2;0/00:08:05;-;140,00;1,0000;1,030;-;-;54,0;118,0;ETCS L1;False;False;0;-; 0,0; 0,0; 0,0;S2: VDV 2 - Strecke 2 - VDV 1;0,000000;31642,0;  0,0;6227,3;  0,0;1,030;1,00;1,00;"80 0622-19.0;";0;ETCS fallend;;;False;ETCS fallend;False;00:39:07;00:39:07;-;-;False;-;-;2347;2347
12175;ETCS fallend;0/00:39:08;0/00:39:08;00:39;00:39;00:39;00:39;-;100,00;97,09;100,00;-;100,00;-;K;-;ETCS-Stützstelle;;S2;Strecke 2;0/00:08:06;-;140,00;1,0000;1,030;-;-;54,0;118,0;ETCS L1;False;False;0;-; 0,0; 0,0; 0,0;S2: VDV 2 - Strecke 2 - VDV 1;0,000000;31642,0;  0,0;6227,3;  0,0;1,030;1,00;1,00;"80 0622-19.0;";0;ETCS fallend;;;False;ETCS fallend;False;00:39:08;00:39:08;-;-;False;-;-;2348;2348
12200;ETCS fallend;0/00:39:09;0/00:39:09;00:39;00:39;00:39;00:39;-;100,00;97,09;100,00;-;100,00;-;K;-;ETCS-Stützstelle;;S2;Strecke 2;0/00:08:07;-;140,00;1,0000;1,030;-;-;54,0;118,0;ETCS L1;False;False;0;-; 0,0; 0,0; 0,0;S2: VDV 2 - Strecke 2 - VDV 1;0,000000;31642,0;  0,0;6227,3;  0,0;1,030;1,00;1,00;"80 0622-19.0;";0;ETCS fallend;;;False;ETCS fallend;False;00:39:09;00:39:09;-;-;False;-;-;2349;2349
12225;ETCS fallend;0/00:39:10;0/00:39:10;00:39;00:39;00:39;00:39;-;100,00;97,09;100,00;-;100,00;-;K;-;ETCS-Stützstelle;;S2;Strecke 2;0/00:08:08;-;140,00;1,0000;1,030;-;-;54,0;118,0;ETCS L1;False;False;0;-; 0,0; 0,0; 0,0;S2: VDV 2 - Strecke 2 - VDV 1;0,000000;31642,0;  0,0;6227,3;  0,0;1,030;1,00;1,00;"80 0622-19.0;";0;ETCS fallend;;;False;ETCS fallend;False;00:39:10;00:39:10;-;-;False;-;-;2350;2350
12250;ETCS fallend;0/00:39:11;0/00:39:11;00:39;00:39;00:39;00:39;-;100,00;97,09;100,00;-;100,00;-;K;-;ETCS-Stützstelle;;S2;Strecke 2;0/00:08:08;-;140,00;1,0000;1,030;-;-;54,0;118,0;ETCS L1;False;False;0;-; 0,0; 0,0; 0,0;S2: VDV 2 - Strecke 2 - VDV 1;0,000000;31642,0;  0,0;6227,3;  0,0;1,030;1,00;1,00;"80 0622-19.0;";0;ETCS fallend;;;False;ETCS fallend;False;00:39:11;00:39:11;-;-;False;-;-;2351;2351
12275;ETCS fallend;0/00:39:12;0/00:39:12;00:39;00:39;00:39;00:39;-;100,00;97,09;100,00;-;100,00;-;K;-;ETCS-Stützstelle;;S2;Strecke 2;0/00:08:09;-;140,00;1,0000;1,030;-;-;54,0;118,0;ETCS L1;False;False;0;-; 0,0; 0,0; 0,0;S2: VDV 2 - Strecke 2 - VDV 1;0,000000;31642,0;  0,0;6227,3;  0,0;1,030;1,00;1,00;"80 0622-19.0;";0;ETCS fallend;;;False;ETCS fallend;False;00:39:12;00:39:12;-;-;False;-;-;2352;2352
12300;ETCS fallend;0/00:39:13;0/00:39:13;00:39;00:39;00:39;00:39;-;100,00;97,09;100,00;-;100,00;-;K;-;ETCS-Stützstelle;;S2;Strecke 2;0/00:08:10;-;140,00;1,0000;1,030;-;-;54,0;118,0;ETCS L1;False;False;0;-; 0,0; 0,0; 0,0;S2: VDV 2 - Strecke 2 - VDV 1;0,000000;31642,0;  0,0;6227,3;  0,0;1,030;1,00;1,00;"80 0622-19.0;";0;ETCS fallend;;;False;ETCS fallend;False;00:39:13;00:39:13;-;-;False;-;-;2353;2353
12325;ETCS fallend;0/00:39:14;0/00:39:14;00:39;00:39;00:39;00:39;-;100,00;97,09;100,00;-;100,00;-;K;-;ETCS-Stützstelle;;S2;Strecke 2;0/00:08:11;-;140,00;1,0000;1,030;-;-;54,0;118,0;ETCS L1;False;False;0;-; 0,0; 0,0; 0,0;S2: VDV 2 - Strecke 2 - VDV 1;0,000000;31642,0;  0,0;6227,3;  0,0;1,030;1,00;1,00;"80 0622-19.0;";0;ETCS fallend;;;False;ETCS fallend;False;00:39:14;00:39:14;-;-;False;-;-;2354;2354
12350;ETCS fallend;0/00:39:15;0/00:39:15;00:39;00:39;00:39;00:39;-;100,00;97,09;100,00;-;100,00;-;K;-;ETCS-Stützstelle;;S2;Strecke 2;0/00:08:12;-;140,00;1,0000;1,030;-;-;54,0;118,0;ETCS L1;False;False;0;-; 0,0; 0,0; 0,0;S2: VDV 2 - Strecke 2 - VDV 1;0,000000;31642,0;  0,0;6227,3;  0,0;1,030;1,00;1,00;"80 0622-19.0;";0;ETCS fallend;;;False;ETCS fallend;False;00:39:15;00:39:15;-;-;False;-;-;2355;2355
12375;ETCS fallend;0/00:39:16;0/00:39:16;00:39;00:39;00:39;00:39;-;100,00;97,09;100,00;-;100,00;-;K;-;ETCS-Stützstelle;;S2;Strecke 2;0/00:08:13;-;140,00;1,0000;1,030;-;-;54,0;118,0;ETCS L1;False;False;0;-; 0,0; 0,0; 0,0;S2: VDV 2 - Strecke 2 - VDV 1;0,000000;31642,0;  0,0;6227,3;  0,0;1,030;1,00;1,00;"80 0622-19.0;";0;ETCS fallend;;;False;ETCS fallend;False;00:39:16;00:39:16;-;-;False;-;-;2356;2356
12400;ETCS fallend;0/00:39:17;0/00:39:17;00:39;00:39;00:39;00:39;-;100,00;97,09;100,00;-;100,00;-;K;-;ETCS-Stützstelle;;S2;Strecke 2;0/00:08:14;-;140,00;1,0000;1,030;-;-;54,0;118,0;ETCS L1;False;False;0;-; 0,0; 0,0; 0,0;S2: VDV 2 - Strecke 2 - VDV 1;0,000000;31642,0;  0,0;6227,3;  0,0;1,030;1,00;1,00;"80 0622-19.0;";0;ETCS fallend;;;False;ETCS fallend;False;00:39:17;00:39:17;-;-;False;-;-;2357;2357
12425;ETCS fallend;0/00:39:18;0/00:39:18;00:39;00:39;00:39;00:39;-;100,00;97,09;100,00;-;100,00;-;K;-;ETCS-Stützstelle;;S2;Strecke 2;0/00:08:15;-;140,00;1,0000;1,030;-;-;54,0;118,0;ETCS L1;False;False;0;-; 0,0; 0,0; 0,0;S2: VDV 2 - Strecke 2 - VDV 1;0,000000;31642,0;  0,0;6227,3;  0,0;1,030;1,00;1,00;"80 0622-19.0;";0;ETCS fallend;;;False;ETCS fallend;False;00:39:18;00:39:18;-;-;False;-;-;2358;2358
12450;ETCS fallend;0/00:39:19;0/00:39:19;00:39;00:39;00:39;00:39;-;100,00;97,09;100,00;-;100,00;-;K;-;ETCS-Stützstelle;;S2;Strecke 2;0/00:08:16;-;140,00;1,0000;1,030;-;-;54,0;118,0;ETCS L1;False;False;0;-; 0,0; 0,0; 0,0;S2: VDV 2 - Strecke 2 - VDV 1;0,000000;31642,0;  0,0;6227,3;  0,0;1,030;1,00;1,00;"80 0622-19.0;";0;ETCS fallend;;;False;ETCS fallend;False;00:39:19;00:39:19;-;-;False;-;-;2359;2359
12475;ETCS fallend;0/00:39:20;0/00:39:20;00:39;00:39;00:39;00:39;-;100,00;97,09;100,00;-;100,00;-;K;-;ETCS-Stützstelle;;S2;Strecke 2;0/00:08:17;-;140,00;1,0000;1,030;-;-;54,0;118,0;ETCS L1;False;False;0;-; 0,0; 0,0; 0,0;S2: VDV 2 - Strecke 2 - VDV 1;0,000000;31642,0;  0,0;6227,3;  0,0;1,030;1,00;1,00;"80 0622-19.0;";0;ETCS fallend;;;False;ETCS fallend;False;00:39:20;00:39:20;-;-;False;-;-;2360;2360
12500;ETCS fallend;0/00:39:20;0/00:39:20;00:39;00:39;00:39;00:39;-;100,00;97,09;100,00;-;100,00;-;K;-;ETCS-Stützstelle;;S2;Strecke 2;0/00:08:17;-;140,00;1,0000;1,030;-;-;54,0;118,0;ETCS L1;False;False;0;-; 0,0; 0,0; 0,0;S2: VDV 2 - Strecke 2 - VDV 1;0,000000;31642,0;  0,0;6227,3;  0,0;1,030;1,00;1,00;"80 0622-19.0;";0;ETCS fallend;;;False;ETCS fallend;False;00:39:20;00:39:20;-;-;False;-;-;2360;2360
12525;ETCS fallend;0/00:39:21;0/00:39:21;00:39;00:39;00:39;00:39;-;100,00;97,09;100,00;-;100,00;-;K;-;ETCS-Stützstelle;;S2;Strecke 2;0/00:08:18;-;140,00;1,0000;1,030;-;-;54,0;118,0;ETCS L1;False;False;0;-; 0,0; 0,0; 0,0;S2: VDV 2 - Strecke 2 - VDV 1;0,000000;31642,0;  0,0;6227,3;  0,0;1,030;1,00;1,00;"80 0622-19.0;";0;ETCS fallend;;;False;ETCS fallend;False;00:39:21;00:39:21;-;-;False;-;-;2361;2361
12550;ETCS fallend;0/00:39:22;0/00:39:22;00:39;00:39;00:39;00:39;-;100,00;97,09;100,00;-;100,00;-;K;-;ETCS-Stützstelle;;S2;Strecke 2;0/00:08:19;-;140,00;1,0000;1,030;-;-;54,0;118,0;ETCS L1;False;False;0;-; 0,0; 0,0; 0,0;S2: VDV 2 - Strecke 2 - VDV 1;0,000000;31642,0;  0,0;6227,3;  0,0;1,030;1,00;1,00;"80 0622-19.0;";0;ETCS fallend;;;False;ETCS fallend;False;00:39:22;00:39:22;-;-;False;-;-;2362;2362
12575;ETCS fallend;0/00:39:23;0/00:39:23;00:39;00:39;00:39;00:39;-;100,00;97,09;100,00;-;100,00;-;K;-;ETCS-Stützstelle;;S2;Strecke 2;0/00:08:20;-;140,00;1,0000;1,030;-;-;54,0;118,0;ETCS L1;False;False;0;-; 0,0; 0,0; 0,0;S2: VDV 2 - Strecke 2 - VDV 1;0,000000;31642,0;  0,0;6227,3;  0,0;1,030;1,00;1,00;"80 0622-19.0;";0;ETCS fallend;;;False;ETCS fallend;False;00:39:23;00:39:23;-;-;False;-;-;2363;2363
12600;ETCS fallend;0/00:39:24;0/00:39:24;00:39;00:39;00:39;00:39;-;100,00;97,09;100,00;-;100,00;-;K;-;ETCS-Stützstelle;;S2;Strecke 2;0/00:08:21;-;140,00;1,0000;1,030;-;-;54,0;118,0;ETCS L1;False;False;0;-; 0,0; 0,0; 0,0;S2: VDV 2 - Strecke 2 - VDV 1;0,000000;31642,0;  0,0;6227,3;  0,0;1,030;1,00;1,00;"80 0622-19.0;";0;ETCS fallend;;;False;ETCS fallend;False;00:39:24;00:39:24;-;-;False;-;-;2364;2364
12625;ETCS fallend;0/00:39:25;0/00:39:25;00:39;00:39;00:39;00:39;-;100,00;97,09;100,00;-;100,00;-;K;-;ETCS-Stützstelle;;S2;Strecke 2;0/00:08:22;-;140,00;1,0000;1,030;-;-;54,0;118,0;ETCS L1;False;False;0;-; 0,0; 0,0; 0,0;S2: VDV 2 - Strecke 2 - VDV 1;0,000000;31642,0;  0,0;6227,3;  0,0;1,030;1,00;1,00;"80 0622-19.0;";0;ETCS fallend;;;False;ETCS fallend;False;00:39:25;00:39:25;-;-;False;-;-;2365;2365
12650;ETCS fallend;0/00:39:26;0/00:39:26;00:39;00:39;00:39;00:39;-;100,00;97,09;100,00;-;100,00;-;K;-;ETCS-Stützstelle;;S2;Strecke 2;0/00:08:23;-;140,00;1,0000;1,030;-;-;54,0;118,0;ETCS L1;False;False;0;-; 0,0; 0,0; 0,0;S2: VDV 2 - Strecke 2 - VDV 1;0,000000;31642,0;  0,0;6227,3;  0,0;1,030;1,00;1,00;"80 0622-19.0;";0;ETCS fallend;;;False;ETCS fallend;False;00:39:26;00:39:26;-;-;False;-;-;2366;2366
12675;ETCS fallend;0/00:39:27;0/00:39:27;00:39;00:39;00:39;00:39;-;100,00;97,09;100,00;-;100,00;-;K;-;ETCS-Stützstelle;;S2;Strecke 2;0/00:08:24;-;140,00;1,0000;1,030;-;-;54,0;118,0;ETCS L1;False;False;0;-; 0,0; 0,0; 0,0;S2: VDV 2 - Strecke 2 - VDV 1;0,000000;31642,0;  0,0;6227,3;  0,0;1,030;1,00;1,00;"80 0622-19.0;";0;ETCS fallend;;;False;ETCS fallend;False;00:39:27;00:39:27;-;-;False;-;-;2367;2367
12700;ETCS fallend;0/00:39:28;0/00:39:28;00:39;00:39;00:39;00:39;-;100,00;97,09;100,00;-;100,00;-;K;-;ETCS-Stützstelle;;S2;Strecke 2;0/00:08:25;-;140,00;1,0000;1,030;-;-;54,0;118,0;ETCS L1;False;False;0;-; 0,0; 0,0; 0,0;S2: VDV 2 - Strecke 2 - VDV 1;0,000000;31642,0;  0,0;6227,3;  0,0;1,030;1,00;1,00;"80 0622-19.0;";0;ETCS fallend;;;False;ETCS fallend;False;00:39:28;00:39:28;-;-;False;-;-;2368;2368
12725;ETCS fallend;0/00:39:29;0/00:39:29;00:39;00:39;00:39;00:39;-;100,00;97,09;100,00;-;100,00;-;K;-;ETCS-Stützstelle;;S2;Strecke 2;0/00:08:26;-;140,00;1,0000;1,030;-;-;54,0;118,0;ETCS L1;False;False;0;-; 0,0; 0,0; 0,0;S2: VDV 2 - Strecke 2 - VDV 1;0,000000;31642,0;  0,0;6227,3;  0,0;1,030;1,00;1,00;"80 0622-19.0;";0;ETCS fallend;;;False;ETCS fallend;False;00:39:29;00:39:29;-;-;False;-;-;2369;2369
12750;ETCS fallend;0/00:39:30;0/00:39:30;00:40;00:40;00:40;00:40;-;100,00;97,09;100,00;-;100,00;-;K;-;ETCS-Stützstelle;;S2;Strecke 2;0/00:08:26;-;140,00;1,0000;1,030;-;-;54,0;118,0;ETCS L1;False;False;0;-; 0,0; 0,0; 0,0;S2: VDV 2 - Strecke 2 - VDV 1;0,000000;31642,0;  0,0;6227,3;  0,0;1,030;1,00;1,00;"80 0622-19.0;";0;ETCS fallend;;;False;ETCS fallend;False;00:39:30;00:39:30;-;-;False;-;-;2370;2370
12775;ETCS fallend;0/00:39:31;0/00:39:31;00:40;00:40;00:40;00:40;-;100,00;97,09;100,00;-;100,00;-;K;-;ETCS-Stützstelle;;S2;Strecke 2;0/00:08:27;-;140,00;1,0000;1,030;-;-;54,0;118,0;ETCS L1;False;False;0;-; 0,0; 0,0; 0,0;S2: VDV 2 - Strecke 2 - VDV 1;0,000000;31642,0;  0,0;6227,3;  0,0;1,030;1,00;1,00;"80 0622-19.0;";0;ETCS fallend;;;False;ETCS fallend;False;00:39:31;00:39:31;-;-;False;-;-;2371;2371
12800;ETCS fallend;0/00:39:32;0/00:39:32;00:40;00:40;00:40;00:40;-;100,00;97,09;100,00;-;100,00;-;K;-;ETCS-Stützstelle;;S2;Strecke 2;0/00:08:28;-;140,00;1,0000;1,030;-;-;54,0;118,0;ETCS L1;False;False;0;-; 0,0; 0,0; 0,0;S2: VDV 2 - Strecke 2 - VDV 1;0,000000;31642,0;  0,0;6227,3;  0,0;1,030;1,00;1,00;"80 0622-19.0;";0;ETCS fallend;;;False;ETCS fallend;False;00:39:32;00:39:32;-;-;False;-;-;2372;2372
12825;ETCS fallend;0/00:39:33;0/00:39:33;00:40;00:40;00:40;00:40;-;100,00;97,09;100,00;-;100,00;-;K;-;ETCS-Stützstelle;;S2;Strecke 2;0/00:08:29;-;140,00;1,0000;1,030;-;-;54,0;118,0;ETCS L1;False;False;0;-; 0,0; 0,0; 0,0;S2: VDV 2 - Strecke 2 - VDV 1;0,000000;31642,0;  0,0;6227,3;  0,0;1,030;1,00;1,00;"80 0622-19.0;";0;ETCS fallend;;;False;ETCS fallend;False;00:39:33;00:39:33;-;-;False;-;-;2373;2373
12850;ETCS fallend;0/00:39:33;0/00:39:33;00:40;00:40;00:40;00:40;-;100,00;97,09;100,00;-;100,00;-;K;-;ETCS-Stützstelle;;S2;Strecke 2;0/00:08:30;-;140,00;1,0000;1,030;-;-;54,0;118,0;ETCS L1;False;False;0;-; 0,0; 0,0; 0,0;S2: VDV 2 - Strecke 2 - VDV 1;0,000000;31642,0;  0,0;6227,3;  0,0;1,030;1,00;1,00;"80 0622-19.0;";0;ETCS fallend;;;False;ETCS fallend;False;00:39:33;00:39:33;-;-;False;-;-;2373;2373
12875;ETCS fallend;0/00:39:34;0/00:39:34;00:40;00:40;00:40;00:40;-;100,00;97,09;100,00;-;100,00;-;K;-;ETCS-Stützstelle;;S2;Strecke 2;0/00:08:31;-;140,00;1,0000;1,030;-;-;54,0;118,0;ETCS L1;False;False;0;-; 0,0; 0,0; 0,0;S2: VDV 2 - Strecke 2 - VDV 1;0,000000;31642,0;  0,0;6227,3;  0,0;1,030;1,00;1,00;"80 0622-19.0;";0;ETCS fallend;;;False;ETCS fallend;False;00:39:34;00:39:34;-;-;False;-;-;2374;2374
12900;ETCS fallend;0/00:39:35;0/00:39:35;00:40;00:40;00:40;00:40;-;100,00;97,09;100,00;-;100,00;-;K;-;ETCS-Stützstelle;;S2;Strecke 2;0/00:08:32;-;140,00;1,0000;1,030;-;-;54,0;118,0;ETCS L1;False;False;0;-; 0,0; 0,0; 0,0;S2: VDV 2 - Strecke 2 - VDV 1;0,000000;31642,0;  0,0;6227,3;  0,0;1,030;1,00;1,00;"80 0622-19.0;";0;ETCS fallend;;;False;ETCS fallend;False;00:39:35;00:39:35;-;-;False;-;-;2375;2375
12925;ETCS fallend;0/00:39:36;0/00:39:36;00:40;00:40;00:40;00:40;-;100,00;97,09;100,00;-;100,00;-;K;-;ETCS-Stützstelle;;S2;Strecke 2;0/00:08:33;-;140,00;1,0000;1,030;-;-;54,0;118,0;ETCS L1;False;False;0;-; 0,0; 0,0; 0,0;S2: VDV 2 - Strecke 2 - VDV 1;0,000000;31642,0;  0,0;6227,3;  0,0;1,030;1,00;1,00;"80 0622-19.0;";0;ETCS fallend;;;False;ETCS fallend;False;00:39:36;00:39:36;-;-;False;-;-;2376;2376
12950;ETCS fallend;0/00:39:37;0/00:39:37;00:40;00:40;00:40;00:40;-;100,00;97,09;100,00;-;100,00;-;K;-;ETCS-Stützstelle;;S2;Strecke 2;0/00:08:34;-;140,00;1,0000;1,030;-;-;54,0;118,0;ETCS L1;False;False;0;-; 0,0; 0,0; 0,0;S2: VDV 2 - Strecke 2 - VDV 1;0,000000;31642,0;  0,0;6227,3;  0,0;1,030;1,00;1,00;"80 0622-19.0;";0;ETCS fallend;;;False;ETCS fallend;False;00:39:37;00:39:37;-;-;False;-;-;2377;2377
12975;ETCS fallend;0/00:39:38;0/00:39:38;00:40;00:40;00:40;00:40;-;100,00;97,09;100,00;-;100,00;-;K;-;ETCS-Stützstelle;;S2;Strecke 2;0/00:08:35;-;140,00;1,0000;1,030;-;-;54,0;118,0;ETCS L1;False;False;0;-; 0,0; 0,0; 0,0;S2: VDV 2 - Strecke 2 - VDV 1;0,000000;31642,0;  0,0;6227,3;  0,0;1,030;1,00;1,00;"80 0622-19.0;";0;ETCS fallend;;;False;ETCS fallend;False;00:39:38;00:39:38;-;-;False;-;-;2378;2378
13000;ETCS fallend;0/00:39:39;0/00:39:39;00:40;00:40;00:40;00:40;-;100,00;97,09;100,00;-;100,00;-;K;-;ETCS-Stützstelle;;S2;Strecke 2;0/00:08:35;-;140,00;1,0000;1,030;-;-;54,0;118,0;ETCS L1;False;False;0;-; 0,0; 0,0; 0,0;S2: VDV 2 - Strecke 2 - VDV 1;0,000000;31642,0;  0,0;6227,3;  0,0;1,030;1,00;1,00;"80 0622-19.0;";0;ETCS fallend;;;False;ETCS fallend;False;00:39:39;00:39:39;-;-;False;-;-;2379;2379
13025;ETCS fallend;0/00:39:40;0/00:39:40;00:40;00:40;00:40;00:40;-;100,00;97,09;100,00;-;100,00;-;K;-;ETCS-Stützstelle;;S2;Strecke 2;0/00:08:36;-;140,00;1,0000;1,030;-;-;54,0;118,0;ETCS L1;False;False;0;-; 0,0; 0,0; 0,0;S2: VDV 2 - Strecke 2 - VDV 1;0,000000;31642,0;  0,0;6227,3;  0,0;1,030;1,00;1,00;"80 0622-19.0;";0;ETCS fallend;;;False;ETCS fallend;False;00:39:40;00:39:40;-;-;False;-;-;2380;2380
13050;ETCS fallend;0/00:39:41;0/00:39:41;00:40;00:40;00:40;00:40;-;100,00;97,09;100,00;-;100,00;-;K;-;ETCS-Stützstelle;;S2;Strecke 2;0/00:08:37;-;140,00;1,0000;1,030;-;-;54,0;118,0;ETCS L1;False;False;0;-; 0,0; 0,0; 0,0;S2: VDV 2 - Strecke 2 - VDV 1;0,000000;31642,0;  0,0;6227,3;  0,0;1,030;1,00;1,00;"80 0622-19.0;";0;ETCS fallend;;;False;ETCS fallend;False;00:39:41;00:39:41;-;-;False;-;-;2381;2381
13075;ETCS fallend;0/00:39:42;0/00:39:42;00:40;00:40;00:40;00:40;-;100,00;97,09;100,00;-;100,00;-;K;-;ETCS-Stützstelle;;S2;Strecke 2;0/00:08:38;-;140,00;1,0000;1,030;-;-;54,0;118,0;ETCS L1;False;False;0;-; 0,0; 0,0; 0,0;S2: VDV 2 - Strecke 2 - VDV 1;0,000000;31642,0;  0,0;6227,3;  0,0;1,030;1,00;1,00;"80 0622-19.0;";0;ETCS fallend;;;False;ETCS fallend;False;00:39:42;00:39:42;-;-;False;-;-;2382;2382
13100;ETCS fallend;0/00:39:43;0/00:39:43;00:40;00:40;00:40;00:40;-;100,00;97,09;100,00;-;100,00;-;K;-;ETCS-Stützstelle;;S2;Strecke 2;0/00:08:39;-;140,00;1,0000;1,030;-;-;54,0;118,0;ETCS L1;False;False;0;-; 0,0; 0,0; 0,0;S2: VDV 2 - Strecke 2 - VDV 1;0,000000;31642,0;  0,0;6227,3;  0,0;1,030;1,00;1,00;"80 0622-19.0;";0;ETCS fallend;;;False;ETCS fallend;False;00:39:43;00:39:43;-;-;False;-;-;2383;2383
13125;ETCS fallend;0/00:39:44;0/00:39:44;00:40;00:40;00:40;00:40;-;100,00;97,09;100,00;-;100,00;-;K;-;ETCS-Stützstelle;;S2;Strecke 2;0/00:08:40;-;140,00;1,0000;1,030;-;-;54,0;118,0;ETCS L1;False;False;0;-; 0,0; 0,0; 0,0;S2: VDV 2 - Strecke 2 - VDV 1;0,000000;31642,0;  0,0;6227,3;  0,0;1,030;1,00;1,00;"80 0622-19.0;";0;ETCS fallend;;;False;ETCS fallend;False;00:39:44;00:39:44;-;-;False;-;-;2384;2384
13150;ETCS fallend;0/00:39:45;0/00:39:45;00:40;00:40;00:40;00:40;-;100,00;97,09;100,00;-;100,00;-;K;-;ETCS-Stützstelle;;S2;Strecke 2;0/00:08:41;-;140,00;1,0000;1,030;-;-;54,0;118,0;ETCS L1;False;False;0;-; 0,0; 0,0; 0,0;S2: VDV 2 - Strecke 2 - VDV 1;0,000000;31642,0;  0,0;6227,3;  0,0;1,030;1,00;1,00;"80 0622-19.0;";0;ETCS fallend;;;False;ETCS fallend;False;00:39:45;00:39:45;-;-;False;-;-;2385;2385
13175;ETCS fallend;0/00:39:45;0/00:39:45;00:40;00:40;00:40;00:40;-;100,00;97,09;100,00;-;100,00;-;K;-;ETCS-Stützstelle;;S2;Strecke 2;0/00:08:42;-;140,00;1,0000;1,030;-;-;54,0;118,0;ETCS L1;False;False;0;-; 0,0; 0,0; 0,0;S2: VDV 2 - Strecke 2 - VDV 1;0,000000;31642,0;  0,0;6227,3;  0,0;1,030;1,00;1,00;"80 0622-19.0;";0;ETCS fallend;;;False;ETCS fallend;False;00:39:45;00:39:45;-;-;False;-;-;2385;2385
13200;ETCS fallend;0/00:39:46;0/00:39:46;00:40;00:40;00:40;00:40;-;100,00;97,09;100,00;-;100,00;-;K;-;ETCS-Stützstelle;;S2;Strecke 2;0/00:08:43;-;140,00;1,0000;1,030;-;-;54,0;118,0;ETCS L1;False;False;0;-; 0,0; 0,0; 0,0;S2: VDV 2 - Strecke 2 - VDV 1;0,000000;31642,0;  0,0;6227,3;  0,0;1,030;1,00;1,00;"80 0622-19.0;";0;ETCS fallend;;;False;ETCS fallend;False;00:39:46;00:39:46;-;-;False;-;-;2386;2386
13225;ETCS fallend;0/00:39:47;0/00:39:47;00:40;00:40;00:40;00:40;-;100,00;97,09;100,00;-;100,00;-;K;-;ETCS-Stützstelle;;S2;Strecke 2;0/00:08:44;-;140,00;1,0000;1,030;-;-;54,0;118,0;ETCS L1;False;False;0;-; 0,0; 0,0; 0,0;S2: VDV 2 - Strecke 2 - VDV 1;0,000000;31642,0;  0,0;6227,3;  0,0;1,030;1,00;1,00;"80 0622-19.0;";0;ETCS fallend;;;False;ETCS fallend;False;00:39:47;00:39:47;-;-;False;-;-;2387;2387
13250;ETCS fallend;0/00:39:48;0/00:39:48;00:40;00:40;00:40;00:40;-;100,00;97,09;100,00;-;100,00;-;K;-;ETCS-Stützstelle;;S2;Strecke 2;0/00:08:44;-;140,00;1,0000;1,030;-;-;54,0;118,0;ETCS L1;False;False;0;-; 0,0; 0,0; 0,0;S2: VDV 2 - Strecke 2 - VDV 1;0,000000;31642,0;  0,0;6227,3;  0,0;1,030;1,00;1,00;"80 0622-19.0;";0;ETCS fallend;;;False;ETCS fallend;False;00:39:48;00:39:48;-;-;False;-;-;2388;2388
13275;ETCS fallend;0/00:39:49;0/00:39:49;00:40;00:40;00:40;00:40;-;100,00;97,09;100,00;-;100,00;-;K;-;ETCS-Stützstelle;;S2;Strecke 2;0/00:08:45;-;140,00;1,0000;1,030;-;-;54,0;118,0;ETCS L1;False;False;0;-; 0,0; 0,0; 0,0;S2: VDV 2 - Strecke 2 - VDV 1;0,000000;31642,0;  0,0;6227,3;  0,0;1,030;1,00;1,00;"80 0622-19.0;";0;ETCS fallend;;;False;ETCS fallend;False;00:39:49;00:39:49;-;-;False;-;-;2389;2389
13300;ETCS fallend;0/00:39:50;0/00:39:50;00:40;00:40;00:40;00:40;-;100,00;97,09;100,00;-;100,00;-;K;-;ETCS-Stützstelle;;S2;Strecke 2;0/00:08:46;-;140,00;1,0000;1,030;-;-;54,0;118,0;ETCS L1;False;False;0;-; 0,0; 0,0; 0,0;S2: VDV 2 - Strecke 2 - VDV 1;0,000000;31642,0;  0,0;6227,3;  0,0;1,030;1,00;1,00;"80 0622-19.0;";0;ETCS fallend;;;False;ETCS fallend;False;00:39:50;00:39:50;-;-;False;-;-;2390;2390
13325;ETCS fallend;0/00:39:51;0/00:39:51;00:40;00:40;00:40;00:40;-;100,00;97,09;100,00;-;100,00;-;K;-;ETCS-Stützstelle;;S2;Strecke 2;0/00:08:47;-;140,00;1,0000;1,030;-;-;54,0;118,0;ETCS L1;False;False;0;-; 0,0; 0,0; 0,0;S2: VDV 2 - Strecke 2 - VDV 1;0,000000;31642,0;  0,0;6227,3;  0,0;1,030;1,00;1,00;"80 0622-19.0;";0;ETCS fallend;;;False;ETCS fallend;False;00:39:51;00:39:51;-;-;False;-;-;2391;2391
13350;ETCS fallend;0/00:39:52;0/00:39:52;00:40;00:40;00:40;00:40;-;100,00;97,09;100,00;-;100,00;-;K;-;ETCS-Stützstelle;;S2;Strecke 2;0/00:08:48;-;140,00;1,0000;1,030;-;-;54,0;118,0;ETCS L1;False;False;0;-; 0,0; 0,0; 0,0;S2: VDV 2 - Strecke 2 - VDV 1;0,000000;31642,0;  0,0;6227,3;  0,0;1,030;1,00;1,00;"80 0622-19.0;";0;ETCS fallend;;;False;ETCS fallend;False;00:39:52;00:39:52;-;-;False;-;-;2392;2392
13375;ETCS fallend;0/00:39:53;0/00:39:53;00:40;00:40;00:40;00:40;-;100,00;97,09;100,00;-;100,00;-;K;-;ETCS-Stützstelle;;S2;Strecke 2;0/00:08:49;-;140,00;1,0000;1,030;-;-;54,0;118,0;ETCS L1;False;False;0;-; 0,0; 0,0; 0,0;S2: VDV 2 - Strecke 2 - VDV 1;0,000000;31642,0;  0,0;6227,3;  0,0;1,030;1,00;1,00;"80 0622-19.0;";0;ETCS fallend;;;False;ETCS fallend;False;00:39:53;00:39:53;-;-;False;-;-;2393;2393
13400;ETCS fallend;0/00:39:54;0/00:39:54;00:40;00:40;00:40;00:40;-;100,00;97,09;100,00;-;100,00;-;K;-;ETCS-Stützstelle;;S2;Strecke 2;0/00:08:50;-;140,00;1,0000;1,030;-;-;54,0;118,0;ETCS L1;False;False;0;-; 0,0; 0,0; 0,0;S2: VDV 2 - Strecke 2 - VDV 1;0,000000;31642,0;  0,0;6227,3;  0,0;1,030;1,00;1,00;"80 0622-19.0;";0;ETCS fallend;;;False;ETCS fallend;False;00:39:54;00:39:54;-;-;False;-;-;2394;2394
13425;ETCS fallend;0/00:39:55;0/00:39:55;00:40;00:40;00:40;00:40;-;100,00;97,09;100,00;-;100,00;-;K;-;ETCS-Stützstelle;;S2;Strecke 2;0/00:08:51;-;140,00;1,0000;1,030;-;-;54,0;118,0;ETCS L1;False;False;0;-; 0,0; 0,0; 0,0;S2: VDV 2 - Strecke 2 - VDV 1;0,000000;31642,0;  0,0;6227,3;  0,0;1,030;1,00;1,00;"80 0622-19.0;";0;ETCS fallend;;;False;ETCS fallend;False;00:39:55;00:39:55;-;-;False;-;-;2395;2395
13450;ETCS fallend;0/00:39:56;0/00:39:56;00:40;00:40;00:40;00:40;-;100,00;97,09;100,00;-;100,00;-;K;-;ETCS-Stützstelle;;S2;Strecke 2;0/00:08:52;-;140,00;1,0000;1,030;-;-;54,0;118,0;ETCS L1;False;False;0;-; 0,0; 0,0; 0,0;S2: VDV 2 - Strecke 2 - VDV 1;0,000000;31642,0;  0,0;6227,3;  0,0;1,030;1,00;1,00;"80 0622-19.0;";0;ETCS fallend;;;False;ETCS fallend;False;00:39:56;00:39:56;-;-;False;-;-;2396;2396
13475;ETCS fallend;0/00:39:57;0/00:39:57;00:40;00:40;00:40;00:40;-;100,00;97,09;100,00;-;100,00;-;K;-;ETCS-Stützstelle;;S2;Strecke 2;0/00:08:53;-;140,00;1,0000;1,030;-;-;54,0;118,0;ETCS L1;False;False;0;-; 0,0; 0,0; 0,0;S2: VDV 2 - Strecke 2 - VDV 1;0,000000;31642,0;  0,0;6227,3;  0,0;1,030;1,00;1,00;"80 0622-19.0;";0;ETCS fallend;;;False;ETCS fallend;False;00:39:57;00:39:57;-;-;False;-;-;2397;2397
13500;ETCS fallend;0/00:39:58;0/00:39:58;00:40;00:40;00:40;00:40;-;100,00;97,09;100,00;-;100,00;-;K;-;ETCS-Stützstelle;;S2;Strecke 2;0/00:08:53;-;140,00;1,0000;1,030;-;-;54,0;118,0;ETCS L1;False;False;0;-; 0,0; 0,0; 0,0;S2: VDV 2 - Strecke 2 - VDV 1;0,000000;31642,0;  0,0;6227,3;  0,0;1,030;1,00;1,00;"80 0622-19.0;";0;ETCS fallend;;;False;ETCS fallend;False;00:39:58;00:39:58;-;-;False;-;-;2398;2398
13525;ETCS fallend;0/00:39:58;0/00:39:58;00:40;00:40;00:40;00:40;-;100,00;97,09;100,00;-;100,00;-;K;-;ETCS-Stützstelle;;S2;Strecke 2;0/00:08:54;-;140,00;1,0000;1,030;-;-;54,0;118,0;ETCS L1;False;False;0;-; 0,0; 0,0; 0,0;S2: VDV 2 - Strecke 2 - VDV 1;0,000000;31642,0;  0,0;6227,3;  0,0;1,030;1,00;1,00;"80 0622-19.0;";0;ETCS fallend;;;False;ETCS fallend;False;00:39:58;00:39:58;-;-;False;-;-;2398;2398
13550;ETCS fallend;0/00:39:59;0/00:39:59;00:40;00:40;00:40;00:40;-;100,00;97,09;100,00;-;100,00;-;K;-;ETCS-Stützstelle;;S2;Strecke 2;0/00:08:55;-;140,00;1,0000;1,030;-;-;54,0;118,0;ETCS L1;False;False;0;-; 0,0; 0,0; 0,0;S2: VDV 2 - Strecke 2 - VDV 1;0,000000;31642,0;  0,0;6227,3;  0,0;1,030;1,00;1,00;"80 0622-19.0;";0;ETCS fallend;;;False;ETCS fallend;False;00:39:59;00:39:59;-;-;False;-;-;2399;2399
13575;ETCS fallend;0/00:40:00;0/00:40:00;00:40;00:40;00:40;00:40;-;100,00;97,09;100,00;-;100,00;-;K;-;ETCS-Stützstelle;;S2;Strecke 2;0/00:08:56;-;140,00;1,0000;1,030;-;-;54,0;118,0;ETCS L1;False;False;0;-; 0,0; 0,0; 0,0;S2: VDV 2 - Strecke 2 - VDV 1;0,000000;31642,0;  0,0;6227,3;  0,0;1,030;1,00;1,00;"80 0622-19.0;";0;ETCS fallend;;;False;ETCS fallend;False;00:40:00;00:40:00;-;-;False;-;-;2400;2400
13600;ETCS fallend;0/00:40:01;0/00:40:01;00:40;00:40;00:40;00:40;-;100,00;97,09;100,00;-;100,00;-;K;-;ETCS-Stützstelle;;S2;Strecke 2;0/00:08:57;-;140,00;1,0000;1,030;-;-;54,0;118,0;ETCS L1;False;False;0;-; 0,0; 0,0; 0,0;S2: VDV 2 - Strecke 2 - VDV 1;0,000000;31642,0;  0,0;6227,3;  0,0;1,030;1,00;1,00;"80 0622-19.0;";0;ETCS fallend;;;False;ETCS fallend;False;00:40:01;00:40:01;-;-;False;-;-;2401;2401
13625;ETCS fallend;0/00:40:02;0/00:40:02;00:40;00:40;00:40;00:40;-;100,00;97,09;100,00;-;100,00;-;K;-;ETCS-Stützstelle;;S2;Strecke 2;0/00:08:58;-;140,00;1,0000;1,030;-;-;54,0;118,0;ETCS L1;False;False;0;-; 0,0; 0,0; 0,0;S2: VDV 2 - Strecke 2 - VDV 1;0,000000;31642,0;  0,0;6227,3;  0,0;1,030;1,00;1,00;"80 0622-19.0;";0;ETCS fallend;;;False;ETCS fallend;False;00:40:02;00:40:02;-;-;False;-;-;2402;2402
13650;ETCS fallend;0/00:40:03;0/00:40:03;00:40;00:40;00:40;00:40;-;100,00;97,09;100,00;-;100,00;-;K;-;ETCS-Stützstelle;;S2;Strecke 2;0/00:08:59;-;140,00;1,0000;1,030;-;-;54,0;118,0;ETCS L1;False;False;0;-; 0,0; 0,0; 0,0;S2: VDV 2 - Strecke 2 - VDV 1;0,000000;31642,0;  0,0;6227,3;  0,0;1,030;1,00;1,00;"80 0622-19.0;";0;ETCS fallend;;;False;ETCS fallend;False;00:40:03;00:40:03;-;-;False;-;-;2403;2403
13675;ETCS fallend;0/00:40:04;0/00:40:04;00:40;00:40;00:40;00:40;-;100,00;97,09;100,00;-;100,00;-;K;-;ETCS-Stützstelle;;S2;Strecke 2;0/00:09:00;-;140,00;1,0000;1,030;-;-;54,0;118,0;ETCS L1;False;False;0;-; 0,0; 0,0; 0,0;S2: VDV 2 - Strecke 2 - VDV 1;0,000000;31642,0;  0,0;6227,3;  0,0;1,030;1,00;1,00;"80 0622-19.0;";0;ETCS fallend;;;False;ETCS fallend;False;00:40:04;00:40:04;-;-;False;-;-;2404;2404
13700;ETCS fallend;0/00:40:05;0/00:40:05;00:40;00:40;00:40;00:40;-;100,00;97,09;100,00;-;100,00;-;K;-;ETCS-Stützstelle;;S2;Strecke 2;0/00:09:01;-;140,00;1,0000;1,030;-;-;54,0;118,0;ETCS L1;False;False;0;-; 0,0; 0,0; 0,0;S2: VDV 2 - Strecke 2 - VDV 1;0,000000;31642,0;  0,0;6227,3;  0,0;1,030;1,00;1,00;"80 0622-19.0;";0;ETCS fallend;;;False;ETCS fallend;False;00:40:05;00:40:05;-;-;False;-;-;2405;2405
13725;ETCS fallend;0/00:40:06;0/00:40:06;00:40;00:40;00:40;00:40;-;100,00;97,09;100,00;-;100,00;-;K;-;ETCS-Stützstelle;;S2;Strecke 2;0/00:09:02;-;140,00;1,0000;1,030;-;-;54,0;118,0;ETCS L1;False;False;0;-; 0,0; 0,0; 0,0;S2: VDV 2 - Strecke 2 - VDV 1;0,000000;31642,0;  0,0;6227,3;  0,0;1,030;1,00;1,00;"80 0622-19.0;";0;ETCS fallend;;;False;ETCS fallend;False;00:40:06;00:40:06;-;-;False;-;-;2406;2406
13750;ETCS fallend;0/00:40:07;0/00:40:07;00:40;00:40;00:40;00:40;-;100,00;97,09;100,00;-;100,00;-;K;-;ETCS-Stützstelle;;S2;Strecke 2;0/00:09:02;-;140,00;1,0000;1,030;-;-;54,0;118,0;ETCS L1;False;False;0;-; 0,0; 0,0; 0,0;S2: VDV 2 - Strecke 2 - VDV 1;0,000000;31642,0;  0,0;6227,3;  0,0;1,030;1,00;1,00;"80 0622-19.0;";0;ETCS fallend;;;False;ETCS fallend;False;00:40:07;00:40:07;-;-;False;-;-;2407;2407
13775;ETCS fallend;0/00:40:08;0/00:40:08;00:40;00:40;00:40;00:40;-;100,00;97,09;100,00;-;100,00;-;K;-;ETCS-Stützstelle;;S2;Strecke 2;0/00:09:03;-;140,00;1,0000;1,030;-;-;54,0;118,0;ETCS L1;False;False;0;-; 0,0; 0,0; 0,0;S2: VDV 2 - Strecke 2 - VDV 1;0,000000;31642,0;  0,0;6227,3;  0,0;1,030;1,00;1,00;"80 0622-19.0;";0;ETCS fallend;;;False;ETCS fallend;False;00:40:08;00:40:08;-;-;False;-;-;2408;2408
13800;ETCS fallend;0/00:40:09;0/00:40:09;00:40;00:40;00:40;00:40;-;100,00;97,09;100,00;-;100,00;-;K;-;ETCS-Stützstelle;;S2;Strecke 2;0/00:09:04;-;140,00;1,0000;1,030;-;-;54,0;118,0;ETCS L1;False;False;0;-; 0,0; 0,0; 0,0;S2: VDV 2 - Strecke 2 - VDV 1;0,000000;31642,0;  0,0;6227,3;  0,0;1,030;1,00;1,00;"80 0622-19.0;";0;ETCS fallend;;;False;ETCS fallend;False;00:40:09;00:40:09;-;-;False;-;-;2409;2409
13825;ETCS fallend;0/00:40:10;0/00:40:10;00:40;00:40;00:40;00:40;-;100,00;97,09;100,00;-;100,00;-;K;-;ETCS-Stützstelle;;S2;Strecke 2;0/00:09:05;-;140,00;1,0000;1,030;-;-;54,0;118,0;ETCS L1;False;False;0;-; 0,0; 0,0; 0,0;S2: VDV 2 - Strecke 2 - VDV 1;0,000000;31642,0;  0,0;6227,3;  0,0;1,030;1,00;1,00;"80 0622-19.0;";0;ETCS fallend;;;False;ETCS fallend;False;00:40:10;00:40:10;-;-;False;-;-;2410;2410
13850;ETCS fallend;0/00:40:11;0/00:40:11;00:40;00:40;00:40;00:40;-;100,00;97,09;100,00;-;100,00;-;K;-;ETCS-Stützstelle;;S2;Strecke 2;0/00:09:06;-;140,00;1,0000;1,030;-;-;54,0;118,0;ETCS L1;False;False;0;-; 0,0; 0,0; 0,0;S2: VDV 2 - Strecke 2 - VDV 1;0,000000;31642,0;  0,0;6227,3;  0,0;1,030;1,00;1,00;"80 0622-19.0;";0;ETCS fallend;;;False;ETCS fallend;False;00:40:11;00:40:11;-;-;False;-;-;2411;2411
13875;ETCS fallend;0/00:40:11;0/00:40:11;00:40;00:40;00:40;00:40;-;100,00;97,09;100,00;-;100,00;-;K;-;ETCS-Stützstelle;;S2;Strecke 2;0/00:09:07;-;140,00;1,0000;1,030;-;-;54,0;118,0;ETCS L1;False;False;0;-; 0,0; 0,0; 0,0;S2: VDV 2 - Strecke 2 - VDV 1;0,000000;31642,0;  0,0;6227,3;  0,0;1,030;1,00;1,00;"80 0622-19.0;";0;ETCS fallend;;;False;ETCS fallend;False;00:40:11;00:40:11;-;-;False;-;-;2411;2411
13900;ETCS fallend;0/00:40:12;0/00:40:12;00:40;00:40;00:40;00:40;-;100,00;97,09;100,00;-;100,00;-;K;-;ETCS-Stützstelle;;S2;Strecke 2;0/00:09:08;-;140,00;1,0000;1,030;-;-;54,0;118,0;ETCS L1;False;False;0;-; 0,0; 0,0; 0,0;S2: VDV 2 - Strecke 2 - VDV 1;0,000000;31642,0;  0,0;6227,3;  0,0;1,030;1,00;1,00;"80 0622-19.0;";0;ETCS fallend;;;False;ETCS fallend;False;00:40:12;00:40:12;-;-;False;-;-;2412;2412
13925;ETCS fallend;0/00:40:13;0/00:40:13;00:40;00:40;00:40;00:40;-;100,00;97,09;100,00;-;100,00;-;K;-;ETCS-Stützstelle;;S2;Strecke 2;0/00:09:09;-;140,00;1,0000;1,030;-;-;54,0;118,0;ETCS L1;False;False;0;-; 0,0; 0,0; 0,0;S2: VDV 2 - Strecke 2 - VDV 1;0,000000;31642,0;  0,0;6227,3;  0,0;1,030;1,00;1,00;"80 0622-19.0;";0;ETCS fallend;;;False;ETCS fallend;False;00:40:13;00:40:13;-;-;False;-;-;2413;2413
13950;ETCS fallend;0/00:40:14;0/00:40:14;00:40;00:40;00:40;00:40;-;100,00;97,09;100,00;-;100,00;-;K;-;ETCS-Stützstelle;;S2;Strecke 2;0/00:09:10;-;140,00;1,0000;1,030;-;-;54,0;118,0;ETCS L1;False;False;0;-; 0,0; 0,0; 0,0;S2: VDV 2 - Strecke 2 - VDV 1;0,000000;31642,0;  0,0;6227,3;  0,0;1,030;1,00;1,00;"80 0622-19.0;";0;ETCS fallend;;;False;ETCS fallend;False;00:40:14;00:40:14;-;-;False;-;-;2414;2414
13975;ETCS fallend;0/00:40:15;0/00:40:15;00:40;00:40;00:40;00:40;-;100,00;97,09;100,00;-;100,00;-;K;-;ETCS-Stützstelle;;S2;Strecke 2;0/00:09:11;-;140,00;1,0000;1,030;-;-;54,0;118,0;ETCS L1;False;False;0;-; 0,0; 0,0; 0,0;S2: VDV 2 - Strecke 2 - VDV 1;0,000000;31642,0;  0,0;6227,3;  0,0;1,030;1,00;1,00;"80 0622-19.0;";0;ETCS fallend;;;False;ETCS fallend;False;00:40:15;00:40:15;-;-;False;-;-;2415;2415
14000;ETCS fallend;0/00:40:16;0/00:40:16;00:40;00:40;00:40;00:40;-;100,00;97,09;100,00;-;100,00;-;K;-;ETCS-Stützstelle;;S2;Strecke 2;0/00:09:11;-;140,00;1,0000;1,030;-;-;54,0;118,0;ETCS L1;False;False;0;-; 0,0; 0,0; 0,0;S2: VDV 2 - Strecke 2 - VDV 1;0,000000;31642,0;  0,0;6227,3;  0,0;1,030;1,00;1,00;"80 0622-19.0;";0;ETCS fallend;;;False;ETCS fallend;False;00:40:16;00:40:16;-;-;False;-;-;2416;2416
14025;ETCS fallend;0/00:40:17;0/00:40:17;00:40;00:40;00:40;00:40;-;100,00;97,09;100,00;-;100,00;-;K;-;ETCS-Stützstelle;;S2;Strecke 2;0/00:09:12;-;140,00;1,0000;1,030;-;-;54,0;118,0;ETCS L1;False;False;0;-; 0,0; 0,0; 0,0;S2: VDV 2 - Strecke 2 - VDV 1;0,000000;31642,0;  0,0;6227,3;  0,0;1,030;1,00;1,00;"80 0622-19.0;";0;ETCS fallend;;;False;ETCS fallend;False;00:40:17;00:40:17;-;-;False;-;-;2417;2417
14050;ETCS fallend;0/00:40:18;0/00:40:18;00:40;00:40;00:40;00:40;-;100,00;97,09;100,00;-;100,00;-;K;-;ETCS-Stützstelle;;S2;Strecke 2;0/00:09:13;-;140,00;1,0000;1,030;-;-;54,0;118,0;ETCS L1;False;False;0;-; 0,0; 0,0; 0,0;S2: VDV 2 - Strecke 2 - VDV 1;0,000000;31642,0;  0,0;6227,3;  0,0;1,030;1,00;1,00;"80 0622-19.0;";0;ETCS fallend;;;False;ETCS fallend;False;00:40:18;00:40:18;-;-;False;-;-;2418;2418
14075;ETCS fallend;0/00:40:19;0/00:40:19;00:40;00:40;00:40;00:40;-;100,00;97,09;100,00;-;100,00;-;K;-;ETCS-Stützstelle;;S2;Strecke 2;0/00:09:14;-;140,00;1,0000;1,030;-;-;54,0;118,0;ETCS L1;False;False;0;-; 0,0; 0,0; 0,0;S2: VDV 2 - Strecke 2 - VDV 1;0,000000;31642,0;  0,0;6227,3;  0,0;1,030;1,00;1,00;"80 0622-19.0;";0;ETCS fallend;;;False;ETCS fallend;False;00:40:19;00:40:19;-;-;False;-;-;2419;2419
14100;ETCS fallend;0/00:40:20;0/00:40:20;00:40;00:40;00:40;00:40;-;100,00;97,09;100,00;-;100,00;-;K;-;ETCS-Stützstelle;;S2;Strecke 2;0/00:09:15;-;140,00;1,0000;1,030;-;-;54,0;118,0;ETCS L1;False;False;0;-; 0,0; 0,0; 0,0;S2: VDV 2 - Strecke 2 - VDV 1;0,000000;31642,0;  0,0;6227,3;  0,0;1,030;1,00;1,00;"80 0622-19.0;";0;ETCS fallend;;;False;ETCS fallend;False;00:40:20;00:40:20;-;-;False;-;-;2420;2420
14125;ETCS fallend;0/00:40:21;0/00:40:21;00:40;00:40;00:40;00:40;-;100,00;97,09;100,00;-;100,00;-;K;-;ETCS-Stützstelle;;S2;Strecke 2;0/00:09:16;-;140,00;1,0000;1,030;-;-;54,0;118,0;ETCS L1;False;False;0;-; 0,0; 0,0; 0,0;S2: VDV 2 - Strecke 2 - VDV 1;0,000000;31642,0;  0,0;6227,3;  0,0;1,030;1,00;1,00;"80 0622-19.0;";0;ETCS fallend;;;False;ETCS fallend;False;00:40:21;00:40:21;-;-;False;-;-;2421;2421
14150;ETCS fallend;0/00:40:22;0/00:40:22;00:40;00:40;00:40;00:40;-;100,00;97,09;100,00;-;100,00;-;K;-;ETCS-Stützstelle;;S2;Strecke 2;0/00:09:17;-;140,00;1,0000;1,030;-;-;54,0;118,0;ETCS L1;False;False;0;-; 0,0; 0,0; 0,0;S2: VDV 2 - Strecke 2 - VDV 1;0,000000;31642,0;  0,0;6227,3;  0,0;1,030;1,00;1,00;"80 0622-19.0;";0;ETCS fallend;;;False;ETCS fallend;False;00:40:22;00:40:22;-;-;False;-;-;2422;2422
14175;ETCS fallend;0/00:40:23;0/00:40:23;00:40;00:40;00:40;00:40;-;100,00;97,09;100,00;-;100,00;-;K;-;ETCS-Stützstelle;;S2;Strecke 2;0/00:09:18;-;140,00;1,0000;1,030;-;-;54,0;118,0;ETCS L1;False;False;0;-; 0,0; 0,0; 0,0;S2: VDV 2 - Strecke 2 - VDV 1;0,000000;31642,0;  0,0;6227,3;  0,0;1,030;1,00;1,00;"80 0622-19.0;";0;ETCS fallend;;;False;ETCS fallend;False;00:40:23;00:40:23;-;-;False;-;-;2423;2423
14200;ETCS fallend;0/00:40:23;0/00:40:23;00:40;00:40;00:40;00:40;-;100,00;97,09;100,00;-;100,00;-;K;-;ETCS-Stützstelle;;S2;Strecke 2;0/00:09:19;-;140,00;1,0000;1,030;-;-;54,0;118,0;ETCS L1;False;False;0;-; 0,0; 0,0; 0,0;S2: VDV 2 - Strecke 2 - VDV 1;0,000000;31642,0;  0,0;6227,3;  0,0;1,030;1,00;1,00;"80 0622-19.0;";0;ETCS fallend;;;False;ETCS fallend;False;00:40:23;00:40:23;-;-;False;-;-;2423;2423
14225;ETCS fallend;0/00:40:24;0/00:40:24;00:40;00:40;00:40;00:40;-;100,00;97,09;100,00;-;100,00;-;K;-;ETCS-Stützstelle;;S2;Strecke 2;0/00:09:20;-;140,00;1,0000;1,030;-;-;54,0;118,0;ETCS L1;False;False;0;-; 0,0; 0,0; 0,0;S2: VDV 2 - Strecke 2 - VDV 1;0,000000;31642,0;  0,0;6227,3;  0,0;1,030;1,00;1,00;"80 0622-19.0;";0;ETCS fallend;;;False;ETCS fallend;False;00:40:24;00:40:24;-;-;False;-;-;2424;2424
14250;ETCS fallend;0/00:40:25;0/00:40:25;00:40;00:40;00:40;00:40;-;100,00;97,09;100,00;-;100,00;-;K;-;ETCS-Stützstelle;;S2;Strecke 2;0/00:09:20;-;140,00;1,0000;1,030;-;-;54,0;118,0;ETCS L1;False;False;0;-; 0,0; 0,0; 0,0;S2: VDV 2 - Strecke 2 - VDV 1;0,000000;31642,0;  0,0;6227,3;  0,0;1,030;1,00;1,00;"80 0622-19.0;";0;ETCS fallend;;;False;ETCS fallend;False;00:40:25;00:40:25;-;-;False;-;-;2425;2425
14275;ETCS fallend;0/00:40:26;0/00:40:26;00:40;00:40;00:40;00:40;-;100,00;97,09;100,00;-;100,00;-;K;-;ETCS-Stützstelle;;S2;Strecke 2;0/00:09:21;-;140,00;1,0000;1,030;-;-;54,0;118,0;ETCS L1;False;False;0;-; 0,0; 0,0; 0,0;S2: VDV 2 - Strecke 2 - VDV 1;0,000000;31642,0;  0,0;6227,3;  0,0;1,030;1,00;1,00;"80 0622-19.0;";0;ETCS fallend;;;False;ETCS fallend;False;00:40:26;00:40:26;-;-;False;-;-;2426;2426
14300;ETCS fallend;0/00:40:27;0/00:40:27;00:40;00:40;00:40;00:40;-;100,00;97,09;100,00;-;100,00;-;K;-;ETCS-Stützstelle;;S2;Strecke 2;0/00:09:22;-;140,00;1,0000;1,030;-;-;54,0;118,0;ETCS L1;False;False;0;-; 0,0; 0,0; 0,0;S2: VDV 2 - Strecke 2 - VDV 1;0,000000;31642,0;  0,0;6227,3;  0,0;1,030;1,00;1,00;"80 0622-19.0;";0;ETCS fallend;;;False;ETCS fallend;False;00:40:27;00:40:27;-;-;False;-;-;2427;2427
14325;ETCS fallend;0/00:40:28;0/00:40:28;00:40;00:40;00:40;00:40;-;100,00;97,09;100,00;-;100,00;-;K;-;ETCS-Stützstelle;;S2;Strecke 2;0/00:09:23;-;140,00;1,0000;1,030;-;-;54,0;118,0;ETCS L1;False;False;0;-; 0,0; 0,0; 0,0;S2: VDV 2 - Strecke 2 - VDV 1;0,000000;31642,0;  0,0;6227,3;  0,0;1,030;1,00;1,00;"80 0622-19.0;";0;ETCS fallend;;;False;ETCS fallend;False;00:40:28;00:40:28;-;-;False;-;-;2428;2428
14350;ETCS fallend;0/00:40:29;0/00:40:29;00:40;00:40;00:40;00:40;-;100,00;97,09;100,00;-;100,00;-;K;-;ETCS-Stützstelle;;S2;Strecke 2;0/00:09:24;-;140,00;1,0000;1,030;-;-;54,0;118,0;ETCS L1;False;False;0;-; 0,0; 0,0; 0,0;S2: VDV 2 - Strecke 2 - VDV 1;0,000000;31642,0;  0,0;6227,3;  0,0;1,030;1,00;1,00;"80 0622-19.0;";0;ETCS fallend;;;False;ETCS fallend;False;00:40:29;00:40:29;-;-;False;-;-;2429;2429
14375;ETCS fallend;0/00:40:30;0/00:40:30;00:41;00:41;00:41;00:41;-;100,00;97,09;100,00;-;100,00;-;K;-;ETCS-Stützstelle;;S2;Strecke 2;0/00:09:25;-;140,00;1,0000;1,030;-;-;54,0;118,0;ETCS L1;False;False;0;-; 0,0; 0,0; 0,0;S2: VDV 2 - Strecke 2 - VDV 1;0,000000;31642,0;  0,0;6227,3;  0,0;1,030;1,00;1,00;"80 0622-19.0;";0;ETCS fallend;;;False;ETCS fallend;False;00:40:30;00:40:30;-;-;False;-;-;2430;2430
14400;ETCS fallend;0/00:40:31;0/00:40:31;00:41;00:41;00:41;00:41;-;100,00;97,09;100,00;-;100,00;-;K;-;ETCS-Stützstelle;;S2;Strecke 2;0/00:09:26;-;140,00;1,0000;1,030;-;-;54,0;118,0;ETCS L1;False;False;0;-; 0,0; 0,0; 0,0;S2: VDV 2 - Strecke 2 - VDV 1;0,000000;31642,0;  0,0;6227,3;  0,0;1,030;1,00;1,00;"80 0622-19.0;";0;ETCS fallend;;;False;ETCS fallend;False;00:40:31;00:40:31;-;-;False;-;-;2431;2431
14425;ETCS fallend;0/00:40:32;0/00:40:32;00:41;00:41;00:41;00:41;-;100,00;97,09;100,00;-;100,00;-;K;-;ETCS-Stützstelle;;S2;Strecke 2;0/00:09:27;-;140,00;1,0000;1,030;-;-;54,0;118,0;ETCS L1;False;False;0;-; 0,0; 0,0; 0,0;S2: VDV 2 - Strecke 2 - VDV 1;0,000000;31642,0;  0,0;6227,3;  0,0;1,030;1,00;1,00;"80 0622-19.0;";0;ETCS fallend;;;False;ETCS fallend;False;00:40:32;00:40:32;-;-;False;-;-;2432;2432
14450;ETCS fallend;0/00:40:33;0/00:40:33;00:41;00:41;00:41;00:41;-;100,00;97,09;100,00;-;100,00;-;K;-;ETCS-Stützstelle;;S2;Strecke 2;0/00:09:28;-;140,00;1,0000;1,030;-;-;54,0;118,0;ETCS L1;False;False;0;-; 0,0; 0,0; 0,0;S2: VDV 2 - Strecke 2 - VDV 1;0,000000;31642,0;  0,0;6227,3;  0,0;1,030;1,00;1,00;"80 0622-19.0;";0;ETCS fallend;;;False;ETCS fallend;False;00:40:33;00:40:33;-;-;False;-;-;2433;2433
14475;ETCS fallend;0/00:40:34;0/00:40:34;00:41;00:41;00:41;00:41;-;100,00;97,09;100,00;-;100,00;-;K;-;ETCS-Stützstelle;;S2;Strecke 2;0/00:09:29;-;140,00;1,0000;1,030;-;-;54,0;118,0;ETCS L1;False;False;0;-; 0,0; 0,0; 0,0;S2: VDV 2 - Strecke 2 - VDV 1;0,000000;31642,0;  0,0;6227,3;  0,0;1,030;1,00;1,00;"80 0622-19.0;";0;ETCS fallend;;;False;ETCS fallend;False;00:40:34;00:40:34;-;-;False;-;-;2434;2434
14500;ETCS fallend;0/00:40:35;0/00:40:35;00:41;00:41;00:41;00:41;-;100,00;97,09;100,00;-;100,00;-;K;-;ETCS-Stützstelle;;S2;Strecke 2;0/00:09:29;-;140,00;1,0000;1,030;-;-;54,0;118,0;ETCS L1;False;False;0;-; 0,0; 0,0; 0,0;S2: VDV 2 - Strecke 2 - VDV 1;0,000000;31642,0;  0,0;6227,3;  0,0;1,030;1,00;1,00;"80 0622-19.0;";0;ETCS fallend;;;False;ETCS fallend;False;00:40:35;00:40:35;-;-;False;-;-;2435;2435
14525;ETCS fallend;0/00:40:36;0/00:40:36;00:41;00:41;00:41;00:41;-;100,00;97,09;100,00;-;100,00;-;K;-;ETCS-Stützstelle;;S2;Strecke 2;0/00:09:30;-;140,00;1,0000;1,030;-;-;54,0;118,0;ETCS L1;False;False;0;-; 0,0; 0,0; 0,0;S2: VDV 2 - Strecke 2 - VDV 1;0,000000;31642,0;  0,0;6227,3;  0,0;1,030;1,00;1,00;"80 0622-19.0;";0;ETCS fallend;;;False;ETCS fallend;False;00:40:36;00:40:36;-;-;False;-;-;2436;2436
14550;ETCS fallend;0/00:40:36;0/00:40:36;00:41;00:41;00:41;00:41;-;100,00;97,09;100,00;-;100,00;-;K;-;ETCS-Stützstelle;;S2;Strecke 2;0/00:09:31;-;140,00;1,0000;1,030;-;-;54,0;118,0;ETCS L1;False;False;0;-; 0,0; 0,0; 0,0;S2: VDV 2 - Strecke 2 - VDV 1;0,000000;31642,0;  0,0;6227,3;  0,0;1,030;1,00;1,00;"80 0622-19.0;";0;ETCS fallend;;;False;ETCS fallend;False;00:40:36;00:40:36;-;-;False;-;-;2436;2436
14575;ETCS fallend;0/00:40:37;0/00:40:37;00:41;00:41;00:41;00:41;-;100,00;97,09;100,00;-;100,00;-;K;-;ETCS-Stützstelle;;S2;Strecke 2;0/00:09:32;-;140,00;1,0000;1,030;-;-;54,0;118,0;ETCS L1;False;False;0;-; 0,0; 0,0; 0,0;S2: VDV 2 - Strecke 2 - VDV 1;0,000000;31642,0;  0,0;6227,3;  0,0;1,030;1,00;1,00;"80 0622-19.0;";0;ETCS fallend;;;False;ETCS fallend;False;00:40:37;00:40:37;-;-;False;-;-;2437;2437
14600;ETCS fallend;0/00:40:38;0/00:40:38;00:41;00:41;00:41;00:41;-;100,00;97,09;100,00;-;100,00;-;K;-;ETCS-Stützstelle;;S2;Strecke 2;0/00:09:33;-;140,00;1,0000;1,030;-;-;54,0;118,0;ETCS L1;False;False;0;-; 0,0; 0,0; 0,0;S2: VDV 2 - Strecke 2 - VDV 1;0,000000;31642,0;  0,0;6227,3;  0,0;1,030;1,00;1,00;"80 0622-19.0;";0;ETCS fallend;;;False;ETCS fallend;False;00:40:38;00:40:38;-;-;False;-;-;2438;2438
14625;ETCS fallend;0/00:40:39;0/00:40:39;00:41;00:41;00:41;00:41;-;100,00;97,09;100,00;-;100,00;-;K;-;ETCS-Stützstelle;;S2;Strecke 2;0/00:09:34;-;140,00;1,0000;1,030;-;-;54,0;118,0;ETCS L1;False;False;0;-; 0,0; 0,0; 0,0;S2: VDV 2 - Strecke 2 - VDV 1;0,000000;31642,0;  0,0;6227,3;  0,0;1,030;1,00;1,00;"80 0622-19.0;";0;ETCS fallend;;;False;ETCS fallend;False;00:40:39;00:40:39;-;-;False;-;-;2439;2439
14650;ETCS fallend;0/00:40:40;0/00:40:40;00:41;00:41;00:41;00:41;-;100,00;97,09;100,00;-;100,00;-;K;-;ETCS-Stützstelle;;S2;Strecke 2;0/00:09:35;-;140,00;1,0000;1,030;-;-;54,0;118,0;ETCS L1;False;False;0;-; 0,0; 0,0; 0,0;S2: VDV 2 - Strecke 2 - VDV 1;0,000000;31642,0;  0,0;6227,3;  0,0;1,030;1,00;1,00;"80 0622-19.0;";0;ETCS fallend;;;False;ETCS fallend;False;00:40:40;00:40:40;-;-;False;-;-;2440;2440
14675;ETCS fallend;0/00:40:41;0/00:40:41;00:41;00:41;00:41;00:41;-;100,00;97,09;100,00;-;100,00;-;K;-;ETCS-Stützstelle;;S2;Strecke 2;0/00:09:36;-;140,00;1,0000;1,030;-;-;54,0;118,0;ETCS L1;False;False;0;-; 0,0; 0,0; 0,0;S2: VDV 2 - Strecke 2 - VDV 1;0,000000;31642,0;  0,0;6227,3;  0,0;1,030;1,00;1,00;"80 0622-19.0;";0;ETCS fallend;;;False;ETCS fallend;False;00:40:41;00:40:41;-;-;False;-;-;2441;2441
14700;ETCS fallend;0/00:40:42;0/00:40:42;00:41;00:41;00:41;00:41;-;100,00;97,09;100,00;-;100,00;-;K;-;ETCS-Stützstelle;;S2;Strecke 2;0/00:09:37;-;140,00;1,0000;1,030;-;-;54,0;118,0;ETCS L1;False;False;0;-; 0,0; 0,0; 0,0;S2: VDV 2 - Strecke 2 - VDV 1;0,000000;31642,0;  0,0;6227,3;  0,0;1,030;1,00;1,00;"80 0622-19.0;";0;ETCS fallend;;;False;ETCS fallend;False;00:40:42;00:40:42;-;-;False;-;-;2442;2442
14725;ETCS fallend;0/00:40:43;0/00:40:43;00:41;00:41;00:41;00:41;-;100,00;97,09;100,00;-;100,00;-;K;-;ETCS-Stützstelle;;S2;Strecke 2;0/00:09:38;-;140,00;1,0000;1,030;-;-;54,0;118,0;ETCS L1;False;False;0;-; 0,0; 0,0; 0,0;S2: VDV 2 - Strecke 2 - VDV 1;0,000000;31642,0;  0,0;6227,3;  0,0;1,030;1,00;1,00;"80 0622-19.0;";0;ETCS fallend;;;False;ETCS fallend;False;00:40:43;00:40:43;-;-;False;-;-;2443;2443
14750;ETCS fallend;0/00:40:44;0/00:40:44;00:41;00:41;00:41;00:41;-;100,00;97,09;100,00;-;100,00;-;K;-;ETCS-Stützstelle;;S2;Strecke 2;0/00:09:38;-;140,00;1,0000;1,030;-;-;54,0;118,0;ETCS L1;False;False;0;-; 0,0; 0,0; 0,0;S2: VDV 2 - Strecke 2 - VDV 1;0,000000;31642,0;  0,0;6227,3;  0,0;1,030;1,00;1,00;"80 0622-19.0;";0;ETCS fallend;;;False;ETCS fallend;False;00:40:44;00:40:44;-;-;False;-;-;2444;2444
14775;ETCS fallend;0/00:40:45;0/00:40:45;00:41;00:41;00:41;00:41;-;100,00;97,09;100,00;-;100,00;-;K;-;ETCS-Stützstelle;;S2;Strecke 2;0/00:09:39;-;140,00;1,0000;1,030;-;-;54,0;118,0;ETCS L1;False;False;0;-; 0,0; 0,0; 0,0;S2: VDV 2 - Strecke 2 - VDV 1;0,000000;31642,0;  0,0;6227,3;  0,0;1,030;1,00;1,00;"80 0622-19.0;";0;ETCS fallend;;;False;ETCS fallend;False;00:40:45;00:40:45;-;-;False;-;-;2445;2445
14800;ETCS fallend;0/00:40:46;0/00:40:46;00:41;00:41;00:41;00:41;-;100,00;97,09;100,00;-;100,00;-;K;-;ETCS-Stützstelle;;S2;Strecke 2;0/00:09:40;-;140,00;1,0000;1,030;-;-;54,0;118,0;ETCS L1;False;False;0;-; 0,0; 0,0; 0,0;S2: VDV 2 - Strecke 2 - VDV 1;0,000000;31642,0;  0,0;6227,3;  0,0;1,030;1,00;1,00;"80 0622-19.0;";0;ETCS fallend;;;False;ETCS fallend;False;00:40:46;00:40:46;-;-;False;-;-;2446;2446
14825;ETCS fallend;0/00:40:47;0/00:40:47;00:41;00:41;00:41;00:41;-;100,00;97,09;100,00;-;100,00;-;K;-;ETCS-Stützstelle;;S2;Strecke 2;0/00:09:41;-;140,00;1,0000;1,030;-;-;54,0;118,0;ETCS L1;False;False;0;-; 0,0; 0,0; 0,0;S2: VDV 2 - Strecke 2 - VDV 1;0,000000;31642,0;  0,0;6227,3;  0,0;1,030;1,00;1,00;"80 0622-19.0;";0;ETCS fallend;;;False;ETCS fallend;False;00:40:47;00:40:47;-;-;False;-;-;2447;2447
14850;ETCS fallend;0/00:40:48;0/00:40:48;00:41;00:41;00:41;00:41;-;100,00;97,09;100,00;-;100,00;-;K;-;ETCS-Stützstelle;;S2;Strecke 2;0/00:09:42;-;140,00;1,0000;1,030;-;-;54,0;118,0;ETCS L1;False;False;0;-; 0,0; 0,0; 0,0;S2: VDV 2 - Strecke 2 - VDV 1;0,000000;31642,0;  0,0;6227,3;  0,0;1,030;1,00;1,00;"80 0622-19.0;";0;ETCS fallend;;;False;ETCS fallend;False;00:40:48;00:40:48;-;-;False;-;-;2448;2448
14875;ETCS fallend;0/00:40:49;0/00:40:49;00:41;00:41;00:41;00:41;-;100,00;97,09;100,00;-;100,00;-;K;-;ETCS-Stützstelle;;S2;Strecke 2;0/00:09:43;-;140,00;1,0000;1,030;-;-;54,0;118,0;ETCS L1;False;False;0;-; 0,0; 0,0; 0,0;S2: VDV 2 - Strecke 2 - VDV 1;0,000000;31642,0;  0,0;6227,3;  0,0;1,030;1,00;1,00;"80 0622-19.0;";0;ETCS fallend;;;False;ETCS fallend;False;00:40:49;00:40:49;-;-;False;-;-;2449;2449
14900;ETCS fallend;0/00:40:49;0/00:40:49;00:41;00:41;00:41;00:41;-;100,00;97,09;100,00;-;100,00;-;K;-;ETCS-Stützstelle;;S2;Strecke 2;0/00:09:44;-;140,00;1,0000;1,030;-;-;54,0;118,0;ETCS L1;False;False;0;-; 0,0; 0,0; 0,0;S2: VDV 2 - Strecke 2 - VDV 1;0,000000;31642,0;  0,0;6227,3;  0,0;1,030;1,00;1,00;"80 0622-19.0;";0;ETCS fallend;;;False;ETCS fallend;False;00:40:49;00:40:49;-;-;False;-;-;2449;2449
14925;ETCS fallend;0/00:40:50;0/00:40:50;00:41;00:41;00:41;00:41;-;100,00;97,09;100,00;-;100,00;-;K;-;ETCS-Stützstelle;;S2;Strecke 2;0/00:09:45;-;140,00;1,0000;1,030;-;-;54,0;118,0;ETCS L1;False;False;0;-; 0,0; 0,0; 0,0;S2: VDV 2 - Strecke 2 - VDV 1;0,000000;31642,0;  0,0;6227,3;  0,0;1,030;1,00;1,00;"80 0622-19.0;";0;ETCS fallend;;;False;ETCS fallend;False;00:40:50;00:40:50;-;-;False;-;-;2450;2450
14950;ETCS fallend;0/00:40:51;0/00:40:51;00:41;00:41;00:41;00:41;-;100,00;97,09;100,00;-;100,00;-;K;-;ETCS-Stützstelle;;S2;Strecke 2;0/00:09:46;-;140,00;1,0000;1,030;-;-;54,0;118,0;ETCS L1;False;False;0;-; 0,0; 0,0; 0,0;S2: VDV 2 - Strecke 2 - VDV 1;0,000000;31642,0;  0,0;6227,3;  0,0;1,030;1,00;1,00;"80 0622-19.0;";0;ETCS fallend;;;False;ETCS fallend;False;00:40:51;00:40:51;-;-;False;-;-;2451;2451
14975;ETCS fallend;0/00:40:52;0/00:40:52;00:41;00:41;00:41;00:41;-;100,00;97,09;100,00;-;100,00;-;K;-;ETCS-Stützstelle;;S2;Strecke 2;0/00:09:47;-;140,00;1,0000;1,030;-;-;54,0;118,0;ETCS L1;False;False;0;-; 0,0; 0,0; 0,0;S2: VDV 2 - Strecke 2 - VDV 1;0,000000;31642,0;  0,0;6227,3;  0,0;1,030;1,00;1,00;"80 0622-19.0;";0;ETCS fallend;;;False;ETCS fallend;False;00:40:52;00:40:52;-;-;False;-;-;2452;2452
15000;ETCS fallend;0/00:40:53;0/00:40:53;00:41;00:41;00:41;00:41;-;100,00;97,09;100,00;-;100,00;-;K;-;S2 15.000 Streckengleis Fahrzeitmesspunkt, Beide Richtungen, BS-Mitte;;S2;Strecke 2;0/00:09:47;00:40:53;140,00;1,0000;1,030;-;-;54,0;118,0;ETCS L1;False;False;0;-; 0,0; 0,0; 0,0;S2: VDV 2 - Strecke 2 - VDV 1;0,000000;31642,0;  0,0;6227,3;  0,0;1,030;1,00;1,00;"80 0622-19.0;";0;ETCS fallend;3521;;True;ETCS fallend;False;00:40:53;00:40:53;-;-;False;-;Betriebsstellengrenze 3521-0 - Betriebsstellengrenze 3521-0 (3521);2453;2453
15025;ETCS fallend;0/00:40:54;0/00:40:54;00:41;00:41;00:41;00:41;-;100,00;97,09;100,00;-;100,00;-;K;-;ETCS-Stützstelle;;S2;Strecke 2;0/00:09:48;-;140,00;1,0000;1,030;-;-;54,0;118,0;ETCS L1;False;False;0;-; 0,0; 0,0; 0,0;S2: VDV 2 - Strecke 2 - VDV 1;0,000000;31642,0;  0,0;6227,3;  0,0;1,030;1,00;1,00;"80 0622-19.0;";0;ETCS fallend;;;False;ETCS fallend;False;00:40:54;00:40:54;-;-;False;-;-;2454;2454
15050;ETCS fallend;0/00:40:55;0/00:40:55;00:41;00:41;00:41;00:41;-;100,00;97,09;100,00;-;100,00;-;K;-;ETCS-Stützstelle;;S2;Strecke 2;0/00:09:49;-;140,00;1,0000;1,030;-;-;54,0;118,0;ETCS L1;False;False;0;-; 0,0; 0,0; 0,0;S2: VDV 2 - Strecke 2 - VDV 1;0,000000;31642,0;  0,0;6227,3;  0,0;1,030;1,00;1,00;"80 0622-19.0;";0;ETCS fallend;;;False;ETCS fallend;False;00:40:55;00:40:55;-;-;False;-;-;2455;2455
15075;ETCS fallend;0/00:40:56;0/00:40:56;00:41;00:41;00:41;00:41;-;100,00;97,09;100,00;-;100,00;-;K;-;ETCS-Stützstelle;;S2;Strecke 2;0/00:09:50;-;140,00;1,0000;1,030;-;-;54,0;118,0;ETCS L1;False;False;0;-; 0,0; 0,0; 0,0;S2: VDV 2 - Strecke 2 - VDV 1;0,000000;31642,0;  0,0;6227,3;  0,0;1,030;1,00;1,00;"80 0622-19.0;";0;ETCS fallend;;;False;ETCS fallend;False;00:40:56;00:40:56;-;-;False;-;-;2456;2456
15100;ETCS fallend;0/00:40:57;0/00:40:57;00:41;00:41;00:41;00:41;-;100,00;97,09;100,00;-;100,00;-;K;-;ETCS-Stützstelle;;S2;Strecke 2;0/00:09:51;-;140,00;1,0000;1,030;-;-;54,0;118,0;ETCS L1;False;False;0;-; 0,0; 0,0; 0,0;S2: VDV 2 - Strecke 2 - VDV 1;0,000000;31642,0;  0,0;6227,3;  0,0;1,030;1,00;1,00;"80 0622-19.0;";0;ETCS fallend;;;False;ETCS fallend;False;00:40:57;00:40:57;-;-;False;-;-;2457;2457
15125;ETCS fallend;0/00:40:58;0/00:40:58;00:41;00:41;00:41;00:41;-;100,00;97,09;100,00;-;100,00;-;K;-;ETCS-Stützstelle;;S2;Strecke 2;0/00:09:52;-;140,00;1,0000;1,030;-;-;54,0;118,0;ETCS L1;False;False;0;-; 0,0; 0,0; 0,0;S2: VDV 2 - Strecke 2 - VDV 1;0,000000;31642,0;  0,0;6227,3;  0,0;1,030;1,00;1,00;"80 0622-19.0;";0;ETCS fallend;;;False;ETCS fallend;False;00:40:58;00:40:58;-;-;False;-;-;2458;2458
15150;ETCS fallend;0/00:40:59;0/00:40:59;00:41;00:41;00:41;00:41;-;100,00;97,09;100,00;-;100,00;-;K;-;ETCS-Stützstelle;;S2;Strecke 2;0/00:09:53;-;140,00;1,0000;1,030;-;-;54,0;118,0;ETCS L1;False;False;0;-; 0,0; 0,0; 0,0;S2: VDV 2 - Strecke 2 - VDV 1;0,000000;31642,0;  0,0;6227,3;  0,0;1,030;1,00;1,00;"80 0622-19.0;";0;ETCS fallend;;;False;ETCS fallend;False;00:40:59;00:40:59;-;-;False;-;-;2459;2459
15175;ETCS fallend;0/00:41:00;0/00:41:00;00:41;00:41;00:41;00:41;-;100,00;97,09;100,00;-;100,00;-;K;-;ETCS-Stützstelle;;S2;Strecke 2;0/00:09:54;-;140,00;1,0000;1,030;-;-;54,0;118,0;ETCS L1;False;False;0;-; 0,0; 0,0; 0,0;S2: VDV 2 - Strecke 2 - VDV 1;0,000000;31642,0;  0,0;6227,3;  0,0;1,030;1,00;1,00;"80 0622-19.0;";0;ETCS fallend;;;False;ETCS fallend;False;00:41:00;00:41:00;-;-;False;-;-;2460;2460
15200;ETCS fallend;0/00:41:01;0/00:41:01;00:41;00:41;00:41;00:41;-;100,00;97,09;100,00;-;100,00;-;K;-;ETCS-Stützstelle;;S2;Strecke 2;0/00:09:55;-;140,00;1,0000;1,030;-;-;54,0;118,0;ETCS L1;False;False;0;-; 0,0; 0,0; 0,0;S2: VDV 2 - Strecke 2 - VDV 1;0,000000;31642,0;  0,0;6227,3;  0,0;1,030;1,00;1,00;"80 0622-19.0;";0;ETCS fallend;;;False;ETCS fallend;False;00:41:01;00:41:01;-;-;False;-;-;2461;2461
15225;ETCS fallend;0/00:41:02;0/00:41:02;00:41;00:41;00:41;00:41;-;100,00;97,09;100,00;-;100,00;-;K;-;ETCS-Stützstelle;;S2;Strecke 2;0/00:09:56;-;140,00;1,0000;1,030;-;-;54,0;118,0;ETCS L1;False;False;0;-; 0,0; 0,0; 0,0;S2: VDV 2 - Strecke 2 - VDV 1;0,000000;31642,0;  0,0;6227,3;  0,0;1,030;1,00;1,00;"80 0622-19.0;";0;ETCS fallend;;;False;ETCS fallend;False;00:41:02;00:41:02;-;-;False;-;-;2462;2462
15250;ETCS fallend;0/00:41:02;0/00:41:02;00:41;00:41;00:41;00:41;-;100,00;97,09;100,00;-;100,00;-;K;-;ETCS-Stützstelle;;S2;Strecke 2;0/00:09:56;-;140,00;1,0000;1,030;-;-;54,0;118,0;ETCS L1;False;False;0;-; 0,0; 0,0; 0,0;S2: VDV 2 - Strecke 2 - VDV 1;0,000000;31642,0;  0,0;6227,3;  0,0;1,030;1,00;1,00;"80 0622-19.0;";0;ETCS fallend;;;False;ETCS fallend;False;00:41:02;00:41:02;-;-;False;-;-;2462;2462
15275;ETCS fallend;0/00:41:03;0/00:41:03;00:41;00:41;00:41;00:41;-;100,00;97,09;100,00;-;100,00;-;K;-;ETCS-Stützstelle;;S2;Strecke 2;0/00:09:57;-;140,00;1,0000;1,030;-;-;54,0;118,0;ETCS L1;False;False;0;-; 0,0; 0,0; 0,0;S2: VDV 2 - Strecke 2 - VDV 1;0,000000;31642,0;  0,0;6227,3;  0,0;1,030;1,00;1,00;"80 0622-19.0;";0;ETCS fallend;;;False;ETCS fallend;False;00:41:03;00:41:03;-;-;False;-;-;2463;2463
15300;ETCS fallend;0/00:41:04;0/00:41:04;00:41;00:41;00:41;00:41;-;100,00;97,09;100,00;-;100,00;-;K;-;ETCS-Stützstelle;;S2;Strecke 2;0/00:09:58;-;140,00;1,0000;1,030;-;-;54,0;118,0;ETCS L1;False;False;0;-; 0,0; 0,0; 0,0;S2: VDV 2 - Strecke 2 - VDV 1;0,000000;31642,0;  0,0;6227,3;  0,0;1,030;1,00;1,00;"80 0622-19.0;";0;ETCS fallend;;;False;ETCS fallend;False;00:41:04;00:41:04;-;-;False;-;-;2464;2464
15325;ETCS fallend;0/00:41:05;0/00:41:05;00:41;00:41;00:41;00:41;-;100,00;97,09;100,00;-;100,00;-;K;-;ETCS-Stützstelle;;S2;Strecke 2;0/00:09:59;-;140,00;1,0000;1,030;-;-;54,0;118,0;ETCS L1;False;False;0;-; 0,0; 0,0; 0,0;S2: VDV 2 - Strecke 2 - VDV 1;0,000000;31642,0;  0,0;6227,3;  0,0;1,030;1,00;1,00;"80 0622-19.0;";0;ETCS fallend;;;False;ETCS fallend;False;00:41:05;00:41:05;-;-;False;-;-;2465;2465
15350;ETCS fallend;0/00:41:06;0/00:41:06;00:41;00:41;00:41;00:41;-;100,00;97,09;100,00;-;100,00;-;K;-;ETCS-Stützstelle;;S2;Strecke 2;0/00:10:00;-;140,00;1,0000;1,030;-;-;54,0;118,0;ETCS L1;False;False;0;-; 0,0; 0,0; 0,0;S2: VDV 2 - Strecke 2 - VDV 1;0,000000;31642,0;  0,0;6227,3;  0,0;1,030;1,00;1,00;"80 0622-19.0;";0;ETCS fallend;;;False;ETCS fallend;False;00:41:06;00:41:06;-;-;False;-;-;2466;2466
15375;ETCS fallend;0/00:41:07;0/00:41:07;00:41;00:41;00:41;00:41;-;100,00;97,09;100,00;-;100,00;-;K;-;ETCS-Stützstelle;;S2;Strecke 2;0/00:10:01;-;140,00;1,0000;1,030;-;-;54,0;118,0;ETCS L1;False;False;0;-; 0,0; 0,0; 0,0;S2: VDV 2 - Strecke 2 - VDV 1;0,000000;31642,0;  0,0;6227,3;  0,0;1,030;1,00;1,00;"80 0622-19.0;";0;ETCS fallend;;;False;ETCS fallend;False;00:41:07;00:41:07;-;-;False;-;-;2467;2467
15400;ETCS fallend;0/00:41:08;0/00:41:08;00:41;00:41;00:41;00:41;-;100,00;97,09;100,00;-;100,00;-;K;-;ETCS-Stützstelle;;S2;Strecke 2;0/00:10:02;-;140,00;1,0000;1,030;-;-;54,0;118,0;ETCS L1;False;False;0;-; 0,0; 0,0; 0,0;S2: VDV 2 - Strecke 2 - VDV 1;0,000000;31642,0;  0,0;6227,3;  0,0;1,030;1,00;1,00;"80 0622-19.0;";0;ETCS fallend;;;False;ETCS fallend;False;00:41:08;00:41:08;-;-;False;-;-;2468;2468
15425;ETCS fallend;0/00:41:09;0/00:41:09;00:41;00:41;00:41;00:41;-;100,00;97,09;100,00;-;100,00;-;K;-;ETCS-Stützstelle;;S2;Strecke 2;0/00:10:03;-;140,00;1,0000;1,030;-;-;54,0;118,0;ETCS L1;False;False;0;-; 0,0; 0,0; 0,0;S2: VDV 2 - Strecke 2 - VDV 1;0,000000;31642,0;  0,0;6227,3;  0,0;1,030;1,00;1,00;"80 0622-19.0;";0;ETCS fallend;;;False;ETCS fallend;False;00:41:09;00:41:09;-;-;False;-;-;2469;2469
15450;ETCS fallend;0/00:41:10;0/00:41:10;00:41;00:41;00:41;00:41;-;100,00;97,09;100,00;-;100,00;-;K;-;ETCS-Stützstelle;;S2;Strecke 2;0/00:10:04;-;140,00;1,0000;1,030;-;-;54,0;118,0;ETCS L1;False;False;0;-; 0,0; 0,0; 0,0;S2: VDV 2 - Strecke 2 - VDV 1;0,000000;31642,0;  0,0;6227,3;  0,0;1,030;1,00;1,00;"80 0622-19.0;";0;ETCS fallend;;;False;ETCS fallend;False;00:41:10;00:41:10;-;-;False;-;-;2470;2470
15475;ETCS fallend;0/00:41:11;0/00:41:11;00:41;00:41;00:41;00:41;-;100,00;97,09;100,00;-;100,00;-;K;-;ETCS-Stützstelle;;S2;Strecke 2;0/00:10:05;-;140,00;1,0000;1,030;-;-;54,0;118,0;ETCS L1;False;False;0;-; 0,0; 0,0; 0,0;S2: VDV 2 - Strecke 2 - VDV 1;0,000000;31642,0;  0,0;6227,3;  0,0;1,030;1,00;1,00;"80 0622-19.0;";0;ETCS fallend;;;False;ETCS fallend;False;00:41:11;00:41:11;-;-;False;-;-;2471;2471
15500;ETCS fallend;0/00:41:12;0/00:41:12;00:41;00:41;00:41;00:41;-;100,00;97,09;100,00;-;100,00;-;K;-;ETCS-Stützstelle;;S2;Strecke 2;0/00:10:05;-;140,00;1,0000;1,030;-;-;54,0;118,0;ETCS L1;False;False;0;-; 0,0; 0,0; 0,0;S2: VDV 2 - Strecke 2 - VDV 1;0,000000;31642,0;  0,0;6227,3;  0,0;1,030;1,00;1,00;"80 0622-19.0;";0;ETCS fallend;;;False;ETCS fallend;False;00:41:12;00:41:12;-;-;False;-;-;2472;2472
15525;ETCS fallend;0/00:41:13;0/00:41:13;00:41;00:41;00:41;00:41;-;100,00;97,09;100,00;-;100,00;-;K;-;ETCS-Stützstelle;;S2;Strecke 2;0/00:10:06;-;140,00;1,0000;1,030;-;-;54,0;118,0;ETCS L1;False;False;0;-; 0,0; 0,0; 0,0;S2: VDV 2 - Strecke 2 - VDV 1;0,000000;31642,0;  0,0;6227,3;  0,0;1,030;1,00;1,00;"80 0622-19.0;";0;ETCS fallend;;;False;ETCS fallend;False;00:41:13;00:41:13;-;-;False;-;-;2473;2473
15550;ETCS fallend;0/00:41:14;0/00:41:14;00:41;00:41;00:41;00:41;-;100,00;97,09;100,00;-;100,00;-;K;-;ETCS-Stützstelle;;S2;Strecke 2;0/00:10:07;-;140,00;1,0000;1,030;-;-;54,0;118,0;ETCS L1;False;False;0;-; 0,0; 0,0; 0,0;S2: VDV 2 - Strecke 2 - VDV 1;0,000000;31642,0;  0,0;6227,3;  0,0;1,030;1,00;1,00;"80 0622-19.0;";0;ETCS fallend;;;False;ETCS fallend;False;00:41:14;00:41:14;-;-;False;-;-;2474;2474
15575;ETCS fallend;0/00:41:14;0/00:41:14;00:41;00:41;00:41;00:41;-;100,00;97,09;100,00;-;100,00;-;K;-;ETCS-Stützstelle;;S2;Strecke 2;0/00:10:08;-;140,00;1,0000;1,030;-;-;54,0;118,0;ETCS L1;False;False;0;-; 0,0; 0,0; 0,0;S2: VDV 2 - Strecke 2 - VDV 1;0,000000;31642,0;  0,0;6227,3;  0,0;1,030;1,00;1,00;"80 0622-19.0;";0;ETCS fallend;;;False;ETCS fallend;False;00:41:14;00:41:14;-;-;False;-;-;2474;2474
15600;ETCS fallend;0/00:41:15;0/00:41:15;00:41;00:41;00:41;00:41;-;100,00;97,09;100,00;-;100,00;-;K;-;ETCS-Stützstelle;;S2;Strecke 2;0/00:10:09;-;140,00;1,0000;1,030;-;-;54,0;118,0;ETCS L1;False;False;0;-; 0,0; 0,0; 0,0;S2: VDV 2 - Strecke 2 - VDV 1;0,000000;31642,0;  0,0;6227,3;  0,0;1,030;1,00;1,00;"80 0622-19.0;";0;ETCS fallend;;;False;ETCS fallend;False;00:41:15;00:41:15;-;-;False;-;-;2475;2475
15625;ETCS fallend;0/00:41:16;0/00:41:16;00:41;00:41;00:41;00:41;-;100,00;97,09;100,00;-;100,00;-;K;-;ETCS-Stützstelle;;S2;Strecke 2;0/00:10:10;-;140,00;1,0000;1,030;-;-;54,0;118,0;ETCS L1;False;False;0;-; 0,0; 0,0; 0,0;S2: VDV 2 - Strecke 2 - VDV 1;0,000000;31642,0;  0,0;6227,3;  0,0;1,030;1,00;1,00;"80 0622-19.0;";0;ETCS fallend;;;False;ETCS fallend;False;00:41:16;00:41:16;-;-;False;-;-;2476;2476
15650;ETCS fallend;0/00:41:17;0/00:41:17;00:41;00:41;00:41;00:41;-;100,00;97,09;100,00;-;100,00;-;K;-;ETCS-Stützstelle;;S2;Strecke 2;0/00:10:11;-;140,00;1,0000;1,030;-;-;54,0;118,0;ETCS L1;False;False;0;-; 0,0; 0,0; 0,0;S2: VDV 2 - Strecke 2 - VDV 1;0,000000;31642,0;  0,0;6227,3;  0,0;1,030;1,00;1,00;"80 0622-19.0;";0;ETCS fallend;;;False;ETCS fallend;False;00:41:17;00:41:17;-;-;False;-;-;2477;2477
15675;ETCS fallend;0/00:41:18;0/00:41:18;00:41;00:41;00:41;00:41;-;100,00;97,09;100,00;-;100,00;-;K;-;ETCS-Stützstelle;;S2;Strecke 2;0/00:10:12;-;140,00;1,0000;1,030;-;-;54,0;118,0;ETCS L1;False;False;0;-; 0,0; 0,0; 0,0;S2: VDV 2 - Strecke 2 - VDV 1;0,000000;31642,0;  0,0;6227,3;  0,0;1,030;1,00;1,00;"80 0622-19.0;";0;ETCS fallend;;;False;ETCS fallend;False;00:41:18;00:41:18;-;-;False;-;-;2478;2478
15700;ETCS fallend;0/00:41:19;0/00:41:19;00:41;00:41;00:41;00:41;-;100,00;97,09;100,00;-;100,00;-;K;-;ETCS-Stützstelle;;S2;Strecke 2;0/00:10:13;-;140,00;1,0000;1,030;-;-;54,0;118,0;ETCS L1;False;False;0;-; 0,0; 0,0; 0,0;S2: VDV 2 - Strecke 2 - VDV 1;0,000000;31642,0;  0,0;6227,3;  0,0;1,030;1,00;1,00;"80 0622-19.0;";0;ETCS fallend;;;False;ETCS fallend;False;00:41:19;00:41:19;-;-;False;-;-;2479;2479
15725;ETCS fallend;0/00:41:20;0/00:41:20;00:41;00:41;00:41;00:41;-;100,00;97,09;100,00;-;100,00;-;K;-;ETCS-Stützstelle;;S2;Strecke 2;0/00:10:14;-;140,00;1,0000;1,030;-;-;54,0;118,0;ETCS L1;False;False;0;-; 0,0; 0,0; 0,0;S2: VDV 2 - Strecke 2 - VDV 1;0,000000;31642,0;  0,0;6227,3;  0,0;1,030;1,00;1,00;"80 0622-19.0;";0;ETCS fallend;;;False;ETCS fallend;False;00:41:20;00:41:20;-;-;False;-;-;2480;2480
15750;ETCS fallend;0/00:41:21;0/00:41:21;00:41;00:41;00:41;00:41;-;100,00;97,09;100,00;-;100,00;-;K;-;ETCS-Stützstelle;;S2;Strecke 2;0/00:10:14;-;140,00;1,0000;1,030;-;-;54,0;118,0;ETCS L1;False;False;0;-; 0,0; 0,0; 0,0;S2: VDV 2 - Strecke 2 - VDV 1;0,000000;31642,0;  0,0;6227,3;  0,0;1,030;1,00;1,00;"80 0622-19.0;";0;ETCS fallend;;;False;ETCS fallend;False;00:41:21;00:41:21;-;-;False;-;-;2481;2481
15775;ETCS fallend;0/00:41:22;0/00:41:22;00:41;00:41;00:41;00:41;-;100,00;97,09;100,00;-;100,00;-;K;-;ETCS-Stützstelle;;S2;Strecke 2;0/00:10:15;-;140,00;1,0000;1,030;-;-;54,0;118,0;ETCS L1;False;False;0;-; 0,0; 0,0; 0,0;S2: VDV 2 - Strecke 2 - VDV 1;0,000000;31642,0;  0,0;6227,3;  0,0;1,030;1,00;1,00;"80 0622-19.0;";0;ETCS fallend;;;False;ETCS fallend;False;00:41:22;00:41:22;-;-;False;-;-;2482;2482
15800;ETCS fallend;0/00:41:23;0/00:41:23;00:41;00:41;00:41;00:41;-;100,00;97,09;100,00;-;100,00;-;K;-;ETCS-Stützstelle;;S2;Strecke 2;0/00:10:16;-;140,00;1,0000;1,030;-;-;54,0;118,0;ETCS L1;False;False;0;-; 0,0; 0,0; 0,0;S2: VDV 2 - Strecke 2 - VDV 1;0,000000;31642,0;  0,0;6227,3;  0,0;1,030;1,00;1,00;"80 0622-19.0;";0;ETCS fallend;;;False;ETCS fallend;False;00:41:23;00:41:23;-;-;False;-;-;2483;2483
15825;ETCS fallend;0/00:41:24;0/00:41:24;00:41;00:41;00:41;00:41;-;100,00;97,09;100,00;-;100,00;-;K;-;ETCS-Stützstelle;;S2;Strecke 2;0/00:10:17;-;140,00;1,0000;1,030;-;-;54,0;118,0;ETCS L1;False;False;0;-; 0,0; 0,0; 0,0;S2: VDV 2 - Strecke 2 - VDV 1;0,000000;31642,0;  0,0;6227,3;  0,0;1,030;1,00;1,00;"80 0622-19.0;";0;ETCS fallend;;;False;ETCS fallend;False;00:41:24;00:41:24;-;-;False;-;-;2484;2484
15850;ETCS fallend;0/00:41:25;0/00:41:25;00:41;00:41;00:41;00:41;-;100,00;97,09;100,00;-;100,00;-;K;-;ETCS-Stützstelle;;S2;Strecke 2;0/00:10:18;-;140,00;1,0000;1,030;-;-;54,0;118,0;ETCS L1;False;False;0;-; 0,0; 0,0; 0,0;S2: VDV 2 - Strecke 2 - VDV 1;0,000000;31642,0;  0,0;6227,3;  0,0;1,030;1,00;1,00;"80 0622-19.0;";0;ETCS fallend;;;False;ETCS fallend;False;00:41:25;00:41:25;-;-;False;-;-;2485;2485
15875;ETCS fallend;0/00:41:26;0/00:41:26;00:41;00:41;00:41;00:41;-;100,00;97,09;100,00;-;100,00;-;K;-;ETCS-Stützstelle;;S2;Strecke 2;0/00:10:19;-;140,00;1,0000;1,030;-;-;54,0;118,0;ETCS L1;False;False;0;-; 0,0; 0,0; 0,0;S2: VDV 2 - Strecke 2 - VDV 1;0,000000;31642,0;  0,0;6227,3;  0,0;1,030;1,00;1,00;"80 0622-19.0;";0;ETCS fallend;;;False;ETCS fallend;False;00:41:26;00:41:26;-;-;False;-;-;2486;2486
15900;ETCS fallend;0/00:41:27;0/00:41:27;00:41;00:41;00:41;00:41;-;100,00;97,09;100,00;-;100,00;-;K;-;ETCS-Stützstelle;;S2;Strecke 2;0/00:10:20;-;140,00;1,0000;1,030;-;-;54,0;118,0;ETCS L1;False;False;0;-; 0,0; 0,0; 0,0;S2: VDV 2 - Strecke 2 - VDV 1;0,000000;31642,0;  0,0;6227,3;  0,0;1,030;1,00;1,00;"80 0622-19.0;";0;ETCS fallend;;;False;ETCS fallend;False;00:41:27;00:41:27;-;-;False;-;-;2487;2487
15925;ETCS fallend;0/00:41:27;0/00:41:27;00:41;00:41;00:41;00:41;-;100,00;97,09;100,00;-;100,00;-;K;-;ETCS-Stützstelle;;S2;Strecke 2;0/00:10:21;-;140,00;1,0000;1,030;-;-;54,0;118,0;ETCS L1;False;False;0;-; 0,0; 0,0; 0,0;S2: VDV 2 - Strecke 2 - VDV 1;0,000000;31642,0;  0,0;6227,3;  0,0;1,030;1,00;1,00;"80 0622-19.0;";0;ETCS fallend;;;False;ETCS fallend;False;00:41:27;00:41:27;-;-;False;-;-;2487;2487
15950;ETCS fallend;0/00:41:28;0/00:41:28;00:41;00:41;00:41;00:41;-;100,00;97,09;100,00;-;100,00;-;K;-;ETCS-Stützstelle;;S2;Strecke 2;0/00:10:22;-;140,00;1,0000;1,030;-;-;54,0;118,0;ETCS L1;False;False;0;-; 0,0; 0,0; 0,0;S2: VDV 2 - Strecke 2 - VDV 1;0,000000;31642,0;  0,0;6227,3;  0,0;1,030;1,00;1,00;"80 0622-19.0;";0;ETCS fallend;;;False;ETCS fallend;False;00:41:28;00:41:28;-;-;False;-;-;2488;2488
15975;ETCS fallend;0/00:41:29;0/00:41:29;00:41;00:41;00:41;00:41;-;100,00;97,09;100,00;-;100,00;-;K;-;ETCS-Stützstelle;;S2;Strecke 2;0/00:10:23;-;140,00;1,0000;1,030;-;-;54,0;118,0;ETCS L1;False;False;0;-; 0,0; 0,0; 0,0;S2: VDV 2 - Strecke 2 - VDV 1;0,000000;31642,0;  0,0;6227,3;  0,0;1,030;1,00;1,00;"80 0622-19.0;";0;ETCS fallend;;;False;ETCS fallend;False;00:41:29;00:41:29;-;-;False;-;-;2489;2489
16000;ETCS fallend;0/00:41:30;0/00:41:30;00:42;00:42;00:42;00:42;-;100,00;97,09;100,00;-;100,00;-;K;-;ETCS-Stützstelle;;S2;Strecke 2;0/00:10:23;-;140,00;1,0000;1,030;-;-;54,0;118,0;ETCS L1;False;False;0;-; 0,0; 0,0; 0,0;S2: VDV 2 - Strecke 2 - VDV 1;0,000000;31642,0;  0,0;6227,3;  0,0;1,030;1,00;1,00;"80 0622-19.0;";0;ETCS fallend;;;False;ETCS fallend;False;00:41:30;00:41:30;-;-;False;-;-;2490;2490
16025;ETCS fallend;0/00:41:31;0/00:41:31;00:42;00:42;00:42;00:42;-;100,00;97,09;100,00;-;100,00;-;K;-;ETCS-Stützstelle;;S2;Strecke 2;0/00:10:24;-;140,00;1,0000;1,030;-;-;54,0;118,0;ETCS L1;False;False;0;-; 0,0; 0,0; 0,0;S2: VDV 2 - Strecke 2 - VDV 1;0,000000;31642,0;  0,0;6227,3;  0,0;1,030;1,00;1,00;"80 0622-19.0;";0;ETCS fallend;;;False;ETCS fallend;False;00:41:31;00:41:31;-;-;False;-;-;2491;2491
16050;ETCS fallend;0/00:41:32;0/00:41:32;00:42;00:42;00:42;00:42;-;100,00;97,09;100,00;-;100,00;-;K;-;ETCS-Stützstelle;;S2;Strecke 2;0/00:10:25;-;140,00;1,0000;1,030;-;-;54,0;118,0;ETCS L1;False;False;0;-; 0,0; 0,0; 0,0;S2: VDV 2 - Strecke 2 - VDV 1;0,000000;31642,0;  0,0;6227,3;  0,0;1,030;1,00;1,00;"80 0622-19.0;";0;ETCS fallend;;;False;ETCS fallend;False;00:41:32;00:41:32;-;-;False;-;-;2492;2492
16075;ETCS fallend;0/00:41:33;0/00:41:33;00:42;00:42;00:42;00:42;-;100,00;97,09;100,00;-;100,00;-;K;-;ETCS-Stützstelle;;S2;Strecke 2;0/00:10:26;-;140,00;1,0000;1,030;-;-;54,0;118,0;ETCS L1;False;False;0;-; 0,0; 0,0; 0,0;S2: VDV 2 - Strecke 2 - VDV 1;0,000000;31642,0;  0,0;6227,3;  0,0;1,030;1,00;1,00;"80 0622-19.0;";0;ETCS fallend;;;False;ETCS fallend;False;00:41:33;00:41:33;-;-;False;-;-;2493;2493
16100;ETCS fallend;0/00:41:34;0/00:41:34;00:42;00:42;00:42;00:42;-;100,00;97,09;100,00;-;100,00;-;K;-;ETCS-Stützstelle;;S2;Strecke 2;0/00:10:27;-;140,00;1,0000;1,030;-;-;54,0;118,0;ETCS L1;False;False;0;-; 0,0; 0,0; 0,0;S2: VDV 2 - Strecke 2 - VDV 1;0,000000;31642,0;  0,0;6227,3;  0,0;1,030;1,00;1,00;"80 0622-19.0;";0;ETCS fallend;;;False;ETCS fallend;False;00:41:34;00:41:34;-;-;False;-;-;2494;2494
16125;ETCS fallend;0/00:41:35;0/00:41:35;00:42;00:42;00:42;00:42;-;100,00;97,09;100,00;-;100,00;-;K;-;ETCS-Stützstelle;;S2;Strecke 2;0/00:10:28;-;140,00;1,0000;1,030;-;-;54,0;118,0;ETCS L1;False;False;0;-; 0,0; 0,0; 0,0;S2: VDV 2 - Strecke 2 - VDV 1;0,000000;31642,0;  0,0;6227,3;  0,0;1,030;1,00;1,00;"80 0622-19.0;";0;ETCS fallend;;;False;ETCS fallend;False;00:41:35;00:41:35;-;-;False;-;-;2495;2495
16150;ETCS fallend;0/00:41:36;0/00:41:36;00:42;00:42;00:42;00:42;-;100,00;97,09;100,00;-;100,00;-;K;-;ETCS-Stützstelle;;S2;Strecke 2;0/00:10:29;-;140,00;1,0000;1,030;-;-;54,0;118,0;ETCS L1;False;False;0;-; 0,0; 0,0; 0,0;S2: VDV 2 - Strecke 2 - VDV 1;0,000000;31642,0;  0,0;6227,3;  0,0;1,030;1,00;1,00;"80 0622-19.0;";0;ETCS fallend;;;False;ETCS fallend;False;00:41:36;00:41:36;-;-;False;-;-;2496;2496
16175;ETCS fallend;0/00:41:37;0/00:41:37;00:42;00:42;00:42;00:42;-;100,00;97,09;100,00;-;100,00;-;K;-;ETCS-Stützstelle;;S2;Strecke 2;0/00:10:30;-;140,00;1,0000;1,030;-;-;54,0;118,0;ETCS L1;False;False;0;-; 0,0; 0,0; 0,0;S2: VDV 2 - Strecke 2 - VDV 1;0,000000;31642,0;  0,0;6227,3;  0,0;1,030;1,00;1,00;"80 0622-19.0;";0;ETCS fallend;;;False;ETCS fallend;False;00:41:37;00:41:37;-;-;False;-;-;2497;2497
16200;ETCS fallend;0/00:41:38;0/00:41:38;00:42;00:42;00:42;00:42;-;100,00;97,09;100,00;-;100,00;-;K;-;ETCS-Stützstelle;;S2;Strecke 2;0/00:10:31;-;140,00;1,0000;1,030;-;-;54,0;118,0;ETCS L1;False;False;0;-; 0,0; 0,0; 0,0;S2: VDV 2 - Strecke 2 - VDV 1;0,000000;31642,0;  0,0;6227,3;  0,0;1,030;1,00;1,00;"80 0622-19.0;";0;ETCS fallend;;;False;ETCS fallend;False;00:41:38;00:41:38;-;-;False;-;-;2498;2498
16225;ETCS fallend;0/00:41:39;0/00:41:39;00:42;00:42;00:42;00:42;-;100,00;97,09;100,00;-;100,00;-;K;-;ETCS-Stützstelle;;S2;Strecke 2;0/00:10:32;-;140,00;1,0000;1,030;-;-;54,0;118,0;ETCS L1;False;False;0;-; 0,0; 0,0; 0,0;S2: VDV 2 - Strecke 2 - VDV 1;0,000000;31642,0;  0,0;6227,3;  0,0;1,030;1,00;1,00;"80 0622-19.0;";0;ETCS fallend;;;False;ETCS fallend;False;00:41:39;00:41:39;-;-;False;-;-;2499;2499
16250;ETCS fallend;0/00:41:40;0/00:41:40;00:42;00:42;00:42;00:42;-;100,00;97,09;100,00;-;100,00;-;K;-;ETCS-Stützstelle;;S2;Strecke 2;0/00:10:32;-;140,00;1,0000;1,030;-;-;54,0;118,0;ETCS L1;False;False;0;-; 0,0; 0,0; 0,0;S2: VDV 2 - Strecke 2 - VDV 1;0,000000;31642,0;  0,0;6227,3;  0,0;1,030;1,00;1,00;"80 0622-19.0;";0;ETCS fallend;;;False;ETCS fallend;False;00:41:40;00:41:40;-;-;False;-;-;2500;2500
16275;ETCS fallend;0/00:41:40;0/00:41:40;00:42;00:42;00:42;00:42;-;100,00;97,09;100,00;-;100,00;-;K;-;ETCS-Stützstelle;;S2;Strecke 2;0/00:10:33;-;140,00;1,0000;1,030;-;-;54,0;118,0;ETCS L1;False;False;0;-; 0,0; 0,0; 0,0;S2: VDV 2 - Strecke 2 - VDV 1;0,000000;31642,0;  0,0;6227,3;  0,0;1,030;1,00;1,00;"80 0622-19.0;";0;ETCS fallend;;;False;ETCS fallend;False;00:41:40;00:41:40;-;-;False;-;-;2500;2500
16300;ETCS fallend;0/00:41:41;0/00:41:41;00:42;00:42;00:42;00:42;-;100,00;97,09;100,00;-;100,00;-;K;-;ETCS-Stützstelle;;S2;Strecke 2;0/00:10:34;-;140,00;1,0000;1,030;-;-;54,0;118,0;ETCS L1;False;False;0;-; 0,0; 0,0; 0,0;S2: VDV 2 - Strecke 2 - VDV 1;0,000000;31642,0;  0,0;6227,3;  0,0;1,030;1,00;1,00;"80 0622-19.0;";0;ETCS fallend;;;False;ETCS fallend;False;00:41:41;00:41:41;-;-;False;-;-;2501;2501
16325;ETCS fallend;0/00:41:42;0/00:41:42;00:42;00:42;00:42;00:42;-;100,00;97,09;100,00;-;100,00;-;K;-;ETCS-Stützstelle;;S2;Strecke 2;0/00:10:35;-;140,00;1,0000;1,030;-;-;54,0;118,0;ETCS L1;False;False;0;-; 0,0; 0,0; 0,0;S2: VDV 2 - Strecke 2 - VDV 1;0,000000;31642,0;  0,0;6227,3;  0,0;1,030;1,00;1,00;"80 0622-19.0;";0;ETCS fallend;;;False;ETCS fallend;False;00:41:42;00:41:42;-;-;False;-;-;2502;2502
16350;ETCS fallend;0/00:41:43;0/00:41:43;00:42;00:42;00:42;00:42;-;100,00;97,09;100,00;-;100,00;-;K;-;ETCS-Stützstelle;;S2;Strecke 2;0/00:10:36;-;140,00;1,0000;1,030;-;-;54,0;118,0;ETCS L1;False;False;0;-; 0,0; 0,0; 0,0;S2: VDV 2 - Strecke 2 - VDV 1;0,000000;31642,0;  0,0;6227,3;  0,0;1,030;1,00;1,00;"80 0622-19.0;";0;ETCS fallend;;;False;ETCS fallend;False;00:41:43;00:41:43;-;-;False;-;-;2503;2503
16375;ETCS fallend;0/00:41:44;0/00:41:44;00:42;00:42;00:42;00:42;-;100,00;97,09;100,00;-;100,00;-;K;-;ETCS-Stützstelle;;S2;Strecke 2;0/00:10:37;-;140,00;1,0000;1,030;-;-;54,0;118,0;ETCS L1;False;False;0;-; 0,0; 0,0; 0,0;S2: VDV 2 - Strecke 2 - VDV 1;0,000000;31642,0;  0,0;6227,3;  0,0;1,030;1,00;1,00;"80 0622-19.0;";0;ETCS fallend;;;False;ETCS fallend;False;00:41:44;00:41:44;-;-;False;-;-;2504;2504
16400;ETCS fallend;0/00:41:45;0/00:41:45;00:42;00:42;00:42;00:42;-;100,00;97,09;100,00;-;100,00;-;K;-;ETCS-Stützstelle;;S2;Strecke 2;0/00:10:38;-;140,00;1,0000;1,030;-;-;54,0;118,0;ETCS L1;False;False;0;-; 0,0; 0,0; 0,0;S2: VDV 2 - Strecke 2 - VDV 1;0,000000;31642,0;  0,0;6227,3;  0,0;1,030;1,00;1,00;"80 0622-19.0;";0;ETCS fallend;;;False;ETCS fallend;False;00:41:45;00:41:45;-;-;False;-;-;2505;2505
16425;ETCS fallend;0/00:41:46;0/00:41:46;00:42;00:42;00:42;00:42;-;100,00;97,09;100,00;-;100,00;-;K;-;ETCS-Stützstelle;;S2;Strecke 2;0/00:10:39;-;140,00;1,0000;1,030;-;-;54,0;118,0;ETCS L1;False;False;0;-; 0,0; 0,0; 0,0;S2: VDV 2 - Strecke 2 - VDV 1;0,000000;31642,0;  0,0;6227,3;  0,0;1,030;1,00;1,00;"80 0622-19.0;";0;ETCS fallend;;;False;ETCS fallend;False;00:41:46;00:41:46;-;-;False;-;-;2506;2506
16450;ETCS fallend;0/00:41:47;0/00:41:47;00:42;00:42;00:42;00:42;-;100,00;97,09;100,00;-;100,00;-;K;-;ETCS-Stützstelle;;S2;Strecke 2;0/00:10:40;-;140,00;1,0000;1,030;-;-;54,0;118,0;ETCS L1;False;False;0;-; 0,0; 0,0; 0,0;S2: VDV 2 - Strecke 2 - VDV 1;0,000000;31642,0;  0,0;6227,3;  0,0;1,030;1,00;1,00;"80 0622-19.0;";0;ETCS fallend;;;False;ETCS fallend;False;00:41:47;00:41:47;-;-;False;-;-;2507;2507
16475;ETCS fallend;0/00:41:48;0/00:41:48;00:42;00:42;00:42;00:42;-;100,00;97,09;100,00;-;100,00;-;K;-;ETCS-Stützstelle;;S2;Strecke 2;0/00:10:41;-;140,00;1,0000;1,030;-;-;54,0;118,0;ETCS L1;False;False;0;-; 0,0; 0,0; 0,0;S2: VDV 2 - Strecke 2 - VDV 1;0,000000;31642,0;  0,0;6227,3;  0,0;1,030;1,00;1,00;"80 0622-19.0;";0;ETCS fallend;;;False;ETCS fallend;False;00:41:48;00:41:48;-;-;False;-;-;2508;2508
16500;ETCS fallend;0/00:41:49;0/00:41:49;00:42;00:42;00:42;00:42;-;100,00;97,09;100,00;-;100,00;-;K;-;ETCS-Stützstelle;;S2;Strecke 2;0/00:10:41;-;140,00;1,0000;1,030;-;-;54,0;118,0;ETCS L1;False;False;0;-; 0,0; 0,0; 0,0;S2: VDV 2 - Strecke 2 - VDV 1;0,000000;31642,0;  0,0;6227,3;  0,0;1,030;1,00;1,00;"80 0622-19.0;";0;ETCS fallend;;;False;ETCS fallend;False;00:41:49;00:41:49;-;-;False;-;-;2509;2509
16525;ETCS fallend;0/00:41:50;0/00:41:50;00:42;00:42;00:42;00:42;-;100,00;97,09;100,00;-;100,00;-;K;-;ETCS-Stützstelle;;S2;Strecke 2;0/00:10:42;-;140,00;1,0000;1,030;-;-;54,0;118,0;ETCS L1;False;False;0;-; 0,0; 0,0; 0,0;S2: VDV 2 - Strecke 2 - VDV 1;0,000000;31642,0;  0,0;6227,3;  0,0;1,030;1,00;1,00;"80 0622-19.0;";0;ETCS fallend;;;False;ETCS fallend;False;00:41:50;00:41:50;-;-;False;-;-;2510;2510
16550;ETCS fallend;0/00:41:51;0/00:41:51;00:42;00:42;00:42;00:42;-;100,00;97,09;100,00;-;100,00;-;K;-;ETCS-Stützstelle;;S2;Strecke 2;0/00:10:43;-;140,00;1,0000;1,030;-;-;54,0;118,0;ETCS L1;False;False;0;-; 0,0; 0,0; 0,0;S2: VDV 2 - Strecke 2 - VDV 1;0,000000;31642,0;  0,0;6227,3;  0,0;1,030;1,00;1,00;"80 0622-19.0;";0;ETCS fallend;;;False;ETCS fallend;False;00:41:51;00:41:51;-;-;False;-;-;2511;2511
16575;ETCS fallend;0/00:41:52;0/00:41:52;00:42;00:42;00:42;00:42;-;100,00;97,09;100,00;-;100,00;-;K;-;ETCS-Stützstelle;;S2;Strecke 2;0/00:10:44;-;140,00;1,0000;1,030;-;-;54,0;118,0;ETCS L1;False;False;0;-; 0,0; 0,0; 0,0;S2: VDV 2 - Strecke 2 - VDV 1;0,000000;31642,0;  0,0;6227,3;  0,0;1,030;1,00;1,00;"80 0622-19.0;";0;ETCS fallend;;;False;ETCS fallend;False;00:41:52;00:41:52;-;-;False;-;-;2512;2512
16600;ETCS fallend;0/00:41:52;0/00:41:52;00:42;00:42;00:42;00:42;-;100,00;97,09;100,00;-;100,00;-;K;-;ETCS-Stützstelle;;S2;Strecke 2;0/00:10:45;-;140,00;1,0000;1,030;-;-;54,0;118,0;ETCS L1;False;False;0;-; 0,0; 0,0; 0,0;S2: VDV 2 - Strecke 2 - VDV 1;0,000000;31642,0;  0,0;6227,3;  0,0;1,030;1,00;1,00;"80 0622-19.0;";0;ETCS fallend;;;False;ETCS fallend;False;00:41:52;00:41:52;-;-;False;-;-;2512;2512
16625;ETCS fallend;0/00:41:53;0/00:41:53;00:42;00:42;00:42;00:42;-;100,00;97,09;100,00;-;100,00;-;K;-;ETCS-Stützstelle;;S2;Strecke 2;0/00:10:46;-;140,00;1,0000;1,030;-;-;54,0;118,0;ETCS L1;False;False;0;-; 0,0; 0,0; 0,0;S2: VDV 2 - Strecke 2 - VDV 1;0,000000;31642,0;  0,0;6227,3;  0,0;1,030;1,00;1,00;"80 0622-19.0;";0;ETCS fallend;;;False;ETCS fallend;False;00:41:53;00:41:53;-;-;False;-;-;2513;2513
16650;ETCS fallend;0/00:41:54;0/00:41:54;00:42;00:42;00:42;00:42;-;100,00;97,09;100,00;-;100,00;-;K;-;ETCS-Stützstelle;;S2;Strecke 2;0/00:10:47;-;140,00;1,0000;1,030;-;-;54,0;118,0;ETCS L1;False;False;0;-; 0,0; 0,0; 0,0;S2: VDV 2 - Strecke 2 - VDV 1;0,000000;31642,0;  0,0;6227,3;  0,0;1,030;1,00;1,00;"80 0622-19.0;";0;ETCS fallend;;;False;ETCS fallend;False;00:41:54;00:41:54;-;-;False;-;-;2514;2514
16675;ETCS fallend;0/00:41:55;0/00:41:55;00:42;00:42;00:42;00:42;-;100,00;97,09;100,00;-;100,00;-;K;-;ETCS-Stützstelle;;S2;Strecke 2;0/00:10:48;-;140,00;1,0000;1,030;-;-;54,0;118,0;ETCS L1;False;False;0;-; 0,0; 0,0; 0,0;S2: VDV 2 - Strecke 2 - VDV 1;0,000000;31642,0;  0,0;6227,3;  0,0;1,030;1,00;1,00;"80 0622-19.0;";0;ETCS fallend;;;False;ETCS fallend;False;00:41:55;00:41:55;-;-;False;-;-;2515;2515
16700;ETCS fallend;0/00:41:56;0/00:41:56;00:42;00:42;00:42;00:42;-;100,00;97,09;100,00;-;100,00;-;K;-;ETCS-Stützstelle;;S2;Strecke 2;0/00:10:49;-;140,00;1,0000;1,030;-;-;54,0;118,0;ETCS L1;False;False;0;-; 0,0; 0,0; 0,0;S2: VDV 2 - Strecke 2 - VDV 1;0,000000;31642,0;  0,0;6227,3;  0,0;1,030;1,00;1,00;"80 0622-19.0;";0;ETCS fallend;;;False;ETCS fallend;False;00:41:56;00:41:56;-;-;False;-;-;2516;2516
16725;ETCS fallend;0/00:41:57;0/00:41:57;00:42;00:42;00:42;00:42;-;100,00;97,09;100,00;-;100,00;-;K;-;ETCS-Stützstelle;;S2;Strecke 2;0/00:10:50;-;140,00;1,0000;1,030;-;-;54,0;118,0;ETCS L1;False;False;0;-; 0,0; 0,0; 0,0;S2: VDV 2 - Strecke 2 - VDV 1;0,000000;31642,0;  0,0;6227,3;  0,0;1,030;1,00;1,00;"80 0622-19.0;";0;ETCS fallend;;;False;ETCS fallend;False;00:41:57;00:41:57;-;-;False;-;-;2517;2517
16750;ETCS fallend;0/00:41:58;0/00:41:58;00:42;00:42;00:42;00:42;-;100,00;97,09;100,00;-;100,00;-;K;-;ETCS-Stützstelle;;S2;Strecke 2;0/00:10:50;-;140,00;1,0000;1,030;-;-;54,0;118,0;ETCS L1;False;False;0;-; 0,0; 0,0; 0,0;S2: VDV 2 - Strecke 2 - VDV 1;0,000000;31642,0;  0,0;6227,3;  0,0;1,030;1,00;1,00;"80 0622-19.0;";0;ETCS fallend;;;False;ETCS fallend;False;00:41:58;00:41:58;-;-;False;-;-;2518;2518
16775;ETCS fallend;0/00:41:59;0/00:41:59;00:42;00:42;00:42;00:42;-;100,00;97,09;100,00;-;100,00;-;K;-;ETCS-Stützstelle;;S2;Strecke 2;0/00:10:51;-;140,00;1,0000;1,030;-;-;54,0;118,0;ETCS L1;False;False;0;-; 0,0; 0,0; 0,0;S2: VDV 2 - Strecke 2 - VDV 1;0,000000;31642,0;  0,0;6227,3;  0,0;1,030;1,00;1,00;"80 0622-19.0;";0;ETCS fallend;;;False;ETCS fallend;False;00:41:59;00:41:59;-;-;False;-;-;2519;2519
16800;ETCS fallend;0/00:42:00;0/00:42:00;00:42;00:42;00:42;00:42;-;100,00;97,09;100,00;-;100,00;-;K;-;ETCS-Stützstelle;;S2;Strecke 2;0/00:10:52;-;140,00;1,0000;1,030;-;-;54,0;118,0;ETCS L1;False;False;0;-; 0,0; 0,0; 0,0;S2: VDV 2 - Strecke 2 - VDV 1;0,000000;31642,0;  0,0;6227,3;  0,0;1,030;1,00;1,00;"80 0622-19.0;";0;ETCS fallend;;;False;ETCS fallend;False;00:42:00;00:42:00;-;-;False;-;-;2520;2520
16825;ETCS fallend;0/00:42:01;0/00:42:01;00:42;00:42;00:42;00:42;-;100,00;97,09;100,00;-;100,00;-;K;-;ETCS-Stützstelle;;S2;Strecke 2;0/00:10:53;-;140,00;1,0000;1,030;-;-;54,0;118,0;ETCS L1;False;False;0;-; 0,0; 0,0; 0,0;S2: VDV 2 - Strecke 2 - VDV 1;0,000000;31642,0;  0,0;6227,3;  0,0;1,030;1,00;1,00;"80 0622-19.0;";0;ETCS fallend;;;False;ETCS fallend;False;00:42:01;00:42:01;-;-;False;-;-;2521;2521
16850;ETCS fallend;0/00:42:02;0/00:42:02;00:42;00:42;00:42;00:42;-;100,00;97,09;100,00;-;100,00;-;K;-;ETCS-Stützstelle;;S2;Strecke 2;0/00:10:54;-;140,00;1,0000;1,030;-;-;54,0;118,0;ETCS L1;False;False;0;-; 0,0; 0,0; 0,0;S2: VDV 2 - Strecke 2 - VDV 1;0,000000;31642,0;  0,0;6227,3;  0,0;1,030;1,00;1,00;"80 0622-19.0;";0;ETCS fallend;;;False;ETCS fallend;False;00:42:02;00:42:02;-;-;False;-;-;2522;2522
16875;ETCS fallend;0/00:42:03;0/00:42:03;00:42;00:42;00:42;00:42;-;100,00;97,09;100,00;-;100,00;-;K;-;ETCS-Stützstelle;;S2;Strecke 2;0/00:10:55;-;140,00;1,0000;1,030;-;-;54,0;118,0;ETCS L1;False;False;0;-; 0,0; 0,0; 0,0;S2: VDV 2 - Strecke 2 - VDV 1;0,000000;31642,0;  0,0;6227,3;  0,0;1,030;1,00;1,00;"80 0622-19.0;";0;ETCS fallend;;;False;ETCS fallend;False;00:42:03;00:42:03;-;-;False;-;-;2523;2523
16900;ETCS fallend;0/00:42:04;0/00:42:04;00:42;00:42;00:42;00:42;-;100,00;97,09;100,00;-;100,00;-;K;-;ETCS-Stützstelle;;S2;Strecke 2;0/00:10:56;-;140,00;1,0000;1,030;-;-;54,0;118,0;ETCS L1;False;False;0;-; 0,0; 0,0; 0,0;S2: VDV 2 - Strecke 2 - VDV 1;0,000000;31642,0;  0,0;6227,3;  0,0;1,030;1,00;1,00;"80 0622-19.0;";0;ETCS fallend;;;False;ETCS fallend;False;00:42:04;00:42:04;-;-;False;-;-;2524;2524
16925;ETCS fallend;0/00:42:05;0/00:42:05;00:42;00:42;00:42;00:42;-;100,00;97,09;100,00;-;100,00;-;K;-;ETCS-Stützstelle;;S2;Strecke 2;0/00:10:57;-;140,00;1,0000;1,030;-;-;54,0;118,0;ETCS L1;False;False;0;-; 0,0; 0,0; 0,0;S2: VDV 2 - Strecke 2 - VDV 1;0,000000;31642,0;  0,0;6227,3;  0,0;1,030;1,00;1,00;"80 0622-19.0;";0;ETCS fallend;;;False;ETCS fallend;False;00:42:05;00:42:05;-;-;False;-;-;2525;2525
16950;ETCS fallend;0/00:42:05;0/00:42:05;00:42;00:42;00:42;00:42;-;100,00;97,09;100,00;-;100,00;-;K;-;ETCS-Stützstelle;;S2;Strecke 2;0/00:10:58;-;140,00;1,0000;1,030;-;-;54,0;118,0;ETCS L1;False;False;0;-; 0,0; 0,0; 0,0;S2: VDV 2 - Strecke 2 - VDV 1;0,000000;31642,0;  0,0;6227,3;  0,0;1,030;1,00;1,00;"80 0622-19.0;";0;ETCS fallend;;;False;ETCS fallend;False;00:42:05;00:42:05;-;-;False;-;-;2525;2525
16975;ETCS fallend;0/00:42:06;0/00:42:06;00:42;00:42;00:42;00:42;-;100,00;97,09;100,00;-;100,00;-;K;-;ETCS-Stützstelle;;S2;Strecke 2;0/00:10:59;-;140,00;1,0000;1,030;-;-;54,0;118,0;ETCS L1;False;False;0;-; 0,0; 0,0; 0,0;S2: VDV 2 - Strecke 2 - VDV 1;0,000000;31642,0;  0,0;6227,3;  0,0;1,030;1,00;1,00;"80 0622-19.0;";0;ETCS fallend;;;False;ETCS fallend;False;00:42:06;00:42:06;-;-;False;-;-;2526;2526
17000;ETCS fallend;0/00:42:07;0/00:42:07;00:42;00:42;00:42;00:42;-;100,00;97,09;100,00;-;100,00;-;K;-;ETCS-Stützstelle;;S2;Strecke 2;0/00:10:59;-;140,00;1,0000;1,030;-;-;54,0;118,0;ETCS L1;False;False;0;-; 0,0; 0,0; 0,0;S2: VDV 2 - Strecke 2 - VDV 1;0,000000;31642,0;  0,0;6227,3;  0,0;1,030;1,00;1,00;"80 0622-19.0;";0;ETCS fallend;;;False;ETCS fallend;False;00:42:07;00:42:07;-;-;False;-;-;2527;2527
17025;ETCS fallend;0/00:42:08;0/00:42:08;00:42;00:42;00:42;00:42;-;100,00;97,09;100,00;-;100,00;-;K;-;ETCS-Stützstelle;;S2;Strecke 2;0/00:11:00;-;140,00;1,0000;1,030;-;-;54,0;118,0;ETCS L1;False;False;0;-; 0,0; 0,0; 0,0;S2: VDV 2 - Strecke 2 - VDV 1;0,000000;31642,0;  0,0;6227,3;  0,0;1,030;1,00;1,00;"80 0622-19.0;";0;ETCS fallend;;;False;ETCS fallend;False;00:42:08;00:42:08;-;-;False;-;-;2528;2528
17050;ETCS fallend;0/00:42:09;0/00:42:09;00:42;00:42;00:42;00:42;-;100,00;97,09;100,00;-;100,00;-;K;-;ETCS-Stützstelle;;S2;Strecke 2;0/00:11:01;-;140,00;1,0000;1,030;-;-;54,0;118,0;ETCS L1;False;False;0;-; 0,0; 0,0; 0,0;S2: VDV 2 - Strecke 2 - VDV 1;0,000000;31642,0;  0,0;6227,3;  0,0;1,030;1,00;1,00;"80 0622-19.0;";0;ETCS fallend;;;False;ETCS fallend;False;00:42:09;00:42:09;-;-;False;-;-;2529;2529
17075;ETCS fallend;0/00:42:10;0/00:42:10;00:42;00:42;00:42;00:42;-;100,00;97,09;100,00;-;100,00;-;K;-;ETCS-Stützstelle;;S2;Strecke 2;0/00:11:02;-;140,00;1,0000;1,030;-;-;54,0;118,0;ETCS L1;False;False;0;-; 0,0; 0,0; 0,0;S2: VDV 2 - Strecke 2 - VDV 1;0,000000;31642,0;  0,0;6227,3;  0,0;1,030;1,00;1,00;"80 0622-19.0;";0;ETCS fallend;;;False;ETCS fallend;False;00:42:10;00:42:10;-;-;False;-;-;2530;2530
17100;ETCS fallend;0/00:42:11;0/00:42:11;00:42;00:42;00:42;00:42;-;100,00;97,09;100,00;-;100,00;-;K;-;ETCS-Stützstelle;;S2;Strecke 2;0/00:11:03;-;140,00;1,0000;1,030;-;-;54,0;118,0;ETCS L1;False;False;0;-; 0,0; 0,0; 0,0;S2: VDV 2 - Strecke 2 - VDV 1;0,000000;31642,0;  0,0;6227,3;  0,0;1,030;1,00;1,00;"80 0622-19.0;";0;ETCS fallend;;;False;ETCS fallend;False;00:42:11;00:42:11;-;-;False;-;-;2531;2531
17125;ETCS fallend;0/00:42:12;0/00:42:12;00:42;00:42;00:42;00:42;-;100,00;97,09;100,00;-;100,00;-;K;-;ETCS-Stützstelle;;S2;Strecke 2;0/00:11:04;-;140,00;1,0000;1,030;-;-;54,0;118,0;ETCS L1;False;False;0;-; 0,0; 0,0; 0,0;S2: VDV 2 - Strecke 2 - VDV 1;0,000000;31642,0;  0,0;6227,3;  0,0;1,030;1,00;1,00;"80 0622-19.0;";0;ETCS fallend;;;False;ETCS fallend;False;00:42:12;00:42:12;-;-;False;-;-;2532;2532
17150;ETCS fallend;0/00:42:13;0/00:42:13;00:42;00:42;00:42;00:42;-;100,00;97,09;100,00;-;100,00;-;K;-;ETCS-Stützstelle;;S2;Strecke 2;0/00:11:05;-;140,00;1,0000;1,030;-;-;54,0;118,0;ETCS L1;False;False;0;-; 0,0; 0,0; 0,0;S2: VDV 2 - Strecke 2 - VDV 1;0,000000;31642,0;  0,0;6227,3;  0,0;1,030;1,00;1,00;"80 0622-19.0;";0;ETCS fallend;;;False;ETCS fallend;False;00:42:13;00:42:13;-;-;False;-;-;2533;2533
17175;ETCS fallend;0/00:42:14;0/00:42:14;00:42;00:42;00:42;00:42;-;100,00;97,09;100,00;-;100,00;-;K;-;ETCS-Stützstelle;;S2;Strecke 2;0/00:11:06;-;140,00;1,0000;1,030;-;-;54,0;118,0;ETCS L1;False;False;0;-; 0,0; 0,0; 0,0;S2: VDV 2 - Strecke 2 - VDV 1;0,000000;31642,0;  0,0;6227,3;  0,0;1,030;1,00;1,00;"80 0622-19.0;";0;ETCS fallend;;;False;ETCS fallend;False;00:42:14;00:42:14;-;-;False;-;-;2534;2534
17200;ETCS fallend;0/00:42:15;0/00:42:15;00:42;00:42;00:42;00:42;-;100,00;97,09;100,00;-;100,00;-;K;-;ETCS-Stützstelle;;S2;Strecke 2;0/00:11:07;-;140,00;1,0000;1,030;-;-;54,0;118,0;ETCS L1;False;False;0;-; 0,0; 0,0; 0,0;S2: VDV 2 - Strecke 2 - VDV 1;0,000000;31642,0;  0,0;6227,3;  0,0;1,030;1,00;1,00;"80 0622-19.0;";0;ETCS fallend;;;False;ETCS fallend;False;00:42:15;00:42:15;-;-;False;-;-;2535;2535
17225;ETCS fallend;0/00:42:16;0/00:42:16;00:42;00:42;00:42;00:42;-;100,00;97,09;100,00;-;100,00;-;K;-;ETCS-Stützstelle;;S2;Strecke 2;0/00:11:08;-;140,00;1,0000;1,030;-;-;54,0;118,0;ETCS L1;False;False;0;-; 0,0; 0,0; 0,0;S2: VDV 2 - Strecke 2 - VDV 1;0,000000;31642,0;  0,0;6227,3;  0,0;1,030;1,00;1,00;"80 0622-19.0;";0;ETCS fallend;;;False;ETCS fallend;False;00:42:16;00:42:16;-;-;False;-;-;2536;2536
17250;ETCS fallend;0/00:42:17;0/00:42:17;00:42;00:42;00:42;00:42;-;100,00;97,09;100,00;-;100,00;-;K;-;ETCS-Stützstelle;;S2;Strecke 2;0/00:11:08;-;140,00;1,0000;1,030;-;-;54,0;118,0;ETCS L1;False;False;0;-; 0,0; 0,0; 0,0;S2: VDV 2 - Strecke 2 - VDV 1;0,000000;31642,0;  0,0;6227,3;  0,0;1,030;1,00;1,00;"80 0622-19.0;";0;ETCS fallend;;;False;ETCS fallend;False;00:42:17;00:42:17;-;-;False;-;-;2537;2537
17275;ETCS fallend;0/00:42:18;0/00:42:18;00:42;00:42;00:42;00:42;-;100,00;97,09;100,00;-;100,00;-;K;-;ETCS-Stützstelle;;S2;Strecke 2;0/00:11:09;-;140,00;1,0000;1,030;-;-;54,0;118,0;ETCS L1;False;False;0;-; 0,0; 0,0; 0,0;S2: VDV 2 - Strecke 2 - VDV 1;0,000000;31642,0;  0,0;6227,3;  0,0;1,030;1,00;1,00;"80 0622-19.0;";0;ETCS fallend;;;False;ETCS fallend;False;00:42:18;00:42:18;-;-;False;-;-;2538;2538
17300;ETCS fallend;0/00:42:18;0/00:42:18;00:42;00:42;00:42;00:42;-;100,00;97,09;100,00;-;100,00;-;K;-;ETCS-Stützstelle;;S2;Strecke 2;0/00:11:10;-;140,00;1,0000;1,030;-;-;54,0;118,0;ETCS L1;False;False;0;-; 0,0; 0,0; 0,0;S2: VDV 2 - Strecke 2 - VDV 1;0,000000;31642,0;  0,0;6227,3;  0,0;1,030;1,00;1,00;"80 0622-19.0;";0;ETCS fallend;;;False;ETCS fallend;False;00:42:18;00:42:18;-;-;False;-;-;2538;2538
17325;ETCS fallend;0/00:42:19;0/00:42:19;00:42;00:42;00:42;00:42;-;100,00;97,09;100,00;-;100,00;-;K;-;ETCS-Stützstelle;;S2;Strecke 2;0/00:11:11;-;140,00;1,0000;1,030;-;-;54,0;118,0;ETCS L1;False;False;0;-; 0,0; 0,0; 0,0;S2: VDV 2 - Strecke 2 - VDV 1;0,000000;31642,0;  0,0;6227,3;  0,0;1,030;1,00;1,00;"80 0622-19.0;";0;ETCS fallend;;;False;ETCS fallend;False;00:42:19;00:42:19;-;-;False;-;-;2539;2539
17350;ETCS fallend;0/00:42:20;0/00:42:20;00:42;00:42;00:42;00:42;-;100,00;97,09;100,00;-;100,00;-;K;-;ETCS-Stützstelle;;S2;Strecke 2;0/00:11:12;-;140,00;1,0000;1,030;-;-;54,0;118,0;ETCS L1;False;False;0;-; 0,0; 0,0; 0,0;S2: VDV 2 - Strecke 2 - VDV 1;0,000000;31642,0;  0,0;6227,3;  0,0;1,030;1,00;1,00;"80 0622-19.0;";0;ETCS fallend;;;False;ETCS fallend;False;00:42:20;00:42:20;-;-;False;-;-;2540;2540
17375;ETCS fallend;0/00:42:21;0/00:42:21;00:42;00:42;00:42;00:42;-;100,00;97,09;100,00;-;100,00;-;K;-;ETCS-Stützstelle;;S2;Strecke 2;0/00:11:13;-;140,00;1,0000;1,030;-;-;54,0;118,0;ETCS L1;False;False;0;-; 0,0; 0,0; 0,0;S2: VDV 2 - Strecke 2 - VDV 1;0,000000;31642,0;  0,0;6227,3;  0,0;1,030;1,00;1,00;"80 0622-19.0;";0;ETCS fallend;;;False;ETCS fallend;False;00:42:21;00:42:21;-;-;False;-;-;2541;2541
17400;ETCS fallend;0/00:42:22;0/00:42:22;00:42;00:42;00:42;00:42;-;100,00;97,09;100,00;-;100,00;-;K;-;ETCS-Stützstelle;;S2;Strecke 2;0/00:11:14;-;140,00;1,0000;1,030;-;-;54,0;118,0;ETCS L1;False;False;0;-; 0,0; 0,0; 0,0;S2: VDV 2 - Strecke 2 - VDV 1;0,000000;31642,0;  0,0;6227,3;  0,0;1,030;1,00;1,00;"80 0622-19.0;";0;ETCS fallend;;;False;ETCS fallend;False;00:42:22;00:42:22;-;-;False;-;-;2542;2542
17425;ETCS fallend;0/00:42:23;0/00:42:23;00:42;00:42;00:42;00:42;-;100,00;97,09;100,00;-;100,00;-;K;-;ETCS-Stützstelle;;S2;Strecke 2;0/00:11:15;-;140,00;1,0000;1,030;-;-;54,0;118,0;ETCS L1;False;False;0;-; 0,0; 0,0; 0,0;S2: VDV 2 - Strecke 2 - VDV 1;0,000000;31642,0;  0,0;6227,3;  0,0;1,030;1,00;1,00;"80 0622-19.0;";0;ETCS fallend;;;False;ETCS fallend;False;00:42:23;00:42:23;-;-;False;-;-;2543;2543
17450;ETCS fallend;0/00:42:24;0/00:42:24;00:42;00:42;00:42;00:42;-;100,00;97,09;100,00;-;100,00;-;K;-;ETCS-Stützstelle;;S2;Strecke 2;0/00:11:16;-;140,00;1,0000;1,030;-;-;54,0;118,0;ETCS L1;False;False;0;-; 0,0; 0,0; 0,0;S2: VDV 2 - Strecke 2 - VDV 1;0,000000;31642,0;  0,0;6227,3;  0,0;1,030;1,00;1,00;"80 0622-19.0;";0;ETCS fallend;;;False;ETCS fallend;False;00:42:24;00:42:24;-;-;False;-;-;2544;2544
17475;ETCS fallend;0/00:42:25;0/00:42:25;00:42;00:42;00:42;00:42;-;100,00;97,09;100,00;-;100,00;-;K;-;ETCS-Stützstelle;;S2;Strecke 2;0/00:11:17;-;140,00;1,0000;1,030;-;-;54,0;118,0;ETCS L1;False;False;0;-; 0,0; 0,0; 0,0;S2: VDV 2 - Strecke 2 - VDV 1;0,000000;31642,0;  0,0;6227,3;  0,0;1,030;1,00;1,00;"80 0622-19.0;";0;ETCS fallend;;;False;ETCS fallend;False;00:42:25;00:42:25;-;-;False;-;-;2545;2545
17500;ETCS fallend;0/00:42:26;0/00:42:26;00:42;00:42;00:42;00:42;-;100,00;97,09;100,00;-;100,00;-;K;-;ETCS-Stützstelle;;S2;Strecke 2;0/00:11:17;-;140,00;1,0000;1,030;-;-;54,0;118,0;ETCS L1;False;False;0;-; 0,0; 0,0; 0,0;S2: VDV 2 - Strecke 2 - VDV 1;0,000000;31642,0;  0,0;6227,3;  0,0;1,030;1,00;1,00;"80 0622-19.0;";0;ETCS fallend;;;False;ETCS fallend;False;00:42:26;00:42:26;-;-;False;-;-;2546;2546
17525;ETCS fallend;0/00:42:27;0/00:42:27;00:42;00:42;00:42;00:42;-;100,00;97,09;100,00;-;100,00;-;K;-;ETCS-Stützstelle;;S2;Strecke 2;0/00:11:18;-;140,00;1,0000;1,030;-;-;54,0;118,0;ETCS L1;False;False;0;-; 0,0; 0,0; 0,0;S2: VDV 2 - Strecke 2 - VDV 1;0,000000;31642,0;  0,0;6227,3;  0,0;1,030;1,00;1,00;"80 0622-19.0;";0;ETCS fallend;;;False;ETCS fallend;False;00:42:27;00:42:27;-;-;False;-;-;2547;2547
17550;ETCS fallend;0/00:42:28;0/00:42:28;00:42;00:42;00:42;00:42;-;100,00;97,09;100,00;-;100,00;-;K;-;ETCS-Stützstelle;;S2;Strecke 2;0/00:11:19;-;140,00;1,0000;1,030;-;-;54,0;118,0;ETCS L1;False;False;0;-; 0,0; 0,0; 0,0;S2: VDV 2 - Strecke 2 - VDV 1;0,000000;31642,0;  0,0;6227,3;  0,0;1,030;1,00;1,00;"80 0622-19.0;";0;ETCS fallend;;;False;ETCS fallend;False;00:42:28;00:42:28;-;-;False;-;-;2548;2548
17575;ETCS fallend;0/00:42:29;0/00:42:29;00:42;00:42;00:42;00:42;-;100,00;97,09;100,00;-;100,00;-;K;-;ETCS-Stützstelle;;S2;Strecke 2;0/00:11:20;-;140,00;1,0000;1,030;-;-;54,0;118,0;ETCS L1;False;False;0;-; 0,0; 0,0; 0,0;S2: VDV 2 - Strecke 2 - VDV 1;0,000000;31642,0;  0,0;6227,3;  0,0;1,030;1,00;1,00;"80 0622-19.0;";0;ETCS fallend;;;False;ETCS fallend;False;00:42:29;00:42:29;-;-;False;-;-;2549;2549
17600;ETCS fallend;0/00:42:30;0/00:42:30;00:43;00:43;00:43;00:43;-;100,00;97,09;100,00;-;100,00;-;K;-;ETCS-Stützstelle;;S2;Strecke 2;0/00:11:21;-;140,00;1,0000;1,030;-;-;54,0;118,0;ETCS L1;False;False;0;-; 0,0; 0,0; 0,0;S2: VDV 2 - Strecke 2 - VDV 1;0,000000;31642,0;  0,0;6227,3;  0,0;1,030;1,00;1,00;"80 0622-19.0;";0;ETCS fallend;;;False;ETCS fallend;False;00:42:30;00:42:30;-;-;False;-;-;2550;2550
17625;ETCS fallend;0/00:42:30;0/00:42:30;00:43;00:43;00:43;00:43;-;100,00;97,09;100,00;-;100,00;-;K;-;ETCS-Stützstelle;;S2;Strecke 2;0/00:11:22;-;140,00;1,0000;1,030;-;-;54,0;118,0;ETCS L1;False;False;0;-; 0,0; 0,0; 0,0;S2: VDV 2 - Strecke 2 - VDV 1;0,000000;31642,0;  0,0;6227,3;  0,0;1,030;1,00;1,00;"80 0622-19.0;";0;ETCS fallend;;;False;ETCS fallend;False;00:42:30;00:42:30;-;-;False;-;-;2550;2550
17650;ETCS fallend;0/00:42:31;0/00:42:31;00:43;00:43;00:43;00:43;-;100,00;97,09;100,00;-;100,00;-;K;-;ETCS-Stützstelle;;S2;Strecke 2;0/00:11:23;-;140,00;1,0000;1,030;-;-;54,0;118,0;ETCS L1;False;False;0;-; 0,0; 0,0; 0,0;S2: VDV 2 - Strecke 2 - VDV 1;0,000000;31642,0;  0,0;6227,3;  0,0;1,030;1,00;1,00;"80 0622-19.0;";0;ETCS fallend;;;False;ETCS fallend;False;00:42:31;00:42:31;-;-;False;-;-;2551;2551
17675;ETCS fallend;0/00:42:32;0/00:42:32;00:43;00:43;00:43;00:43;-;100,00;97,09;100,00;-;100,00;-;K;-;ETCS-Stützstelle;;S2;Strecke 2;0/00:11:24;-;140,00;1,0000;1,030;-;-;54,0;118,0;ETCS L1;False;False;0;-; 0,0; 0,0; 0,0;S2: VDV 2 - Strecke 2 - VDV 1;0,000000;31642,0;  0,0;6227,3;  0,0;1,030;1,00;1,00;"80 0622-19.0;";0;ETCS fallend;;;False;ETCS fallend;False;00:42:32;00:42:32;-;-;False;-;-;2552;2552
17700;ETCS fallend;0/00:42:33;0/00:42:33;00:43;00:43;00:43;00:43;-;100,00;97,09;100,00;-;100,00;-;K;-;ETCS-Stützstelle;;S2;Strecke 2;0/00:11:25;-;140,00;1,0000;1,030;-;-;54,0;118,0;ETCS L1;False;False;0;-; 0,0; 0,0; 0,0;S2: VDV 2 - Strecke 2 - VDV 1;0,000000;31642,0;  0,0;6227,3;  0,0;1,030;1,00;1,00;"80 0622-19.0;";0;ETCS fallend;;;False;ETCS fallend;False;00:42:33;00:42:33;-;-;False;-;-;2553;2553
17725;ETCS fallend;0/00:42:34;0/00:42:34;00:43;00:43;00:43;00:43;-;100,00;97,09;100,00;-;100,00;-;K;-;ETCS-Stützstelle;;S2;Strecke 2;0/00:11:26;-;140,00;1,0000;1,030;-;-;54,0;118,0;ETCS L1;False;False;0;-; 0,0; 0,0; 0,0;S2: VDV 2 - Strecke 2 - VDV 1;0,000000;31642,0;  0,0;6227,3;  0,0;1,030;1,00;1,00;"80 0622-19.0;";0;ETCS fallend;;;False;ETCS fallend;False;00:42:34;00:42:34;-;-;False;-;-;2554;2554
17750;ETCS fallend;0/00:42:35;0/00:42:35;00:43;00:43;00:43;00:43;-;100,00;97,09;100,00;-;100,00;-;K;-;ETCS-Stützstelle;;S2;Strecke 2;0/00:11:26;-;140,00;1,0000;1,030;-;-;54,0;118,0;ETCS L1;False;False;0;-; 0,0; 0,0; 0,0;S2: VDV 2 - Strecke 2 - VDV 1;0,000000;31642,0;  0,0;6227,3;  0,0;1,030;1,00;1,00;"80 0622-19.0;";0;ETCS fallend;;;False;ETCS fallend;False;00:42:35;00:42:35;-;-;False;-;-;2555;2555
17775;ETCS fallend;0/00:42:36;0/00:42:36;00:43;00:43;00:43;00:43;-;100,00;97,09;100,00;-;100,00;-;K;-;ETCS-Stützstelle;;S2;Strecke 2;0/00:11:27;-;140,00;1,0000;1,030;-;-;54,0;118,0;ETCS L1;False;False;0;-; 0,0; 0,0; 0,0;S2: VDV 2 - Strecke 2 - VDV 1;0,000000;31642,0;  0,0;6227,3;  0,0;1,030;1,00;1,00;"80 0622-19.0;";0;ETCS fallend;;;False;ETCS fallend;False;00:42:36;00:42:36;-;-;False;-;-;2556;2556
17800;ETCS fallend;0/00:42:37;0/00:42:37;00:43;00:43;00:43;00:43;-;100,00;97,09;100,00;-;100,00;-;K;-;ETCS-Stützstelle;;S2;Strecke 2;0/00:11:28;-;140,00;1,0000;1,030;-;-;54,0;118,0;ETCS L1;False;False;0;-; 0,0; 0,0; 0,0;S2: VDV 2 - Strecke 2 - VDV 1;0,000000;31642,0;  0,0;6227,3;  0,0;1,030;1,00;1,00;"80 0622-19.0;";0;ETCS fallend;;;False;ETCS fallend;False;00:42:37;00:42:37;-;-;False;-;-;2557;2557
17825;ETCS fallend;0/00:42:38;0/00:42:38;00:43;00:43;00:43;00:43;-;100,00;97,09;100,00;-;100,00;-;K;-;ETCS-Stützstelle;;S2;Strecke 2;0/00:11:29;-;140,00;1,0000;1,030;-;-;54,0;118,0;ETCS L1;False;False;0;-; 0,0; 0,0; 0,0;S2: VDV 2 - Strecke 2 - VDV 1;0,000000;31642,0;  0,0;6227,3;  0,0;1,030;1,00;1,00;"80 0622-19.0;";0;ETCS fallend;;;False;ETCS fallend;False;00:42:38;00:42:38;-;-;False;-;-;2558;2558
17850;ETCS fallend;0/00:42:39;0/00:42:39;00:43;00:43;00:43;00:43;-;100,00;97,09;100,00;-;100,00;-;K;-;ETCS-Stützstelle;;S2;Strecke 2;0/00:11:30;-;140,00;1,0000;1,030;-;-;54,0;118,0;ETCS L1;False;False;0;-; 0,0; 0,0; 0,0;S2: VDV 2 - Strecke 2 - VDV 1;0,000000;31642,0;  0,0;6227,3;  0,0;1,030;1,00;1,00;"80 0622-19.0;";0;ETCS fallend;;;False;ETCS fallend;False;00:42:39;00:42:39;-;-;False;-;-;2559;2559
17875;ETCS fallend;0/00:42:40;0/00:42:40;00:43;00:43;00:43;00:43;-;100,00;97,09;100,00;-;100,00;-;K;-;ETCS-Stützstelle;;S2;Strecke 2;0/00:11:31;-;140,00;1,0000;1,030;-;-;54,0;118,0;ETCS L1;False;False;0;-; 0,0; 0,0; 0,0;S2: VDV 2 - Strecke 2 - VDV 1;0,000000;31642,0;  0,0;6227,3;  0,0;1,030;1,00;1,00;"80 0622-19.0;";0;ETCS fallend;;;False;ETCS fallend;False;00:42:40;00:42:40;-;-;False;-;-;2560;2560
17900;ETCS fallend;0/00:42:41;0/00:42:41;00:43;00:43;00:43;00:43;-;100,00;97,09;100,00;-;100,00;-;K;-;ETCS-Stützstelle;;S2;Strecke 2;0/00:11:32;-;140,00;1,0000;1,030;-;-;54,0;118,0;ETCS L1;False;False;0;-; 0,0; 0,0; 0,0;S2: VDV 2 - Strecke 2 - VDV 1;0,000000;31642,0;  0,0;6227,3;  0,0;1,030;1,00;1,00;"80 0622-19.0;";0;ETCS fallend;;;False;ETCS fallend;False;00:42:41;00:42:41;-;-;False;-;-;2561;2561
17925;ETCS fallend;0/00:42:42;0/00:42:42;00:43;00:43;00:43;00:43;-;100,00;97,09;100,00;-;100,00;-;K;-;ETCS-Stützstelle;;S2;Strecke 2;0/00:11:33;-;140,00;1,0000;1,030;-;-;54,0;118,0;ETCS L1;False;False;0;-; 0,0; 0,0; 0,0;S2: VDV 2 - Strecke 2 - VDV 1;0,000000;31642,0;  0,0;6227,3;  0,0;1,030;1,00;1,00;"80 0622-19.0;";0;ETCS fallend;;;False;ETCS fallend;False;00:42:42;00:42:42;-;-;False;-;-;2562;2562
17950;ETCS fallend;0/00:42:43;0/00:42:43;00:43;00:43;00:43;00:43;-;100,00;97,09;100,00;-;100,00;-;K;-;ETCS-Stützstelle;;S2;Strecke 2;0/00:11:34;-;140,00;1,0000;1,030;-;-;54,0;118,0;ETCS L1;False;False;0;-; 0,0; 0,0; 0,0;S2: VDV 2 - Strecke 2 - VDV 1;0,000000;31642,0;  0,0;6227,3;  0,0;1,030;1,00;1,00;"80 0622-19.0;";0;ETCS fallend;;;False;ETCS fallend;False;00:42:43;00:42:43;-;-;False;-;-;2563;2563
17975;ETCS fallend;0/00:42:43;0/00:42:43;00:43;00:43;00:43;00:43;-;100,00;97,09;100,00;-;100,00;-;K;-;ETCS-Stützstelle;;S2;Strecke 2;0/00:11:35;-;140,00;1,0000;1,030;-;-;54,0;118,0;ETCS L1;False;False;0;-; 0,0; 0,0; 0,0;S2: VDV 2 - Strecke 2 - VDV 1;0,000000;31642,0;  0,0;6227,3;  0,0;1,030;1,00;1,00;"80 0622-19.0;";0;ETCS fallend;;;False;ETCS fallend;False;00:42:43;00:42:43;-;-;False;-;-;2563;2563
18000;ETCS fallend;0/00:42:44;0/00:42:44;00:43;00:43;00:43;00:43;-;100,00;97,09;100,00;-;100,00;-;K;-;ETCS-Stützstelle;;S2;Strecke 2;0/00:11:35;-;140,00;1,0000;1,030;-;-;54,0;118,0;ETCS L1;False;False;0;-; 0,0; 0,0; 0,0;S2: VDV 2 - Strecke 2 - VDV 1;0,000000;31642,0;  0,0;6227,3;  0,0;1,030;1,00;1,00;"80 0622-19.0;";0;ETCS fallend;;;False;ETCS fallend;False;00:42:44;00:42:44;-;-;False;-;-;2564;2564
18025;ETCS fallend;0/00:42:45;0/00:42:45;00:43;00:43;00:43;00:43;-;100,00;97,09;100,00;-;100,00;-;K;-;ETCS-Stützstelle;;S2;Strecke 2;0/00:11:36;-;140,00;1,0000;1,030;-;-;54,0;118,0;ETCS L1;False;False;0;-; 0,0; 0,0; 0,0;S2: VDV 2 - Strecke 2 - VDV 1;0,000000;31642,0;  0,0;6227,3;  0,0;1,030;1,00;1,00;"80 0622-19.0;";0;ETCS fallend;;;False;ETCS fallend;False;00:42:45;00:42:45;-;-;False;-;-;2565;2565
18050;ETCS fallend;0/00:42:46;0/00:42:46;00:43;00:43;00:43;00:43;-;100,00;97,09;100,00;-;100,00;-;K;-;ETCS-Stützstelle;;S2;Strecke 2;0/00:11:37;-;140,00;1,0000;1,030;-;-;54,0;118,0;ETCS L1;False;False;0;-; 0,0; 0,0; 0,0;S2: VDV 2 - Strecke 2 - VDV 1;0,000000;31642,0;  0,0;6227,3;  0,0;1,030;1,00;1,00;"80 0622-19.0;";0;ETCS fallend;;;False;ETCS fallend;False;00:42:46;00:42:46;-;-;False;-;-;2566;2566
18075;ETCS fallend;0/00:42:47;0/00:42:47;00:43;00:43;00:43;00:43;-;100,00;97,09;100,00;-;100,00;-;K;-;ETCS-Stützstelle;;S2;Strecke 2;0/00:11:38;-;140,00;1,0000;1,030;-;-;54,0;118,0;ETCS L1;False;False;0;-; 0,0; 0,0; 0,0;S2: VDV 2 - Strecke 2 - VDV 1;0,000000;31642,0;  0,0;6227,3;  0,0;1,030;1,00;1,00;"80 0622-19.0;";0;ETCS fallend;;;False;ETCS fallend;False;00:42:47;00:42:47;-;-;False;-;-;2567;2567
18100;ETCS fallend;0/00:42:48;0/00:42:48;00:43;00:43;00:43;00:43;-;100,00;97,09;100,00;-;100,00;-;K;-;ETCS-Stützstelle;;S2;Strecke 2;0/00:11:39;-;140,00;1,0000;1,030;-;-;54,0;118,0;ETCS L1;False;False;0;-; 0,0; 0,0; 0,0;S2: VDV 2 - Strecke 2 - VDV 1;0,000000;31642,0;  0,0;6227,3;  0,0;1,030;1,00;1,00;"80 0622-19.0;";0;ETCS fallend;;;False;ETCS fallend;False;00:42:48;00:42:48;-;-;False;-;-;2568;2568
18125;ETCS fallend;0/00:42:49;0/00:42:49;00:43;00:43;00:43;00:43;-;100,00;97,09;100,00;-;100,00;-;K;-;ETCS-Stützstelle;;S2;Strecke 2;0/00:11:40;-;140,00;1,0000;1,030;-;-;54,0;118,0;ETCS L1;False;False;0;-; 0,0; 0,0; 0,0;S2: VDV 2 - Strecke 2 - VDV 1;0,000000;31642,0;  0,0;6227,3;  0,0;1,030;1,00;1,00;"80 0622-19.0;";0;ETCS fallend;;;False;ETCS fallend;False;00:42:49;00:42:49;-;-;False;-;-;2569;2569
18150;ETCS fallend;0/00:42:50;0/00:42:50;00:43;00:43;00:43;00:43;-;100,00;97,09;100,00;-;100,00;-;K;-;ETCS-Stützstelle;;S2;Strecke 2;0/00:11:41;-;140,00;1,0000;1,030;-;-;54,0;118,0;ETCS L1;False;False;0;-; 0,0; 0,0; 0,0;S2: VDV 2 - Strecke 2 - VDV 1;0,000000;31642,0;  0,0;6227,3;  0,0;1,030;1,00;1,00;"80 0622-19.0;";0;ETCS fallend;;;False;ETCS fallend;False;00:42:50;00:42:50;-;-;False;-;-;2570;2570
18175;ETCS fallend;0/00:42:51;0/00:42:51;00:43;00:43;00:43;00:43;-;100,00;97,09;100,00;-;100,00;-;K;-;ETCS-Stützstelle;;S2;Strecke 2;0/00:11:42;-;140,00;1,0000;1,030;-;-;54,0;118,0;ETCS L1;False;False;0;-; 0,0; 0,0; 0,0;S2: VDV 2 - Strecke 2 - VDV 1;0,000000;31642,0;  0,0;6227,3;  0,0;1,030;1,00;1,00;"80 0622-19.0;";0;ETCS fallend;;;False;ETCS fallend;False;00:42:51;00:42:51;-;-;False;-;-;2571;2571
18200;ETCS fallend;0/00:42:52;0/00:42:52;00:43;00:43;00:43;00:43;-;100,00;97,09;100,00;-;100,00;-;K;-;ETCS-Stützstelle;;S2;Strecke 2;0/00:11:43;-;140,00;1,0000;1,030;-;-;54,0;118,0;ETCS L1;False;False;0;-; 0,0; 0,0; 0,0;S2: VDV 2 - Strecke 2 - VDV 1;0,000000;31642,0;  0,0;6227,3;  0,0;1,030;1,00;1,00;"80 0622-19.0;";0;ETCS fallend;;;False;ETCS fallend;False;00:42:52;00:42:52;-;-;False;-;-;2572;2572
18225;ETCS fallend;0/00:42:53;0/00:42:53;00:43;00:43;00:43;00:43;-;100,00;97,09;100,00;-;100,00;-;K;-;ETCS-Stützstelle;;S2;Strecke 2;0/00:11:44;-;140,00;1,0000;1,030;-;-;54,0;118,0;ETCS L1;False;False;0;-; 0,0; 0,0; 0,0;S2: VDV 2 - Strecke 2 - VDV 1;0,000000;31642,0;  0,0;6227,3;  0,0;1,030;1,00;1,00;"80 0622-19.0;";0;ETCS fallend;;;False;ETCS fallend;False;00:42:53;00:42:53;-;-;False;-;-;2573;2573
18250;ETCS fallend;0/00:42:54;0/00:42:54;00:43;00:43;00:43;00:43;-;100,00;97,09;100,00;-;100,00;-;K;-;ETCS-Stützstelle;;S2;Strecke 2;0/00:11:44;-;140,00;1,0000;1,030;-;-;54,0;118,0;ETCS L1;False;False;0;-; 0,0; 0,0; 0,0;S2: VDV 2 - Strecke 2 - VDV 1;0,000000;31642,0;  0,0;6227,3;  0,0;1,030;1,00;1,00;"80 0622-19.0;";0;ETCS fallend;;;False;ETCS fallend;False;00:42:54;00:42:54;-;-;False;-;-;2574;2574
18275;ETCS fallend;0/00:42:55;0/00:42:55;00:43;00:43;00:43;00:43;-;100,00;97,09;100,00;-;100,00;-;K;-;ETCS-Stützstelle;;S2;Strecke 2;0/00:11:45;-;140,00;1,0000;1,030;-;-;54,0;118,0;ETCS L1;False;False;0;-; 0,0; 0,0; 0,0;S2: VDV 2 - Strecke 2 - VDV 1;0,000000;31642,0;  0,0;6227,3;  0,0;1,030;1,00;1,00;"80 0622-19.0;";0;ETCS fallend;;;False;ETCS fallend;False;00:42:55;00:42:55;-;-;False;-;-;2575;2575
18300;ETCS fallend;0/00:42:56;0/00:42:56;00:43;00:43;00:43;00:43;-;100,00;97,09;100,00;-;100,00;-;K;-;ETCS-Stützstelle;;S2;Strecke 2;0/00:11:46;-;140,00;1,0000;1,030;-;-;54,0;118,0;ETCS L1;False;False;0;-; 0,0; 0,0; 0,0;S2: VDV 2 - Strecke 2 - VDV 1;0,000000;31642,0;  0,0;6227,3;  0,0;1,030;1,00;1,00;"80 0622-19.0;";0;ETCS fallend;;;False;ETCS fallend;False;00:42:56;00:42:56;-;-;False;-;-;2576;2576
18325;ETCS fallend;0/00:42:56;0/00:42:56;00:43;00:43;00:43;00:43;-;100,00;97,09;100,00;-;100,00;-;K;-;ETCS-Stützstelle;;S2;Strecke 2;0/00:11:47;-;140,00;1,0000;1,030;-;-;54,0;118,0;ETCS L1;False;False;0;-; 0,0; 0,0; 0,0;S2: VDV 2 - Strecke 2 - VDV 1;0,000000;31642,0;  0,0;6227,3;  0,0;1,030;1,00;1,00;"80 0622-19.0;";0;ETCS fallend;;;False;ETCS fallend;False;00:42:56;00:42:56;-;-;False;-;-;2576;2576
18350;ETCS fallend;0/00:42:57;0/00:42:57;00:43;00:43;00:43;00:43;-;100,00;97,09;100,00;-;100,00;-;K;-;ETCS-Stützstelle;;S2;Strecke 2;0/00:11:48;-;140,00;1,0000;1,030;-;-;54,0;118,0;ETCS L1;False;False;0;-; 0,0; 0,0; 0,0;S2: VDV 2 - Strecke 2 - VDV 1;0,000000;31642,0;  0,0;6227,3;  0,0;1,030;1,00;1,00;"80 0622-19.0;";0;ETCS fallend;;;False;ETCS fallend;False;00:42:57;00:42:57;-;-;False;-;-;2577;2577
18375;ETCS fallend;0/00:42:58;0/00:42:58;00:43;00:43;00:43;00:43;-;100,00;97,09;100,00;-;100,00;-;K;-;ETCS-Stützstelle;;S2;Strecke 2;0/00:11:49;-;140,00;1,0000;1,030;-;-;54,0;118,0;ETCS L1;False;False;0;-; 0,0; 0,0; 0,0;S2: VDV 2 - Strecke 2 - VDV 1;0,000000;31642,0;  0,0;6227,3;  0,0;1,030;1,00;1,00;"80 0622-19.0;";0;ETCS fallend;;;False;ETCS fallend;False;00:42:58;00:42:58;-;-;False;-;-;2578;2578
18400;ETCS fallend;0/00:42:59;0/00:42:59;00:43;00:43;00:43;00:43;-;100,00;97,09;100,00;-;100,00;-;K;-;ETCS-Stützstelle;;S2;Strecke 2;0/00:11:50;-;140,00;1,0000;1,030;-;-;54,0;118,0;ETCS L1;False;False;0;-; 0,0; 0,0; 0,0;S2: VDV 2 - Strecke 2 - VDV 1;0,000000;31642,0;  0,0;6227,3;  0,0;1,030;1,00;1,00;"80 0622-19.0;";0;ETCS fallend;;;False;ETCS fallend;False;00:42:59;00:42:59;-;-;False;-;-;2579;2579
18425;ETCS fallend;0/00:43:00;0/00:43:00;00:43;00:43;00:43;00:43;-;100,00;97,09;100,00;-;100,00;-;K;-;ETCS-Stützstelle;;S2;Strecke 2;0/00:11:51;-;140,00;1,0000;1,030;-;-;54,0;118,0;ETCS L1;False;False;0;-; 0,0; 0,0; 0,0;S2: VDV 2 - Strecke 2 - VDV 1;0,000000;31642,0;  0,0;6227,3;  0,0;1,030;1,00;1,00;"80 0622-19.0;";0;ETCS fallend;;;False;ETCS fallend;False;00:43:00;00:43:00;-;-;False;-;-;2580;2580
18450;ETCS fallend;0/00:43:01;0/00:43:01;00:43;00:43;00:43;00:43;-;100,00;97,09;100,00;-;100,00;-;K;-;ETCS-Stützstelle;;S2;Strecke 2;0/00:11:52;-;140,00;1,0000;1,030;-;-;54,0;118,0;ETCS L1;False;False;0;-; 0,0; 0,0; 0,0;S2: VDV 2 - Strecke 2 - VDV 1;0,000000;31642,0;  0,0;6227,3;  0,0;1,030;1,00;1,00;"80 0622-19.0;";0;ETCS fallend;;;False;ETCS fallend;False;00:43:01;00:43:01;-;-;False;-;-;2581;2581
18475;ETCS fallend;0/00:43:02;0/00:43:02;00:43;00:43;00:43;00:43;-;100,00;97,09;100,00;-;100,00;-;K;-;ETCS-Stützstelle;;S2;Strecke 2;0/00:11:53;-;140,00;1,0000;1,030;-;-;54,0;118,0;ETCS L1;False;False;0;-; 0,0; 0,0; 0,0;S2: VDV 2 - Strecke 2 - VDV 1;0,000000;31642,0;  0,0;6227,3;  0,0;1,030;1,00;1,00;"80 0622-19.0;";0;ETCS fallend;;;False;ETCS fallend;False;00:43:02;00:43:02;-;-;False;-;-;2582;2582
18500;ETCS fallend;0/00:43:03;0/00:43:03;00:43;00:43;00:43;00:43;-;100,00;97,09;100,00;-;100,00;-;K;-;ETCS-Stützstelle;;S2;Strecke 2;0/00:11:53;-;140,00;1,0000;1,030;-;-;54,0;118,0;ETCS L1;False;False;0;-; 0,0; 0,0; 0,0;S2: VDV 2 - Strecke 2 - VDV 1;0,000000;31642,0;  0,0;6227,3;  0,0;1,030;1,00;1,00;"80 0622-19.0;";0;ETCS fallend;;;False;ETCS fallend;False;00:43:03;00:43:03;-;-;False;-;-;2583;2583
18525;ETCS fallend;0/00:43:04;0/00:43:04;00:43;00:43;00:43;00:43;-;100,00;97,09;100,00;-;100,00;-;K;-;ETCS-Stützstelle;;S2;Strecke 2;0/00:11:54;-;140,00;1,0000;1,030;-;-;54,0;118,0;ETCS L1;False;False;0;-; 0,0; 0,0; 0,0;S2: VDV 2 - Strecke 2 - VDV 1;0,000000;31642,0;  0,0;6227,3;  0,0;1,030;1,00;1,00;"80 0622-19.0;";0;ETCS fallend;;;False;ETCS fallend;False;00:43:04;00:43:04;-;-;False;-;-;2584;2584
18550;ETCS fallend;0/00:43:05;0/00:43:05;00:43;00:43;00:43;00:43;-;100,00;97,09;100,00;-;100,00;-;K;-;ETCS-Stützstelle;;S2;Strecke 2;0/00:11:55;-;140,00;1,0000;1,030;-;-;54,0;118,0;ETCS L1;False;False;0;-; 0,0; 0,0; 0,0;S2: VDV 2 - Strecke 2 - VDV 1;0,000000;31642,0;  0,0;6227,3;  0,0;1,030;1,00;1,00;"80 0622-19.0;";0;ETCS fallend;;;False;ETCS fallend;False;00:43:05;00:43:05;-;-;False;-;-;2585;2585
18575;ETCS fallend;0/00:43:06;0/00:43:06;00:43;00:43;00:43;00:43;-;100,00;97,09;100,00;-;100,00;-;K;-;ETCS-Stützstelle;;S2;Strecke 2;0/00:11:56;-;140,00;1,0000;1,030;-;-;54,0;118,0;ETCS L1;False;False;0;-; 0,0; 0,0; 0,0;S2: VDV 2 - Strecke 2 - VDV 1;0,000000;31642,0;  0,0;6227,3;  0,0;1,030;1,00;1,00;"80 0622-19.0;";0;ETCS fallend;;;False;ETCS fallend;False;00:43:06;00:43:06;-;-;False;-;-;2586;2586
18600;ETCS fallend;0/00:43:07;0/00:43:07;00:43;00:43;00:43;00:43;-;100,00;97,09;100,00;-;100,00;-;K;-;ETCS-Stützstelle;;S2;Strecke 2;0/00:11:57;-;140,00;1,0000;1,030;-;-;54,0;118,0;ETCS L1;False;False;0;-; 0,0; 0,0; 0,0;S2: VDV 2 - Strecke 2 - VDV 1;0,000000;31642,0;  0,0;6227,3;  0,0;1,030;1,00;1,00;"80 0622-19.0;";0;ETCS fallend;;;False;ETCS fallend;False;00:43:07;00:43:07;-;-;False;-;-;2587;2587
18625;ETCS fallend;0/00:43:08;0/00:43:08;00:43;00:43;00:43;00:43;-;100,00;97,09;100,00;-;100,00;-;K;-;ETCS-Stützstelle;;S2;Strecke 2;0/00:11:58;-;140,00;1,0000;1,030;-;-;54,0;118,0;ETCS L1;False;False;0;-; 0,0; 0,0; 0,0;S2: VDV 2 - Strecke 2 - VDV 1;0,000000;31642,0;  0,0;6227,3;  0,0;1,030;1,00;1,00;"80 0622-19.0;";0;ETCS fallend;;;False;ETCS fallend;False;00:43:08;00:43:08;-;-;False;-;-;2588;2588
18650;ETCS fallend;0/00:43:09;0/00:43:09;00:43;00:43;00:43;00:43;-;100,00;97,09;100,00;-;100,00;-;K;-;ETCS-Stützstelle;;S2;Strecke 2;0/00:11:59;-;140,00;1,0000;1,030;-;-;54,0;118,0;ETCS L1;False;False;0;-; 0,0; 0,0; 0,0;S2: VDV 2 - Strecke 2 - VDV 1;0,000000;31642,0;  0,0;6227,3;  0,0;1,030;1,00;1,00;"80 0622-19.0;";0;ETCS fallend;;;False;ETCS fallend;False;00:43:09;00:43:09;-;-;False;-;-;2589;2589
18675;ETCS fallend;0/00:43:09;0/00:43:09;00:43;00:43;00:43;00:43;-;100,00;97,09;100,00;-;100,00;-;K;-;ETCS-Stützstelle;;S2;Strecke 2;0/00:12:00;-;140,00;1,0000;1,030;-;-;54,0;118,0;ETCS L1;False;False;0;-; 0,0; 0,0; 0,0;S2: VDV 2 - Strecke 2 - VDV 1;0,000000;31642,0;  0,0;6227,3;  0,0;1,030;1,00;1,00;"80 0622-19.0;";0;ETCS fallend;;;False;ETCS fallend;False;00:43:09;00:43:09;-;-;False;-;-;2589;2589
18700;ETCS fallend;0/00:43:10;0/00:43:10;00:43;00:43;00:43;00:43;-;100,00;97,09;100,00;-;100,00;-;K;-;ETCS-Stützstelle;;S2;Strecke 2;0/00:12:01;-;140,00;1,0000;1,030;-;-;54,0;118,0;ETCS L1;False;False;0;-; 0,0; 0,0; 0,0;S2: VDV 2 - Strecke 2 - VDV 1;0,000000;31642,0;  0,0;6227,3;  0,0;1,030;1,00;1,00;"80 0622-19.0;";0;ETCS fallend;;;False;ETCS fallend;False;00:43:10;00:43:10;-;-;False;-;-;2590;2590
18725;ETCS fallend;0/00:43:11;0/00:43:11;00:43;00:43;00:43;00:43;-;100,00;97,09;100,00;-;100,00;-;K;-;ETCS-Stützstelle;;S2;Strecke 2;0/00:12:02;-;140,00;1,0000;1,030;-;-;54,0;118,0;ETCS L1;False;False;0;-; 0,0; 0,0; 0,0;S2: VDV 2 - Strecke 2 - VDV 1;0,000000;31642,0;  0,0;6227,3;  0,0;1,030;1,00;1,00;"80 0622-19.0;";0;ETCS fallend;;;False;ETCS fallend;False;00:43:11;00:43:11;-;-;False;-;-;2591;2591
18750;ETCS fallend;0/00:43:12;0/00:43:12;00:43;00:43;00:43;00:43;-;100,00;97,09;100,00;-;100,00;-;K;-;ETCS-Stützstelle;;S2;Strecke 2;0/00:12:02;-;140,00;1,0000;1,030;-;-;54,0;118,0;ETCS L1;False;False;0;-; 0,0; 0,0; 0,0;S2: VDV 2 - Strecke 2 - VDV 1;0,000000;31642,0;  0,0;6227,3;  0,0;1,030;1,00;1,00;"80 0622-19.0;";0;ETCS fallend;;;False;ETCS fallend;False;00:43:12;00:43:12;-;-;False;-;-;2592;2592
18775;ETCS fallend;0/00:43:13;0/00:43:13;00:43;00:43;00:43;00:43;-;100,00;97,09;100,00;-;100,00;-;K;-;ETCS-Stützstelle;;S2;Strecke 2;0/00:12:03;-;140,00;1,0000;1,030;-;-;54,0;118,0;ETCS L1;False;False;0;-; 0,0; 0,0; 0,0;S2: VDV 2 - Strecke 2 - VDV 1;0,000000;31642,0;  0,0;6227,3;  0,0;1,030;1,00;1,00;"80 0622-19.0;";0;ETCS fallend;;;False;ETCS fallend;False;00:43:13;00:43:13;-;-;False;-;-;2593;2593
18800;ETCS fallend;0/00:43:14;0/00:43:14;00:43;00:43;00:43;00:43;-;100,00;97,09;100,00;-;100,00;-;K;-;ETCS-Stützstelle;;S2;Strecke 2;0/00:12:04;-;140,00;1,0000;1,030;-;-;54,0;118,0;ETCS L1;False;False;0;-; 0,0; 0,0; 0,0;S2: VDV 2 - Strecke 2 - VDV 1;0,000000;31642,0;  0,0;6227,3;  0,0;1,030;1,00;1,00;"80 0622-19.0;";0;ETCS fallend;;;False;ETCS fallend;False;00:43:14;00:43:14;-;-;False;-;-;2594;2594
18825;ETCS fallend;0/00:43:15;0/00:43:15;00:43;00:43;00:43;00:43;-;100,00;97,09;100,00;-;100,00;-;K;-;ETCS-Stützstelle;;S2;Strecke 2;0/00:12:05;-;140,00;1,0000;1,030;-;-;54,0;118,0;ETCS L1;False;False;0;-; 0,0; 0,0; 0,0;S2: VDV 2 - Strecke 2 - VDV 1;0,000000;31642,0;  0,0;6227,3;  0,0;1,030;1,00;1,00;"80 0622-19.0;";0;ETCS fallend;;;False;ETCS fallend;False;00:43:15;00:43:15;-;-;False;-;-;2595;2595
18850;ETCS fallend;0/00:43:16;0/00:43:16;00:43;00:43;00:43;00:43;-;100,00;97,09;100,00;-;100,00;-;K;-;ETCS-Stützstelle;;S2;Strecke 2;0/00:12:06;-;140,00;1,0000;1,030;-;-;54,0;118,0;ETCS L1;False;False;0;-; 0,0; 0,0; 0,0;S2: VDV 2 - Strecke 2 - VDV 1;0,000000;31642,0;  0,0;6227,3;  0,0;1,030;1,00;1,00;"80 0622-19.0;";0;ETCS fallend;;;False;ETCS fallend;False;00:43:16;00:43:16;-;-;False;-;-;2596;2596
18875;ETCS fallend;0/00:43:17;0/00:43:17;00:43;00:43;00:43;00:43;-;100,00;97,09;100,00;-;100,00;-;K;-;ETCS-Stützstelle;;S2;Strecke 2;0/00:12:07;-;140,00;1,0000;1,030;-;-;54,0;118,0;ETCS L1;False;False;0;-; 0,0; 0,0; 0,0;S2: VDV 2 - Strecke 2 - VDV 1;0,000000;31642,0;  0,0;6227,3;  0,0;1,030;1,00;1,00;"80 0622-19.0;";0;ETCS fallend;;;False;ETCS fallend;False;00:43:17;00:43:17;-;-;False;-;-;2597;2597
18900;ETCS fallend;0/00:43:18;0/00:43:18;00:43;00:43;00:43;00:43;-;100,00;97,09;100,00;-;100,00;-;K;-;ETCS-Stützstelle;;S2;Strecke 2;0/00:12:08;-;140,00;1,0000;1,030;-;-;54,0;118,0;ETCS L1;False;False;0;-; 0,0; 0,0; 0,0;S2: VDV 2 - Strecke 2 - VDV 1;0,000000;31642,0;  0,0;6227,3;  0,0;1,030;1,00;1,00;"80 0622-19.0;";0;ETCS fallend;;;False;ETCS fallend;False;00:43:18;00:43:18;-;-;False;-;-;2598;2598
18925;ETCS fallend;0/00:43:19;0/00:43:19;00:43;00:43;00:43;00:43;-;100,00;97,09;100,00;-;100,00;-;K;-;ETCS-Stützstelle;;S2;Strecke 2;0/00:12:09;-;140,00;1,0000;1,030;-;-;54,0;118,0;ETCS L1;False;False;0;-; 0,0; 0,0; 0,0;S2: VDV 2 - Strecke 2 - VDV 1;0,000000;31642,0;  0,0;6227,3;  0,0;1,030;1,00;1,00;"80 0622-19.0;";0;ETCS fallend;;;False;ETCS fallend;False;00:43:19;00:43:19;-;-;False;-;-;2599;2599
18950;ETCS fallend;0/00:43:20;0/00:43:20;00:43;00:43;00:43;00:43;-;100,00;97,09;100,00;-;100,00;-;K;-;ETCS-Stützstelle;;S2;Strecke 2;0/00:12:10;-;140,00;1,0000;1,030;-;-;54,0;118,0;ETCS L1;False;False;0;-; 0,0; 0,0; 0,0;S2: VDV 2 - Strecke 2 - VDV 1;0,000000;31642,0;  0,0;6227,3;  0,0;1,030;1,00;1,00;"80 0622-19.0;";0;ETCS fallend;;;False;ETCS fallend;False;00:43:20;00:43:20;-;-;False;-;-;2600;2600
18975;ETCS fallend;0/00:43:21;0/00:43:21;00:43;00:43;00:43;00:43;-;100,00;97,09;100,00;-;100,00;-;K;-;ETCS-Stützstelle;;S2;Strecke 2;0/00:12:11;-;140,00;1,0000;1,030;-;-;54,0;118,0;ETCS L1;False;False;0;-; 0,0; 0,0; 0,0;S2: VDV 2 - Strecke 2 - VDV 1;0,000000;31642,0;  0,0;6227,3;  0,0;1,030;1,00;1,00;"80 0622-19.0;";0;ETCS fallend;;;False;ETCS fallend;False;00:43:21;00:43:21;-;-;False;-;-;2601;2601
19000;ETCS fallend;0/00:43:21;0/00:43:21;00:43;00:43;00:43;00:43;-;100,00;97,09;100,00;-;100,00;-;K;-;ETCS-Stützstelle;;S2;Strecke 2;0/00:12:11;-;140,00;1,0000;1,030;-;-;54,0;118,0;ETCS L1;False;False;0;-; 0,0; 0,0; 0,0;S2: VDV 2 - Strecke 2 - VDV 1;0,000000;31642,0;  0,0;6227,3;  0,0;1,030;1,00;1,00;"80 0622-19.0;";0;ETCS fallend;;;False;ETCS fallend;False;00:43:21;00:43:21;-;-;False;-;-;2601;2601
19025;ETCS fallend;0/00:43:22;0/00:43:22;00:43;00:43;00:43;00:43;-;100,00;97,09;100,00;-;100,00;-;K;-;ETCS-Stützstelle;;S2;Strecke 2;0/00:12:12;-;140,00;1,0000;1,030;-;-;54,0;118,0;ETCS L1;False;False;0;-; 0,0; 0,0; 0,0;S2: VDV 2 - Strecke 2 - VDV 1;0,000000;31642,0;  0,0;6227,3;  0,0;1,030;1,00;1,00;"80 0622-19.0;";0;ETCS fallend;;;False;ETCS fallend;False;00:43:22;00:43:22;-;-;False;-;-;2602;2602
19050;ETCS fallend;0/00:43:23;0/00:43:23;00:43;00:43;00:43;00:43;-;100,00;97,09;100,00;-;100,00;-;K;-;ETCS-Stützstelle;;S2;Strecke 2;0/00:12:13;-;140,00;1,0000;1,030;-;-;54,0;118,0;ETCS L1;False;False;0;-; 0,0; 0,0; 0,0;S2: VDV 2 - Strecke 2 - VDV 1;0,000000;31642,0;  0,0;6227,3;  0,0;1,030;1,00;1,00;"80 0622-19.0;";0;ETCS fallend;;;False;ETCS fallend;False;00:43:23;00:43:23;-;-;False;-;-;2603;2603
19075;ETCS fallend;0/00:43:24;0/00:43:24;00:43;00:43;00:43;00:43;-;100,00;97,09;100,00;-;100,00;-;K;-;ETCS-Stützstelle;;S2;Strecke 2;0/00:12:14;-;140,00;1,0000;1,030;-;-;54,0;118,0;ETCS L1;False;False;0;-; 0,0; 0,0; 0,0;S2: VDV 2 - Strecke 2 - VDV 1;0,000000;31642,0;  0,0;6227,3;  0,0;1,030;1,00;1,00;"80 0622-19.0;";0;ETCS fallend;;;False;ETCS fallend;False;00:43:24;00:43:24;-;-;False;-;-;2604;2604
19100;ETCS fallend;0/00:43:25;0/00:43:25;00:43;00:43;00:43;00:43;-;100,00;97,09;100,00;-;100,00;-;K;-;ETCS-Stützstelle;;S2;Strecke 2;0/00:12:15;-;140,00;1,0000;1,030;-;-;54,0;118,0;ETCS L1;False;False;0;-; 0,0; 0,0; 0,0;S2: VDV 2 - Strecke 2 - VDV 1;0,000000;31642,0;  0,0;6227,3;  0,0;1,030;1,00;1,00;"80 0622-19.0;";0;ETCS fallend;;;False;ETCS fallend;False;00:43:25;00:43:25;-;-;False;-;-;2605;2605
19125;ETCS fallend;0/00:43:26;0/00:43:26;00:43;00:43;00:43;00:43;-;100,00;97,09;100,00;-;100,00;-;K;-;ETCS-Stützstelle;;S2;Strecke 2;0/00:12:16;-;140,00;1,0000;1,030;-;-;54,0;118,0;ETCS L1;False;False;0;-; 0,0; 0,0; 0,0;S2: VDV 2 - Strecke 2 - VDV 1;0,000000;31642,0;  0,0;6227,3;  0,0;1,030;1,00;1,00;"80 0622-19.0;";0;ETCS fallend;;;False;ETCS fallend;False;00:43:26;00:43:26;-;-;False;-;-;2606;2606
19150;ETCS fallend;0/00:43:27;0/00:43:27;00:43;00:43;00:43;00:43;-;100,00;97,09;100,00;-;100,00;-;K;-;ETCS-Stützstelle;;S2;Strecke 2;0/00:12:17;-;140,00;1,0000;1,030;-;-;54,0;118,0;ETCS L1;False;False;0;-; 0,0; 0,0; 0,0;S2: VDV 2 - Strecke 2 - VDV 1;0,000000;31642,0;  0,0;6227,3;  0,0;1,030;1,00;1,00;"80 0622-19.0;";0;ETCS fallend;;;False;ETCS fallend;False;00:43:27;00:43:27;-;-;False;-;-;2607;2607
19175;ETCS fallend;0/00:43:28;0/00:43:28;00:43;00:43;00:43;00:43;-;100,00;97,09;100,00;-;100,00;-;K;-;ETCS-Stützstelle;;S2;Strecke 2;0/00:12:18;-;140,00;1,0000;1,030;-;-;54,0;118,0;ETCS L1;False;False;0;-; 0,0; 0,0; 0,0;S2: VDV 2 - Strecke 2 - VDV 1;0,000000;31642,0;  0,0;6227,3;  0,0;1,030;1,00;1,00;"80 0622-19.0;";0;ETCS fallend;;;False;ETCS fallend;False;00:43:28;00:43:28;-;-;False;-;-;2608;2608
19200;ETCS fallend;0/00:43:29;0/00:43:29;00:43;00:43;00:43;00:43;-;100,00;97,09;100,00;-;100,00;-;K;-;ETCS-Stützstelle;;S2;Strecke 2;0/00:12:19;-;140,00;1,0000;1,030;-;-;54,0;118,0;ETCS L1;False;False;0;-; 0,0; 0,0; 0,0;S2: VDV 2 - Strecke 2 - VDV 1;0,000000;31642,0;  0,0;6227,3;  0,0;1,030;1,00;1,00;"80 0622-19.0;";0;ETCS fallend;;;False;ETCS fallend;False;00:43:29;00:43:29;-;-;False;-;-;2609;2609
19225;ETCS fallend;0/00:43:30;0/00:43:30;00:44;00:44;00:44;00:44;-;100,00;97,09;100,00;-;100,00;-;K;-;ETCS-Stützstelle;;S2;Strecke 2;0/00:12:20;-;140,00;1,0000;1,030;-;-;54,0;118,0;ETCS L1;False;False;0;-; 0,0; 0,0; 0,0;S2: VDV 2 - Strecke 2 - VDV 1;0,000000;31642,0;  0,0;6227,3;  0,0;1,030;1,00;1,00;"80 0622-19.0;";0;ETCS fallend;;;False;ETCS fallend;False;00:43:30;00:43:30;-;-;False;-;-;2610;2610
19250;ETCS fallend;0/00:43:31;0/00:43:31;00:44;00:44;00:44;00:44;-;100,00;97,09;100,00;-;100,00;-;K;-;ETCS-Stützstelle;;S2;Strecke 2;0/00:12:20;-;140,00;1,0000;1,030;-;-;54,0;118,0;ETCS L1;False;False;0;-; 0,0; 0,0; 0,0;S2: VDV 2 - Strecke 2 - VDV 1;0,000000;31642,0;  0,0;6227,3;  0,0;1,030;1,00;1,00;"80 0622-19.0;";0;ETCS fallend;;;False;ETCS fallend;False;00:43:31;00:43:31;-;-;False;-;-;2611;2611
19275;ETCS fallend;0/00:43:32;0/00:43:32;00:44;00:44;00:44;00:44;-;100,00;97,09;100,00;-;100,00;-;K;-;ETCS-Stützstelle;;S2;Strecke 2;0/00:12:21;-;140,00;1,0000;1,030;-;-;54,0;118,0;ETCS L1;False;False;0;-; 0,0; 0,0; 0,0;S2: VDV 2 - Strecke 2 - VDV 1;0,000000;31642,0;  0,0;6227,3;  0,0;1,030;1,00;1,00;"80 0622-19.0;";0;ETCS fallend;;;False;ETCS fallend;False;00:43:32;00:43:32;-;-;False;-;-;2612;2612
19300;ETCS fallend;0/00:43:33;0/00:43:33;00:44;00:44;00:44;00:44;-;100,00;97,09;100,00;-;100,00;-;K;-;ETCS-Stützstelle;;S2;Strecke 2;0/00:12:22;-;140,00;1,0000;1,030;-;-;54,0;118,0;ETCS L1;False;False;0;-; 0,0; 0,0; 0,0;S2: VDV 2 - Strecke 2 - VDV 1;0,000000;31642,0;  0,0;6227,3;  0,0;1,030;1,00;1,00;"80 0622-19.0;";0;ETCS fallend;;;False;ETCS fallend;False;00:43:33;00:43:33;-;-;False;-;-;2613;2613
19325;ETCS fallend;0/00:43:34;0/00:43:34;00:44;00:44;00:44;00:44;-;100,00;97,09;100,00;-;100,00;-;K;-;ETCS-Stützstelle;;S2;Strecke 2;0/00:12:23;-;140,00;1,0000;1,030;-;-;54,0;118,0;ETCS L1;False;False;0;-; 0,0; 0,0; 0,0;S2: VDV 2 - Strecke 2 - VDV 1;0,000000;31642,0;  0,0;6227,3;  0,0;1,030;1,00;1,00;"80 0622-19.0;";0;ETCS fallend;;;False;ETCS fallend;False;00:43:34;00:43:34;-;-;False;-;-;2614;2614
19350;ETCS fallend;0/00:43:34;0/00:43:34;00:44;00:44;00:44;00:44;-;100,00;97,09;100,00;-;100,00;-;K;-;ETCS-Stützstelle;;S2;Strecke 2;0/00:12:24;-;140,00;1,0000;1,030;-;-;54,0;118,0;ETCS L1;False;False;0;-; 0,0; 0,0; 0,0;S2: VDV 2 - Strecke 2 - VDV 1;0,000000;31642,0;  0,0;6227,3;  0,0;1,030;1,00;1,00;"80 0622-19.0;";0;ETCS fallend;;;False;ETCS fallend;False;00:43:34;00:43:34;-;-;False;-;-;2614;2614
19375;ETCS fallend;0/00:43:35;0/00:43:35;00:44;00:44;00:44;00:44;-;100,00;97,09;100,00;-;100,00;-;K;-;ETCS-Stützstelle;;S2;Strecke 2;0/00:12:25;-;140,00;1,0000;1,030;-;-;54,0;118,0;ETCS L1;False;False;0;-; 0,0; 0,0; 0,0;S2: VDV 2 - Strecke 2 - VDV 1;0,000000;31642,0;  0,0;6227,3;  0,0;1,030;1,00;1,00;"80 0622-19.0;";0;ETCS fallend;;;False;ETCS fallend;False;00:43:35;00:43:35;-;-;False;-;-;2615;2615
19400;ETCS fallend;0/00:43:36;0/00:43:36;00:44;00:44;00:44;00:44;-;100,00;97,09;100,00;-;100,00;-;K;-;ETCS-Stützstelle;;S2;Strecke 2;0/00:12:26;-;140,00;1,0000;1,030;-;-;54,0;118,0;ETCS L1;False;False;0;-; 0,0; 0,0; 0,0;S2: VDV 2 - Strecke 2 - VDV 1;0,000000;31642,0;  0,0;6227,3;  0,0;1,030;1,00;1,00;"80 0622-19.0;";0;ETCS fallend;;;False;ETCS fallend;False;00:43:36;00:43:36;-;-;False;-;-;2616;2616
19425;ETCS fallend;0/00:43:37;0/00:43:37;00:44;00:44;00:44;00:44;-;100,00;97,09;100,00;-;100,00;-;K;-;ETCS-Stützstelle;;S2;Strecke 2;0/00:12:27;-;140,00;1,0000;1,030;-;-;54,0;118,0;ETCS L1;False;False;0;-; 0,0; 0,0; 0,0;S2: VDV 2 - Strecke 2 - VDV 1;0,000000;31642,0;  0,0;6227,3;  0,0;1,030;1,00;1,00;"80 0622-19.0;";0;ETCS fallend;;;False;ETCS fallend;False;00:43:37;00:43:37;-;-;False;-;-;2617;2617
19450;ETCS fallend;0/00:43:38;0/00:43:38;00:44;00:44;00:44;00:44;-;100,00;97,09;100,00;-;100,00;-;K;-;ETCS-Stützstelle;;S2;Strecke 2;0/00:12:28;-;140,00;1,0000;1,030;-;-;54,0;118,0;ETCS L1;False;False;0;-; 0,0; 0,0; 0,0;S2: VDV 2 - Strecke 2 - VDV 1;0,000000;31642,0;  0,0;6227,3;  0,0;1,030;1,00;1,00;"80 0622-19.0;";0;ETCS fallend;;;False;ETCS fallend;False;00:43:38;00:43:38;-;-;False;-;-;2618;2618
19475;ETCS fallend;0/00:43:39;0/00:43:39;00:44;00:44;00:44;00:44;-;100,00;97,09;100,00;-;100,00;-;K;-;ETCS-Stützstelle;;S2;Strecke 2;0/00:12:29;-;140,00;1,0000;1,030;-;-;54,0;118,0;ETCS L1;False;False;0;-; 0,0; 0,0; 0,0;S2: VDV 2 - Strecke 2 - VDV 1;0,000000;31642,0;  0,0;6227,3;  0,0;1,030;1,00;1,00;"80 0622-19.0;";0;ETCS fallend;;;False;ETCS fallend;False;00:43:39;00:43:39;-;-;False;-;-;2619;2619
19500;ETCS fallend;0/00:43:40;0/00:43:40;00:44;00:44;00:44;00:44;-;100,00;97,09;100,00;-;100,00;-;K;-;ETCS-Stützstelle;;S2;Strecke 2;0/00:12:29;-;140,00;1,0000;1,030;-;-;54,0;118,0;ETCS L1;False;False;0;-; 0,0; 0,0; 0,0;S2: VDV 2 - Strecke 2 - VDV 1;0,000000;31642,0;  0,0;6227,3;  0,0;1,030;1,00;1,00;"80 0622-19.0;";0;ETCS fallend;;;False;ETCS fallend;False;00:43:40;00:43:40;-;-;False;-;-;2620;2620
19525;ETCS fallend;0/00:43:41;0/00:43:41;00:44;00:44;00:44;00:44;-;100,00;97,09;100,00;-;100,00;-;K;-;ETCS-Stützstelle;;S2;Strecke 2;0/00:12:30;-;140,00;1,0000;1,030;-;-;54,0;118,0;ETCS L1;False;False;0;-; 0,0; 0,0; 0,0;S2: VDV 2 - Strecke 2 - VDV 1;0,000000;31642,0;  0,0;6227,3;  0,0;1,030;1,00;1,00;"80 0622-19.0;";0;ETCS fallend;;;False;ETCS fallend;False;00:43:41;00:43:41;-;-;False;-;-;2621;2621
19550;ETCS fallend;0/00:43:42;0/00:43:42;00:44;00:44;00:44;00:44;-;100,00;97,09;100,00;-;100,00;-;K;-;ETCS-Stützstelle;;S2;Strecke 2;0/00:12:31;-;140,00;1,0000;1,030;-;-;54,0;118,0;ETCS L1;False;False;0;-; 0,0; 0,0; 0,0;S2: VDV 2 - Strecke 2 - VDV 1;0,000000;31642,0;  0,0;6227,3;  0,0;1,030;1,00;1,00;"80 0622-19.0;";0;ETCS fallend;;;False;ETCS fallend;False;00:43:42;00:43:42;-;-;False;-;-;2622;2622
19575;ETCS fallend;0/00:43:43;0/00:43:43;00:44;00:44;00:44;00:44;-;100,00;97,09;100,00;-;100,00;-;K;-;ETCS-Stützstelle;;S2;Strecke 2;0/00:12:32;-;140,00;1,0000;1,030;-;-;54,0;118,0;ETCS L1;False;False;0;-; 0,0; 0,0; 0,0;S2: VDV 2 - Strecke 2 - VDV 1;0,000000;31642,0;  0,0;6227,3;  0,0;1,030;1,00;1,00;"80 0622-19.0;";0;ETCS fallend;;;False;ETCS fallend;False;00:43:43;00:43:43;-;-;False;-;-;2623;2623
19600;ETCS fallend;0/00:43:44;0/00:43:44;00:44;00:44;00:44;00:44;-;100,00;97,09;100,00;-;100,00;-;K;-;ETCS-Stützstelle;;S2;Strecke 2;0/00:12:33;-;140,00;1,0000;1,030;-;-;54,0;118,0;ETCS L1;False;False;0;-; 0,0; 0,0; 0,0;S2: VDV 2 - Strecke 2 - VDV 1;0,000000;31642,0;  0,0;6227,3;  0,0;1,030;1,00;1,00;"80 0622-19.0;";0;ETCS fallend;;;False;ETCS fallend;False;00:43:44;00:43:44;-;-;False;-;-;2624;2624
19625;ETCS fallend;0/00:43:45;0/00:43:45;00:44;00:44;00:44;00:44;-;100,00;97,09;100,00;-;100,00;-;K;-;ETCS-Stützstelle;;S2;Strecke 2;0/00:12:34;-;140,00;1,0000;1,030;-;-;54,0;118,0;ETCS L1;False;False;0;-; 0,0; 0,0; 0,0;S2: VDV 2 - Strecke 2 - VDV 1;0,000000;31642,0;  0,0;6227,3;  0,0;1,030;1,00;1,00;"80 0622-19.0;";0;ETCS fallend;;;False;ETCS fallend;False;00:43:45;00:43:45;-;-;False;-;-;2625;2625
19650;ETCS fallend;0/00:43:46;0/00:43:46;00:44;00:44;00:44;00:44;-;100,00;97,09;100,00;-;100,00;-;K;-;ETCS-Stützstelle;;S2;Strecke 2;0/00:12:35;-;140,00;1,0000;1,030;-;-;54,0;118,0;ETCS L1;False;False;0;-; 0,0; 0,0; 0,0;S2: VDV 2 - Strecke 2 - VDV 1;0,000000;31642,0;  0,0;6227,3;  0,0;1,030;1,00;1,00;"80 0622-19.0;";0;ETCS fallend;;;False;ETCS fallend;False;00:43:46;00:43:46;-;-;False;-;-;2626;2626
19675;ETCS fallend;0/00:43:47;0/00:43:47;00:44;00:44;00:44;00:44;-;100,00;97,09;100,00;-;100,00;-;K;-;ETCS-Stützstelle;;S2;Strecke 2;0/00:12:36;-;140,00;1,0000;1,030;-;-;54,0;118,0;ETCS L1;False;False;0;-; 0,0; 0,0; 0,0;S2: VDV 2 - Strecke 2 - VDV 1;0,000000;31642,0;  0,0;6227,3;  0,0;1,030;1,00;1,00;"80 0622-19.0;";0;ETCS fallend;;;False;ETCS fallend;False;00:43:47;00:43:47;-;-;False;-;-;2627;2627
19700;ETCS fallend;0/00:43:47;0/00:43:47;00:44;00:44;00:44;00:44;-;100,00;97,09;100,00;-;100,00;-;K;-;ETCS-Stützstelle;;S2;Strecke 2;0/00:12:37;-;140,00;1,0000;1,030;-;-;54,0;118,0;ETCS L1;False;False;0;-; 0,0; 0,0; 0,0;S2: VDV 2 - Strecke 2 - VDV 1;0,000000;31642,0;  0,0;6227,3;  0,0;1,030;1,00;1,00;"80 0622-19.0;";0;ETCS fallend;;;False;ETCS fallend;False;00:43:47;00:43:47;-;-;False;-;-;2627;2627
19725;ETCS fallend;0/00:43:48;0/00:43:48;00:44;00:44;00:44;00:44;-;100,00;97,09;100,00;-;100,00;-;K;-;ETCS-Stützstelle;;S2;Strecke 2;0/00:12:38;-;140,00;1,0000;1,030;-;-;54,0;118,0;ETCS L1;False;False;0;-; 0,0; 0,0; 0,0;S2: VDV 2 - Strecke 2 - VDV 1;0,000000;31642,0;  0,0;6227,3;  0,0;1,030;1,00;1,00;"80 0622-19.0;";0;ETCS fallend;;;False;ETCS fallend;False;00:43:48;00:43:48;-;-;False;-;-;2628;2628
19750;ETCS fallend;0/00:43:49;0/00:43:49;00:44;00:44;00:44;00:44;-;100,00;97,09;100,00;-;100,00;-;K;-;ETCS-Stützstelle;;S2;Strecke 2;0/00:12:38;-;140,00;1,0000;1,030;-;-;54,0;118,0;ETCS L1;False;False;0;-; 0,0; 0,0; 0,0;S2: VDV 2 - Strecke 2 - VDV 1;0,000000;31642,0;  0,0;6227,3;  0,0;1,030;1,00;1,00;"80 0622-19.0;";0;ETCS fallend;;;False;ETCS fallend;False;00:43:49;00:43:49;-;-;False;-;-;2629;2629
19775;ETCS fallend;0/00:43:50;0/00:43:50;00:44;00:44;00:44;00:44;-;100,00;97,09;100,00;-;100,00;-;K;-;ETCS-Stützstelle;;S2;Strecke 2;0/00:12:39;-;140,00;1,0000;1,030;-;-;54,0;118,0;ETCS L1;False;False;0;-; 0,0; 0,0; 0,0;S2: VDV 2 - Strecke 2 - VDV 1;0,000000;31642,0;  0,0;6227,3;  0,0;1,030;1,00;1,00;"80 0622-19.0;";0;ETCS fallend;;;False;ETCS fallend;False;00:43:50;00:43:50;-;-;False;-;-;2630;2630
19800;ETCS fallend;0/00:43:51;0/00:43:51;00:44;00:44;00:44;00:44;-;100,00;97,09;100,00;-;100,00;-;K;-;ETCS-Stützstelle;;S2;Strecke 2;0/00:12:40;-;140,00;1,0000;1,030;-;-;54,0;118,0;ETCS L1;False;False;0;-; 0,0; 0,0; 0,0;S2: VDV 2 - Strecke 2 - VDV 1;0,000000;31642,0;  0,0;6227,3;  0,0;1,030;1,00;1,00;"80 0622-19.0;";0;ETCS fallend;;;False;ETCS fallend;False;00:43:51;00:43:51;-;-;False;-;-;2631;2631
19825;ETCS fallend;0/00:43:52;0/00:43:52;00:44;00:44;00:44;00:44;-;100,00;97,09;100,00;-;100,00;-;K;-;ETCS-Stützstelle;;S2;Strecke 2;0/00:12:41;-;140,00;1,0000;1,030;-;-;54,0;118,0;ETCS L1;False;False;0;-; 0,0; 0,0; 0,0;S2: VDV 2 - Strecke 2 - VDV 1;0,000000;31642,0;  0,0;6227,3;  0,0;1,030;1,00;1,00;"80 0622-19.0;";0;ETCS fallend;;;False;ETCS fallend;False;00:43:52;00:43:52;-;-;False;-;-;2632;2632
19850;ETCS fallend;0/00:43:53;0/00:43:53;00:44;00:44;00:44;00:44;-;100,00;97,09;100,00;-;100,00;-;K;-;ETCS-Stützstelle;;S2;Strecke 2;0/00:12:42;-;140,00;1,0000;1,030;-;-;54,0;118,0;ETCS L1;False;False;0;-; 0,0; 0,0; 0,0;S2: VDV 2 - Strecke 2 - VDV 1;0,000000;31642,0;  0,0;6227,3;  0,0;1,030;1,00;1,00;"80 0622-19.0;";0;ETCS fallend;;;False;ETCS fallend;False;00:43:53;00:43:53;-;-;False;-;-;2633;2633
19875;ETCS fallend;0/00:43:54;0/00:43:54;00:44;00:44;00:44;00:44;-;100,00;97,09;100,00;-;100,00;-;K;-;ETCS-Stützstelle;;S2;Strecke 2;0/00:12:43;-;140,00;1,0000;1,030;-;-;54,0;118,0;ETCS L1;False;False;0;-; 0,0; 0,0; 0,0;S2: VDV 2 - Strecke 2 - VDV 1;0,000000;31642,0;  0,0;6227,3;  0,0;1,030;1,00;1,00;"80 0622-19.0;";0;ETCS fallend;;;False;ETCS fallend;False;00:43:54;00:43:54;-;-;False;-;-;2634;2634
19900;ETCS fallend;0/00:43:55;0/00:43:55;00:44;00:44;00:44;00:44;-;100,00;97,09;100,00;-;100,00;-;K;-;ETCS-Stützstelle;;S2;Strecke 2;0/00:12:44;-;140,00;1,0000;1,030;-;-;54,0;118,0;ETCS L1;False;False;0;-; 0,0; 0,0; 0,0;S2: VDV 2 - Strecke 2 - VDV 1;0,000000;31642,0;  0,0;6227,3;  0,0;1,030;1,00;1,00;"80 0622-19.0;";0;ETCS fallend;;;False;ETCS fallend;False;00:43:55;00:43:55;-;-;False;-;-;2635;2635
19925;ETCS fallend;0/00:43:56;0/00:43:56;00:44;00:44;00:44;00:44;-;100,00;97,09;100,00;-;100,00;-;K;-;ETCS-Stützstelle;;S2;Strecke 2;0/00:12:45;-;140,00;1,0000;1,030;-;-;54,0;118,0;ETCS L1;False;False;0;-; 0,0; 0,0; 0,0;S2: VDV 2 - Strecke 2 - VDV 1;0,000000;31642,0;  0,0;6227,3;  0,0;1,030;1,00;1,00;"80 0622-19.0;";0;ETCS fallend;;;False;ETCS fallend;False;00:43:56;00:43:56;-;-;False;-;-;2636;2636
19950;ETCS fallend;0/00:43:57;0/00:43:57;00:44;00:44;00:44;00:44;-;100,00;97,09;100,00;-;100,00;-;K;-;ETCS-Stützstelle;;S2;Strecke 2;0/00:12:46;-;140,00;1,0000;1,030;-;-;54,0;118,0;ETCS L1;False;False;0;-; 0,0; 0,0; 0,0;S2: VDV 2 - Strecke 2 - VDV 1;0,000000;31642,0;  0,0;6227,3;  0,0;1,030;1,00;1,00;"80 0622-19.0;";0;ETCS fallend;;;False;ETCS fallend;False;00:43:57;00:43:57;-;-;False;-;-;2637;2637
19975;ETCS fallend;0/00:43:58;0/00:43:58;00:44;00:44;00:44;00:44;-;100,00;97,09;100,00;-;100,00;-;K;-;ETCS-Stützstelle;;S2;Strecke 2;0/00:12:47;-;140,00;1,0000;1,030;-;-;54,0;118,0;ETCS L1;False;False;0;-; 0,0; 0,0; 0,0;S2: VDV 2 - Strecke 2 - VDV 1;0,000000;31642,0;  0,0;6227,3;  0,0;1,030;1,00;1,00;"80 0622-19.0;";0;ETCS fallend;;;False;ETCS fallend;False;00:43:58;00:43:58;-;-;False;-;-;2638;2638
20000;ETCS fallend;0/00:43:59;0/00:43:59;00:44;00:44;00:44;00:44;-;100,00;97,09;100,00;-;100,00;-;K;-;ETCS-Stützstelle;;S2;Strecke 2;0/00:12:47;-;140,00;1,0000;1,030;-;-;54,0;118,0;ETCS L1;False;False;0;-; 0,0; 0,0; 0,0;S2: VDV 2 - Strecke 2 - VDV 1;0,000000;31642,0;  0,0;6227,3;  0,0;1,030;1,00;1,00;"80 0622-19.0;";0;ETCS fallend;;;False;ETCS fallend;False;00:43:59;00:43:59;-;-;False;-;-;2639;2639
20025;ETCS fallend;0/00:43:59;0/00:43:59;00:44;00:44;00:44;00:44;-;100,00;97,09;100,00;-;100,00;-;K;-;ETCS-Stützstelle;;S2;Strecke 2;0/00:12:48;-;140,00;1,0000;1,030;-;-;54,0;118,0;ETCS L1;False;False;0;-; 0,0; 0,0; 0,0;S2: VDV 2 - Strecke 2 - VDV 1;0,000000;31642,0;  0,0;6227,3;  0,0;1,030;1,00;1,00;"80 0622-19.0;";0;ETCS fallend;;;False;ETCS fallend;False;00:43:59;00:43:59;-;-;False;-;-;2639;2639
20050;ETCS fallend;0/00:44:00;0/00:44:00;00:44;00:44;00:44;00:44;-;100,00;97,09;100,00;-;100,00;-;K;-;ETCS-Stützstelle;;S2;Strecke 2;0/00:12:49;-;140,00;1,0000;1,030;-;-;54,0;118,0;ETCS L1;False;False;0;-; 0,0; 0,0; 0,0;S2: VDV 2 - Strecke 2 - VDV 1;0,000000;31642,0;  0,0;6227,3;  0,0;1,030;1,00;1,00;"80 0622-19.0;";0;ETCS fallend;;;False;ETCS fallend;False;00:44:00;00:44:00;-;-;False;-;-;2640;2640
20075;ETCS fallend;0/00:44:01;0/00:44:01;00:44;00:44;00:44;00:44;-;100,00;97,09;100,00;-;100,00;-;K;-;ETCS-Stützstelle;;S2;Strecke 2;0/00:12:50;-;140,00;1,0000;1,030;-;-;54,0;118,0;ETCS L1;False;False;0;-; 0,0; 0,0; 0,0;S2: VDV 2 - Strecke 2 - VDV 1;0,000000;31642,0;  0,0;6227,3;  0,0;1,030;1,00;1,00;"80 0622-19.0;";0;ETCS fallend;;;False;ETCS fallend;False;00:44:01;00:44:01;-;-;False;-;-;2641;2641
20100;ETCS fallend;0/00:44:02;0/00:44:02;00:44;00:44;00:44;00:44;-;100,00;97,09;100,00;-;100,00;-;K;-;ETCS-Stützstelle;;S2;Strecke 2;0/00:12:51;-;140,00;1,0000;1,030;-;-;54,0;118,0;ETCS L1;False;False;0;-; 0,0; 0,0; 0,0;S2: VDV 2 - Strecke 2 - VDV 1;0,000000;31642,0;  0,0;6227,3;  0,0;1,030;1,00;1,00;"80 0622-19.0;";0;ETCS fallend;;;False;ETCS fallend;False;00:44:02;00:44:02;-;-;False;-;-;2642;2642
20125;ETCS fallend;0/00:44:03;0/00:44:03;00:44;00:44;00:44;00:44;-;100,00;97,09;100,00;-;100,00;-;K;-;ETCS-Stützstelle;;S2;Strecke 2;0/00:12:52;-;140,00;1,0000;1,030;-;-;54,0;118,0;ETCS L1;False;False;0;-; 0,0; 0,0; 0,0;S2: VDV 2 - Strecke 2 - VDV 1;0,000000;31642,0;  0,0;6227,3;  0,0;1,030;1,00;1,00;"80 0622-19.0;";0;ETCS fallend;;;False;ETCS fallend;False;00:44:03;00:44:03;-;-;False;-;-;2643;2643
20150;ETCS fallend;0/00:44:04;0/00:44:04;00:44;00:44;00:44;00:44;-;100,00;97,09;100,00;-;100,00;-;K;-;ETCS-Stützstelle;;S2;Strecke 2;0/00:12:53;-;140,00;1,0000;1,030;-;-;54,0;118,0;ETCS L1;False;False;0;-; 0,0; 0,0; 0,0;S2: VDV 2 - Strecke 2 - VDV 1;0,000000;31642,0;  0,0;6227,3;  0,0;1,030;1,00;1,00;"80 0622-19.0;";0;ETCS fallend;;;False;ETCS fallend;False;00:44:04;00:44:04;-;-;False;-;-;2644;2644
20175;ETCS fallend;0/00:44:05;0/00:44:05;00:44;00:44;00:44;00:44;-;100,00;97,09;100,00;-;100,00;-;K;-;ETCS-Stützstelle;;S2;Strecke 2;0/00:12:54;-;140,00;1,0000;1,030;-;-;54,0;118,0;ETCS L1;False;False;0;-; 0,0; 0,0; 0,0;S2: VDV 2 - Strecke 2 - VDV 1;0,000000;31642,0;  0,0;6227,3;  0,0;1,030;1,00;1,00;"80 0622-19.0;";0;ETCS fallend;;;False;ETCS fallend;False;00:44:05;00:44:05;-;-;False;-;-;2645;2645
20200;ETCS fallend;0/00:44:06;0/00:44:06;00:44;00:44;00:44;00:44;-;100,00;97,09;100,00;-;100,00;-;K;-;ETCS-Stützstelle;;S2;Strecke 2;0/00:12:55;-;140,00;1,0000;1,030;-;-;54,0;118,0;ETCS L1;False;False;0;-; 0,0; 0,0; 0,0;S2: VDV 2 - Strecke 2 - VDV 1;0,000000;31642,0;  0,0;6227,3;  0,0;1,030;1,00;1,00;"80 0622-19.0;";0;ETCS fallend;;;False;ETCS fallend;False;00:44:06;00:44:06;-;-;False;-;-;2646;2646
20225;ETCS fallend;0/00:44:07;0/00:44:07;00:44;00:44;00:44;00:44;-;100,00;97,09;100,00;-;100,00;-;K;-;ETCS-Stützstelle;;S2;Strecke 2;0/00:12:56;-;140,00;1,0000;1,030;-;-;54,0;118,0;ETCS L1;False;False;0;-; 0,0; 0,0; 0,0;S2: VDV 2 - Strecke 2 - VDV 1;0,000000;31642,0;  0,0;6227,3;  0,0;1,030;1,00;1,00;"80 0622-19.0;";0;ETCS fallend;;;False;ETCS fallend;False;00:44:07;00:44:07;-;-;False;-;-;2647;2647
20250;ETCS fallend;0/00:44:08;0/00:44:08;00:44;00:44;00:44;00:44;-;100,00;97,09;100,00;-;100,00;-;K;-;ETCS-Stützstelle;;S2;Strecke 2;0/00:12:56;-;140,00;1,0000;1,030;-;-;54,0;118,0;ETCS L1;False;False;0;-; 0,0; 0,0; 0,0;S2: VDV 2 - Strecke 2 - VDV 1;0,000000;31642,0;  0,0;6227,3;  0,0;1,030;1,00;1,00;"80 0622-19.0;";0;ETCS fallend;;;False;ETCS fallend;False;00:44:08;00:44:08;-;-;False;-;-;2648;2648
20275;ETCS fallend;0/00:44:09;0/00:44:09;00:44;00:44;00:44;00:44;-;100,00;97,09;100,00;-;100,00;-;K;-;ETCS-Stützstelle;;S2;Strecke 2;0/00:12:57;-;140,00;1,0000;1,030;-;-;54,0;118,0;ETCS L1;False;False;0;-; 0,0; 0,0; 0,0;S2: VDV 2 - Strecke 2 - VDV 1;0,000000;31642,0;  0,0;6227,3;  0,0;1,030;1,00;1,00;"80 0622-19.0;";0;ETCS fallend;;;False;ETCS fallend;False;00:44:09;00:44:09;-;-;False;-;-;2649;2649
20300;ETCS fallend;0/00:44:10;0/00:44:10;00:44;00:44;00:44;00:44;-;100,00;97,09;100,00;-;100,00;-;K;-;ETCS-Stützstelle;;S2;Strecke 2;0/00:12:58;-;140,00;1,0000;1,030;-;-;54,0;118,0;ETCS L1;False;False;0;-; 0,0; 0,0; 0,0;S2: VDV 2 - Strecke 2 - VDV 1;0,000000;31642,0;  0,0;6227,3;  0,0;1,030;1,00;1,00;"80 0622-19.0;";0;ETCS fallend;;;False;ETCS fallend;False;00:44:10;00:44:10;-;-;False;-;-;2650;2650
20325;ETCS fallend;0/00:44:11;0/00:44:11;00:44;00:44;00:44;00:44;-;100,00;97,09;100,00;-;100,00;-;K;-;ETCS-Stützstelle;;S2;Strecke 2;0/00:12:59;-;140,00;1,0000;1,030;-;-;54,0;118,0;ETCS L1;False;False;0;-; 0,0; 0,0; 0,0;S2: VDV 2 - Strecke 2 - VDV 1;0,000000;31642,0;  0,0;6227,3;  0,0;1,030;1,00;1,00;"80 0622-19.0;";0;ETCS fallend;;;False;ETCS fallend;False;00:44:11;00:44:11;-;-;False;-;-;2651;2651
20350;ETCS fallend;0/00:44:12;0/00:44:12;00:44;00:44;00:44;00:44;-;100,00;97,09;100,00;-;100,00;-;K;-;ETCS-Stützstelle;;S2;Strecke 2;0/00:13:00;-;140,00;1,0000;1,030;-;-;54,0;118,0;ETCS L1;False;False;0;-; 0,0; 0,0; 0,0;S2: VDV 2 - Strecke 2 - VDV 1;0,000000;31642,0;  0,0;6227,3;  0,0;1,030;1,00;1,00;"80 0622-19.0;";0;ETCS fallend;;;False;ETCS fallend;False;00:44:12;00:44:12;-;-;False;-;-;2652;2652
20375;ETCS fallend;0/00:44:12;0/00:44:12;00:44;00:44;00:44;00:44;-;100,00;97,09;100,00;-;100,00;-;K;-;ETCS-Stützstelle;;S2;Strecke 2;0/00:13:01;-;140,00;1,0000;1,030;-;-;54,0;118,0;ETCS L1;False;False;0;-; 0,0; 0,0; 0,0;S2: VDV 2 - Strecke 2 - VDV 1;0,000000;31642,0;  0,0;6227,3;  0,0;1,030;1,00;1,00;"80 0622-19.0;";0;ETCS fallend;;;False;ETCS fallend;False;00:44:12;00:44:12;-;-;False;-;-;2652;2652
20400;ETCS fallend;0/00:44:13;0/00:44:13;00:44;00:44;00:44;00:44;-;100,00;97,09;100,00;-;100,00;-;K;-;ETCS-Stützstelle;;S2;Strecke 2;0/00:13:02;-;140,00;1,0000;1,030;-;-;54,0;118,0;ETCS L1;False;False;0;-; 0,0; 0,0; 0,0;S2: VDV 2 - Strecke 2 - VDV 1;0,000000;31642,0;  0,0;6227,3;  0,0;1,030;1,00;1,00;"80 0622-19.0;";0;ETCS fallend;;;False;ETCS fallend;False;00:44:13;00:44:13;-;-;False;-;-;2653;2653
20425;ETCS fallend;0/00:44:14;0/00:44:14;00:44;00:44;00:44;00:44;-;100,00;97,09;100,00;-;100,00;-;K;-;ETCS-Stützstelle;;S2;Strecke 2;0/00:13:03;-;140,00;1,0000;1,030;-;-;54,0;118,0;ETCS L1;False;False;0;-; 0,0; 0,0; 0,0;S2: VDV 2 - Strecke 2 - VDV 1;0,000000;31642,0;  0,0;6227,3;  0,0;1,030;1,00;1,00;"80 0622-19.0;";0;ETCS fallend;;;False;ETCS fallend;False;00:44:14;00:44:14;-;-;False;-;-;2654;2654
20450;ETCS fallend;0/00:44:15;0/00:44:15;00:44;00:44;00:44;00:44;-;100,00;97,09;100,00;-;100,00;-;K;-;ETCS-Stützstelle;;S2;Strecke 2;0/00:13:04;-;140,00;1,0000;1,030;-;-;54,0;118,0;ETCS L1;False;False;0;-; 0,0; 0,0; 0,0;S2: VDV 2 - Strecke 2 - VDV 1;0,000000;31642,0;  0,0;6227,3;  0,0;1,030;1,00;1,00;"80 0622-19.0;";0;ETCS fallend;;;False;ETCS fallend;False;00:44:15;00:44:15;-;-;False;-;-;2655;2655
20475;ETCS fallend;0/00:44:16;0/00:44:16;00:44;00:44;00:44;00:44;-;100,00;97,09;100,00;-;100,00;-;K;-;ETCS-Stützstelle;;S2;Strecke 2;0/00:13:05;-;140,00;1,0000;1,030;-;-;54,0;118,0;ETCS L1;False;False;0;-; 0,0; 0,0; 0,0;S2: VDV 2 - Strecke 2 - VDV 1;0,000000;31642,0;  0,0;6227,3;  0,0;1,030;1,00;1,00;"80 0622-19.0;";0;ETCS fallend;;;False;ETCS fallend;False;00:44:16;00:44:16;-;-;False;-;-;2656;2656
20500;ETCS fallend;0/00:44:17;0/00:44:17;00:44;00:44;00:44;00:44;-;100,00;97,09;100,00;-;100,00;-;K;-;S2 9.500 3521-0 Betriebsstellengrenze, =>DB1 3521-0, Gleis 0;;S2;Strecke 2;0/00:13:05;-;140,00;1,0000;1,030;-;-;54,0;118,0;ETCS L1;False;False;0;-; 0,0; 0,0; 0,0;S2: VDV 2 - Strecke 2 - VDV 1;0,000000;31642,0;  0,0;6227,3;  0,0;1,030;1,00;1,00;"80 0622-19.0;";0;ETCS fallend;3521;0;True;ETCS fallend;False;00:44:17;00:44:17;-;-;False;-;Betriebsstellengrenze 3521-0 - Betriebsstellengrenze 3521-0 (3521);2657;2657
20500;ETCS fallend;0/00:44:17;0/00:44:17;00:44;00:44;00:44;00:44;-;100,00;97,09;100,00;-;100,00;-;K;-;DB1 9.500 3521-0 Betriebsstellengrenze, =>S2 3521-0, Gleis 0;;DB1;DB 1;0/00:13:05;-;140,00;1,0000;1,030;-;-;54,0;118,0;ETCS L1;False;False;0;-; 0,0; 0,0; 0,0;DB1: Strecke 2 - Gleis 2 - Strecke 1;0,000000;31642,0;  0,0;6227,3;  0,0;1,030;1,00;1,00;"80 0622-19.0;";0;ETCS fallend;3521;0;True;ETCS fallend;False;00:44:17;00:44:17;-;-;False;-;Weiche 01W2 A - Betriebsstellengrenze 3521-0 (3521);2657;2657
20525;ETCS fallend;0/00:44:18;0/00:44:18;00:44;00:44;00:44;00:44;-;100,00;97,09;100,00;-;100,00;-;K;-;ETCS-Stützstelle;;DB1;DB 1;0/00:13:06;-;140,00;1,0000;1,030;-;-;54,0;118,0;ETCS L1;False;False;0;-; 0,0; 0,0; 0,0;DB1: Strecke 2 - Gleis 2 - Strecke 1;0,000000;31642,0;  0,0;6227,3;  0,0;1,030;1,00;1,00;"80 0622-19.0;";0;ETCS fallend;;;False;ETCS fallend;False;00:44:18;00:44:18;-;-;False;-;-;2658;2658
20550;ETCS fallend;0/00:44:19;0/00:44:19;00:44;00:44;00:44;00:44;-;100,00;97,09;100,00;-;100,00;-;K;-;ETCS-Stützstelle;;DB1;DB 1;0/00:13:07;-;140,00;1,0000;1,030;-;-;54,0;118,0;ETCS L1;False;False;0;-; 0,0; 0,0; 0,0;DB1: Strecke 2 - Gleis 2 - Strecke 1;0,000000;31642,0;  0,0;6227,3;  0,0;1,030;1,00;1,00;"80 0622-19.0;";0;ETCS fallend;;;False;ETCS fallend;False;00:44:19;00:44:19;-;-;False;-;-;2659;2659
20575;ETCS fallend;0/00:44:20;0/00:44:20;00:44;00:44;00:44;00:44;-;100,00;97,09;100,00;-;100,00;-;K;-;ETCS-Stützstelle;;DB1;DB 1;0/00:13:08;-;140,00;1,0000;1,030;-;-;54,0;118,0;ETCS L1;False;False;0;-; 0,0; 0,0; 0,0;DB1: Strecke 2 - Gleis 2 - Strecke 1;0,000000;31642,0;  0,0;6227,3;  0,0;1,030;1,00;1,00;"80 0622-19.0;";0;ETCS fallend;;;False;ETCS fallend;False;00:44:20;00:44:20;-;-;False;-;-;2660;2660
20600;ETCS fallend;0/00:44:21;0/00:44:21;00:44;00:44;00:44;00:44;-;100,00;97,09;100,00;-;100,00;-;K;-;ETCS-Stützstelle;;DB1;DB 1;0/00:13:09;-;140,00;1,0000;1,030;-;-;54,0;118,0;ETCS L1;False;False;0;-; 0,0; 0,0; 0,0;DB1: Strecke 2 - Gleis 2 - Strecke 1;0,000000;31642,0;  0,0;6227,3;  0,0;1,030;1,00;1,00;"80 0622-19.0;";0;ETCS fallend;;;False;ETCS fallend;False;00:44:21;00:44:21;-;-;False;-;-;2661;2661
20625;ETCS fallend;0/00:44:22;0/00:44:22;00:44;00:44;00:44;00:44;-;100,00;97,09;100,00;-;100,00;-;K;-;ETCS-Stützstelle;;DB1;DB 1;0/00:13:10;-;140,00;1,0000;1,030;-;-;54,0;118,0;ETCS L1;False;False;0;-; 0,0; 0,0; 0,0;DB1: Strecke 2 - Gleis 2 - Strecke 1;0,000000;31642,0;  0,0;6227,3;  0,0;1,030;1,00;1,00;"80 0622-19.0;";0;ETCS fallend;;;False;ETCS fallend;False;00:44:22;00:44:22;-;-;False;-;-;2662;2662
20650;ETCS fallend;0/00:44:23;0/00:44:23;00:44;00:44;00:44;00:44;-;100,00;97,09;100,00;-;100,00;-;K;-;ETCS-Stützstelle;;DB1;DB 1;0/00:13:11;-;140,00;1,0000;1,030;-;-;54,0;118,0;ETCS L1;False;False;0;-; 0,0; 0,0; 0,0;DB1: Strecke 2 - Gleis 2 - Strecke 1;0,000000;31642,0;  0,0;6227,3;  0,0;1,030;1,00;1,00;"80 0622-19.0;";0;ETCS fallend;;;False;ETCS fallend;False;00:44:23;00:44:23;-;-;False;-;-;2663;2663
20675;ETCS fallend;0/00:44:24;0/00:44:24;00:44;00:44;00:44;00:44;-;100,00;97,09;100,00;-;100,00;-;K;-;ETCS-Stützstelle;;DB1;DB 1;0/00:13:12;-;140,00;1,0000;1,030;-;-;54,0;118,0;ETCS L1;False;False;0;-; 0,0; 0,0; 0,0;DB1: Strecke 2 - Gleis 2 - Strecke 1;0,000000;31642,0;  0,0;6227,3;  0,0;1,030;1,00;1,00;"80 0622-19.0;";0;ETCS fallend;;;False;ETCS fallend;False;00:44:24;00:44:24;-;-;False;-;-;2664;2664
20700;ETCS fallend;0/00:44:25;0/00:44:25;00:44;00:44;00:44;00:44;-;100,00;97,09;100,00;-;100,00;-;K;-;ETCS-Stützstelle;;DB1;DB 1;0/00:13:13;-;140,00;1,0000;1,030;-;-;54,0;118,0;ETCS L1;False;False;0;-; 0,0; 0,0; 0,0;DB1: Strecke 2 - Gleis 2 - Strecke 1;0,000000;31642,0;  0,0;6227,3;  0,0;1,030;1,00;1,00;"80 0622-19.0;";0;ETCS fallend;;;False;ETCS fallend;False;00:44:25;00:44:25;-;-;False;-;-;2665;2665
20725;ETCS fallend;0/00:44:25;0/00:44:25;00:44;00:44;00:44;00:44;-;100,00;97,09;100,00;-;100,00;-;K;-;ETCS-Stützstelle;;DB1;DB 1;0/00:13:14;-;140,00;1,0000;1,030;-;-;54,0;118,0;ETCS L1;False;False;0;-; 0,0; 0,0; 0,0;DB1: Strecke 2 - Gleis 2 - Strecke 1;0,000000;31642,0;  0,0;6227,3;  0,0;1,030;1,00;1,00;"80 0622-19.0;";0;ETCS fallend;;;False;ETCS fallend;False;00:44:25;00:44:25;-;-;False;-;-;2665;2665
20750;ETCS fallend;0/00:44:26;0/00:44:26;00:44;00:44;00:44;00:44;-;100,00;97,09;100,00;-;100,00;-;K;-;ETCS-Stützstelle;;DB1;DB 1;0/00:13:14;-;140,00;1,0000;1,030;-;-;54,0;118,0;ETCS L1;False;False;0;-; 0,0; 0,0; 0,0;DB1: Strecke 2 - Gleis 2 - Strecke 1;0,000000;31642,0;  0,0;6227,3;  0,0;1,030;1,00;1,00;"80 0622-19.0;";0;ETCS fallend;;;False;ETCS fallend;False;00:44:26;00:44:26;-;-;False;-;-;2666;2666
20775;ETCS fallend;0/00:44:27;0/00:44:27;00:44;00:44;00:44;00:44;-;100,00;97,09;100,00;-;100,00;-;K;-;ETCS-Stützstelle;;DB1;DB 1;0/00:13:15;-;140,00;1,0000;1,030;-;-;54,0;118,0;ETCS L1;False;False;0;-; 0,0; 0,0; 0,0;DB1: Strecke 2 - Gleis 2 - Strecke 1;0,000000;31642,0;  0,0;6227,3;  0,0;1,030;1,00;1,00;"80 0622-19.0;";0;ETCS fallend;;;False;ETCS fallend;False;00:44:27;00:44:27;-;-;False;-;-;2667;2667
20800;ETCS fallend;0/00:44:28;0/00:44:28;00:44;00:44;00:44;00:44;-;100,00;97,09;100,00;-;100,00;-;K;-;ETCS-Stützstelle;;DB1;DB 1;0/00:13:16;-;140,00;1,0000;1,030;-;-;54,0;118,0;ETCS L1;False;False;0;-; 0,0; 0,0; 0,0;DB1: Strecke 2 - Gleis 2 - Strecke 1;0,000000;31642,0;  0,0;6227,3;  0,0;1,030;1,00;1,00;"80 0622-19.0;";0;ETCS fallend;;;False;ETCS fallend;False;00:44:28;00:44:28;-;-;False;-;-;2668;2668
20825;ETCS fallend;0/00:44:29;0/00:44:29;00:44;00:44;00:44;00:44;-;100,00;97,09;100,00;-;100,00;-;K;-;ETCS-Stützstelle;;DB1;DB 1;0/00:13:17;-;140,00;1,0000;1,030;-;-;54,0;118,0;ETCS L1;False;False;0;-; 0,0; 0,0; 0,0;DB1: Strecke 2 - Gleis 2 - Strecke 1;0,000000;31642,0;  0,0;6227,3;  0,0;1,030;1,00;1,00;"80 0622-19.0;";0;ETCS fallend;;;False;ETCS fallend;False;00:44:29;00:44:29;-;-;False;-;-;2669;2669
20850;ETCS fallend;0/00:44:30;0/00:44:30;00:45;00:45;00:45;00:45;-;100,00;97,09;100,00;-;100,00;-;K;-;ETCS-Stützstelle;;DB1;DB 1;0/00:13:18;-;140,00;1,0000;1,030;-;-;54,0;118,0;ETCS L1;False;False;0;-; 0,0; 0,0; 0,0;DB1: Strecke 2 - Gleis 2 - Strecke 1;0,000000;31642,0;  0,0;6227,3;  0,0;1,030;1,00;1,00;"80 0622-19.0;";0;ETCS fallend;;;False;ETCS fallend;False;00:44:30;00:44:30;-;-;False;-;-;2670;2670
20875;ETCS fallend;0/00:44:31;0/00:44:31;00:45;00:45;00:45;00:45;-;100,00;97,09;100,00;-;100,00;-;K;-;ETCS-Stützstelle;;DB1;DB 1;0/00:13:19;-;140,00;1,0000;1,030;-;-;54,0;118,0;ETCS L1;False;False;0;-; 0,0; 0,0; 0,0;DB1: Strecke 2 - Gleis 2 - Strecke 1;0,000000;31642,0;  0,0;6227,3;  0,0;1,030;1,00;1,00;"80 0622-19.0;";0;ETCS fallend;;;False;ETCS fallend;False;00:44:31;00:44:31;-;-;False;-;-;2671;2671
20900;ETCS fallend;0/00:44:32;0/00:44:32;00:45;00:45;00:45;00:45;-;100,00;97,09;100,00;-;100,00;-;K;-;ETCS-Stützstelle;;DB1;DB 1;0/00:13:20;-;140,00;1,0000;1,030;-;-;54,0;118,0;ETCS L1;False;False;0;-; 0,0; 0,0; 0,0;DB1: Strecke 2 - Gleis 2 - Strecke 1;0,000000;31642,0;  0,0;6227,3;  0,0;1,030;1,00;1,00;"80 0622-19.0;";0;ETCS fallend;;;False;ETCS fallend;False;00:44:32;00:44:32;-;-;False;-;-;2672;2672
20925;ETCS fallend;0/00:44:33;0/00:44:33;00:45;00:45;00:45;00:45;-;100,00;97,09;100,00;-;100,00;-;K;-;ETCS-Stützstelle;;DB1;DB 1;0/00:13:21;-;140,00;1,0000;1,030;-;-;54,0;118,0;ETCS L1;False;False;0;-; 0,0; 0,0; 0,0;DB1: Strecke 2 - Gleis 2 - Strecke 1;0,000000;31642,0;  0,0;6227,3;  0,0;1,030;1,00;1,00;"80 0622-19.0;";0;ETCS fallend;;;False;ETCS fallend;False;00:44:33;00:44:33;-;-;False;-;-;2673;2673
20950;ETCS fallend;0/00:44:34;0/00:44:34;00:45;00:45;00:45;00:45;-;100,00;97,09;100,00;-;100,00;-;K;-;ETCS-Stützstelle;;DB1;DB 1;0/00:13:22;-;140,00;1,0000;1,030;-;-;54,0;118,0;ETCS L1;False;False;0;-; 0,0; 0,0; 0,0;DB1: Strecke 2 - Gleis 2 - Strecke 1;0,000000;31642,0;  0,0;6227,3;  0,0;1,030;1,00;1,00;"80 0622-19.0;";0;ETCS fallend;;;False;ETCS fallend;False;00:44:34;00:44:34;-;-;False;-;-;2674;2674
20975;ETCS fallend;0/00:44:35;0/00:44:35;00:45;00:45;00:45;00:45;-;100,00;97,09;100,00;-;100,00;-;K;-;ETCS-Stützstelle;;DB1;DB 1;0/00:13:23;-;140,00;1,0000;1,030;-;-;54,0;118,0;ETCS L1;False;False;0;-; 0,0; 0,0; 0,0;DB1: Strecke 2 - Gleis 2 - Strecke 1;0,000000;31642,0;  0,0;6227,3;  0,0;1,030;1,00;1,00;"80 0622-19.0;";0;ETCS fallend;;;False;ETCS fallend;False;00:44:35;00:44:35;-;-;False;-;-;2675;2675
21000;ETCS fallend;0/00:44:36;0/00:44:36;00:45;00:45;00:45;00:45;-;100,00;97,09;100,00;-;100,00;-;K;-;ETCS-Stützstelle;;DB1;DB 1;0/00:13:23;-;140,00;1,0000;1,030;-;-;54,0;118,0;ETCS L1;False;False;0;-; 0,0; 0,0; 0,0;DB1: Strecke 2 - Gleis 2 - Strecke 1;0,000000;31642,0;  0,0;6227,3;  0,0;1,030;1,00;1,00;"80 0622-19.0;";0;ETCS fallend;;;False;ETCS fallend;False;00:44:36;00:44:36;-;-;False;-;-;2676;2676
21025;ETCS fallend;0/00:44:37;0/00:44:37;00:45;00:45;00:45;00:45;-;100,00;97,09;100,00;-;100,00;-;K;-;ETCS-Stützstelle;;DB1;DB 1;0/00:13:24;-;140,00;1,0000;1,030;-;-;54,0;118,0;ETCS L1;False;False;0;-; 0,0; 0,0; 0,0;DB1: Strecke 2 - Gleis 2 - Strecke 1;0,000000;31642,0;  0,0;6227,3;  0,0;1,030;1,00;1,00;"80 0622-19.0;";0;ETCS fallend;;;False;ETCS fallend;False;00:44:37;00:44:37;-;-;False;-;-;2677;2677
21050;ETCS fallend;0/00:44:37;0/00:44:37;00:45;00:45;00:45;00:45;-;100,00;97,09;100,00;-;100,00;-;K;-;ETCS-Stützstelle;;DB1;DB 1;0/00:13:25;-;140,00;1,0000;1,030;-;-;54,0;118,0;ETCS L1;False;False;0;-; 0,0; 0,0; 0,0;DB1: Strecke 2 - Gleis 2 - Strecke 1;0,000000;31642,0;  0,0;6227,3;  0,0;1,030;1,00;1,00;"80 0622-19.0;";0;ETCS fallend;;;False;ETCS fallend;False;00:44:37;00:44:37;-;-;False;-;-;2677;2677
21057;ETCS fallend;0/00:44:38;0/00:44:38;00:45;00:45;00:45;00:45;-;100,00;97,09;100,00;-;100,00;-;K;-;DB1 8.943  Punktbeeinflussung, Fallend, ETCS L1 FS, kennung=1; Ref(22025)=<DB1|7,975/+0|HS|01F|1> ;DB1;DB 1;0/00:13:26;-;140,00;1,0000;1,030;-;-;54,0;118,0;ETCS L1;False;False;0;-; 0,0; 0,0; 0,0;DB1: Strecke 2 - Gleis 2 - Strecke 1;0,000000;31642,0;  0,0;6227,3;  0,0;1,030;1,00;1,00;"80 0622-19.0;";0;ETCS fallend;3521;;True;ETCS fallend;False;00:44:38;00:44:38;-;-;False;-;Weiche 01W2 A - Betriebsstellengrenze 3521-0 (3521);2678;2678
21082;ETCS fallend;0/00:44:39;0/00:44:39;00:45;00:45;00:45;00:45;-;100,00;97,09;100,00;-;100,00;-;K;-;ETCS-Stützstelle;;DB1;DB 1;0/00:13:26;-;140,00;1,0000;1,030;-;-;54,0;118,0;ETCS L1;False;False;0;-; 0,0; 0,0; 0,0;DB1: Strecke 2 - Gleis 2 - Strecke 1;0,000000;31642,0;  0,0;6227,3;  0,0;1,030;1,00;1,00;"80 0622-19.0;";0;ETCS fallend;;;False;ETCS fallend;False;00:44:39;00:44:39;-;-;False;-;-;2679;2679
21107;ETCS fallend;0/00:44:40;0/00:44:40;00:45;00:45;00:45;00:45;-;100,00;97,09;100,00;-;100,00;-;K;-;ETCS-Stützstelle;;DB1;DB 1;0/00:13:27;-;140,00;1,0000;1,030;-;-;54,0;118,0;ETCS L1;False;False;0;-; 0,0; 0,0; 0,0;DB1: Strecke 2 - Gleis 2 - Strecke 1;0,000000;31642,0;  0,0;6227,3;  0,0;1,030;1,00;1,00;"80 0622-19.0;";0;ETCS fallend;;;False;ETCS fallend;False;00:44:40;00:44:40;-;-;False;-;-;2680;2680
21132;ETCS fallend;0/00:44:41;0/00:44:41;00:45;00:45;00:45;00:45;-;100,00;97,09;100,00;-;100,00;-;K;-;ETCS-Stützstelle;;DB1;DB 1;0/00:13:28;-;140,00;1,0000;1,030;-;-;54,0;118,0;ETCS L1;False;False;0;-; 0,0; 0,0; 0,0;DB1: Strecke 2 - Gleis 2 - Strecke 1;0,000000;31642,0;  0,0;6227,3;  0,0;1,030;1,00;1,00;"80 0622-19.0;";0;ETCS fallend;;;False;ETCS fallend;False;00:44:41;00:44:41;-;-;False;-;-;2681;2681
21157;ETCS fallend;0/00:44:41;0/00:44:41;00:45;00:45;00:45;00:45;-;100,00;97,09;100,00;-;100,00;-;K;-;ETCS-Stützstelle;;DB1;DB 1;0/00:13:29;-;140,00;1,0000;1,030;-;-;54,0;118,0;ETCS L1;False;False;0;-; 0,0; 0,0; 0,0;DB1: Strecke 2 - Gleis 2 - Strecke 1;0,000000;31642,0;  0,0;6227,3;  0,0;1,030;1,00;1,00;"80 0622-19.0;";0;ETCS fallend;;;False;ETCS fallend;False;00:44:41;00:44:41;-;-;False;-;-;2681;2681
21182;ETCS fallend;0/00:44:42;0/00:44:42;00:45;00:45;00:45;00:45;-;100,00;97,09;100,00;-;100,00;-;K;-;ETCS-Stützstelle;;DB1;DB 1;0/00:13:30;-;140,00;1,0000;1,030;-;-;54,0;118,0;ETCS L1;False;False;0;-; 0,0; 0,0; 0,0;DB1: Strecke 2 - Gleis 2 - Strecke 1;0,000000;31642,0;  0,0;6227,3;  0,0;1,030;1,00;1,00;"80 0622-19.0;";0;ETCS fallend;;;False;ETCS fallend;False;00:44:42;00:44:42;-;-;False;-;-;2682;2682
21207;ETCS fallend;0/00:44:43;0/00:44:43;00:45;00:45;00:45;00:45;-;100,00;97,09;100,00;-;100,00;-;K;-;ETCS-Stützstelle;;DB1;DB 1;0/00:13:31;-;140,00;1,0000;1,030;-;-;54,0;118,0;ETCS L1;False;False;0;-; 0,0; 0,0; 0,0;DB1: Strecke 2 - Gleis 2 - Strecke 1;0,000000;31642,0;  0,0;6227,3;  0,0;1,030;1,00;1,00;"80 0622-19.0;";0;ETCS fallend;;;False;ETCS fallend;False;00:44:43;00:44:43;-;-;False;-;-;2683;2683
21232;ETCS fallend;0/00:44:44;0/00:44:44;00:45;00:45;00:45;00:45;-;100,00;97,09;100,00;-;100,00;-;K;-;ETCS-Stützstelle;;DB1;DB 1;0/00:13:32;-;140,00;1,0000;1,030;-;-;54,0;118,0;ETCS L1;False;False;0;-; 0,0; 0,0; 0,0;DB1: Strecke 2 - Gleis 2 - Strecke 1;0,000000;31642,0;  0,0;6227,3;  0,0;1,030;1,00;1,00;"80 0622-19.0;";0;ETCS fallend;;;False;ETCS fallend;False;00:44:44;00:44:44;-;-;False;-;-;2684;2684
21246;ETCS fallend;0/00:44:45;0/00:44:45;00:45;00:45;00:45;00:45;-;100,00;97,09;100,00;-;100,00;-;K;-;BEP zu DB1 7.975 01F Hauptsignal, Fallend, DFa=3s, rs=20km/h, appr.=0km/h; Ref(22025)=<DB1|7,975/+0|HS|01F|1> ;DB1;DB 1;0/00:13:32;-;140,00;1,0000;1,030;-;-;54,0;118,0;ETCS L1;False;False;0;-; 0,0; 0,0; 0,0;DB1: Strecke 2 - Gleis 2 - Strecke 1;0,000000;31642,0;  0,0;6227,3;  0,0;1,030;1,00;1,00;"80 0622-19.0;";0;ETCS fallend;;;False;ETCS fallend;False;00:44:45;00:44:45;-;-;False;Indication;-;2685;2685
21257;ETCS fallend;0/00:44:45;0/00:44:45;00:45;00:45;00:45;00:45;-;100,00;97,09;100,00;-;100,00;-;K;-;ETCS-Stützstelle;;DB1;DB 1;0/00:13:33;-;140,00;1,0000;1,030;-;-;54,0;118,0;ETCS L1;False;False;0;-; 0,0; 0,0; 0,0;DB1: Strecke 2 - Gleis 2 - Strecke 1;0,000000;31642,0;  0,0;6227,3;  0,0;1,030;1,00;1,00;"80 0622-19.0;";0;ETCS fallend;;;False;ETCS fallend;False;00:44:45;00:44:45;-;-;False;-;-;2685;2685
21282;ETCS fallend;0/00:44:46;0/00:44:46;00:45;00:45;00:45;00:45;-;100,00;97,09;100,00;-;100,00;-;K;-;ETCS-Stützstelle;;DB1;DB 1;0/00:13:34;-;140,00;1,0000;1,030;-;-;54,0;118,0;ETCS L1;False;False;0;-; 0,0; 0,0; 0,0;DB1: Strecke 2 - Gleis 2 - Strecke 1;0,000000;31642,0;  0,0;6227,3;  0,0;1,030;1,00;1,00;"80 0622-19.0;";0;ETCS fallend;;;False;ETCS fallend;False;00:44:46;00:44:46;-;-;False;-;-;2686;2686
21307;ETCS fallend;0/00:44:47;0/00:44:47;00:45;00:45;00:45;00:45;-;100,00;97,09;100,00;-;100,00;-;K;-;ETCS-Stützstelle;;DB1;DB 1;0/00:13:35;-;140,00;1,0000;1,030;-;-;54,0;118,0;ETCS L1;False;False;0;-; 0,0; 0,0; 0,0;DB1: Strecke 2 - Gleis 2 - Strecke 1;0,000000;31642,0;  0,0;6227,3;  0,0;1,030;1,00;1,00;"80 0622-19.0;";0;ETCS fallend;;;False;ETCS fallend;False;00:44:47;00:44:47;-;-;False;-;-;2687;2687
21332;ETCS fallend;0/00:44:48;0/00:44:48;00:45;00:45;00:45;00:45;-;100,00;97,09;100,00;-;100,00;-;K;-;ETCS-Stützstelle;;DB1;DB 1;0/00:13:35;-;140,00;1,0000;1,030;-;-;54,0;118,0;ETCS L1;False;False;0;-; 0,0; 0,0; 0,0;DB1: Strecke 2 - Gleis 2 - Strecke 1;0,000000;31642,0;  0,0;6227,3;  0,0;1,030;1,00;1,00;"80 0622-19.0;";0;ETCS fallend;;;False;ETCS fallend;False;00:44:48;00:44:48;-;-;False;-;-;2688;2688
21357;ETCS fallend;0/00:44:49;0/00:44:49;00:45;00:45;00:45;00:45;-;100,00;97,09;100,00;-;100,00;-;K;-;ETCS-Stützstelle;;DB1;DB 1;0/00:13:36;-;140,00;1,0000;1,030;-;-;54,0;118,0;ETCS L1;False;False;0;-; 0,0; 0,0; 0,0;DB1: Strecke 2 - Gleis 2 - Strecke 1;0,000000;31642,0;  0,0;6227,3;  0,0;1,030;1,00;1,00;"80 0622-19.0;";0;ETCS fallend;;;False;ETCS fallend;False;00:44:49;00:44:49;-;-;False;-;-;2689;2689
21382;ETCS fallend;0/00:44:50;0/00:44:50;00:45;00:45;00:45;00:45;-;100,00;97,09;100,00;-;100,00;-;K;-;ETCS-Stützstelle;;DB1;DB 1;0/00:13:37;-;140,00;1,0000;1,030;-;-;54,0;118,0;ETCS L1;False;False;0;-; 0,0; 0,0; 0,0;DB1: Strecke 2 - Gleis 2 - Strecke 1;0,000000;31642,0;  0,0;6227,3;  0,0;1,030;1,00;1,00;"80 0622-19.0;";0;ETCS fallend;;;False;ETCS fallend;False;00:44:50;00:44:50;-;-;False;-;-;2690;2690
21407;ETCS fallend;0/00:44:51;0/00:44:51;00:45;00:45;00:45;00:45;-;100,00;97,09;100,00;-;100,00;-;K;-;ETCS-Stützstelle;;DB1;DB 1;0/00:13:38;-;140,00;1,0000;1,030;-;-;54,0;118,0;ETCS L1;False;False;0;-; 0,0; 0,0; 0,0;DB1: Strecke 2 - Gleis 2 - Strecke 1;0,000000;31642,0;  0,0;6227,3;  0,0;1,030;1,00;1,00;"80 0622-19.0;";0;ETCS fallend;;;False;ETCS fallend;False;00:44:51;00:44:51;-;-;False;-;-;2691;2691
21432;ETCS fallend;0/00:44:52;0/00:44:52;00:45;00:45;00:45;00:45;-;100,00;97,09;100,00;-;100,00;-;K;-;ETCS-Stützstelle;;DB1;DB 1;0/00:13:39;-;140,00;1,0000;1,030;-;-;54,0;118,0;ETCS L1;False;False;0;-; 0,0; 0,0; 0,0;DB1: Strecke 2 - Gleis 2 - Strecke 1;0,000000;31642,0;  0,0;6227,3;  0,0;1,030;1,00;1,00;"80 0622-19.0;";0;ETCS fallend;;;False;ETCS fallend;False;00:44:52;00:44:52;-;-;False;-;-;2692;2692
21457;ETCS fallend;0/00:44:53;0/00:44:53;00:45;00:45;00:45;00:45;-;100,00;97,09;100,00;-;100,00;-;K;-;ETCS-Stützstelle;;DB1;DB 1;0/00:13:40;-;140,00;1,0000;1,030;-;-;54,0;118,0;ETCS L1;False;False;0;-; 0,0; 0,0; 0,0;DB1: Strecke 2 - Gleis 2 - Strecke 1;0,000000;31642,0;  0,0;6227,3;  0,0;1,030;1,00;1,00;"80 0622-19.0;";0;ETCS fallend;;;False;ETCS fallend;False;00:44:53;00:44:53;-;-;False;-;-;2693;2693
21482;ETCS fallend;0/00:44:54;0/00:44:54;00:45;00:45;00:45;00:45;-;100,00;97,09;100,00;-;100,00;-;K;-;ETCS-Stützstelle;;DB1;DB 1;0/00:13:41;-;140,00;1,0000;1,030;-;-;54,0;118,0;ETCS L1;False;False;0;-; 0,0; 0,0; 0,0;DB1: Strecke 2 - Gleis 2 - Strecke 1;0,000000;31642,0;  0,0;6227,3;  0,0;1,030;1,00;1,00;"80 0622-19.0;";0;ETCS fallend;;;False;ETCS fallend;False;00:44:54;00:44:54;-;-;False;-;-;2694;2694
21507;ETCS fallend;0/00:44:54;0/00:44:54;00:45;00:45;00:45;00:45;-;100,00;97,09;100,00;-;100,00;-;K;-;ETCS-Stützstelle;;DB1;DB 1;0/00:13:42;-;140,00;1,0000;1,030;-;-;54,0;118,0;ETCS L1;False;False;0;-; 0,0; 0,0; 0,0;DB1: Strecke 2 - Gleis 2 - Strecke 1;0,000000;31642,0;  0,0;6227,3;  0,0;1,030;1,00;1,00;"80 0622-19.0;";0;ETCS fallend;;;False;ETCS fallend;False;00:44:54;00:44:54;-;-;False;-;-;2694;2694
21532;ETCS fallend;0/00:44:55;0/00:44:55;00:45;00:45;00:45;00:45;-;100,00;97,09;100,00;-;100,00;-;K;-;ETCS-Stützstelle;;DB1;DB 1;0/00:13:43;-;140,00;1,0000;1,030;-;-;54,0;118,0;ETCS L1;False;False;0;-; 0,0; 0,0; 0,0;DB1: Strecke 2 - Gleis 2 - Strecke 1;0,000000;31642,0;  0,0;6227,3;  0,0;1,030;1,00;1,00;"80 0622-19.0;";0;ETCS fallend;;;False;ETCS fallend;False;00:44:55;00:44:55;-;-;False;-;-;2695;2695
21557;ETCS fallend;0/00:44:56;0/00:44:56;00:45;00:45;00:45;00:45;-;100,00;97,09;100,00;-;100,00;-;K;-;ETCS-Stützstelle;;DB1;DB 1;0/00:13:44;-;140,00;1,0000;1,030;-;-;54,0;118,0;ETCS L1;False;False;0;-; 0,0; 0,0; 0,0;DB1: Strecke 2 - Gleis 2 - Strecke 1;0,000000;31642,0;  0,0;6227,3;  0,0;1,030;1,00;1,00;"80 0622-19.0;";0;ETCS fallend;;;False;ETCS fallend;False;00:44:56;00:44:56;-;-;False;-;-;2696;2696
21582;ETCS fallend;0/00:44:57;0/00:44:57;00:45;00:45;00:45;00:45;-;100,00;97,09;100,00;100,90;100,00;-;K;-;ETCS-Stützstelle;;DB1;DB 1;0/00:13:44;-;140,00;1,0000;1,030;-;-;54,0;118,0;ETCS L1;False;False;0;-; 0,0; 0,0; 0,0;DB1: Strecke 2 - Gleis 2 - Strecke 1;0,000000;31642,0;  0,0;6227,3;  0,0;1,030;1,00;1,00;"80 0622-19.0;";0;ETCS fallend;;;False;ETCS fallend;False;00:44:57;00:44:57;-;-;False;-;-;2697;2697
21607;ETCS fallend;0/00:44:58;0/00:44:58;00:45;00:45;00:45;00:45;-;100,00;97,09;100,00;104,70;100,00;-;K;-;ETCS-Stützstelle;;DB1;DB 1;0/00:13:45;-;140,00;1,0000;1,030;-;-;54,0;118,0;ETCS L1;False;False;0;-; 0,0; 0,0; 0,0;DB1: Strecke 2 - Gleis 2 - Strecke 1;-0,423000;31642,0;  0,0;6227,3;  0,0;1,030;1,00;1,00;"80 0622-19.0;";0;ETCS fallend;;;False;ETCS fallend;False;00:44:58;00:44:58;-;-;False;-;-;2698;2698
21607;ETCS fallend;0/00:44:58;0/00:44:58;00:45;00:45;00:45;00:45;-;100,00;97,09;100,00;104,70;100,00;-;B;-;;;DB1;DB 1;0/00:13:45;-;140,00;1,0000;1,030;-;-;54,0;118,0;ETCS L1;False;False;0;-; 0,0; 0,0; 0,0;DB1: Strecke 2 - Gleis 2 - Strecke 1;-0,423000;31642,0;  0,0;6227,3;  0,0;1,030;1,00;1,00;"80 0622-19.0;";0;ETCS fallend;;;False;ETCS fallend;False;00:44:58;00:44:58;-;-;False;-;-;2698;2698
21632;ETCS fallend;0/00:44:59;0/00:44:59;00:45;00:45;00:45;00:45;-;98,62;95,75;100,00;102,00;100,00;-;B;-;ETCS-Stützstelle;;DB1;DB 1;0/00:13:46;-;140,00;1,0000;1,030;-;-;54,0;118,0;ETCS L1;False;False;0;-; 0,0; 0,0; 0,0;DB1: Strecke 2 - Gleis 2 - Strecke 1;-0,701000;31704,7;  0,0;6122,6;  0,0;1,030;1,00;1,00;"80 0622-19.0;";0;ETCS fallend;;;False;ETCS fallend;False;00:44:59;00:44:59;-;-;False;-;-;2699;2699
21657;ETCS fallend;0/00:45:00;0/00:45:00;00:45;00:45;00:45;00:45;-;96,29;93,49;100,00;99,20;100,00;-;B;-;ETCS-Stützstelle;;DB1;DB 1;0/00:13:47;-;140,00;1,0000;1,030;-;-;54,0;118,0;ETCS L1;False;False;0;-; 0,0; 0,0; 0,0;DB1: Strecke 2 - Gleis 2 - Strecke 1;-0,699000;31803,6;  0,0;5948,6;  0,0;1,030;1,00;1,00;"80 0622-19.0;";0;ETCS fallend;;;False;ETCS fallend;False;00:45:00;00:45:00;-;-;False;-;-;2700;2700
21682;ETCS fallend;0/00:45:01;0/00:45:01;00:45;00:45;00:45;00:45;-;93,91;91,17;100,00;96,50;100,00;-;B;-;ETCS-Stützstelle;;DB1;DB 1;0/00:13:48;-;140,00;1,0000;1,030;-;-;54,0;118,0;ETCS L1;False;False;0;-; 0,0; 0,0; 0,0;DB1: Strecke 2 - Gleis 2 - Strecke 1;-0,701000;31884,1;  0,0;5774,5;  0,0;1,030;1,00;1,00;"80 0622-19.0;";0;ETCS fallend;;;False;ETCS fallend;False;00:45:01;00:45:01;-;-;False;-;-;2701;2701
21707;ETCS fallend;0/00:45:02;0/00:45:02;00:45;00:45;00:45;00:45;-;91,46;88,80;100,00;93,70;100,00;-;B;-;ETCS-Stützstelle;;DB1;DB 1;0/00:13:49;-;140,00;1,0000;1,030;-;-;54,0;118,0;ETCS L1;False;False;0;-; 0,0; 0,0; 0,0;DB1: Strecke 2 - Gleis 2 - Strecke 1;-0,705000;31910,3;  0,0;5599,2;  0,0;1,030;1,00;1,00;"80 0622-19.0;";0;ETCS fallend;;;False;ETCS fallend;False;00:45:02;00:45:02;-;-;False;-;-;2702;2702
21708;ETCS fallend;0/00:45:02;0/00:45:02;00:45;00:45;00:45;00:45;-;91,36;88,70;100,00;93,60;100,00;-;B;-;DB1 8.292  Punktbeeinflussung, Fallend, ETCS L1 FS, kennung=1;;DB1;DB 1;0/00:13:49;-;140,00;1,0000;1,030;-;-;54,0;118,0;ETCS L1;False;False;0;-; 0,0; 0,0; 0,0;DB1: Strecke 2 - Gleis 2 - Strecke 1;-0,701000;31910,9;  0,0;5592,2;  0,0;1,030;1,00;1,00;"80 0622-19.0;";0;ETCS fallend;3521;;True;ETCS fallend;False;00:45:02;00:45:02;-;-;False;-;Weiche 01W2 A - Betriebsstellengrenze 3521-0 (3521);2702;2702
21733;ETCS fallend;0/00:45:03;0/00:45:03;00:45;00:45;00:45;00:45;-;88,84;86,25;100,00;90,70;100,00;-;B;-;ETCS-Stützstelle;;DB1;DB 1;0/00:13:50;-;140,00;1,0000;1,030;-;-;54,0;118,0;ETCS L1;False;False;0;-; 0,0; 0,0; 0,0;DB1: Strecke 2 - Gleis 2 - Strecke 1;-0,700000;32514,0;  0,0;5416,2;  0,0;1,030;1,00;1,00;"80 0622-19.0;";0;ETCS fallend;;;False;ETCS fallend;False;00:45:03;00:45:03;-;-;False;-;-;2703;2703
21758;ETCS fallend;0/00:45:04;0/00:45:04;00:45;00:45;00:45;00:45;-;86,25;83,74;100,00;87,80;100,00;-;B;-;ETCS-Stützstelle;;DB1;DB 1;0/00:13:51;-;140,00;1,0000;1,030;-;-;54,0;118,0;ETCS L1;False;False;0;-; 0,0; 0,0; 0,0;DB1: Strecke 2 - Gleis 2 - Strecke 1;-0,700000;39776,6;  0,0;5239,7;  0,0;1,030;1,00;1,00;"80 0622-19.0;";0;ETCS fallend;;;False;ETCS fallend;False;00:45:04;00:45:04;-;-;False;-;-;2704;2704
21783;ETCS fallend;0/00:45:05;0/00:45:05;00:45;00:45;00:45;00:45;-;83,58;81,15;100,00;84,90;100,00;-;B;-;ETCS-Stützstelle;;DB1;DB 1;0/00:13:52;-;140,00;1,0000;1,030;-;-;54,0;118,0;ETCS L1;False;False;0;-; 0,0; 0,0; 0,0;DB1: Strecke 2 - Gleis 2 - Strecke 1;-0,700000;41644,1;  0,0;5062,3;  0,0;1,030;1,00;1,00;"80 0622-19.0;";0;ETCS fallend;;;False;ETCS fallend;False;00:45:05;00:45:05;-;-;False;-;-;2705;2705
21808;ETCS fallend;0/00:45:06;0/00:45:06;00:45;00:45;00:45;00:45;-;80,82;78,47;100,00;81,80;100,00;-;B;-;ETCS-Stützstelle;;DB1;DB 1;0/00:13:53;-;140,00;1,0000;1,030;-;-;54,0;118,0;ETCS L1;False;False;0;-; 0,0; 0,0; 0,0;DB1: Strecke 2 - Gleis 2 - Strecke 1;-0,701000;41939,1;  0,0;4883,9;  0,0;1,030;1,00;1,00;"80 0622-19.0;";0;ETCS fallend;;;False;ETCS fallend;False;00:45:06;00:45:06;-;-;False;-;-;2706;2706
21833;ETCS fallend;0/00:45:08;0/00:45:08;00:45;00:45;00:45;00:45;-;77,96;75,69;100,00;78,60;100,00;-;B;-;ETCS-Stützstelle;;DB1;DB 1;0/00:13:54;-;140,00;1,0000;1,030;-;-;54,0;118,0;ETCS L1;False;False;0;-; 0,0; 0,0; 0,0;DB1: Strecke 2 - Gleis 2 - Strecke 1;-0,701000;42553,4;  0,0;4704,4;  0,0;1,030;1,00;1,00;"80 0622-19.0;";0;ETCS fallend;;;False;ETCS fallend;False;00:45:08;00:45:08;-;-;False;-;-;2708;2708
21858;ETCS fallend;0/00:45:09;0/00:45:09;00:45;00:45;00:45;00:45;-;74,99;72,81;100,00;75,40;100,00;-;B;-;ETCS-Stützstelle;;DB1;DB 1;0/00:13:56;-;140,00;1,0000;1,030;-;-;54,0;118,0;ETCS L1;False;False;0;-; 0,0; 0,0; 0,0;DB1: Strecke 2 - Gleis 2 - Strecke 1;-0,700000;42980,7;  0,0;4523,6;  0,0;1,030;1,00;1,00;"80 0622-19.0;";0;ETCS fallend;;;False;ETCS fallend;False;00:45:09;00:45:09;-;-;False;-;-;2709;2709
21883;ETCS fallend;0/00:45:10;0/00:45:10;00:45;00:45;00:45;00:45;-;71,90;69,81;100,00;72,10;100,00;-;B;-;ETCS-Stützstelle;;DB1;DB 1;0/00:13:57;-;140,00;1,0000;1,030;-;-;54,0;118,0;ETCS L1;False;False;0;-; 0,0; 0,0; 0,0;DB1: Strecke 2 - Gleis 2 - Strecke 1;-0,701000;43235,5;  0,0;4341,8;  0,0;1,030;1,00;1,00;"80 0622-19.0;";0;ETCS fallend;;;False;ETCS fallend;False;00:45:10;00:45:10;-;-;False;-;-;2710;2710
21908;ETCS fallend;0/00:45:11;0/00:45:11;00:45;00:45;00:45;00:45;-;68,67;66,67;100,00;68,80;100,00;-;B;-;ETCS-Stützstelle;;DB1;DB 1;0/00:13:58;-;140,00;1,0000;1,030;-;-;54,0;118,0;ETCS L1;False;False;0;-; 0,0; 0,0; 0,0;DB1: Strecke 2 - Gleis 2 - Strecke 1;-0,701000;43447,1;  0,0;4158,4;  0,0;1,030;1,00;1,00;"80 0622-19.0;";0;ETCS fallend;;;False;ETCS fallend;False;00:45:11;00:45:11;-;-;False;-;-;2711;2711
21933;ETCS fallend;0/00:45:13;0/00:45:13;00:45;00:45;00:45;00:45;-;65,28;63,38;100,00;65,30;100,00;-;B;-;ETCS-Stützstelle;;DB1;DB 1;0/00:13:59;-;140,00;1,0000;1,030;-;-;54,0;118,0;ETCS L1;False;False;0;-; 0,0; 0,0; 0,0;DB1: Strecke 2 - Gleis 2 - Strecke 1;-0,056000;43516,3;  0,0;3973,3;  0,0;1,030;1,00;1,00;"80 0622-19.0;";0;ETCS fallend;;;False;ETCS fallend;False;00:45:13;00:45:13;-;-;False;-;-;2713;2713
21958;ETCS fallend;0/00:45:14;0/00:45:14;00:45;00:45;00:45;00:45;-;65,00;63,11;100,00;65,00;100,00;-;B;-;ETCS-Stützstelle;;DB1;DB 1;0/00:14:01;-;140,00;1,0000;1,030;-;-;54,0;118,0;ETCS L1;False;False;0;-; 0,0; 0,0; 0,0;DB1: Strecke 2 - Gleis 2 - Strecke 1;0,000000;43527,0;  0,0;3958,3;  0,0;1,030;1,00;1,00;"80 0622-19.0;";0;ETCS fallend;;;False;ETCS fallend;False;00:45:14;00:45:14;-;-;False;-;-;2714;2714
21983;ETCS fallend;0/00:45:16;0/00:45:16;00:45;00:45;00:45;00:45;-;65,00;63,11;100,00;65,00;100,00;-;B;-;ETCS-Stützstelle;;DB1;DB 1;0/00:14:02;-;140,00;1,0000;1,030;-;-;54,0;118,0;ETCS L1;False;False;0;-; 0,0; 0,0; 0,0;DB1: Strecke 2 - Gleis 2 - Strecke 1;0,000000;43527,0;  0,0;3958,3;  0,0;1,030;1,00;1,00;"80 0622-19.0;";0;ETCS fallend;;;False;ETCS fallend;False;00:45:16;00:45:16;-;-;False;-;-;2716;2716
22008;ETCS fallend;0/00:45:17;0/00:45:17;00:45;00:45;00:45;00:45;-;65,00;63,11;100,00;65,00;100,00;-;B;-;ETCS-Stützstelle;;DB1;DB 1;0/00:14:04;-;140,00;1,0000;1,030;-;-;54,0;118,0;ETCS L1;False;False;0;-; 0,0; 0,0; 0,0;DB1: Strecke 2 - Gleis 2 - Strecke 1;0,000000;43527,0;  0,0;3958,3;  0,0;1,030;1,00;1,00;"80 0622-19.0;";0;ETCS fallend;;;False;ETCS fallend;False;00:45:17;00:45:17;-;-;False;-;-;2717;2717
22025;ETCS fallend;0/00:45:18;0/00:45:18;00:45;00:45;00:45;00:45;-;65,00;63,11;100,00;65,00;100,00;-;B;-;ETCS-Stützstelle;;DB1;DB 1;0/00:14:05;-;140,00;1,0000;1,030;-;-;54,0;118,0;ETCS L1;False;False;0;-; 0,0; 0,0; 0,0;DB1: Strecke 2 - Gleis 2 - Strecke 1;0,000000;43527,0;  0,0;3958,3;  0,0;1,030;1,00;1,00;"80 0622-19.0;";0;ETCS fallend;;;False;ETCS fallend;False;00:45:18;00:45:18;-;-;False;-;-;2718;2718
22025;ETCS fallend;0/00:45:18;0/00:45:18;00:45;00:45;00:45;00:45;-;65,00;63,11;100,00;65,00;100,00;-;B;-;DB1 7.975 01F Hauptsignal, Fallend, DFa=3s, rs=20km/h, appr.=0km/h; Ref(21057)=<DB1|8,943/+0|PU||1>  Anfang(7765)=<DB2|22,235/+0|HS|02P1|1>  Ende(22095)=<DB1|7,905/+0|ZSS||1> ;DB1;DB 1;0/00:14:05;-;140,00;1,0000;1,030;-;-;54,0;118,0;ETCS L1;False;False;0;-; 0,0; 0,0; 0,0;DB1: Strecke 2 - Gleis 2 - Strecke 1;0,000000;43527,0;  0,0;3958,3;  0,0;1,030;1,00;1,00;"80 0622-19.0;";0;ETCS fallend;3521;;True;ETCS fallend;False;00:45:18;00:45:18;-;-;False;-;Weiche 01W2 A - Betriebsstellengrenze 3521-0 (3521);2718;2718
22026;ETCS fallend;0/00:45:18;0/00:45:18;00:45;00:45;00:45;00:45;-;65,00;63,11;100,00;65,00;100,00;-;B;-;DB1 7.974  Punktbeeinflussung, Fallend, ETCS L1 FS, kennung=1;;DB1;DB 1;0/00:14:05;-;140,00;1,0000;1,030;-;-;54,0;118,0;ETCS L1;False;False;0;-; 0,0; 0,0; 0,0;DB1: Strecke 2 - Gleis 2 - Strecke 1;0,000000;43527,0;  0,0;3958,3;  0,0;1,030;1,00;1,00;"80 0622-19.0;";0;ETCS fallend;3521;;True;ETCS fallend;False;00:45:18;00:45:18;-;-;False;-;Weiche 01W2 A - Betriebsstellengrenze 3521-0 (3521);2718;2718
22051;ETCS fallend;0/00:45:19;0/00:45:19;00:45;00:45;00:45;00:45;-;65,00;63,11;100,00;65,00;100,00;-;B;-;ETCS-Stützstelle;;DB1;DB 1;0/00:14:06;-;140,00;1,0000;1,030;-;-;54,0;118,0;ETCS L1;False;False;0;-; 0,0; 0,0; 0,0;DB1: Strecke 2 - Gleis 2 - Strecke 1;0,000000;43527,0;  0,0;3958,3;  0,0;1,030;1,00;1,00;"80 0622-19.0;";0;ETCS fallend;;;False;ETCS fallend;False;00:45:19;00:45:19;-;-;False;-;-;2719;2719
22076;ETCS fallend;0/00:45:21;0/00:45:21;00:45;00:45;00:45;00:45;-;65,00;63,11;100,00;65,00;100,00;-;B;-;ETCS-Stützstelle;;DB1;DB 1;0/00:14:07;-;140,00;1,0000;1,030;-;-;54,0;118,0;ETCS L1;False;False;0;-; 0,0; 0,0; 0,0;DB1: Strecke 2 - Gleis 2 - Strecke 1;0,000000;43527,0;  0,0;3958,3;  0,0;1,030;1,00;1,00;"80 0622-19.0;";0;ETCS fallend;;;False;ETCS fallend;False;00:45:21;00:45:21;-;-;False;-;-;2721;2721
22095;ETCS fallend;0/00:45:22;0/00:45:22;00:45;00:45;00:45;00:45;-;65,00;63,11;100,00;65,00;100,00;-;K;-;DB1 7.905  Zugschlussstelle, Fallend, Signal, Fa=3.00s, SvL; Ref(22149)=<DB1|7,905/+0|ZSS||1>  Ende(22149)=<DB1|7,905/+0|ZSS||1> ;DB1;DB 1;0/00:14:08;-;140,00;1,0000;1,030;-;-;54,0;118,0;ETCS L1;False;False;0;-; 0,0; 0,0; 0,0;DB1: Strecke 2 - Gleis 2 - Strecke 1;0,000000;43527,0;  0,0;3958,3;  0,0;1,030;1,00;1,00;"80 0622-19.0;";0;ETCS fallend;3521;;False;ETCS fallend;False;00:45:22;00:45:22;-;-;False;-;Weiche 01W2 A - Betriebsstellengrenze 3521-0 (3521);2722;2722
22120;ETCS fallend;0/00:45:23;0/00:45:23;00:45;00:45;00:45;00:45;-;65,00;63,11;100,00;65,00;100,00;-;K;-;ETCS-Stützstelle;;DB1;DB 1;0/00:14:10;-;140,00;1,0000;1,030;-;-;54,0;118,0;ETCS L1;False;False;0;-; 0,0; 0,0; 0,0;DB1: Strecke 2 - Gleis 2 - Strecke 1;0,000000;43527,0;  0,0;3958,3;  0,0;1,030;1,00;1,00;"80 0622-19.0;";0;ETCS fallend;;;False;ETCS fallend;False;00:45:23;00:45:23;-;-;False;-;-;2723;2723
22120;ETCS fallend;0/00:45:23;0/00:45:23;00:45;00:45;00:45;00:45;-;65,00;63,11;100,00;65,00;100,00;-;K;-;DB1 7.880 01W2 Weiche, lt=25m, Anfang <7.880 01W2 Weiche, Stamm/7.880 01W2 Weiche, Abzweig rechts>; Ref(22760)=<DB1|7,240/+0|HP|Gl 2 f|1>|1  Anfang(22760)=<DB1|7,240/+0|HP|Gl 2 f|1>|1  Ende(22165)=<DB1|7,835/+0|ZSS||1> ;DB1;DB 1;0/00:14:10;-;140,00;1,0000;1,030;-;-;54,0;118,0;ETCS L1;False;False;0;-; 0,0; 0,0; 0,0;DB1: Strecke 2 - Gleis 2 - Strecke 1;0,000000;43527,0;  0,0;3958,3;  0,0;1,030;1,00;1,00;"80 0622-19.0;";0;ETCS fallend;3521;;True;ETCS fallend;False;00:45:23;00:45:23;-;-;False;-;Weiche 01W2 A - Betriebsstellengrenze 3521-0 (3521);2723;2723
22120;ETCS fallend;0/00:45:23;0/00:45:23;00:45;00:45;00:45;00:45;-;65,00;63,11;100,00;65,00;100,00;-;K;-;;;DB1;DB 1;0/00:14:10;-;140,00;1,0000;1,030;-;-;54,0;118,0;ETCS L1;False;False;0;-; 0,0; 0,0; 0,0;DB1: Strecke 2 - Gleis 2 - Strecke 1;0,000000;43527,0;  0,0;3958,3;  0,0;1,030;1,00;1,00;"80 0622-19.0;";0;ETCS fallend;;;False;ETCS fallend;False;00:45:23;00:45:23;-;-;False;-;-;2723;2723
22120;ETCS fallend;0/00:45:23;0/00:45:23;00:45;00:45;00:45;00:45;-;65,00;63,11;100,00;65,00;100,00;-;K;-;DB1 7.880 01W2 Weiche, lt=25m, Abzweig rechts <7.880 01W2 Weiche, Anfang>; Ref(22760)=<DB1|7,240/+0|HP|Gl 2 f|1>|1  Anfang(22760)=<DB1|7,240/+0|HP|Gl 2 f|1>|1  Ende(22165)=<DB1|7,835/+0|ZSS||1> ;DB1;DB 1;0/00:14:10;-;140,00;1,0000;1,030;-;-;54,0;118,0;ETCS L1;False;False;0;-; 0,0; 0,0; 0,0;DB1: Strecke 2 - Gleis 2 - Strecke 1;0,000000;43527,0;  0,0;3958,3;  0,0;1,030;1,00;1,00;"80 0622-19.0;";0;ETCS fallend;3521;;True;ETCS fallend;False;00:45:23;00:45:23;-;-;False;-;Weiche 01W1 B - Weiche 01W2 B (3521);2723;2723
22120;ETCS fallend;0/00:45:23;0/00:45:23;00:45;00:45;00:45;00:45;-;65,00;63,11;65,00;65,00;65,00;-;K;-;DB1 7.880  Geschwindigkeit Zulässig, Fallend, v=65km/h, Wirkung ab Weiche, ETCS L1 FS;;DB1;DB 1;0/00:14:10;-;140,00;1,0000;1,030;-;-;54,0;118,0;ETCS L1;False;False;0;-; 0,0; 0,0; 0,0;DB1: Strecke 2 - Gleis 2 - Strecke 1;0,000000;43527,0;  0,0;3958,3;  0,0;1,030;1,00;1,00;"80 0622-19.0;";0;ETCS fallend;3521;;True;ETCS fallend;False;00:45:23;00:45:23;-;-;False;-;Weiche 01W1 B - Weiche 01W2 B (3521);2723;2723
22145;ETCS fallend;0/00:45:25;0/00:45:25;00:45;00:45;00:45;00:45;-;65,00;63,11;65,00;-;65,00;-;K;-;ETCS-Stützstelle;;DB1;DB 1;0/00:14:11;-;140,00;1,0000;1,030;-;-;54,0;118,0;ETCS L1;False;False;0;-; 0,0; 0,0; 0,0;DB1: Strecke 2 - Gleis 2 - Strecke 1;0,000000;43527,0;  0,0;3958,3;  0,0;1,030;1,00;1,00;"80 0622-19.0;";0;ETCS fallend;;;False;ETCS fallend;False;00:45:25;00:45:25;-;-;False;-;-;2725;2725
22149;ETCS fallend;0/00:45:25;0/00:45:25;00:45;00:45;00:45;00:45;-;65,00;63,11;65,00;-;65,00;-;K;-;DB1 7.905  Zugschlussstelle, Fallend, Signal, Fa=3.00s, SvL; Ref(22095)=<DB1|7,905/+0|ZSS||1>  Ende(22149)=<DB1|7,905/+0|ZSS||1> ;DB1;DB 1;0/00:14:11;-;140,00;1,0000;1,030;-;-;54,0;118,0;ETCS L1;False;False;54;-; 0,0; 0,0; 0,0;DB1: Strecke 2 - Gleis 2 - Strecke 1;0,000000;43527,0;  0,0;3958,3;  0,0;1,030;1,00;1,00;"80 0622-19.0;";0;ETCS fallend;3521;;True;ETCS fallend;False;00:45:25;00:45:25;-;-;False;-;Weiche 01W2 A - Betriebsstellengrenze 3521-0 (3521);2725;2725
22165;ETCS fallend;0/00:45:26;0/00:45:26;00:45;00:45;00:45;00:45;-;65,00;63,11;65,00;-;65,00;-;K;-;DB1 7.835  Zugschlussstelle, Fallend, Fahrstraße, Fa=3.00s, SvL; Ref(22219)=<DB1|7,835/+0|ZSS||1>  Ende(22219)=<DB1|7,835/+0|ZSS||1> ;DB1;DB 1;0/00:14:12;-;140,00;1,0000;1,030;-;-;54,0;118,0;ETCS L1;False;False;0;-; 0,0; 0,0; 0,0;DB1: Strecke 2 - Gleis 2 - Strecke 1;0,000000;43527,0;  0,0;3958,3;  0,0;1,030;1,00;1,00;"80 0622-19.0;";0;ETCS fallend;3521;;False;ETCS fallend;False;00:45:26;00:45:26;-;-;False;-;Weiche 01W1 B - Weiche 01W2 B (3521);2726;2726
22190;ETCS fallend;0/00:45:27;0/00:45:27;00:45;00:45;00:45;00:45;-;65,00;63,11;65,00;-;65,00;-;K;-;ETCS-Stützstelle;;DB1;DB 1;0/00:14:14;-;140,00;1,0000;1,030;-;-;54,0;118,0;ETCS L1;False;False;0;-; 0,0; 0,0; 0,0;DB1: Strecke 2 - Gleis 2 - Strecke 1;0,000000;43527,0;  0,0;3958,3;  0,0;1,030;1,00;1,00;"80 0622-19.0;";0;ETCS fallend;;;False;ETCS fallend;False;00:45:27;00:45:27;-;-;False;-;-;2727;2727
22215;ETCS fallend;0/00:45:29;0/00:45:29;00:45;00:45;00:45;00:45;-;65,00;63,11;65,00;-;65,00;-;K;-;ETCS-Stützstelle;;DB1;DB 1;0/00:14:15;-;140,00;1,0000;1,030;-;-;54,0;118,0;ETCS L1;False;False;0;-; 0,0; 0,0; 0,0;DB1: Strecke 2 - Gleis 2 - Strecke 1;0,000000;43527,0;  0,0;3958,3;  0,0;1,030;1,00;1,00;"80 0622-19.0;";0;ETCS fallend;;;False;ETCS fallend;False;00:45:29;00:45:29;-;-;False;-;-;2729;2729
22219;ETCS fallend;0/00:45:29;0/00:45:29;00:45;00:45;00:45;00:45;-;65,00;63,11;65,00;-;65,00;-;K;-;DB1 7.835  Zugschlussstelle, Fallend, Fahrstraße, Fa=3.00s, SvL; Ref(22165)=<DB1|7,835/+0|ZSS||1>  Ende(22219)=<DB1|7,835/+0|ZSS||1> ;DB1;DB 1;0/00:14:15;-;140,00;1,0000;1,030;-;-;54,0;118,0;ETCS L1;False;False;54;-; 0,0; 0,0; 0,0;DB1: Strecke 2 - Gleis 2 - Strecke 1;0,000000;43527,0;  0,0;3958,3;  0,0;1,030;1,00;1,00;"80 0622-19.0;";0;ETCS fallend;3521;;True;ETCS fallend;False;00:45:29;00:45:29;-;-;False;-;Weiche 01W1 B - Weiche 01W2 B (3521);2729;2729
22244;ETCS fallend;0/00:45:30;0/00:45:30;00:46;00:46;00:46;00:46;-;65,00;63,11;65,00;-;65,00;-;K;-;ETCS-Stützstelle;;DB1;DB 1;0/00:14:17;-;140,00;1,0000;1,030;-;-;54,0;118,0;ETCS L1;False;False;54;-; 0,0; 0,0; 0,0;DB1: Strecke 2 - Gleis 2 - Strecke 1;0,000000;43527,0;  0,0;3958,3;  0,0;1,030;1,00;1,00;"80 0622-19.0;";0;ETCS fallend;;;False;ETCS fallend;False;00:45:30;00:45:30;-;-;False;-;-;2730;2730
22269;ETCS fallend;0/00:45:32;0/00:45:32;00:46;00:46;00:46;00:46;-;65,00;63,11;65,00;-;65,00;-;K;-;ETCS-Stützstelle;;DB1;DB 1;0/00:14:18;-;140,00;1,0000;1,030;-;-;54,0;118,0;ETCS L1;False;False;54;-; 0,0; 0,0; 0,0;DB1: Strecke 2 - Gleis 2 - Strecke 1;0,000000;43527,0;  0,0;3958,3;  0,0;1,030;1,00;1,00;"80 0622-19.0;";0;ETCS fallend;;;False;ETCS fallend;False;00:45:32;00:45:32;-;-;False;-;-;2732;2732
22294;ETCS fallend;0/00:45:33;0/00:45:33;00:46;00:46;00:46;00:46;-;65,00;63,11;65,00;-;65,00;-;K;-;ETCS-Stützstelle;;DB1;DB 1;0/00:14:19;-;140,00;1,0000;1,030;-;-;54,0;118,0;ETCS L1;False;False;54;-; 0,0; 0,0; 0,0;DB1: Strecke 2 - Gleis 2 - Strecke 1;0,000000;43527,0;  0,0;3958,3;  0,0;1,030;1,00;1,00;"80 0622-19.0;";0;ETCS fallend;;;False;ETCS fallend;False;00:45:33;00:45:33;-;-;False;-;-;2733;2733
22319;ETCS fallend;0/00:45:35;0/00:45:35;00:46;00:46;00:46;00:46;-;65,00;63,11;65,00;-;65,00;-;K;-;ETCS-Stützstelle;;DB1;DB 1;0/00:14:21;-;140,00;1,0000;1,030;-;-;54,0;118,0;ETCS L1;False;False;54;-; 0,0; 0,0; 0,0;DB1: Strecke 2 - Gleis 2 - Strecke 1;0,000000;43527,0;  0,0;3958,3;  0,0;1,030;1,00;1,00;"80 0622-19.0;";0;ETCS fallend;;;False;ETCS fallend;False;00:45:35;00:45:35;-;-;False;-;-;2735;2735
22344;ETCS fallend;0/00:45:36;0/00:45:36;00:46;00:46;00:46;00:46;-;65,00;63,11;65,00;-;65,00;-;K;-;ETCS-Stützstelle;;DB1;DB 1;0/00:14:22;-;140,00;1,0000;1,030;-;-;54,0;118,0;ETCS L1;False;False;54;-; 0,0; 0,0; 0,0;DB1: Strecke 2 - Gleis 2 - Strecke 1;0,000000;43527,0;  0,0;3958,3;  0,0;1,030;1,00;1,00;"80 0622-19.0;";0;ETCS fallend;;;False;ETCS fallend;False;00:45:36;00:45:36;-;-;False;-;-;2736;2736
22369;ETCS fallend;0/00:45:38;0/00:45:38;00:46;00:46;00:46;00:46;-;65,00;63,11;65,00;-;65,00;-;K;-;ETCS-Stützstelle;;DB1;DB 1;0/00:14:24;-;140,00;1,0000;1,030;-;-;54,0;118,0;ETCS L1;False;False;54;-; 0,0; 0,0; 0,0;DB1: Strecke 2 - Gleis 2 - Strecke 1;0,000000;43527,0;  0,0;3958,3;  0,0;1,030;1,00;1,00;"80 0622-19.0;";0;ETCS fallend;;;False;ETCS fallend;False;00:45:38;00:45:38;-;-;False;-;-;2738;2738
22394;ETCS fallend;0/00:45:39;0/00:45:39;00:46;00:46;00:46;00:46;-;65,00;63,11;65,00;-;65,00;-;K;-;ETCS-Stützstelle;;DB1;DB 1;0/00:14:25;-;140,00;1,0000;1,030;-;-;54,0;118,0;ETCS L1;False;False;54;-; 0,0; 0,0; 0,0;DB1: Strecke 2 - Gleis 2 - Strecke 1;0,000000;43527,0;  0,0;3958,3;  0,0;1,030;1,00;1,00;"80 0622-19.0;";0;ETCS fallend;;;False;ETCS fallend;False;00:45:39;00:45:39;-;-;False;-;-;2739;2739
22419;ETCS fallend;0/00:45:40;0/00:45:40;00:46;00:46;00:46;00:46;-;65,00;63,11;65,00;-;65,00;-;K;-;ETCS-Stützstelle;;DB1;DB 1;0/00:14:26;-;140,00;1,0000;1,030;-;-;54,0;118,0;ETCS L1;False;False;54;-; 0,0; 0,0; 0,0;DB1: Strecke 2 - Gleis 2 - Strecke 1;0,000000;43527,0;  0,0;3958,3;  0,0;1,030;1,00;1,00;"80 0622-19.0;";0;ETCS fallend;;;False;ETCS fallend;False;00:45:40;00:45:40;-;-;False;-;-;2740;2740
22442;ETCS fallend;0/00:45:42;0/00:45:42;00:46;00:46;00:46;00:46;-;65,00;63,11;65,00;-;65,00;-;K;-;DB1 7.558  Punktbeeinflussung, Fallend, ETCS L1 FS, kennung=1;;DB1;DB 1;0/00:14:28;-;140,00;1,0000;1,030;-;-;54,0;118,0;ETCS L1;False;False;0;-; 0,0; 0,0; 0,0;DB1: Strecke 2 - Gleis 2 - Strecke 1;0,000000;43527,0;  0,0;3958,3;  0,0;1,030;1,00;1,00;"80 0622-19.0;";0;ETCS fallend;3521;;True;ETCS fallend;False;00:45:42;00:45:42;-;-;False;-;Weiche 01W1 B - Weiche 01W2 B (3521);2742;2742
22467;ETCS fallend;0/00:45:43;0/00:45:43;00:46;00:46;00:46;00:46;-;65,00;63,11;65,00;-;65,00;-;K;-;ETCS-Stützstelle;;DB1;DB 1;0/00:14:29;-;140,00;1,0000;1,030;-;-;54,0;118,0;ETCS L1;False;False;0;-; 0,0; 0,0; 0,0;DB1: Strecke 2 - Gleis 2 - Strecke 1;0,000000;43527,0;  0,0;3958,3;  0,0;1,030;1,00;1,00;"80 0622-19.0;";0;ETCS fallend;;;False;ETCS fallend;False;00:45:43;00:45:43;-;-;False;-;-;2743;2743
22492;ETCS fallend;0/00:45:45;0/00:45:45;00:46;00:46;00:46;00:46;-;65,00;63,11;65,00;65,90;65,00;-;K;-;ETCS-Stützstelle;;DB1;DB 1;0/00:14:30;-;140,00;1,0000;1,030;-;-;54,0;118,0;ETCS L1;False;False;0;-; 0,0; 0,0; 0,0;DB1: Strecke 2 - Gleis 2 - Strecke 1;0,000000;43527,0;  0,0;3958,3;  0,0;1,030;1,00;1,00;"80 0622-19.0;";0;ETCS fallend;;;False;ETCS fallend;False;00:45:45;00:45:45;-;-;False;-;-;2745;2745
22500;ETCS fallend;0/00:45:45;0/00:45:45;00:46;00:46;00:46;00:46;-;65,00;63,11;65,00;66,30;65,00;-;K;-;DB1 7.500 Gleis 2 Fahrzeitmesspunkt, Beide Richtungen, BS-Mitte;;DB1;DB 1;0/00:14:31;-;140,00;1,0000;1,030;-;-;54,0;118,0;ETCS L1;False;False;0;-; 0,0; 0,0; 0,0;DB1: Strecke 2 - Gleis 2 - Strecke 1;-0,515000;43527,0;  0,0;3958,3;  0,0;1,030;1,00;1,00;"80 0622-19.0;";0;ETCS fallend;3521;;True;ETCS fallend;False;00:45:45;00:45:45;-;-;False;-;Weiche 01W1 B - Weiche 01W2 B (3521);2745;2745
22500;ETCS fallend;0/00:45:45;0/00:45:45;00:46;00:46;00:46;00:46;-;65,00;63,11;65,00;66,30;65,00;-;B;-;;;DB1;DB 1;0/00:14:31;-;140,00;1,0000;1,030;-;-;54,0;118,0;ETCS L1;False;False;0;-; 0,0; 0,0; 0,0;DB1: Strecke 2 - Gleis 2 - Strecke 1;-0,515000;43527,0;  0,0;3958,3;  0,0;1,030;1,00;1,00;"80 0622-19.0;";0;ETCS fallend;;;False;ETCS fallend;False;00:45:45;00:45:45;-;-;False;-;-;2745;2745
22525;ETCS fallend;0/00:45:46;0/00:45:46;00:46;00:46;00:46;00:46;-;62,38;60,56;65,00;62,50;65,00;-;B;-;ETCS-Stützstelle;;DB1;DB 1;0/00:14:32;-;140,00;1,0000;1,030;-;-;54,0;118,0;ETCS L1;False;False;0;-; 0,0; 0,0; 0,0;DB1: Strecke 2 - Gleis 2 - Strecke 1;-0,700000;54053,0;  0,0;3821,0;  0,0;1,030;1,00;1,00;"80 0622-19.0;";0;ETCS fallend;;;False;ETCS fallend;False;00:45:46;00:45:46;-;-;False;-;-;2746;2746
22550;ETCS fallend;0/00:45:48;0/00:45:48;00:46;00:46;00:46;00:46;-;58,63;56,92;65,00;58,70;65,00;-;B;-;ETCS-Stützstelle;;DB1;DB 1;0/00:14:34;-;140,00;1,0000;1,030;-;-;54,0;118,0;ETCS L1;False;False;0;-; 0,0; 0,0; 0,0;DB1: Strecke 2 - Gleis 2 - Strecke 1;-0,699000;54053,0;  0,0;3632,2;  0,0;1,030;1,00;1,00;"80 0622-19.0;";0;ETCS fallend;;;False;ETCS fallend;False;00:45:48;00:45:48;-;-;False;-;-;2748;2748
22575;ETCS fallend;0/00:45:50;0/00:45:50;00:46;00:46;00:46;00:46;-;54,60;53,01;65,00;54,60;65,00;-;B;-;ETCS-Stützstelle;;DB1;DB 1;0/00:14:35;-;140,00;1,0000;1,030;-;-;54,0;118,0;ETCS L1;False;False;0;-; 0,0; 0,0; 0,0;DB1: Strecke 2 - Gleis 2 - Strecke 1;-0,675000;54053,0;  0,0;3439,7;  0,0;1,030;1,00;1,00;"80 0622-19.0;";0;ETCS fallend;;;False;ETCS fallend;False;00:45:50;00:45:50;-;-;False;-;-;2750;2750
22600;ETCS fallend;0/00:45:51;0/00:45:51;00:46;00:46;00:46;00:46;-;50,47;49,00;65,00;50,50;65,00;-;B;-;ETCS-Stützstelle;;DB1;DB 1;0/00:14:37;-;140,00;1,0000;1,030;-;-;54,0;118,0;ETCS L1;False;False;0;-; 0,0; 0,0; 0,0;DB1: Strecke 2 - Gleis 2 - Strecke 1;-0,668000;54053,0;  0,0;3253,5;  0,0;1,030;1,00;1,00;"80 0622-19.0;";0;ETCS fallend;;;False;ETCS fallend;False;00:45:51;00:45:51;-;-;False;-;-;2751;2751
22625;ETCS fallend;0/00:45:53;0/00:45:53;00:46;00:46;00:46;00:46;-;45,98;44,64;65,00;46,00;65,00;-;B;-;ETCS-Stützstelle;;DB1;DB 1;0/00:14:39;-;140,00;1,0000;1,030;-;-;54,0;118,0;ETCS L1;False;False;0;-; 0,0; 0,0; 0,0;DB1: Strecke 2 - Gleis 2 - Strecke 1;-0,629000;54053,0;  0,0;3063,8;  0,0;1,030;1,00;1,00;"80 0622-19.0;";0;ETCS fallend;;;False;ETCS fallend;False;00:45:53;00:45:53;-;-;False;-;-;2753;2753
22650;ETCS fallend;0/00:45:55;0/00:45:55;00:46;00:46;00:46;00:46;-;41,30;40,10;65,00;41,30;65,00;-;B;-;ETCS-Stützstelle;;DB1;DB 1;0/00:14:41;-;140,00;1,0000;1,030;-;-;54,0;118,0;ETCS L1;False;False;0;-; 0,0; 0,0; 0,0;DB1: Strecke 2 - Gleis 2 - Strecke 1;-0,600000;78564,4;  0,0;2880,3;  0,0;1,030;1,00;1,00;"80 0622-19.0;";0;ETCS fallend;;;False;ETCS fallend;False;00:45:55;00:45:55;-;-;False;-;-;2755;2755
22675;ETCS fallend;0/00:45:58;0/00:45:58;00:46;00:46;00:46;00:46;-;36,30;35,24;65,00;36,50;65,00;-;B;-;ETCS-Stützstelle;;DB1;DB 1;0/00:14:43;-;140,00;1,0000;1,030;-;-;54,0;118,0;ETCS L1;False;False;0;-; 0,0; 0,0; 0,0;DB1: Strecke 2 - Gleis 2 - Strecke 1;-0,700000;82216,0;  0,0;2700,1;  0,0;1,030;1,00;1,00;"80 0622-19.0;";0;ETCS fallend;;;False;ETCS fallend;False;00:45:58;00:45:58;-;-;False;-;-;2758;2758
22700;ETCS fallend;0/00:46:01;0/00:46:01;00:46;00:46;00:46;00:46;-;29,39;28,53;65,00;29,40;65,00;-;B;-;ETCS-Stützstelle;;DB1;DB 1;0/00:14:46;-;140,00;1,0000;1,030;-;-;54,0;118,0;ETCS L1;False;False;0;-; 0,0; 0,0; 0,0;DB1: Strecke 2 - Gleis 2 - Strecke 1;-0,635000;81524,9;  0,0;2478,3;  0,0;1,030;1,00;1,00;"80 0622-19.0;";0;ETCS fallend;;;False;ETCS fallend;False;00:46:01;00:46:01;-;-;False;-;-;2761;2761
22725;ETCS fallend;0/00:46:04;0/00:46:04;00:46;00:46;00:46;00:46;-;21,27;20,65;65,00;21,30;65,00;-;B;-;ETCS-Stützstelle;;DB1;DB 1;0/00:14:50;-;140,00;1,0000;1,030;-;-;54,0;118,0;ETCS L1;False;False;0;-; 0,0; 0,0; 0,0;DB1: Strecke 2 - Gleis 2 - Strecke 1;-0,418000;95007,5;  0,0;2257,8;  0,0;1,030;1,00;1,00;"80 0622-19.0;";0;ETCS fallend;;;False;ETCS fallend;False;00:46:04;00:46:04;-;-;False;-;-;2764;2764
22750;ETCS fallend;0/00:46:10;0/00:46:10;00:46;00:46;00:46;00:46;-;13,47;13,08;65,00;20,00;65,00;-;K;-;ETCS-Stützstelle;;DB1;DB 1;0/00:14:55;-;140,00;1,0000;1,030;-;-;54,0;118,0;ETCS L1;False;False;0;-; 0,0; 0,0; 0,0;DB1: Strecke 2 - Gleis 2 - Strecke 1;-0,700000;104667,9;  0,0;2086,9;  0,0;1,030;1,00;1,00;"80 0622-19.0;";0;ETCS fallend;;;False;ETCS fallend;False;00:46:10;00:46:10;-;-;False;-;-;2770;2770
22760;ETCS fallend;0/00:46:15;0/00:46:15;00:46;00:46;00:46;00:46;-; 0,00; 0,00;65,00;20,00;65,00;-;K;-;ETCS-Stützstelle;;DB1;DB 1;0/00:15:00;-;140,00;1,0000;1,030;-;-;54,0;118,0;ETCS L1;False;False;0;-; 0,0; 0,0; 0,0;DB1: Strecke 2 - Gleis 2 - Strecke 1;0,992000;124906,0;  0,0;1886,2;  0,0;1,030;1,00;1,00;"80 0622-19.0;";0;ETCS fallend;;;False;ETCS fallend;False;00:46:15;00:46:15;-;-;False;-;-;2775;2775
22760;ETCS fallend;0/00:48:45;0/00:46:15;00:49;00:46;00:48;00:47;00:02:30/00:01:00; 0,00; 0,00;65,00;20,00;65,00;-;HVerk;-;DB1 7.240 Gl 2 f Halteplatz, Fallend, Personenzug, l=520.0m, Rechts, sEoA=0m, sSVL=0m, rs=-1km/h; Ref(22765)=<DB1|7,235/+0|HS|01P2|1>  Anfang(22025)=<DB1|7,975/+0|HS|01F|1>  Ende(22835)=<DB1|7,165/+0|ZSS||1> ;DB1;DB 1;0/00:15:00;00:48:45;140,00;1,0000;1,030;-;-;54,0;118,0;ETCS L1;False;False;0;-; 0,0; 0,0; 0,0;DB1: Strecke 2 - Gleis 2 - Strecke 1;0,992000;124906,0;  0,0;1886,2;  0,0;1,030;1,00;1,00;"80 0622-19.0;";0;ETCS fallend;3521;Gl 2 f;True;ETCS fallend;False;00:46:15;00:48:45;2,50;1,00;False;-;Weiche 01W1 B - Weiche 01W2 B (3521);2925;2775
22760;ETCS fallend;0/00:48:45;0/00:48:45;00:49;00:49;00:49;00:49;-; 4,00; 3,88;65,00;20,00;65,00;-;V;-;;;DB1;DB 1;0/00:15:00;-;140,00;1,0000;1,030;-;-;54,0;118,0;ETCS L1;False;False;0;-; 0,0; 0,0; 0,0;DB1: Strecke 2 - Gleis 2 - Strecke 1;0,941000;118746,0;  0,0;1933,3;  0,0;1,030;1,00;1,00;"80 0622-19.0;";0;ETCS fallend;;;False;ETCS fallend;False;00:48:45;00:48:45;-;-;False;-;-;2925;2925
22760;ETCS fallend;0/00:48:45;0/00:48:45;00:49;00:49;00:49;00:49;-; 2,00; 1,94;65,00;20,00;65,00;-;V;-;;;DB1;DB 1;0/00:15:00;-;140,00;1,0000;1,030;-;-;54,0;118,0;ETCS L1;False;False;0;-; 0,0; 0,0; 0,0;DB1: Strecke 2 - Gleis 2 - Strecke 1;0,967000;121872,0;  0,0;1908,5;  0,0;1,030;1,00;1,00;"80 0622-19.0;";0;ETCS fallend;;;False;ETCS fallend;False;00:48:45;00:48:45;-;-;False;-;-;2925;2925
22761;ETCS fallend;0/00:48:46;0/00:48:46;00:49;00:49;00:49;00:49;-; 6,00; 5,83;65,00;20,00;65,00;-;V;-;;;DB1;DB 1;0/00:15:01;-;140,00;1,0000;1,030;-;-;54,0;118,0;ETCS L1;False;False;0;-; 0,0; 0,0; 0,0;DB1: Strecke 2 - Gleis 2 - Strecke 1;0,916000;115565,0;  0,0;1960,8;  0,0;1,030;1,00;1,00;"80 0622-19.0;";0;ETCS fallend;;;False;ETCS fallend;False;00:48:46;00:48:46;-;-;False;-;-;2926;2926
22762;ETCS fallend;0/00:48:47;0/00:48:47;00:49;00:49;00:49;00:49;-; 8,00; 7,77;65,00;20,00;65,00;-;V;-;;;DB1;DB 1;0/00:15:02;-;140,00;1,0000;1,030;-;-;54,0;118,0;ETCS L1;False;False;0;-; 0,0; 0,0; 0,0;DB1: Strecke 2 - Gleis 2 - Strecke 1;0,893000;112623,0;  0,0;1991,0;  0,0;1,030;1,00;1,00;"80 0622-19.0;";0;ETCS fallend;;;False;ETCS fallend;False;00:48:47;00:48:47;-;-;False;-;-;2927;2927
22764;ETCS fallend;0/00:48:47;0/00:48:47;00:49;00:49;00:49;00:49;-;10,00; 9,71;65,00;20,00;65,00;-;V;-;;;DB1;DB 1;0/00:15:02;-;140,00;1,0000;1,030;-;-;54,0;118,0;ETCS L1;False;False;0;-; 0,0; 0,0; 0,0;DB1: Strecke 2 - Gleis 2 - Strecke 1;0,869000;110005,0;  0,0;2023,8;  0,0;1,030;1,00;1,00;"80 0622-19.0;";0;ETCS fallend;;;False;ETCS fallend;False;00:48:47;00:48:47;-;-;False;-;-;2927;2927
22765;ETCS fallend;0/00:48:48;0/00:48:48;00:49;00:49;00:49;00:49;-;11,07;10,75;65,00;20,00;65,00;-;V;-;ETCS-Stützstelle;;DB1;DB 1;0/00:15:03;-;140,00;1,0000;1,030;-;-;54,0;118,0;ETCS L1;False;False;0;-; 0,0; 0,0; 0,0;DB1: Strecke 2 - Gleis 2 - Strecke 1;0,862000;108334,9;  0,0;2042,4;  0,0;1,030;1,00;1,00;"80 0622-19.0;";0;ETCS fallend;;;False;ETCS fallend;False;00:48:48;00:48:48;-;-;False;-;-;2928;2928
22765;ETCS fallend;0/00:48:48;0/00:48:48;00:49;00:49;00:49;00:49;-;11,07;10,75;65,00;20,00;65,00;-;V;-;DB1 7.235 01P2 Hauptsignal, Fallend, DFa=3s, rs=20km/h, appr.=0km/h; Ref(22760)=<DB1|7,240/+0|HP|Gl 2 f|1>|1  Anfang(22025)=<DB1|7,975/+0|HS|01F|1>  Ende(22835)=<DB1|7,165/+0|ZSS||1> ;DB1;DB 1;0/00:15:03;-;140,00;1,0000;1,030;-;-;54,0;118,0;ETCS L1;False;False;0;-; 0,0; 0,0; 0,0;DB1: Strecke 2 - Gleis 2 - Strecke 1;0,862000;108334,9;  0,0;2042,4;  0,0;1,030;1,00;1,00;"80 0622-19.0;";0;ETCS fallend;3521;;True;ETCS fallend;False;00:48:48;00:48:48;-;-;False;-;Weiche 01W1 B - Weiche 01W2 B (3521);2928;2928
22765;ETCS fallend;0/00:48:48;0/00:48:48;00:49;00:49;00:49;00:49;-;11,07;10,75;65,00;20,00;65,00;-;V;-;DB1 7.235  Geschwindigkeit Zulässig, Fallend, v=65km/h, Wirkung ab hier, ETCS L1 FS;;DB1;DB 1;0/00:15:03;-;140,00;1,0000;1,030;-;-;54,0;118,0;ETCS L1;False;False;0;-; 0,0; 0,0; 0,0;DB1: Strecke 2 - Gleis 2 - Strecke 1;0,862000;108334,9;  0,0;2042,4;  0,0;1,030;1,00;1,00;"80 0622-19.0;";0;ETCS fallend;3521;;True;ETCS fallend;False;00:48:48;00:48:48;-;-;False;-;Weiche 01W1 B - Weiche 01W2 B (3521);2928;2928
22766;ETCS fallend;0/00:48:48;0/00:48:48;00:49;00:49;00:49;00:49;-;12,00;11,65;65,00;-;65,00;-;V;-;;;DB1;DB 1;0/00:15:03;-;140,00;1,0000;1,030;-;-;54,0;118,0;ETCS L1;False;False;0;-; 0,0; 0,0; 0,0;DB1: Strecke 2 - Gleis 2 - Strecke 1;0,844000;106887,0;  0,0;2059,2;  0,0;1,030;1,00;1,00;"80 0622-19.0;";0;ETCS fallend;;;False;ETCS fallend;False;00:48:48;00:48:48;-;-;False;-;-;2928;2928
22768;ETCS fallend;0/00:48:49;0/00:48:49;00:49;00:49;00:49;00:49;-;14,00;13,59;65,00;-;65,00;-;V;-;;;DB1;DB 1;0/00:15:04;-;140,00;1,0000;1,030;-;-;54,0;118,0;ETCS L1;False;False;0;-; 0,0; 0,0; 0,0;DB1: Strecke 2 - Gleis 2 - Strecke 1;0,822000;104004,0;  0,0;2097,2;  0,0;1,030;1,00;1,00;"80 0622-19.0;";0;ETCS fallend;;;False;ETCS fallend;False;00:48:49;00:48:49;-;-;False;-;-;2929;2929
22771;ETCS fallend;0/00:48:49;0/00:48:49;00:49;00:49;00:49;00:49;-;16,00;15,53;65,00;-;65,00;-;V;-;;;DB1;DB 1;0/00:15:04;-;140,00;1,0000;1,030;-;-;54,0;118,0;ETCS L1;False;False;0;-; 0,0; 0,0; 0,0;DB1: Strecke 2 - Gleis 2 - Strecke 1;0,801000;101492,0;  0,0;2137,9;  0,0;1,030;1,00;1,00;"80 0622-19.0;";0;ETCS fallend;;;False;ETCS fallend;False;00:48:49;00:48:49;-;-;False;-;-;2929;2929
22774;ETCS fallend;0/00:48:50;0/00:48:50;00:49;00:49;00:49;00:49;-;18,00;17,48;65,00;-;65,00;-;V;-;;;DB1;DB 1;0/00:15:05;-;140,00;1,0000;1,030;-;-;54,0;118,0;ETCS L1;False;False;0;-; 0,0; 0,0; 0,0;DB1: Strecke 2 - Gleis 2 - Strecke 1;0,779000;99000,0;  0,0;2181,3;  0,0;1,030;1,00;1,00;"80 0622-19.0;";0;ETCS fallend;;;False;ETCS fallend;False;00:48:50;00:48:50;-;-;False;-;-;2930;2930
22778;ETCS fallend;0/00:48:51;0/00:48:51;00:49;00:49;00:49;00:49;-;20,00;19,42;65,00;-;65,00;-;K;-;;;DB1;DB 1;0/00:15:06;-;140,00;1,0000;1,030;-;-;54,0;118,0;ETCS L1;False;False;0;-; 0,0; 0,0; 0,0;DB1: Strecke 2 - Gleis 2 - Strecke 1;0,000000;96257,0;  0,0;2227,2;  0,0;1,030;1,00;1,00;"80 0622-19.0;";0;ETCS fallend;;;False;ETCS fallend;False;00:48:51;00:48:51;-;-;False;-;-;2931;2931
22790;ETCS fallend;0/00:48:53;0/00:48:53;00:49;00:49;00:49;00:49;-;20,00;19,42;65,00;-;65,00;-;K;-;ETCS-Stützstelle;;DB1;DB 1;0/00:15:08;-;140,00;1,0000;1,030;-;-;54,0;118,0;ETCS L1;False;False;0;-; 0,0; 0,0; 0,0;DB1: Strecke 2 - Gleis 2 - Strecke 1;0,760000;96257,0;  0,0;2227,2;  0,0;1,030;1,00;1,00;"80 0622-19.0;";0;ETCS fallend;;;False;ETCS fallend;False;00:48:53;00:48:53;-;-;False;-;-;2933;2933
22794;ETCS fallend;0/00:48:54;0/00:48:54;00:49;00:49;00:49;00:49;-;22,00;21,36;65,00;-;65,00;-;V;-;;;DB1;DB 1;0/00:15:09;-;140,00;1,0000;1,030;-;-;54,0;118,0;ETCS L1;False;False;0;-; 0,0; 0,0; 0,0;DB1: Strecke 2 - Gleis 2 - Strecke 1;0,743000;94279,0;  0,0;2275,8;  0,0;1,030;1,00;1,00;"80 0622-19.0;";0;ETCS fallend;;;False;ETCS fallend;False;00:48:54;00:48:54;-;-;False;-;-;2934;2934
22799;ETCS fallend;0/00:48:55;0/00:48:55;00:49;00:49;00:49;00:49;-;24,00;23,30;65,00;-;65,00;-;V;-;;;DB1;DB 1;0/00:15:09;-;140,00;1,0000;1,030;-;-;54,0;118,0;ETCS L1;False;False;0;-; 0,0; 0,0; 0,0;DB1: Strecke 2 - Gleis 2 - Strecke 1;0,726000;92188,0;  0,0;2327,1;  0,0;1,030;1,00;1,00;"80 0622-19.0;";0;ETCS fallend;;;False;ETCS fallend;False;00:48:55;00:48:55;-;-;False;-;-;2935;2935
22804;ETCS fallend;0/00:48:55;0/00:48:55;00:49;00:49;00:49;00:49;-;26,00;25,24;65,00;-;65,00;-;V;-;;;DB1;DB 1;0/00:15:10;-;140,00;1,0000;1,030;-;-;54,0;118,0;ETCS L1;False;False;0;-; 0,0; 0,0; 0,0;DB1: Strecke 2 - Gleis 2 - Strecke 1;0,709000;90363,0;  0,0;2380,9;  0,0;1,030;1,00;1,00;"80 0622-19.0;";0;ETCS fallend;;;False;ETCS fallend;False;00:48:55;00:48:55;-;-;False;-;-;2935;2935
22810;ETCS fallend;0/00:48:56;0/00:48:56;00:49;00:49;00:49;00:49;-;28,00;27,18;65,00;-;65,00;-;V;-;;;DB1;DB 1;0/00:15:11;-;140,00;1,0000;1,030;-;-;54,0;118,0;ETCS L1;False;False;0;-; 0,0; 0,0; 0,0;DB1: Strecke 2 - Gleis 2 - Strecke 1;0,675000;88026,0;  0,0;2437,4;  0,0;1,030;1,00;1,00;"80 0622-19.0;";0;ETCS fallend;;;False;ETCS fallend;False;00:48:56;00:48:56;-;-;False;-;-;2936;2936
22815;ETCS fallend;0/00:48:57;0/00:48:57;00:49;00:49;00:49;00:49;-;29,52;28,66;65,00;-;65,00;-;V;-;ETCS-Stützstelle;;DB1;DB 1;0/00:15:11;-;140,00;1,0000;1,030;-;-;54,0;118,0;ETCS L1;False;False;0;-; 0,0; 0,0; 0,0;DB1: Strecke 2 - Gleis 2 - Strecke 1;0,648000;81490,9;  0,0;2482,2;  0,0;1,030;1,00;1,00;"80 0622-19.0;";0;ETCS fallend;;;False;ETCS fallend;False;00:48:57;00:48:57;-;-;False;-;-;2937;2937
22817;ETCS fallend;0/00:48:57;0/00:48:57;00:49;00:49;00:49;00:49;-;30,00;29,13;65,00;-;65,00;-;V;-;;;DB1;DB 1;0/00:15:12;-;140,00;1,0000;1,030;-;-;54,0;118,0;ETCS L1;False;False;0;-; 0,0; 0,0; 0,0;DB1: Strecke 2 - Gleis 2 - Strecke 1;0,650000;82216,0;  0,0;2496,6;  0,0;1,030;1,00;1,00;"80 0622-19.0;";0;ETCS fallend;;;False;ETCS fallend;False;00:48:57;00:48:57;-;-;False;-;-;2937;2937
22835;ETCS fallend;0/00:48:59;0/00:48:59;00:49;00:49;00:49;00:49;-;34,69;33,68;65,00;-;65,00;-;V;-;DB1 7.165  Zugschlussstelle, Fallend, Signal, Fa=3.00s, SvL; Ref(22889)=<DB1|7,165/+0|ZSS||1>  Ende(22889)=<DB1|7,165/+0|ZSS||1> ;DB1;DB 1;0/00:15:14;-;140,00;1,0000;1,030;-;-;54,0;118,0;ETCS L1;False;False;0;-; 0,0; 0,0; 0,0;DB1: Strecke 2 - Gleis 2 - Strecke 1;0,649000;82216,0;  0,0;2645,6;  0,0;1,030;1,00;1,00;"80 0622-19.0;";0;ETCS fallend;3521;;False;ETCS fallend;False;00:48:59;00:48:59;-;-;False;-;Weiche 01W1 B - Weiche 01W2 B (3521);2939;2939
22857;ETCS fallend;0/00:49:01;0/00:49:01;00:49;00:49;00:49;00:49;-;39,69;38,53;65,00;-;65,00;-;V;-;;;DB1;DB 1;0/00:15:16;-;140,00;1,0000;1,030;-;-;54,0;118,0;ETCS L1;False;False;0;-; 0,0; 0,0; 0,0;DB1: Strecke 2 - Gleis 2 - Strecke 1;0,648000;82216,0;  0,0;2820,5;  0,0;1,030;1,00;1,00;"80 0622-19.0;";0;ETCS fallend;;;False;ETCS fallend;False;00:49:01;00:49:01;-;-;False;-;-;2941;2941
22860;ETCS fallend;0/00:49:02;0/00:49:02;00:49;00:49;00:49;00:49;-;40,32;39,15;65,00;-;65,00;-;V;-;ETCS-Stützstelle;;DB1;DB 1;0/00:15:16;-;140,00;1,0000;1,030;-;-;54,0;118,0;ETCS L1;False;False;0;-; 0,0; 0,0; 0,0;DB1: Strecke 2 - Gleis 2 - Strecke 1;0,648000;82216,0;  0,0;2843,7;  0,0;1,030;1,00;1,00;"80 0622-19.0;";0;ETCS fallend;;;False;ETCS fallend;False;00:49:02;00:49:02;-;-;False;-;-;2942;2942
22863;ETCS fallend;0/00:49:02;0/00:49:02;00:49;00:49;00:49;00:49;-;41,00;39,81;65,00;-;65,00;-;V;-;;;DB1;DB 1;0/00:15:16;-;140,00;1,0000;1,030;-;-;54,0;118,0;ETCS L1;False;False;0;-; 0,0; 0,0; 0,0;DB1: Strecke 2 - Gleis 2 - Strecke 1;0,548000;82216,0;  0,0;2869,0;  0,0;1,030;1,00;1,00;"80 0622-19.0;";0;ETCS fallend;;;False;ETCS fallend;False;00:49:02;00:49:02;-;-;False;-;-;2942;2942
22875;ETCS fallend;0/00:49:03;0/00:49:03;00:49;00:49;00:49;00:49;-;43,00;41,75;65,00;-;65,00;-;V;-;;;DB1;DB 1;0/00:15:17;-;140,00;1,0000;1,030;-;-;54,0;118,0;ETCS L1;False;False;0;-; 0,0; 0,0; 0,0;DB1: Strecke 2 - Gleis 2 - Strecke 1;0,433000;57872,0;  0,0;2945,3;  0,0;1,030;1,00;1,00;"80 0622-19.0;";0;ETCS fallend;;;False;ETCS fallend;False;00:49:03;00:49:03;-;-;False;-;-;2943;2943
22880;ETCS fallend;0/00:49:03;0/00:49:03;00:49;00:49;00:49;00:49;-;43,65;42,38;65,00;-;65,00;-;V;-;ETCS-Stützstelle;;DB1;DB 1;0/00:15:18;-;140,00;1,0000;1,030;-;-;54,0;118,0;ETCS L1;False;False;0;-; 0,0; 0,0; 0,0;DB1: Strecke 2 - Gleis 2 - Strecke 1;0,423000;55390,1;  0,0;2970,6;  0,0;1,030;1,00;1,00;"80 0622-19.0;";0;ETCS fallend;;;False;ETCS fallend;False;00:49:03;00:49:03;-;-;False;-;-;2943;2943
22880;ETCS fallend;0/00:49:03;0/00:49:03;00:49;00:49;00:49;00:49;-;43,65;42,38;65,00;-;65,00;-;V;-;DB1 7.120 01W1 Weiche, lt=25m, Abzweig links <7.120 01W1 Weiche, Anfang>; Ref(30054)=<S1|0,000/+0|GE|3521-0|2>  Anfang(30054)=<S1|0,000/+0|GE|3521-0|2>  Ende(22905)=<DB1|7,095/+0|ZSS||1> ;DB1;DB 1;0/00:15:18;-;140,00;1,0000;1,030;-;-;54,0;118,0;ETCS L1;False;False;0;-; 0,0; 0,0; 0,0;DB1: Strecke 2 - Gleis 2 - Strecke 1;0,423000;55390,1;  0,0;2970,6;  0,0;1,030;1,00;1,00;"80 0622-19.0;";0;ETCS fallend;3521;;True;ETCS fallend;False;00:49:03;00:49:03;-;-;False;-;Weiche 01W1 B - Weiche 01W2 B (3521);2943;2943
22880;ETCS fallend;0/00:49:03;0/00:49:03;00:49;00:49;00:49;00:49;-;43,65;42,38;65,00;-;65,00;-;V;-;;;DB1;DB 1;0/00:15:18;-;140,00;1,0000;1,030;-;-;54,0;118,0;ETCS L1;False;False;0;-; 0,0; 0,0; 0,0;DB1: Strecke 2 - Gleis 2 - Strecke 1;0,423000;55390,1;  0,0;2970,6;  0,0;1,030;1,00;1,00;"80 0622-19.0;";0;ETCS fallend;;;False;ETCS fallend;False;00:49:03;00:49:03;-;-;False;-;-;2943;2943
22880;ETCS fallend;0/00:49:03;0/00:49:03;00:49;00:49;00:49;00:49;-;43,65;42,38;65,00;-;65,00;-;V;-;DB1 7.120 01W1 Weiche, lt=25m, Anfang <7.120 01W1 Weiche, Stamm/7.120 01W1 Weiche, Abzweig links>; Ref(30054)=<S1|0,000/+0|GE|3521-0|2>  Anfang(30054)=<S1|0,000/+0|GE|3521-0|2>  Ende(22905)=<DB1|7,095/+0|ZSS||1> ;DB1;DB 1;0/00:15:18;-;140,00;1,0000;1,030;-;-;54,0;118,0;ETCS L1;False;False;0;-; 0,0; 0,0; 0,0;DB1: Strecke 2 - Gleis 2 - Strecke 1;0,423000;55390,1;  0,0;2970,6;  0,0;1,030;1,00;1,00;"80 0622-19.0;";0;ETCS fallend;3521;;True;ETCS fallend;False;00:49:03;00:49:03;-;-;False;-;Betriebsstellengrenze 3521-0 - Weiche 01W1 A (3521);2943;2943
22883;ETCS fallend;0/00:49:04;0/00:49:04;00:49;00:49;00:49;00:49;-;44,00;42,72;65,00;-;65,00;-;V;-;;;DB1;DB 1;0/00:15:18;-;140,00;1,0000;1,030;-;-;54,0;118,0;ETCS L1;False;False;0;-; 0,0; 0,0; 0,0;DB1: Strecke 2 - Gleis 2 - Strecke 1;0,416000;54053,0;  0,0;2984,4;  0,0;1,030;1,00;1,00;"80 0622-19.0;";0;ETCS fallend;;;False;ETCS fallend;False;00:49:04;00:49:04;-;-;False;-;-;2944;2944
22889;ETCS fallend;0/00:49:04;0/00:49:04;00:49;00:49;00:49;00:49;-;44,73;43,43;65,00;-;65,00;-;V;-;DB1 7.165  Zugschlussstelle, Fallend, Signal, Fa=3.00s, SvL; Ref(22835)=<DB1|7,165/+0|ZSS||1>  Ende(22889)=<DB1|7,165/+0|ZSS||1> ;DB1;DB 1;0/00:15:19;-;140,00;1,0000;1,030;-;-;54,0;118,0;ETCS L1;False;False;54;-; 0,0; 0,0; 0,0;DB1: Strecke 2 - Gleis 2 - Strecke 1;0,416000;54053,0;  0,0;3013,4;  0,0;1,030;1,00;1,00;"80 0622-19.0;";0;ETCS fallend;3521;;True;ETCS fallend;False;00:49:04;00:49:04;-;-;False;-;Weiche 01W1 B - Weiche 01W2 B (3521);2944;2944
22905;ETCS fallend;0/00:49:05;0/00:49:05;00:49;00:49;00:49;00:49;-;46,62;45,26;65,00;-;65,00;-;V;-;DB1 7.095  Zugschlussstelle, Fallend, Fahrstraße, Fa=3.00s, SvL; Ref(22959)=<DB1|7,095/+0|ZSS||1>  Ende(22959)=<DB1|7,095/+0|ZSS||1> ;DB1;DB 1;0/00:15:20;-;140,00;1,0000;1,030;-;-;54,0;118,0;ETCS L1;False;False;0;-; 0,0; 0,0; 0,0;DB1: Strecke 2 - Gleis 2 - Strecke 1;0,415000;54053,0;  0,0;3090,1;  0,0;1,030;1,00;1,00;"80 0622-19.0;";0;ETCS fallend;3521;;False;ETCS fallend;False;00:49:05;00:49:05;-;-;False;-;Betriebsstellengrenze 3521-0 - Weiche 01W1 A (3521);2945;2945
22905;ETCS fallend;0/00:49:05;0/00:49:05;00:49;00:49;00:49;00:49;-;46,62;45,26;65,00;-;65,00;-;V;-;DB1 7.095  Geschwindigkeit Zulässig, Fallend, v=100km/h, Wirkung ab hier, Alle; Ref(22979)=<DB1|7,095/+0|VZ||1> ;DB1;DB 1;0/00:15:20;-;140,00;1,0000;1,030;-;-;54,0;118,0;ETCS L1;False;False;0;-; 0,0; 0,0; 0,0;DB1: Strecke 2 - Gleis 2 - Strecke 1;0,415000;54053,0;  0,0;3090,1;  0,0;1,030;1,00;1,00;"80 0622-19.0;";0;ETCS fallend;3521;;False;ETCS fallend;False;00:49:05;00:49:05;-;-;False;-;Betriebsstellengrenze 3521-0 - Weiche 01W1 A (3521);2945;2945
22930;ETCS fallend;0/00:49:07;0/00:49:07;00:49;00:49;00:49;00:49;-;49,42;47,98;65,00;-;65,00;-;V;-;ETCS-Stützstelle;;DB1;DB 1;0/00:15:22;-;140,00;1,0000;1,030;-;-;54,0;118,0;ETCS L1;False;False;0;-; 0,0; 0,0; 0,0;DB1: Strecke 2 - Gleis 2 - Strecke 1;0,414000;54053,0;  0,0;3207,9;  0,0;1,030;1,00;1,00;"80 0622-19.0;";0;ETCS fallend;;;False;ETCS fallend;False;00:49:07;00:49:07;-;-;False;-;-;2947;2947
22955;ETCS fallend;0/00:49:09;0/00:49:09;00:49;00:49;00:49;00:49;-;52,07;50,55;65,00;-;65,00;-;V;-;ETCS-Stützstelle;;DB1;DB 1;0/00:15:23;-;140,00;1,0000;1,030;-;-;54,0;118,0;ETCS L1;False;False;0;-; 0,0; 0,0; 0,0;DB1: Strecke 2 - Gleis 2 - Strecke 1;0,413000;54053,0;  0,0;3324,3;  0,0;1,030;1,00;1,00;"80 0622-19.0;";0;ETCS fallend;;;False;ETCS fallend;False;00:49:09;00:49:09;-;-;False;-;-;2949;2949
22959;ETCS fallend;0/00:49:09;0/00:49:09;00:49;00:49;00:49;00:49;-;52,48;50,95;65,00;-;65,00;-;V;-;DB1 7.095  Zugschlussstelle, Fallend, Fahrstraße, Fa=3.00s, SvL; Ref(22905)=<DB1|7,095/+0|ZSS||1>  Ende(22959)=<DB1|7,095/+0|ZSS||1> ;DB1;DB 1;0/00:15:24;-;140,00;1,0000;1,030;-;-;54,0;118,0;ETCS L1;False;False;54;-; 0,0; 0,0; 0,0;DB1: Strecke 2 - Gleis 2 - Strecke 1;0,413000;54053,0;  0,0;3342,7;  0,0;1,030;1,00;1,00;"80 0622-19.0;";0;ETCS fallend;3521;;True;ETCS fallend;False;00:49:09;00:49:09;-;-;False;-;Betriebsstellengrenze 3521-0 - Weiche 01W1 A (3521);2949;2949
22979;ETCS fallend;0/00:49:11;0/00:49:11;00:49;00:49;00:49;00:49;-;54,48;52,89;100,00;-;100,00;-;V;-;DB1 7.095  Geschwindigkeit Zulässig, Fallend, v=100km/h, Wirkung ab hier, Alle; Ref(22905)=<DB1|7,095/+0|VZ||1> ;DB1;DB 1;0/00:15:25;-;140,00;1,0000;1,030;-;-;54,0;118,0;ETCS L1;False;False;74;-; 0,0; 0,0; 0,0;DB1: Strecke 2 - Gleis 2 - Strecke 1;0,412000;54053,0;  0,0;3434,1;  0,0;1,030;1,00;1,00;"80 0622-19.0;";0;ETCS fallend;3521;;True;ETCS fallend;False;00:49:11;00:49:11;-;-;False;-;Betriebsstellengrenze 3521-0 - Weiche 01W1 A (3521);2951;2951
23004;ETCS fallend;0/00:49:13;0/00:49:13;00:49;00:49;00:49;00:49;-;56,88;55,22;100,00;-;100,00;-;V;-;ETCS-Stützstelle;;DB1;DB 1;0/00:15:27;-;140,00;1,0000;1,030;-;-;54,0;118,0;ETCS L1;False;False;74;-; 0,0; 0,0; 0,0;DB1: Strecke 2 - Gleis 2 - Strecke 1;0,411000;54053,0;  0,0;3547,3;  0,0;1,030;1,00;1,00;"80 0622-19.0;";0;ETCS fallend;;;False;ETCS fallend;False;00:49:13;00:49:13;-;-;False;-;-;2953;2953
23029;ETCS fallend;0/00:49:14;0/00:49:14;00:49;00:49;00:49;00:49;-;59,18;57,46;100,00;-;100,00;-;V;-;ETCS-Stützstelle;;DB1;DB 1;0/00:15:28;-;140,00;1,0000;1,030;-;-;54,0;118,0;ETCS L1;False;False;74;-; 0,0; 0,0; 0,0;DB1: Strecke 2 - Gleis 2 - Strecke 1;0,411000;54053,0;  0,0;3659,3;  0,0;1,030;1,00;1,00;"80 0622-19.0;";0;ETCS fallend;;;False;ETCS fallend;False;00:49:14;00:49:14;-;-;False;-;-;2954;2954
23054;ETCS fallend;0/00:49:16;0/00:49:16;00:49;00:49;00:49;00:49;-;61,39;59,60;100,00;-;100,00;-;V;-;ETCS-Stützstelle;;DB1;DB 1;0/00:15:30;-;140,00;1,0000;1,030;-;-;54,0;118,0;ETCS L1;False;False;74;-; 0,0; 0,0; 0,0;DB1: Strecke 2 - Gleis 2 - Strecke 1;0,410000;54053,0;  0,0;3770,2;  0,0;1,030;1,00;1,00;"80 0622-19.0;";0;ETCS fallend;;;False;ETCS fallend;False;00:49:16;00:49:16;-;-;False;-;-;2956;2956
23073;ETCS fallend;0/00:49:17;0/00:49:17;00:49;00:49;00:49;00:49;-;63,00;61,17;100,00;-;100,00;-;V;-;;;DB1;DB 1;0/00:15:31;-;140,00;1,0000;1,030;-;-;54,0;118,0;ETCS L1;False;False;0;-; 0,0; 0,0; 0,0;DB1: Strecke 2 - Gleis 2 - Strecke 1;0,367000;54053,0;  0,0;3853,1;  0,0;1,030;1,00;1,00;"80 0622-19.0;";0;ETCS fallend;;;False;ETCS fallend;False;00:49:17;00:49:17;-;-;False;-;-;2957;2957
23079;ETCS fallend;0/00:49:17;0/00:49:17;00:49;00:49;00:49;00:49;-;63,45;61,60;100,00;-;100,00;-;V;-;ETCS-Stützstelle;;DB1;DB 1;0/00:15:31;-;140,00;1,0000;1,030;-;-;54,0;118,0;ETCS L1;False;False;74;-; 0,0; 0,0; 0,0;DB1: Strecke 2 - Gleis 2 - Strecke 1;0,357000;51684,7;  0,0;3876,5;  0,0;1,030;1,00;1,00;"80 0622-19.0;";0;ETCS fallend;;;False;ETCS fallend;False;00:49:17;00:49:17;-;-;False;-;-;2957;2957
23101;ETCS fallend;0/00:49:18;0/00:49:18;00:49;00:49;00:49;00:49;-;65,00;63,11;100,00;-;100,00;-;V;-;;;DB1;DB 1;0/00:15:32;-;140,00;1,0000;1,030;-;-;54,0;118,0;ETCS L1;False;False;0;-; 0,0; 0,0; 0,0;DB1: Strecke 2 - Gleis 2 - Strecke 1;0,323000;43527,0;  0,0;3958,3;  0,0;1,030;1,00;1,00;"80 0622-19.0;";0;ETCS fallend;;;False;ETCS fallend;False;00:49:18;00:49:18;-;-;False;-;-;2958;2958
23104;ETCS fallend;0/00:49:19;0/00:49:19;00:49;00:49;00:49;00:49;-;65,19;63,29;100,00;-;100,00;-;V;-;ETCS-Stützstelle;;DB1;DB 1;0/00:15:33;-;140,00;1,0000;1,030;-;-;54,0;118,0;ETCS L1;False;False;74;-; 0,0; 0,0; 0,0;DB1: Strecke 2 - Gleis 2 - Strecke 1;0,322000;43519,6;  0,0;3968,5;  0,0;1,030;1,00;1,00;"80 0622-19.0;";0;ETCS fallend;;;False;ETCS fallend;False;00:49:19;00:49:19;-;-;False;-;-;2959;2959
23129;ETCS fallend;0/00:49:20;0/00:49:20;00:49;00:49;00:49;00:49;-;66,77;64,83;100,00;-;100,00;-;V;-;ETCS-Stützstelle;;DB1;DB 1;0/00:15:34;-;140,00;1,0000;1,030;-;-;54,0;118,0;ETCS L1;False;False;74;-; 0,0; 0,0; 0,0;DB1: Strecke 2 - Gleis 2 - Strecke 1;0,322000;43481,9;  0,0;4053,7;  0,0;1,030;1,00;1,00;"80 0622-19.0;";0;ETCS fallend;;;False;ETCS fallend;False;00:49:20;00:49:20;-;-;False;-;-;2960;2960
23133;ETCS fallend;0/00:49:20;0/00:49:20;00:49;00:49;00:49;00:49;-;67,00;65,05;100,00;-;100,00;-;V;-;;;DB1;DB 1;0/00:15:34;-;140,00;1,0000;1,030;-;-;54,0;118,0;ETCS L1;False;False;0;-; 0,0; 0,0; 0,0;DB1: Strecke 2 - Gleis 2 - Strecke 1;0,321000;43480,0;  0,0;4066,2;  0,0;1,030;1,00;1,00;"80 0622-19.0;";0;ETCS fallend;;;False;ETCS fallend;False;00:49:20;00:49:20;-;-;False;-;-;2960;2960
23154;ETCS fallend;0/00:49:21;0/00:49:21;00:49;00:49;00:49;00:49;-;68,29;66,30;100,00;-;100,00;-;V;-;ETCS-Stützstelle;;DB1;DB 1;0/00:15:35;-;140,00;1,0000;1,030;-;-;54,0;118,0;ETCS L1;False;False;74;-; 0,0; 0,0; 0,0;DB1: Strecke 2 - Gleis 2 - Strecke 1;0,321000;43457,3;  0,0;4137,2;  0,0;1,030;1,00;1,00;"80 0622-19.0;";0;ETCS fallend;;;False;ETCS fallend;False;00:49:21;00:49:21;-;-;False;-;-;2961;2961
23166;ETCS fallend;0/00:49:22;0/00:49:22;00:49;00:49;00:49;00:49;-;69,00;66,99;100,00;-;100,00;-;V;-;;;DB1;DB 1;0/00:15:36;-;140,00;1,0000;1,030;-;-;54,0;118,0;ETCS L1;False;False;0;-; 0,0; 0,0; 0,0;DB1: Strecke 2 - Gleis 2 - Strecke 1;0,320000;43437,0;  0,0;4176,8;  0,0;1,030;1,00;1,00;"80 0622-19.0;";0;ETCS fallend;;;False;ETCS fallend;False;00:49:22;00:49:22;-;-;False;-;-;2962;2962
23179;ETCS fallend;0/00:49:23;0/00:49:23;00:49;00:49;00:49;00:49;-;69,78;67,75;100,00;-;100,00;-;V;-;ETCS-Stützstelle;;DB1;DB 1;0/00:15:37;-;140,00;1,0000;1,030;-;-;54,0;118,0;ETCS L1;False;False;74;-; 0,0; 0,0; 0,0;DB1: Strecke 2 - Gleis 2 - Strecke 1;0,319000;43384,0;  0,0;4220,6;  0,0;1,030;1,00;1,00;"80 0622-19.0;";0;ETCS fallend;;;False;ETCS fallend;False;00:49:23;00:49:23;-;-;False;-;-;2963;2963
23200;ETCS fallend;0/00:49:24;0/00:49:24;00:49;00:49;00:49;00:49;-;71,00;68,93;100,00;-;100,00;-;V;-;;;DB1;DB 1;0/00:15:38;-;140,00;1,0000;1,030;-;-;54,0;118,0;ETCS L1;False;False;0;-; 0,0; 0,0; 0,0;DB1: Strecke 2 - Gleis 2 - Strecke 1;0,318000;43312,0;  0,0;4290,0;  0,0;1,030;1,00;1,00;"80 0622-19.0;";0;ETCS fallend;;;False;ETCS fallend;False;00:49:24;00:49:24;-;-;False;-;-;2964;2964
23204;ETCS fallend;0/00:49:24;0/00:49:24;00:49;00:49;00:49;00:49;-;71,23;69,16;100,00;-;100,00;-;V;-;ETCS-Stützstelle;;DB1;DB 1;0/00:15:38;-;140,00;1,0000;1,030;-;-;54,0;118,0;ETCS L1;False;False;74;-; 0,0; 0,0; 0,0;DB1: Strecke 2 - Gleis 2 - Strecke 1;0,317000;43292,5;  0,0;4303,2;  0,0;1,030;1,00;1,00;"80 0622-19.0;";0;ETCS fallend;;;False;ETCS fallend;False;00:49:24;00:49:24;-;-;False;-;-;2964;2964
23229;ETCS fallend;0/00:49:25;0/00:49:25;00:49;00:49;00:49;00:49;-;72,66;70,54;100,00;-;100,00;-;V;-;ETCS-Stützstelle;;DB1;DB 1;0/00:15:39;-;140,00;1,0000;1,030;-;-;54,0;118,0;ETCS L1;False;False;74;-; 0,0; 0,0; 0,0;DB1: Strecke 2 - Gleis 2 - Strecke 1;0,317000;43170,9;  0,0;4385,9;  0,0;1,030;1,00;1,00;"80 0622-19.0;";0;ETCS fallend;;;False;ETCS fallend;False;00:49:25;00:49:25;-;-;False;-;-;2965;2965
23235;ETCS fallend;0/00:49:26;0/00:49:26;00:49;00:49;00:49;00:49;-;73,00;70,87;100,00;-;100,00;-;V;-;;;DB1;DB 1;0/00:15:39;-;140,00;1,0000;1,030;-;-;54,0;118,0;ETCS L1;False;False;0;-; 0,0; 0,0; 0,0;DB1: Strecke 2 - Gleis 2 - Strecke 1;0,315000;43142,0;  0,0;4405,8;  0,0;1,030;1,00;1,00;"80 0622-19.0;";0;ETCS fallend;;;False;ETCS fallend;False;00:49:26;00:49:26;-;-;False;-;-;2966;2966
23254;ETCS fallend;0/00:49:27;0/00:49:27;00:49;00:49;00:49;00:49;-;74,06;71,90;100,00;-;100,00;-;V;-;ETCS-Stützstelle;;DB1;DB 1;0/00:15:40;-;140,00;1,0000;1,030;-;-;54,0;118,0;ETCS L1;False;False;74;-; 0,0; 0,0; 0,0;DB1: Strecke 2 - Gleis 2 - Strecke 1;0,315000;43050,2;  0,0;4468,2;  0,0;1,030;1,00;1,00;"80 0622-19.0;";0;ETCS fallend;;;False;ETCS fallend;False;00:49:27;00:49:27;-;-;False;-;-;2967;2967
23271;ETCS fallend;0/00:49:27;0/00:49:27;00:49;00:49;00:49;00:49;-;75,00;72,82;100,00;-;100,00;-;V;-;;;DB1;DB 1;0/00:15:41;-;140,00;1,0000;1,030;-;-;54,0;118,0;ETCS L1;False;False;0;-; 0,0; 0,0; 0,0;DB1: Strecke 2 - Gleis 2 - Strecke 1;0,313000;42980,0;  0,0;4524,2;  0,0;1,030;1,00;1,00;"80 0622-19.0;";0;ETCS fallend;;;False;ETCS fallend;False;00:49:27;00:49:27;-;-;False;-;-;2967;2967
23279;ETCS fallend;0/00:49:28;0/00:49:28;00:49;00:49;00:49;00:49;-;75,43;73,23;100,00;-;100,00;-;V;-;ETCS-Stützstelle;;DB1;DB 1;0/00:15:42;-;140,00;1,0000;1,030;-;-;54,0;118,0;ETCS L1;False;False;74;-; 0,0; 0,0; 0,0;DB1: Strecke 2 - Gleis 2 - Strecke 1;0,312000;42956,3;  0,0;4550,1;  0,0;1,030;1,00;1,00;"80 0622-19.0;";0;ETCS fallend;;;False;ETCS fallend;False;00:49:28;00:49:28;-;-;False;-;-;2968;2968
23304;ETCS fallend;0/00:49:29;0/00:49:29;00:49;00:49;00:49;00:49;-;76,76;74,52;100,00;-;100,00;-;V;-;ETCS-Stützstelle;;DB1;DB 1;0/00:15:43;-;140,00;1,0000;1,030;-;-;54,0;118,0;ETCS L1;False;False;74;-; 0,0; 0,0; 0,0;DB1: Strecke 2 - Gleis 2 - Strecke 1;0,311000;42789,2;  0,0;4630,7;  0,0;1,030;1,00;1,00;"80 0622-19.0;";0;ETCS fallend;;;False;ETCS fallend;False;00:49:29;00:49:29;-;-;False;-;-;2969;2969
23309;ETCS fallend;0/00:49:29;0/00:49:29;00:49;00:49;00:49;00:49;-;77,00;74,76;100,00;-;100,00;-;V;-;;;DB1;DB 1;0/00:15:43;-;140,00;1,0000;1,030;-;-;54,0;118,0;ETCS L1;False;False;0;-; 0,0; 0,0; 0,0;DB1: Strecke 2 - Gleis 2 - Strecke 1;0,309000;42744,0;  0,0;4645,3;  0,0;1,030;1,00;1,00;"80 0622-19.0;";0;ETCS fallend;;;False;ETCS fallend;False;00:49:29;00:49:29;-;-;False;-;-;2969;2969
23329;ETCS fallend;0/00:49:30;0/00:49:30;00:50;00:50;00:50;00:50;-;78,03;75,76;100,00;-;100,00;-;V;-;ETCS-Stützstelle;;DB1;DB 1;0/00:15:44;-;140,00;1,0000;1,030;-;-;54,0;118,0;ETCS L1;False;False;74;-; 0,0; 0,0; 0,0;DB1: Strecke 2 - Gleis 2 - Strecke 1;0,308000;42538,7;  0,0;4708,7;  0,0;1,030;1,00;1,00;"80 0622-19.0;";0;ETCS fallend;;;False;ETCS fallend;False;00:49:30;00:49:30;-;-;False;-;-;2970;2970
23348;ETCS fallend;0/00:49:31;0/00:49:31;00:50;00:50;00:50;00:50;-;79,00;76,70;100,00;-;100,00;-;V;-;;;DB1;DB 1;0/00:15:45;-;140,00;1,0000;1,030;-;-;54,0;118,0;ETCS L1;False;False;0;-; 0,0; 0,0; 0,0;DB1: Strecke 2 - Gleis 2 - Strecke 1;0,304000;42323,0;  0,0;4769,1;  0,0;1,030;1,00;1,00;"80 0622-19.0;";0;ETCS fallend;;;False;ETCS fallend;False;00:49:31;00:49:31;-;-;False;-;-;2971;2971
23354;ETCS fallend;0/00:49:31;0/00:49:31;00:50;00:50;00:50;00:50;-;79,30;76,99;100,00;-;100,00;-;V;-;ETCS-Stützstelle;;DB1;DB 1;0/00:15:45;-;140,00;1,0000;1,030;-;-;54,0;118,0;ETCS L1;False;False;74;-; 0,0; 0,0; 0,0;DB1: Strecke 2 - Gleis 2 - Strecke 1;0,304000;42258,6;  0,0;4787,8;  0,0;1,030;1,00;1,00;"80 0622-19.0;";0;ETCS fallend;;;False;ETCS fallend;False;00:49:31;00:49:31;-;-;False;-;-;2971;2971
23379;ETCS fallend;0/00:49:33;0/00:49:33;00:50;00:50;00:50;00:50;-;80,53;78,18;100,00;-;100,00;-;V;-;ETCS-Stützstelle;;DB1;DB 1;0/00:15:46;-;140,00;1,0000;1,030;-;-;54,0;118,0;ETCS L1;False;False;74;-; 0,0; 0,0; 0,0;DB1: Strecke 2 - Gleis 2 - Strecke 1;0,303000;41999,1;  0,0;4865,5;  0,0;1,030;1,00;1,00;"80 0622-19.0;";0;ETCS fallend;;;False;ETCS fallend;False;00:49:33;00:49:33;-;-;False;-;-;2973;2973
23389;ETCS fallend;0/00:49:33;0/00:49:33;00:50;00:50;00:50;00:50;-;81,00;78,64;100,00;-;100,00;-;V;-;;;DB1;DB 1;0/00:15:47;-;140,00;1,0000;1,030;-;-;54,0;118,0;ETCS L1;False;False;0;-; 0,0; 0,0; 0,0;DB1: Strecke 2 - Gleis 2 - Strecke 1;0,300000;41902,0;  0,0;4895,4;  0,0;1,030;1,00;1,00;"80 0622-19.0;";0;ETCS fallend;;;False;ETCS fallend;False;00:49:33;00:49:33;-;-;False;-;-;2973;2973
23404;ETCS fallend;0/00:49:34;0/00:49:34;00:50;00:50;00:50;00:50;-;81,72;79,34;100,00;-;100,00;-;V;-;ETCS-Stützstelle;;DB1;DB 1;0/00:15:47;-;140,00;1,0000;1,030;-;-;54,0;118,0;ETCS L1;False;False;74;-; 0,0; 0,0; 0,0;DB1: Strecke 2 - Gleis 2 - Strecke 1;0,299000;41755,1;  0,0;4941,6;  0,0;1,030;1,00;1,00;"80 0622-19.0;";0;ETCS fallend;;;False;ETCS fallend;False;00:49:34;00:49:34;-;-;False;-;-;2974;2974
23429;ETCS fallend;0/00:49:35;0/00:49:35;00:50;00:50;00:50;00:50;-;82,90;80,49;100,00;-;100,00;-;V;-;ETCS-Stützstelle;;DB1;DB 1;0/00:15:48;-;140,00;1,0000;1,030;-;-;54,0;118,0;ETCS L1;False;False;74;-; 0,0; 0,0; 0,0;DB1: Strecke 2 - Gleis 2 - Strecke 1;0,298000;41562,6;  0,0;5017,9;  0,0;1,030;1,00;1,00;"80 0622-19.0;";0;ETCS fallend;;;False;ETCS fallend;False;00:49:35;00:49:35;-;-;False;-;-;2975;2975
23431;ETCS fallend;0/00:49:35;0/00:49:35;00:50;00:50;00:50;00:50;-;83,00;80,58;100,00;-;100,00;-;V;-;;;DB1;DB 1;0/00:15:48;-;140,00;1,0000;1,030;-;-;54,0;118,0;ETCS L1;False;False;0;-; 0,0; 0,0; 0,0;DB1: Strecke 2 - Gleis 2 - Strecke 1;0,295000;41549,0;  0,0;5024,4;  0,0;1,030;1,00;1,00;"80 0622-19.0;";0;ETCS fallend;;;False;ETCS fallend;False;00:49:35;00:49:35;-;-;False;-;-;2975;2975
23454;ETCS fallend;0/00:49:36;0/00:49:36;00:50;00:50;00:50;00:50;-;84,05;81,60;100,00;-;100,00;-;V;-;ETCS-Stützstelle;;DB1;DB 1;0/00:15:49;-;140,00;1,0000;1,030;-;-;54,0;118,0;ETCS L1;False;False;74;-; 0,0; 0,0; 0,0;DB1: Strecke 2 - Gleis 2 - Strecke 1;0,294000;41533,2;  0,0;5093,2;  0,0;1,030;1,00;1,00;"80 0622-19.0;";0;ETCS fallend;;;False;ETCS fallend;False;00:49:36;00:49:36;-;-;False;-;-;2976;2976
23475;ETCS fallend;0/00:49:37;0/00:49:37;00:50;00:50;00:50;00:50;-;85,00;82,52;100,00;-;100,00;-;V;-;;;DB1;DB 1;0/00:15:50;-;140,00;1,0000;1,030;-;-;54,0;118,0;ETCS L1;False;False;0;-; 0,0; 0,0; 0,0;DB1: Strecke 2 - Gleis 2 - Strecke 1;0,284000;40795,0;  0,0;5156,1;  0,0;1,030;1,00;1,00;"80 0622-19.0;";0;ETCS fallend;;;False;ETCS fallend;False;00:49:37;00:49:37;-;-;False;-;-;2977;2977
23479;ETCS fallend;0/00:49:37;0/00:49:37;00:50;00:50;00:50;00:50;-;85,17;82,69;100,00;-;100,00;-;V;-;ETCS-Stützstelle;;DB1;DB 1;0/00:15:50;-;140,00;1,0000;1,030;-;-;54,0;118,0;ETCS L1;False;False;74;-; 0,0; 0,0; 0,0;DB1: Strecke 2 - Gleis 2 - Strecke 1;0,283000;40655,6;  0,0;5167,4;  0,0;1,030;1,00;1,00;"80 0622-19.0;";0;ETCS fallend;;;False;ETCS fallend;False;00:49:37;00:49:37;-;-;False;-;-;2977;2977
23504;ETCS fallend;0/00:49:38;0/00:49:38;00:50;00:50;00:50;00:50;-;86,24;83,73;100,00;-;100,00;-;V;-;ETCS-Stützstelle;;DB1;DB 1;0/00:15:52;-;140,00;1,0000;1,030;-;-;54,0;118,0;ETCS L1;False;False;74;-; 0,0; 0,0; 0,0;DB1: Strecke 2 - Gleis 2 - Strecke 1;0,279000;39784,6;  0,0;5239,0;  0,0;1,030;1,00;1,00;"80 0622-19.0;";0;ETCS fallend;;;False;ETCS fallend;False;00:49:38;00:49:38;-;-;False;-;-;2978;2978
23522;ETCS fallend;0/00:49:39;0/00:49:39;00:50;00:50;00:50;00:50;-;87,00;84,47;100,00;-;100,00;-;V;-;;;DB1;DB 1;0/00:15:52;-;140,00;1,0000;1,030;-;-;54,0;118,0;ETCS L1;False;False;0;-; 0,0; 0,0; 0,0;DB1: Strecke 2 - Gleis 2 - Strecke 1;0,247000;39173,0;  0,0;5290,3;  0,0;1,030;1,00;1,00;"80 0622-19.0;";0;ETCS fallend;;;False;ETCS fallend;False;00:49:39;00:49:39;-;-;False;-;-;2979;2979
23529;ETCS fallend;0/00:49:39;0/00:49:39;00:50;00:50;00:50;00:50;-;87,26;84,72;100,00;-;100,00;-;V;-;ETCS-Stützstelle;;DB1;DB 1;0/00:15:53;-;140,00;1,0000;1,030;-;-;54,0;118,0;ETCS L1;False;False;74;-; 0,0; 0,0; 0,0;DB1: Strecke 2 - Gleis 2 - Strecke 1;0,243000;38232,1;  0,0;5308,0;  0,0;1,030;1,00;1,00;"80 0622-19.0;";0;ETCS fallend;;;False;ETCS fallend;False;00:49:39;00:49:39;-;-;False;-;-;2979;2979
23554;ETCS fallend;0/00:49:40;0/00:49:40;00:50;00:50;00:50;00:50;-;88,16;85,59;100,00;-;100,00;-;V;-;ETCS-Stützstelle;;DB1;DB 1;0/00:15:54;-;140,00;1,0000;1,030;-;-;54,0;118,0;ETCS L1;False;False;74;-; 0,0; 0,0; 0,0;DB1: Strecke 2 - Gleis 2 - Strecke 1;0,229000;34975,0;  0,0;5369,4;  0,0;1,030;1,00;1,00;"80 0622-19.0;";0;ETCS fallend;;;False;ETCS fallend;False;00:49:40;00:49:40;-;-;False;-;-;2980;2980
23579;ETCS fallend;0/00:49:41;0/00:49:41;00:50;00:50;00:50;00:50;-;89,00;86,41;100,00;-;100,00;-;V;-;ETCS-Stützstelle;;DB1;DB 1;0/00:15:55;-;140,00;1,0000;1,030;-;-;54,0;118,0;ETCS L1;False;False;74;-; 0,0; 0,0; 0,0;DB1: Strecke 2 - Gleis 2 - Strecke 1;0,216000;31935,0;  0,0;5427,2;  0,0;1,030;1,00;1,00;"80 0622-19.0;";0;ETCS fallend;;;False;ETCS fallend;False;00:49:41;00:49:41;-;-;False;-;-;2981;2981
23604;ETCS fallend;0/00:49:42;0/00:49:42;00:50;00:50;00:50;00:50;-;89,78;87,17;100,00;-;100,00;-;V;-;ETCS-Stützstelle;;DB1;DB 1;0/00:15:56;-;140,00;1,0000;1,030;-;-;54,0;118,0;ETCS L1;False;False;74;-; 0,0; 0,0; 0,0;DB1: Strecke 2 - Gleis 2 - Strecke 1;0,216000;31924,5;  0,0;5481,3;  0,0;1,030;1,00;1,00;"80 0622-19.0;";0;ETCS fallend;;;False;ETCS fallend;False;00:49:42;00:49:42;-;-;False;-;-;2982;2982
23629;ETCS fallend;0/00:49:43;0/00:49:43;00:50;00:50;00:50;00:50;-;90,55;87,91;100,00;-;100,00;-;V;-;ETCS-Stützstelle;;DB1;DB 1;0/00:15:57;-;140,00;1,0000;1,030;-;-;54,0;118,0;ETCS L1;False;False;74;-; 0,0; 0,0; 0,0;DB1: Strecke 2 - Gleis 2 - Strecke 1;0,215000;31916,6;  0,0;5535,1;  0,0;1,030;1,00;1,00;"80 0622-19.0;";0;ETCS fallend;;;False;ETCS fallend;False;00:49:43;00:49:43;-;-;False;-;-;2983;2983
23644;ETCS fallend;0/00:49:44;0/00:49:44;00:50;00:50;00:50;00:50;-;91,00;88,35;100,00;-;100,00;-;V;-;;;DB1;DB 1;0/00:15:57;-;140,00;1,0000;1,030;-;-;54,0;118,0;ETCS L1;False;False;0;-; 0,0; 0,0; 0,0;DB1: Strecke 2 - Gleis 2 - Strecke 1;0,215000;31913,0;  0,0;5566,8;  0,0;1,030;1,00;1,00;"80 0622-19.0;";0;ETCS fallend;;;False;ETCS fallend;False;00:49:44;00:49:44;-;-;False;-;-;2984;2984
23654;ETCS fallend;0/00:49:44;0/00:49:44;00:50;00:50;00:50;00:50;-;91,31;88,65;100,00;-;100,00;-;V;-;ETCS-Stützstelle;;DB1;DB 1;0/00:15:58;-;140,00;1,0000;1,030;-;-;54,0;118,0;ETCS L1;False;False;74;-; 0,0; 0,0; 0,0;DB1: Strecke 2 - Gleis 2 - Strecke 1;0,214000;31911,3;  0,0;5588,6;  0,0;1,030;1,00;1,00;"80 0622-19.0;";0;ETCS fallend;;;False;ETCS fallend;False;00:49:44;00:49:44;-;-;False;-;-;2984;2984
23679;ETCS fallend;0/00:49:45;0/00:49:45;00:50;00:50;00:50;00:50;-;92,07;89,39;100,00;-;100,00;-;V;-;ETCS-Stützstelle;;DB1;DB 1;0/00:15:59;-;140,00;1,0000;1,030;-;-;54,0;118,0;ETCS L1;False;False;74;-; 0,0; 0,0; 0,0;DB1: Strecke 2 - Gleis 2 - Strecke 1;0,214000;31905,4;  0,0;5642,5;  0,0;1,030;1,00;1,00;"80 0622-19.0;";0;ETCS fallend;;;False;ETCS fallend;False;00:49:45;00:49:45;-;-;False;-;-;2985;2985
23704;ETCS fallend;0/00:49:46;0/00:49:46;00:50;00:50;00:50;00:50;-;92,82;90,12;100,00;-;100,00;-;V;-;ETCS-Stützstelle;;DB1;DB 1;0/00:16:00;-;140,00;1,0000;1,030;-;-;54,0;118,0;ETCS L1;False;False;74;-; 0,0; 0,0; 0,0;DB1: Strecke 2 - Gleis 2 - Strecke 1;0,214000;31897,3;  0,0;5696,1;  0,0;1,030;1,00;1,00;"80 0622-19.0;";0;ETCS fallend;;;False;ETCS fallend;False;00:49:46;00:49:46;-;-;False;-;-;2986;2986
23710;ETCS fallend;0/00:49:47;0/00:49:47;00:50;00:50;00:50;00:50;-;93,00;90,29;100,00;-;100,00;-;V;-;;;DB1;DB 1;0/00:16:00;-;140,00;1,0000;1,030;-;-;54,0;118,0;ETCS L1;False;False;0;-; 0,0; 0,0; 0,0;DB1: Strecke 2 - Gleis 2 - Strecke 1;0,213000;31895,0;  0,0;5709,0;  0,0;1,030;1,00;1,00;"80 0622-19.0;";0;ETCS fallend;;;False;ETCS fallend;False;00:49:47;00:49:47;-;-;False;-;-;2987;2987
23729;ETCS fallend;0/00:49:47;0/00:49:47;00:50;00:50;00:50;00:50;-;93,56;90,83;100,00;-;100,00;-;V;-;ETCS-Stützstelle;;DB1;DB 1;0/00:16:01;-;140,00;1,0000;1,030;-;-;54,0;118,0;ETCS L1;False;False;74;-; 0,0; 0,0; 0,0;DB1: Strecke 2 - Gleis 2 - Strecke 1;0,213000;31890,6;  0,0;5749,2;  0,0;1,030;1,00;1,00;"80 0622-19.0;";0;ETCS fallend;;;False;ETCS fallend;False;00:49:47;00:49:47;-;-;False;-;-;2987;2987
23754;ETCS fallend;0/00:49:48;0/00:49:48;00:50;00:50;00:50;00:50;-;94,29;91,54;100,00;-;100,00;-;V;-;ETCS-Stützstelle;;DB1;DB 1;0/00:16:01;-;140,00;1,0000;1,030;-;-;54,0;118,0;ETCS L1;False;False;74;-; 0,0; 0,0; 0,0;DB1: Strecke 2 - Gleis 2 - Strecke 1;0,213000;31873,9;  0,0;5802,1;  0,0;1,030;1,00;1,00;"80 0622-19.0;";0;ETCS fallend;;;False;ETCS fallend;False;00:49:48;00:49:48;-;-;False;-;-;2988;2988
23778;ETCS fallend;0/00:49:49;0/00:49:49;00:50;00:50;00:50;00:50;-;95,00;92,23;100,00;-;100,00;-;V;-;;;DB1;DB 1;0/00:16:02;-;140,00;1,0000;1,030;-;-;54,0;118,0;ETCS L1;False;False;0;-; 0,0; 0,0; 0,0;DB1: Strecke 2 - Gleis 2 - Strecke 1;0,211000;31846,0;  0,0;5853,8;  0,0;1,030;1,00;1,00;"80 0622-19.0;";0;ETCS fallend;;;False;ETCS fallend;False;00:49:49;00:49:49;-;-;False;-;-;2989;2989
23779;ETCS fallend;0/00:49:49;0/00:49:49;00:50;00:50;00:50;00:50;-;95,03;92,26;100,00;-;100,00;-;V;-;ETCS-Stützstelle;;DB1;DB 1;0/00:16:02;-;140,00;1,0000;1,030;-;-;54,0;118,0;ETCS L1;False;False;74;-; 0,0; 0,0; 0,0;DB1: Strecke 2 - Gleis 2 - Strecke 1;0,211000;31845,0;  0,0;5856,0;  0,0;1,030;1,00;1,00;"80 0622-19.0;";0;ETCS fallend;;;False;ETCS fallend;False;00:49:49;00:49:49;-;-;False;-;-;2989;2989
23804;ETCS fallend;0/00:49:50;0/00:49:50;00:50;00:50;00:50;00:50;-;95,75;92,96;100,00;-;100,00;-;V;-;ETCS-Stützstelle;;DB1;DB 1;0/00:16:03;-;140,00;1,0000;1,030;-;-;54,0;118,0;ETCS L1;False;False;74;-; 0,0; 0,0; 0,0;DB1: Strecke 2 - Gleis 2 - Strecke 1;0,211000;31821,2;  0,0;5908,8;  0,0;1,030;1,00;1,00;"80 0622-19.0;";0;ETCS fallend;;;False;ETCS fallend;False;00:49:50;00:49:50;-;-;False;-;-;2990;2990
23829;ETCS fallend;0/00:49:51;0/00:49:51;00:50;00:50;00:50;00:50;-;96,46;93,65;100,00;-;100,00;-;V;-;ETCS-Stützstelle;;DB1;DB 1;0/00:16:04;-;140,00;1,0000;1,030;-;-;54,0;118,0;ETCS L1;False;False;74;-; 0,0; 0,0; 0,0;DB1: Strecke 2 - Gleis 2 - Strecke 1;0,211000;31798,2;  0,0;5961,1;  0,0;1,030;1,00;1,00;"80 0622-19.0;";0;ETCS fallend;;;False;ETCS fallend;False;00:49:51;00:49:51;-;-;False;-;-;2991;2991
23848;ETCS fallend;0/00:49:52;0/00:49:52;00:50;00:50;00:50;00:50;-;97,00;94,17;100,00;-;100,00;-;V;-;;;DB1;DB 1;0/00:16:05;-;140,00;1,0000;1,030;-;-;54,0;118,0;ETCS L1;False;False;0;-; 0,0; 0,0; 0,0;DB1: Strecke 2 - Gleis 2 - Strecke 1;0,210000;31781,0;  0,0;6001,2;  0,0;1,030;1,00;1,00;"80 0622-19.0;";0;ETCS fallend;;;False;ETCS fallend;False;00:49:52;00:49:52;-;-;False;-;-;2992;2992
23854;ETCS fallend;0/00:49:52;0/00:49:52;00:50;00:50;00:50;00:50;-;97,17;94,34;100,00;-;100,00;-;V;-;ETCS-Stützstelle;;DB1;DB 1;0/00:16:05;-;140,00;1,0000;1,030;-;-;54,0;118,0;ETCS L1;False;False;74;-; 0,0; 0,0; 0,0;DB1: Strecke 2 - Gleis 2 - Strecke 1;0,209000;31772,6;  0,0;6013,9;  0,0;1,030;1,00;1,00;"80 0622-19.0;";0;ETCS fallend;;;False;ETCS fallend;False;00:49:52;00:49:52;-;-;False;-;-;2992;2992
23879;ETCS fallend;0/00:49:53;0/00:49:53;00:50;00:50;00:50;00:50;-;97,87;95,02;100,00;-;100,00;-;V;-;ETCS-Stützstelle;;DB1;DB 1;0/00:16:06;-;140,00;1,0000;1,030;-;-;54,0;118,0;ETCS L1;False;False;74;-; 0,0; 0,0; 0,0;DB1: Strecke 2 - Gleis 2 - Strecke 1;0,209000;31739,1;  0,0;6066,2;  0,0;1,030;1,00;1,00;"80 0622-19.0;";0;ETCS fallend;;;False;ETCS fallend;False;00:49:53;00:49:53;-;-;False;-;-;2993;2993
23904;ETCS fallend;0/00:49:54;0/00:49:54;00:50;00:50;00:50;00:50;-;98,56;95,69;100,00;-;100,00;-;V;-;ETCS-Stützstelle;;DB1;DB 1;0/00:16:07;-;140,00;1,0000;1,030;-;-;54,0;118,0;ETCS L1;False;False;74;-; 0,0; 0,0; 0,0;DB1: Strecke 2 - Gleis 2 - Strecke 1;0,209000;31707,4;  0,0;6118,1;  0,0;1,030;1,00;1,00;"80 0622-19.0;";0;ETCS fallend;;;False;ETCS fallend;False;00:49:54;00:49:54;-;-;False;-;-;2994;2994
23920;ETCS fallend;0/00:49:55;0/00:49:55;00:50;00:50;00:50;00:50;-;99,00;96,12;100,00;-;100,00;-;V;-;;;DB1;DB 1;0/00:16:08;-;140,00;1,0000;1,030;-;-;54,0;118,0;ETCS L1;False;False;0;-; 0,0; 0,0; 0,0;DB1: Strecke 2 - Gleis 2 - Strecke 1;0,208000;31688,0;  0,0;6151,3;  0,0;1,030;1,00;1,00;"80 0622-19.0;";0;ETCS fallend;;;False;ETCS fallend;False;00:49:55;00:49:55;-;-;False;-;-;2995;2995
23929;ETCS fallend;0/00:49:55;0/00:49:55;00:50;00:50;00:50;00:50;-;99,24;96,35;100,00;-;100,00;-;V;-;ETCS-Stützstelle;;DB1;DB 1;0/00:16:08;-;140,00;1,0000;1,030;-;-;54,0;118,0;ETCS L1;False;False;74;-; 0,0; 0,0; 0,0;DB1: Strecke 2 - Gleis 2 - Strecke 1;0,208000;31677,0;  0,0;6169,5;  0,0;1,030;1,00;1,00;"80 0622-19.0;";0;ETCS fallend;;;False;ETCS fallend;False;00:49:55;00:49:55;-;-;False;-;-;2995;2995
23954;ETCS fallend;0/00:49:56;0/00:49:56;00:50;00:50;00:50;00:50;-;99,92;97,01;100,00;-;100,00;-;V;-;ETCS-Stützstelle;;DB1;DB 1;0/00:16:09;-;140,00;1,0000;1,030;-;-;54,0;118,0;ETCS L1;False;False;74;-; 0,0; 0,0; 0,0;DB1: Strecke 2 - Gleis 2 - Strecke 1;0,208000;31645,7;  0,0;6221,2;  0,0;1,030;1,00;1,00;"80 0622-19.0;";0;ETCS fallend;;;False;ETCS fallend;False;00:49:56;00:49:56;-;-;False;-;-;2996;2996
23957;ETCS fallend;0/00:49:56;0/00:49:56;00:50;00:50;00:50;00:50;-;100,00;97,09;100,00;-;100,00;-;K;-;;;DB1;DB 1;0/00:16:09;-;140,00;1,0000;1,030;-;-;54,0;118,0;ETCS L1;False;False;0;-; 0,0; 0,0; 0,0;DB1: Strecke 2 - Gleis 2 - Strecke 1;0,000000;31642,0;  0,0;6227,3;  0,0;1,030;1,00;1,00;"80 0622-19.0;";0;ETCS fallend;;;False;ETCS fallend;False;00:49:56;00:49:56;-;-;False;-;-;2996;2996
23979;ETCS fallend;0/00:49:57;0/00:49:57;00:50;00:50;00:50;00:50;-;100,00;97,09;100,00;-;100,00;-;K;-;ETCS-Stützstelle;;DB1;DB 1;0/00:16:10;-;140,00;1,0000;1,030;-;-;54,0;118,0;ETCS L1;False;False;74;-; 0,0; 0,0; 0,0;DB1: Strecke 2 - Gleis 2 - Strecke 1;0,000000;31642,0;  0,0;6227,3;  0,0;1,030;1,00;1,00;"80 0622-19.0;";0;ETCS fallend;;;False;ETCS fallend;False;00:49:57;00:49:57;-;-;False;-;-;2997;2997
24004;ETCS fallend;0/00:49:58;0/00:49:58;00:50;00:50;00:50;00:50;-;100,00;97,09;100,00;-;100,00;-;K;-;ETCS-Stützstelle;;DB1;DB 1;0/00:16:11;-;140,00;1,0000;1,030;-;-;54,0;118,0;ETCS L1;False;False;74;-; 0,0; 0,0; 0,0;DB1: Strecke 2 - Gleis 2 - Strecke 1;0,000000;31642,0;  0,0;6227,3;  0,0;1,030;1,00;1,00;"80 0622-19.0;";0;ETCS fallend;;;False;ETCS fallend;False;00:49:58;00:49:58;-;-;False;-;-;2998;2998
24029;ETCS fallend;0/00:49:59;0/00:49:59;00:50;00:50;00:50;00:50;-;100,00;97,09;100,00;-;100,00;-;K;-;ETCS-Stützstelle;;DB1;DB 1;0/00:16:12;-;140,00;1,0000;1,030;-;-;54,0;118,0;ETCS L1;False;False;74;-; 0,0; 0,0; 0,0;DB1: Strecke 2 - Gleis 2 - Strecke 1;0,000000;31642,0;  0,0;6227,3;  0,0;1,030;1,00;1,00;"80 0622-19.0;";0;ETCS fallend;;;False;ETCS fallend;False;00:49:59;00:49:59;-;-;False;-;-;2999;2999
24054;ETCS fallend;0/00:50:00;0/00:50:00;00:50;00:50;00:50;00:50;-;100,00;97,09;100,00;-;100,00;-;K;-;ETCS-Stützstelle;;DB1;DB 1;0/00:16:13;-;140,00;1,0000;1,030;-;-;54,0;118,0;ETCS L1;False;False;74;-; 0,0; 0,0; 0,0;DB1: Strecke 2 - Gleis 2 - Strecke 1;0,000000;31642,0;  0,0;6227,3;  0,0;1,030;1,00;1,00;"80 0622-19.0;";0;ETCS fallend;;;False;ETCS fallend;False;00:50:00;00:50:00;-;-;False;-;-;3000;3000
24079;ETCS fallend;0/00:50:01;0/00:50:01;00:50;00:50;00:50;00:50;-;100,00;97,09;100,00;-;100,00;-;K;-;ETCS-Stützstelle;;DB1;DB 1;0/00:16:13;-;140,00;1,0000;1,030;-;-;54,0;118,0;ETCS L1;False;False;74;-; 0,0; 0,0; 0,0;DB1: Strecke 2 - Gleis 2 - Strecke 1;0,000000;31642,0;  0,0;6227,3;  0,0;1,030;1,00;1,00;"80 0622-19.0;";0;ETCS fallend;;;False;ETCS fallend;False;00:50:01;00:50:01;-;-;False;-;-;3001;3001
24104;ETCS fallend;0/00:50:02;0/00:50:02;00:50;00:50;00:50;00:50;-;100,00;97,09;100,00;-;100,00;-;K;-;ETCS-Stützstelle;;DB1;DB 1;0/00:16:14;-;140,00;1,0000;1,030;-;-;54,0;118,0;ETCS L1;False;False;74;-; 0,0; 0,0; 0,0;DB1: Strecke 2 - Gleis 2 - Strecke 1;0,000000;31642,0;  0,0;6227,3;  0,0;1,030;1,00;1,00;"80 0622-19.0;";0;ETCS fallend;;;False;ETCS fallend;False;00:50:02;00:50:02;-;-;False;-;-;3002;3002
24129;ETCS fallend;0/00:50:03;0/00:50:03;00:50;00:50;00:50;00:50;-;100,00;97,09;100,00;-;100,00;-;K;-;ETCS-Stützstelle;;DB1;DB 1;0/00:16:15;-;140,00;1,0000;1,030;-;-;54,0;118,0;ETCS L1;False;False;74;-; 0,0; 0,0; 0,0;DB1: Strecke 2 - Gleis 2 - Strecke 1;0,000000;31642,0;  0,0;6227,3;  0,0;1,030;1,00;1,00;"80 0622-19.0;";0;ETCS fallend;;;False;ETCS fallend;False;00:50:03;00:50:03;-;-;False;-;-;3003;3003
24154;ETCS fallend;0/00:50:03;0/00:50:03;00:50;00:50;00:50;00:50;-;100,00;97,09;100,00;-;100,00;-;K;-;ETCS-Stützstelle;;DB1;DB 1;0/00:16:16;-;140,00;1,0000;1,030;-;-;54,0;118,0;ETCS L1;False;False;74;-; 0,0; 0,0; 0,0;DB1: Strecke 2 - Gleis 2 - Strecke 1;0,000000;31642,0;  0,0;6227,3;  0,0;1,030;1,00;1,00;"80 0622-19.0;";0;ETCS fallend;;;False;ETCS fallend;False;00:50:03;00:50:03;-;-;False;-;-;3003;3003
24179;ETCS fallend;0/00:50:04;0/00:50:04;00:50;00:50;00:50;00:50;-;100,00;97,09;100,00;-;100,00;-;K;-;ETCS-Stützstelle;;DB1;DB 1;0/00:16:17;-;140,00;1,0000;1,030;-;-;54,0;118,0;ETCS L1;False;False;74;-; 0,0; 0,0; 0,0;DB1: Strecke 2 - Gleis 2 - Strecke 1;0,000000;31642,0;  0,0;6227,3;  0,0;1,030;1,00;1,00;"80 0622-19.0;";0;ETCS fallend;;;False;ETCS fallend;False;00:50:04;00:50:04;-;-;False;-;-;3004;3004
24204;ETCS fallend;0/00:50:05;0/00:50:05;00:50;00:50;00:50;00:50;-;100,00;97,09;100,00;-;100,00;-;K;-;ETCS-Stützstelle;;DB1;DB 1;0/00:16:18;-;140,00;1,0000;1,030;-;-;54,0;118,0;ETCS L1;False;False;74;-; 0,0; 0,0; 0,0;DB1: Strecke 2 - Gleis 2 - Strecke 1;0,000000;31642,0;  0,0;6227,3;  0,0;1,030;1,00;1,00;"80 0622-19.0;";0;ETCS fallend;;;False;ETCS fallend;False;00:50:05;00:50:05;-;-;False;-;-;3005;3005
24229;ETCS fallend;0/00:50:06;0/00:50:06;00:50;00:50;00:50;00:50;-;100,00;97,09;100,00;-;100,00;-;K;-;ETCS-Stützstelle;;DB1;DB 1;0/00:16:19;-;140,00;1,0000;1,030;-;-;54,0;118,0;ETCS L1;False;False;74;-; 0,0; 0,0; 0,0;DB1: Strecke 2 - Gleis 2 - Strecke 1;0,000000;31642,0;  0,0;6227,3;  0,0;1,030;1,00;1,00;"80 0622-19.0;";0;ETCS fallend;;;False;ETCS fallend;False;00:50:06;00:50:06;-;-;False;-;-;3006;3006
24254;ETCS fallend;0/00:50:07;0/00:50:07;00:50;00:50;00:50;00:50;-;100,00;97,09;100,00;-;100,00;-;K;-;ETCS-Stützstelle;;DB1;DB 1;0/00:16:20;-;140,00;1,0000;1,030;-;-;54,0;118,0;ETCS L1;False;False;74;-; 0,0; 0,0; 0,0;DB1: Strecke 2 - Gleis 2 - Strecke 1;0,000000;31642,0;  0,0;6227,3;  0,0;1,030;1,00;1,00;"80 0622-19.0;";0;ETCS fallend;;;False;ETCS fallend;False;00:50:07;00:50:07;-;-;False;-;-;3007;3007
24279;ETCS fallend;0/00:50:08;0/00:50:08;00:50;00:50;00:50;00:50;-;100,00;97,09;100,00;-;100,00;-;K;-;ETCS-Stützstelle;;DB1;DB 1;0/00:16:21;-;140,00;1,0000;1,030;-;-;54,0;118,0;ETCS L1;False;False;74;-; 0,0; 0,0; 0,0;DB1: Strecke 2 - Gleis 2 - Strecke 1;0,000000;31642,0;  0,0;6227,3;  0,0;1,030;1,00;1,00;"80 0622-19.0;";0;ETCS fallend;;;False;ETCS fallend;False;00:50:08;00:50:08;-;-;False;-;-;3008;3008
24304;ETCS fallend;0/00:50:09;0/00:50:09;00:50;00:50;00:50;00:50;-;100,00;97,09;100,00;-;100,00;-;K;-;ETCS-Stützstelle;;DB1;DB 1;0/00:16:22;-;140,00;1,0000;1,030;-;-;54,0;118,0;ETCS L1;False;False;74;-; 0,0; 0,0; 0,0;DB1: Strecke 2 - Gleis 2 - Strecke 1;0,000000;31642,0;  0,0;6227,3;  0,0;1,030;1,00;1,00;"80 0622-19.0;";0;ETCS fallend;;;False;ETCS fallend;False;00:50:09;00:50:09;-;-;False;-;-;3009;3009
24329;ETCS fallend;0/00:50:10;0/00:50:10;00:50;00:50;00:50;00:50;-;100,00;97,09;100,00;-;100,00;-;K;-;ETCS-Stützstelle;;DB1;DB 1;0/00:16:22;-;140,00;1,0000;1,030;-;-;54,0;118,0;ETCS L1;False;False;74;-; 0,0; 0,0; 0,0;DB1: Strecke 2 - Gleis 2 - Strecke 1;0,000000;31642,0;  0,0;6227,3;  0,0;1,030;1,00;1,00;"80 0622-19.0;";0;ETCS fallend;;;False;ETCS fallend;False;00:50:10;00:50:10;-;-;False;-;-;3010;3010
24354;ETCS fallend;0/00:50:11;0/00:50:11;00:50;00:50;00:50;00:50;-;100,00;97,09;100,00;-;100,00;-;K;-;ETCS-Stützstelle;;DB1;DB 1;0/00:16:23;-;140,00;1,0000;1,030;-;-;54,0;118,0;ETCS L1;False;False;74;-; 0,0; 0,0; 0,0;DB1: Strecke 2 - Gleis 2 - Strecke 1;0,000000;31642,0;  0,0;6227,3;  0,0;1,030;1,00;1,00;"80 0622-19.0;";0;ETCS fallend;;;False;ETCS fallend;False;00:50:11;00:50:11;-;-;False;-;-;3011;3011
24379;ETCS fallend;0/00:50:12;0/00:50:12;00:50;00:50;00:50;00:50;-;100,00;97,09;100,00;-;100,00;-;K;-;ETCS-Stützstelle;;DB1;DB 1;0/00:16:24;-;140,00;1,0000;1,030;-;-;54,0;118,0;ETCS L1;False;False;74;-; 0,0; 0,0; 0,0;DB1: Strecke 2 - Gleis 2 - Strecke 1;0,000000;31642,0;  0,0;6227,3;  0,0;1,030;1,00;1,00;"80 0622-19.0;";0;ETCS fallend;;;False;ETCS fallend;False;00:50:12;00:50:12;-;-;False;-;-;3012;3012
24404;ETCS fallend;0/00:50:13;0/00:50:13;00:50;00:50;00:50;00:50;-;100,00;97,09;100,00;-;100,00;-;K;-;ETCS-Stützstelle;;DB1;DB 1;0/00:16:25;-;140,00;1,0000;1,030;-;-;54,0;118,0;ETCS L1;False;False;74;-; 0,0; 0,0; 0,0;DB1: Strecke 2 - Gleis 2 - Strecke 1;0,000000;31642,0;  0,0;6227,3;  0,0;1,030;1,00;1,00;"80 0622-19.0;";0;ETCS fallend;;;False;ETCS fallend;False;00:50:13;00:50:13;-;-;False;-;-;3013;3013
24429;ETCS fallend;0/00:50:14;0/00:50:14;00:50;00:50;00:50;00:50;-;100,00;97,09;100,00;-;100,00;-;K;-;ETCS-Stützstelle;;DB1;DB 1;0/00:16:26;-;140,00;1,0000;1,030;-;-;54,0;118,0;ETCS L1;False;False;74;-; 0,0; 0,0; 0,0;DB1: Strecke 2 - Gleis 2 - Strecke 1;0,000000;31642,0;  0,0;6227,3;  0,0;1,030;1,00;1,00;"80 0622-19.0;";0;ETCS fallend;;;False;ETCS fallend;False;00:50:14;00:50:14;-;-;False;-;-;3014;3014
24454;ETCS fallend;0/00:50:15;0/00:50:15;00:50;00:50;00:50;00:50;-;100,00;97,09;100,00;-;100,00;-;K;-;ETCS-Stützstelle;;DB1;DB 1;0/00:16:27;-;140,00;1,0000;1,030;-;-;54,0;118,0;ETCS L1;False;False;74;-; 0,0; 0,0; 0,0;DB1: Strecke 2 - Gleis 2 - Strecke 1;0,000000;31642,0;  0,0;6227,3;  0,0;1,030;1,00;1,00;"80 0622-19.0;";0;ETCS fallend;;;False;ETCS fallend;False;00:50:15;00:50:15;-;-;False;-;-;3015;3015
24479;ETCS fallend;0/00:50:15;0/00:50:15;00:50;00:50;00:50;00:50;-;100,00;97,09;100,00;-;100,00;-;K;-;ETCS-Stützstelle;;DB1;DB 1;0/00:16:28;-;140,00;1,0000;1,030;-;-;54,0;118,0;ETCS L1;False;False;74;-; 0,0; 0,0; 0,0;DB1: Strecke 2 - Gleis 2 - Strecke 1;0,000000;31642,0;  0,0;6227,3;  0,0;1,030;1,00;1,00;"80 0622-19.0;";0;ETCS fallend;;;False;ETCS fallend;False;00:50:15;00:50:15;-;-;False;-;-;3015;3015
24500;ETCS fallend;0/00:50:16;0/00:50:16;00:50;00:50;00:50;00:50;-;100,00;97,09;100,00;-;100,00;-;K;-;DB1 5.500 3521-0 Betriebsstellengrenze, =>S1 3521-0, Gleis 0;;DB1;DB 1;0/00:16:29;-;140,00;1,0000;1,030;-;-;54,0;118,0;ETCS L1;False;False;0;-; 0,0; 0,0; 0,0;DB1: Strecke 2 - Gleis 2 - Strecke 1;0,000000;31642,0;  0,0;6227,3;  0,0;1,030;1,00;1,00;"80 0622-19.0;";0;ETCS fallend;3521;0;True;ETCS fallend;False;00:50:16;00:50:16;-;-;False;-;Betriebsstellengrenze 3521-0 - Weiche 01W1 A (3521);3016;3016
24500;ETCS fallend;0/00:50:16;0/00:50:16;00:50;00:50;00:50;00:50;-;100,00;97,09;100,00;-;100,00;-;K;-;S1 5.500 3521-0 Betriebsstellengrenze, =>DB1 3521-0, Gleis 0;;S1;Strecke 1;0/00:16:29;-;140,00;1,0000;1,030;-;-;54,0;118,0;ETCS L1;False;False;0;-; 0,0; 0,0; 0,0;S1: VDV 1 - Strecke 1 - null;0,000000;31642,0;  0,0;6227,3;  0,0;1,030;1,00;1,00;"80 0622-19.0;";0;ETCS fallend;3521;0;True;ETCS fallend;False;00:50:16;00:50:16;-;-;False;-;Gleisende 3521-0 - Betriebsstellengrenze 3521-0 (3521);3016;3016
24525;ETCS fallend;0/00:50:17;0/00:50:17;00:50;00:50;00:50;00:50;-;100,00;97,09;100,00;-;100,00;-;K;-;ETCS-Stützstelle;;S1;Strecke 1;0/00:16:29;-;140,00;1,0000;1,030;-;-;54,0;118,0;ETCS L1;False;False;0;-; 0,0; 0,0; 0,0;S1: VDV 1 - Strecke 1 - null;0,000000;31642,0;  0,0;6227,3;  0,0;1,030;1,00;1,00;"80 0622-19.0;";0;ETCS fallend;;;False;ETCS fallend;False;00:50:17;00:50:17;-;-;False;-;-;3017;3017
24550;ETCS fallend;0/00:50:18;0/00:50:18;00:50;00:50;00:50;00:50;-;100,00;97,09;100,00;-;100,00;-;K;-;ETCS-Stützstelle;;S1;Strecke 1;0/00:16:30;-;140,00;1,0000;1,030;-;-;54,0;118,0;ETCS L1;False;False;0;-; 0,0; 0,0; 0,0;S1: VDV 1 - Strecke 1 - null;0,000000;31642,0;  0,0;6227,3;  0,0;1,030;1,00;1,00;"80 0622-19.0;";0;ETCS fallend;;;False;ETCS fallend;False;00:50:18;00:50:18;-;-;False;-;-;3018;3018
24575;ETCS fallend;0/00:50:19;0/00:50:19;00:50;00:50;00:50;00:50;-;100,00;97,09;100,00;-;100,00;-;K;-;ETCS-Stützstelle;;S1;Strecke 1;0/00:16:31;-;140,00;1,0000;1,030;-;-;54,0;118,0;ETCS L1;False;False;0;-; 0,0; 0,0; 0,0;S1: VDV 1 - Strecke 1 - null;0,000000;31642,0;  0,0;6227,3;  0,0;1,030;1,00;1,00;"80 0622-19.0;";0;ETCS fallend;;;False;ETCS fallend;False;00:50:19;00:50:19;-;-;False;-;-;3019;3019
24600;ETCS fallend;0/00:50:20;0/00:50:20;00:50;00:50;00:50;00:50;-;100,00;97,09;100,00;-;100,00;-;K;-;ETCS-Stützstelle;;S1;Strecke 1;0/00:16:32;-;140,00;1,0000;1,030;-;-;54,0;118,0;ETCS L1;False;False;0;-; 0,0; 0,0; 0,0;S1: VDV 1 - Strecke 1 - null;0,000000;31642,0;  0,0;6227,3;  0,0;1,030;1,00;1,00;"80 0622-19.0;";0;ETCS fallend;;;False;ETCS fallend;False;00:50:20;00:50:20;-;-;False;-;-;3020;3020
24625;ETCS fallend;0/00:50:21;0/00:50:21;00:50;00:50;00:50;00:50;-;100,00;97,09;100,00;-;100,00;-;K;-;ETCS-Stützstelle;;S1;Strecke 1;0/00:16:33;-;140,00;1,0000;1,030;-;-;54,0;118,0;ETCS L1;False;False;0;-; 0,0; 0,0; 0,0;S1: VDV 1 - Strecke 1 - null;0,000000;31642,0;  0,0;6227,3;  0,0;1,030;1,00;1,00;"80 0622-19.0;";0;ETCS fallend;;;False;ETCS fallend;False;00:50:21;00:50:21;-;-;False;-;-;3021;3021
24650;ETCS fallend;0/00:50:22;0/00:50:22;00:50;00:50;00:50;00:50;-;100,00;97,09;100,00;-;100,00;-;K;-;ETCS-Stützstelle;;S1;Strecke 1;0/00:16:34;-;140,00;1,0000;1,030;-;-;54,0;118,0;ETCS L1;False;False;0;-; 0,0; 0,0; 0,0;S1: VDV 1 - Strecke 1 - null;0,000000;31642,0;  0,0;6227,3;  0,0;1,030;1,00;1,00;"80 0622-19.0;";0;ETCS fallend;;;False;ETCS fallend;False;00:50:22;00:50:22;-;-;False;-;-;3022;3022
24675;ETCS fallend;0/00:50:23;0/00:50:23;00:50;00:50;00:50;00:50;-;100,00;97,09;100,00;-;100,00;-;K;-;ETCS-Stützstelle;;S1;Strecke 1;0/00:16:35;-;140,00;1,0000;1,030;-;-;54,0;118,0;ETCS L1;False;False;0;-; 0,0; 0,0; 0,0;S1: VDV 1 - Strecke 1 - null;0,000000;31642,0;  0,0;6227,3;  0,0;1,030;1,00;1,00;"80 0622-19.0;";0;ETCS fallend;;;False;ETCS fallend;False;00:50:23;00:50:23;-;-;False;-;-;3023;3023
24700;ETCS fallend;0/00:50:24;0/00:50:24;00:50;00:50;00:50;00:50;-;100,00;97,09;100,00;-;100,00;-;K;-;ETCS-Stützstelle;;S1;Strecke 1;0/00:16:36;-;140,00;1,0000;1,030;-;-;54,0;118,0;ETCS L1;False;False;0;-; 0,0; 0,0; 0,0;S1: VDV 1 - Strecke 1 - null;0,000000;31642,0;  0,0;6227,3;  0,0;1,030;1,00;1,00;"80 0622-19.0;";0;ETCS fallend;;;False;ETCS fallend;False;00:50:24;00:50:24;-;-;False;-;-;3024;3024
24725;ETCS fallend;0/00:50:25;0/00:50:25;00:50;00:50;00:50;00:50;-;100,00;97,09;100,00;-;100,00;-;K;-;ETCS-Stützstelle;;S1;Strecke 1;0/00:16:37;-;140,00;1,0000;1,030;-;-;54,0;118,0;ETCS L1;False;False;0;-; 0,0; 0,0; 0,0;S1: VDV 1 - Strecke 1 - null;0,000000;31642,0;  0,0;6227,3;  0,0;1,030;1,00;1,00;"80 0622-19.0;";0;ETCS fallend;;;False;ETCS fallend;False;00:50:25;00:50:25;-;-;False;-;-;3025;3025
24750;ETCS fallend;0/00:50:26;0/00:50:26;00:50;00:50;00:50;00:50;-;100,00;97,09;100,00;-;100,00;-;K;-;ETCS-Stützstelle;;S1;Strecke 1;0/00:16:38;-;140,00;1,0000;1,030;-;-;54,0;118,0;ETCS L1;False;False;0;-; 0,0; 0,0; 0,0;S1: VDV 1 - Strecke 1 - null;0,000000;31642,0;  0,0;6227,3;  0,0;1,030;1,00;1,00;"80 0622-19.0;";0;ETCS fallend;;;False;ETCS fallend;False;00:50:26;00:50:26;-;-;False;-;-;3026;3026
24775;ETCS fallend;0/00:50:26;0/00:50:26;00:50;00:50;00:50;00:50;-;100,00;97,09;100,00;-;100,00;-;K;-;ETCS-Stützstelle;;S1;Strecke 1;0/00:16:38;-;140,00;1,0000;1,030;-;-;54,0;118,0;ETCS L1;False;False;0;-; 0,0; 0,0; 0,0;S1: VDV 1 - Strecke 1 - null;0,000000;31642,0;  0,0;6227,3;  0,0;1,030;1,00;1,00;"80 0622-19.0;";0;ETCS fallend;;;False;ETCS fallend;False;00:50:26;00:50:26;-;-;False;-;-;3026;3026
24800;ETCS fallend;0/00:50:27;0/00:50:27;00:50;00:50;00:50;00:50;-;100,00;97,09;100,00;-;100,00;-;K;-;ETCS-Stützstelle;;S1;Strecke 1;0/00:16:39;-;140,00;1,0000;1,030;-;-;54,0;118,0;ETCS L1;False;False;0;-; 0,0; 0,0; 0,0;S1: VDV 1 - Strecke 1 - null;0,000000;31642,0;  0,0;6227,3;  0,0;1,030;1,00;1,00;"80 0622-19.0;";0;ETCS fallend;;;False;ETCS fallend;False;00:50:27;00:50:27;-;-;False;-;-;3027;3027
24825;ETCS fallend;0/00:50:28;0/00:50:28;00:50;00:50;00:50;00:50;-;100,00;97,09;100,00;-;100,00;-;K;-;ETCS-Stützstelle;;S1;Strecke 1;0/00:16:40;-;140,00;1,0000;1,030;-;-;54,0;118,0;ETCS L1;False;False;0;-; 0,0; 0,0; 0,0;S1: VDV 1 - Strecke 1 - null;0,000000;31642,0;  0,0;6227,3;  0,0;1,030;1,00;1,00;"80 0622-19.0;";0;ETCS fallend;;;False;ETCS fallend;False;00:50:28;00:50:28;-;-;False;-;-;3028;3028
24850;ETCS fallend;0/00:50:29;0/00:50:29;00:50;00:50;00:50;00:50;-;100,00;97,09;100,00;-;100,00;-;K;-;ETCS-Stützstelle;;S1;Strecke 1;0/00:16:41;-;140,00;1,0000;1,030;-;-;54,0;118,0;ETCS L1;False;False;0;-; 0,0; 0,0; 0,0;S1: VDV 1 - Strecke 1 - null;0,000000;31642,0;  0,0;6227,3;  0,0;1,030;1,00;1,00;"80 0622-19.0;";0;ETCS fallend;;;False;ETCS fallend;False;00:50:29;00:50:29;-;-;False;-;-;3029;3029
24875;ETCS fallend;0/00:50:30;0/00:50:30;00:51;00:51;00:51;00:51;-;100,00;97,09;100,00;-;100,00;-;K;-;ETCS-Stützstelle;;S1;Strecke 1;0/00:16:42;-;140,00;1,0000;1,030;-;-;54,0;118,0;ETCS L1;False;False;0;-; 0,0; 0,0; 0,0;S1: VDV 1 - Strecke 1 - null;0,000000;31642,0;  0,0;6227,3;  0,0;1,030;1,00;1,00;"80 0622-19.0;";0;ETCS fallend;;;False;ETCS fallend;False;00:50:30;00:50:30;-;-;False;-;-;3030;3030
24900;ETCS fallend;0/00:50:31;0/00:50:31;00:51;00:51;00:51;00:51;-;100,00;97,09;100,00;-;100,00;-;K;-;ETCS-Stützstelle;;S1;Strecke 1;0/00:16:43;-;140,00;1,0000;1,030;-;-;54,0;118,0;ETCS L1;False;False;0;-; 0,0; 0,0; 0,0;S1: VDV 1 - Strecke 1 - null;0,000000;31642,0;  0,0;6227,3;  0,0;1,030;1,00;1,00;"80 0622-19.0;";0;ETCS fallend;;;False;ETCS fallend;False;00:50:31;00:50:31;-;-;False;-;-;3031;3031
24925;ETCS fallend;0/00:50:32;0/00:50:32;00:51;00:51;00:51;00:51;-;100,00;97,09;100,00;-;100,00;-;K;-;ETCS-Stützstelle;;S1;Strecke 1;0/00:16:44;-;140,00;1,0000;1,030;-;-;54,0;118,0;ETCS L1;False;False;0;-; 0,0; 0,0; 0,0;S1: VDV 1 - Strecke 1 - null;0,000000;31642,0;  0,0;6227,3;  0,0;1,030;1,00;1,00;"80 0622-19.0;";0;ETCS fallend;;;False;ETCS fallend;False;00:50:32;00:50:32;-;-;False;-;-;3032;3032
24950;ETCS fallend;0/00:50:33;0/00:50:33;00:51;00:51;00:51;00:51;-;100,00;97,09;100,00;-;100,00;-;K;-;ETCS-Stützstelle;;S1;Strecke 1;0/00:16:45;-;140,00;1,0000;1,030;-;-;54,0;118,0;ETCS L1;False;False;0;-; 0,0; 0,0; 0,0;S1: VDV 1 - Strecke 1 - null;0,000000;31642,0;  0,0;6227,3;  0,0;1,030;1,00;1,00;"80 0622-19.0;";0;ETCS fallend;;;False;ETCS fallend;False;00:50:33;00:50:33;-;-;False;-;-;3033;3033
24975;ETCS fallend;0/00:50:34;0/00:50:34;00:51;00:51;00:51;00:51;-;100,00;97,09;100,00;-;100,00;-;K;-;ETCS-Stützstelle;;S1;Strecke 1;0/00:16:46;-;140,00;1,0000;1,030;-;-;54,0;118,0;ETCS L1;False;False;0;-; 0,0; 0,0; 0,0;S1: VDV 1 - Strecke 1 - null;0,000000;31642,0;  0,0;6227,3;  0,0;1,030;1,00;1,00;"80 0622-19.0;";0;ETCS fallend;;;False;ETCS fallend;False;00:50:34;00:50:34;-;-;False;-;-;3034;3034
25000;ETCS fallend;0/00:50:35;0/00:50:35;00:51;00:51;00:51;00:51;-;100,00;97,09;100,00;-;100,00;-;K;-;ETCS-Stützstelle;;S1;Strecke 1;0/00:16:47;-;140,00;1,0000;1,030;-;-;54,0;118,0;ETCS L1;False;False;0;-; 0,0; 0,0; 0,0;S1: VDV 1 - Strecke 1 - null;0,000000;31642,0;  0,0;6227,3;  0,0;1,030;1,00;1,00;"80 0622-19.0;";0;ETCS fallend;;;False;ETCS fallend;False;00:50:35;00:50:35;-;-;False;-;-;3035;3035
25025;ETCS fallend;0/00:50:36;0/00:50:36;00:51;00:51;00:51;00:51;-;100,00;97,09;100,00;-;100,00;-;K;-;ETCS-Stützstelle;;S1;Strecke 1;0/00:16:47;-;140,00;1,0000;1,030;-;-;54,0;118,0;ETCS L1;False;False;0;-; 0,0; 0,0; 0,0;S1: VDV 1 - Strecke 1 - null;0,000000;31642,0;  0,0;6227,3;  0,0;1,030;1,00;1,00;"80 0622-19.0;";0;ETCS fallend;;;False;ETCS fallend;False;00:50:36;00:50:36;-;-;False;-;-;3036;3036
25050;ETCS fallend;0/00:50:37;0/00:50:37;00:51;00:51;00:51;00:51;-;100,00;97,09;100,00;-;100,00;-;K;-;ETCS-Stützstelle;;S1;Strecke 1;0/00:16:48;-;140,00;1,0000;1,030;-;-;54,0;118,0;ETCS L1;False;False;0;-; 0,0; 0,0; 0,0;S1: VDV 1 - Strecke 1 - null;0,000000;31642,0;  0,0;6227,3;  0,0;1,030;1,00;1,00;"80 0622-19.0;";0;ETCS fallend;;;False;ETCS fallend;False;00:50:37;00:50:37;-;-;False;-;-;3037;3037
25075;ETCS fallend;0/00:50:38;0/00:50:38;00:51;00:51;00:51;00:51;-;100,00;97,09;100,00;-;100,00;-;K;-;ETCS-Stützstelle;;S1;Strecke 1;0/00:16:49;-;140,00;1,0000;1,030;-;-;54,0;118,0;ETCS L1;False;False;0;-; 0,0; 0,0; 0,0;S1: VDV 1 - Strecke 1 - null;0,000000;31642,0;  0,0;6227,3;  0,0;1,030;1,00;1,00;"80 0622-19.0;";0;ETCS fallend;;;False;ETCS fallend;False;00:50:38;00:50:38;-;-;False;-;-;3038;3038
25100;ETCS fallend;0/00:50:39;0/00:50:39;00:51;00:51;00:51;00:51;-;100,00;97,09;100,00;-;100,00;-;K;-;ETCS-Stützstelle;;S1;Strecke 1;0/00:16:50;-;140,00;1,0000;1,030;-;-;54,0;118,0;ETCS L1;False;False;0;-; 0,0; 0,0; 0,0;S1: VDV 1 - Strecke 1 - null;0,000000;31642,0;  0,0;6227,3;  0,0;1,030;1,00;1,00;"80 0622-19.0;";0;ETCS fallend;;;False;ETCS fallend;False;00:50:39;00:50:39;-;-;False;-;-;3039;3039
25125;ETCS fallend;0/00:50:39;0/00:50:39;00:51;00:51;00:51;00:51;-;100,00;97,09;100,00;-;100,00;-;K;-;ETCS-Stützstelle;;S1;Strecke 1;0/00:16:51;-;140,00;1,0000;1,030;-;-;54,0;118,0;ETCS L1;False;False;0;-; 0,0; 0,0; 0,0;S1: VDV 1 - Strecke 1 - null;0,000000;31642,0;  0,0;6227,3;  0,0;1,030;1,00;1,00;"80 0622-19.0;";0;ETCS fallend;;;False;ETCS fallend;False;00:50:39;00:50:39;-;-;False;-;-;3039;3039
25150;ETCS fallend;0/00:50:40;0/00:50:40;00:51;00:51;00:51;00:51;-;100,00;97,09;100,00;-;100,00;-;K;-;ETCS-Stützstelle;;S1;Strecke 1;0/00:16:52;-;140,00;1,0000;1,030;-;-;54,0;118,0;ETCS L1;False;False;0;-; 0,0; 0,0; 0,0;S1: VDV 1 - Strecke 1 - null;0,000000;31642,0;  0,0;6227,3;  0,0;1,030;1,00;1,00;"80 0622-19.0;";0;ETCS fallend;;;False;ETCS fallend;False;00:50:40;00:50:40;-;-;False;-;-;3040;3040
25175;ETCS fallend;0/00:50:41;0/00:50:41;00:51;00:51;00:51;00:51;-;100,00;97,09;100,00;-;100,00;-;K;-;ETCS-Stützstelle;;S1;Strecke 1;0/00:16:53;-;140,00;1,0000;1,030;-;-;54,0;118,0;ETCS L1;False;False;0;-; 0,0; 0,0; 0,0;S1: VDV 1 - Strecke 1 - null;0,000000;31642,0;  0,0;6227,3;  0,0;1,030;1,00;1,00;"80 0622-19.0;";0;ETCS fallend;;;False;ETCS fallend;False;00:50:41;00:50:41;-;-;False;-;-;3041;3041
25200;ETCS fallend;0/00:50:42;0/00:50:42;00:51;00:51;00:51;00:51;-;100,00;97,09;100,00;-;100,00;-;K;-;ETCS-Stützstelle;;S1;Strecke 1;0/00:16:54;-;140,00;1,0000;1,030;-;-;54,0;118,0;ETCS L1;False;False;0;-; 0,0; 0,0; 0,0;S1: VDV 1 - Strecke 1 - null;0,000000;31642,0;  0,0;6227,3;  0,0;1,030;1,00;1,00;"80 0622-19.0;";0;ETCS fallend;;;False;ETCS fallend;False;00:50:42;00:50:42;-;-;False;-;-;3042;3042
25225;ETCS fallend;0/00:50:43;0/00:50:43;00:51;00:51;00:51;00:51;-;100,00;97,09;100,00;-;100,00;-;K;-;ETCS-Stützstelle;;S1;Strecke 1;0/00:16:55;-;140,00;1,0000;1,030;-;-;54,0;118,0;ETCS L1;False;False;0;-; 0,0; 0,0; 0,0;S1: VDV 1 - Strecke 1 - null;0,000000;31642,0;  0,0;6227,3;  0,0;1,030;1,00;1,00;"80 0622-19.0;";0;ETCS fallend;;;False;ETCS fallend;False;00:50:43;00:50:43;-;-;False;-;-;3043;3043
25250;ETCS fallend;0/00:50:44;0/00:50:44;00:51;00:51;00:51;00:51;-;100,00;97,09;100,00;-;100,00;-;K;-;ETCS-Stützstelle;;S1;Strecke 1;0/00:16:56;-;140,00;1,0000;1,030;-;-;54,0;118,0;ETCS L1;False;False;0;-; 0,0; 0,0; 0,0;S1: VDV 1 - Strecke 1 - null;0,000000;31642,0;  0,0;6227,3;  0,0;1,030;1,00;1,00;"80 0622-19.0;";0;ETCS fallend;;;False;ETCS fallend;False;00:50:44;00:50:44;-;-;False;-;-;3044;3044
25275;ETCS fallend;0/00:50:45;0/00:50:45;00:51;00:51;00:51;00:51;-;100,00;97,09;100,00;-;100,00;-;K;-;ETCS-Stützstelle;;S1;Strecke 1;0/00:16:56;-;140,00;1,0000;1,030;-;-;54,0;118,0;ETCS L1;False;False;0;-; 0,0; 0,0; 0,0;S1: VDV 1 - Strecke 1 - null;0,000000;31642,0;  0,0;6227,3;  0,0;1,030;1,00;1,00;"80 0622-19.0;";0;ETCS fallend;;;False;ETCS fallend;False;00:50:45;00:50:45;-;-;False;-;-;3045;3045
25300;ETCS fallend;0/00:50:46;0/00:50:46;00:51;00:51;00:51;00:51;-;100,00;97,09;100,00;-;100,00;-;K;-;ETCS-Stützstelle;;S1;Strecke 1;0/00:16:57;-;140,00;1,0000;1,030;-;-;54,0;118,0;ETCS L1;False;False;0;-; 0,0; 0,0; 0,0;S1: VDV 1 - Strecke 1 - null;0,000000;31642,0;  0,0;6227,3;  0,0;1,030;1,00;1,00;"80 0622-19.0;";0;ETCS fallend;;;False;ETCS fallend;False;00:50:46;00:50:46;-;-;False;-;-;3046;3046
25325;ETCS fallend;0/00:50:47;0/00:50:47;00:51;00:51;00:51;00:51;-;100,00;97,09;100,00;-;100,00;-;K;-;ETCS-Stützstelle;;S1;Strecke 1;0/00:16:58;-;140,00;1,0000;1,030;-;-;54,0;118,0;ETCS L1;False;False;0;-; 0,0; 0,0; 0,0;S1: VDV 1 - Strecke 1 - null;0,000000;31642,0;  0,0;6227,3;  0,0;1,030;1,00;1,00;"80 0622-19.0;";0;ETCS fallend;;;False;ETCS fallend;False;00:50:47;00:50:47;-;-;False;-;-;3047;3047
25350;ETCS fallend;0/00:50:48;0/00:50:48;00:51;00:51;00:51;00:51;-;100,00;97,09;100,00;-;100,00;-;K;-;ETCS-Stützstelle;;S1;Strecke 1;0/00:16:59;-;140,00;1,0000;1,030;-;-;54,0;118,0;ETCS L1;False;False;0;-; 0,0; 0,0; 0,0;S1: VDV 1 - Strecke 1 - null;0,000000;31642,0;  0,0;6227,3;  0,0;1,030;1,00;1,00;"80 0622-19.0;";0;ETCS fallend;;;False;ETCS fallend;False;00:50:48;00:50:48;-;-;False;-;-;3048;3048
25375;ETCS fallend;0/00:50:49;0/00:50:49;00:51;00:51;00:51;00:51;-;100,00;97,09;100,00;-;100,00;-;K;-;ETCS-Stützstelle;;S1;Strecke 1;0/00:17:00;-;140,00;1,0000;1,030;-;-;54,0;118,0;ETCS L1;False;False;0;-; 0,0; 0,0; 0,0;S1: VDV 1 - Strecke 1 - null;0,000000;31642,0;  0,0;6227,3;  0,0;1,030;1,00;1,00;"80 0622-19.0;";0;ETCS fallend;;;False;ETCS fallend;False;00:50:49;00:50:49;-;-;False;-;-;3049;3049
25400;ETCS fallend;0/00:50:50;0/00:50:50;00:51;00:51;00:51;00:51;-;100,00;97,09;100,00;-;100,00;-;K;-;ETCS-Stützstelle;;S1;Strecke 1;0/00:17:01;-;140,00;1,0000;1,030;-;-;54,0;118,0;ETCS L1;False;False;0;-; 0,0; 0,0; 0,0;S1: VDV 1 - Strecke 1 - null;0,000000;31642,0;  0,0;6227,3;  0,0;1,030;1,00;1,00;"80 0622-19.0;";0;ETCS fallend;;;False;ETCS fallend;False;00:50:50;00:50:50;-;-;False;-;-;3050;3050
25425;ETCS fallend;0/00:50:51;0/00:50:51;00:51;00:51;00:51;00:51;-;100,00;97,09;100,00;-;100,00;-;K;-;ETCS-Stützstelle;;S1;Strecke 1;0/00:17:02;-;140,00;1,0000;1,030;-;-;54,0;118,0;ETCS L1;False;False;0;-; 0,0; 0,0; 0,0;S1: VDV 1 - Strecke 1 - null;0,000000;31642,0;  0,0;6227,3;  0,0;1,030;1,00;1,00;"80 0622-19.0;";0;ETCS fallend;;;False;ETCS fallend;False;00:50:51;00:50:51;-;-;False;-;-;3051;3051
25450;ETCS fallend;0/00:50:51;0/00:50:51;00:51;00:51;00:51;00:51;-;100,00;97,09;100,00;-;100,00;-;K;-;ETCS-Stützstelle;;S1;Strecke 1;0/00:17:03;-;140,00;1,0000;1,030;-;-;54,0;118,0;ETCS L1;False;False;0;-; 0,0; 0,0; 0,0;S1: VDV 1 - Strecke 1 - null;0,000000;31642,0;  0,0;6227,3;  0,0;1,030;1,00;1,00;"80 0622-19.0;";0;ETCS fallend;;;False;ETCS fallend;False;00:50:51;00:50:51;-;-;False;-;-;3051;3051
25475;ETCS fallend;0/00:50:52;0/00:50:52;00:51;00:51;00:51;00:51;-;100,00;97,09;100,00;-;100,00;-;K;-;ETCS-Stützstelle;;S1;Strecke 1;0/00:17:04;-;140,00;1,0000;1,030;-;-;54,0;118,0;ETCS L1;False;False;0;-; 0,0; 0,0; 0,0;S1: VDV 1 - Strecke 1 - null;0,000000;31642,0;  0,0;6227,3;  0,0;1,030;1,00;1,00;"80 0622-19.0;";0;ETCS fallend;;;False;ETCS fallend;False;00:50:52;00:50:52;-;-;False;-;-;3052;3052
25500;ETCS fallend;0/00:50:53;0/00:50:53;00:51;00:51;00:51;00:51;-;100,00;97,09;100,00;-;100,00;-;K;-;ETCS-Stützstelle;;S1;Strecke 1;0/00:17:05;-;140,00;1,0000;1,030;-;-;54,0;118,0;ETCS L1;False;False;0;-; 0,0; 0,0; 0,0;S1: VDV 1 - Strecke 1 - null;0,000000;31642,0;  0,0;6227,3;  0,0;1,030;1,00;1,00;"80 0622-19.0;";0;ETCS fallend;;;False;ETCS fallend;False;00:50:53;00:50:53;-;-;False;-;-;3053;3053
25525;ETCS fallend;0/00:50:54;0/00:50:54;00:51;00:51;00:51;00:51;-;100,00;97,09;100,00;-;100,00;-;K;-;ETCS-Stützstelle;;S1;Strecke 1;0/00:17:05;-;140,00;1,0000;1,030;-;-;54,0;118,0;ETCS L1;False;False;0;-; 0,0; 0,0; 0,0;S1: VDV 1 - Strecke 1 - null;0,000000;31642,0;  0,0;6227,3;  0,0;1,030;1,00;1,00;"80 0622-19.0;";0;ETCS fallend;;;False;ETCS fallend;False;00:50:54;00:50:54;-;-;False;-;-;3054;3054
25550;ETCS fallend;0/00:50:55;0/00:50:55;00:51;00:51;00:51;00:51;-;100,00;97,09;100,00;-;100,00;-;K;-;ETCS-Stützstelle;;S1;Strecke 1;0/00:17:06;-;140,00;1,0000;1,030;-;-;54,0;118,0;ETCS L1;False;False;0;-; 0,0; 0,0; 0,0;S1: VDV 1 - Strecke 1 - null;0,000000;31642,0;  0,0;6227,3;  0,0;1,030;1,00;1,00;"80 0622-19.0;";0;ETCS fallend;;;False;ETCS fallend;False;00:50:55;00:50:55;-;-;False;-;-;3055;3055
25575;ETCS fallend;0/00:50:56;0/00:50:56;00:51;00:51;00:51;00:51;-;100,00;97,09;100,00;-;100,00;-;K;-;ETCS-Stützstelle;;S1;Strecke 1;0/00:17:07;-;140,00;1,0000;1,030;-;-;54,0;118,0;ETCS L1;False;False;0;-; 0,0; 0,0; 0,0;S1: VDV 1 - Strecke 1 - null;0,000000;31642,0;  0,0;6227,3;  0,0;1,030;1,00;1,00;"80 0622-19.0;";0;ETCS fallend;;;False;ETCS fallend;False;00:50:56;00:50:56;-;-;False;-;-;3056;3056
25600;ETCS fallend;0/00:50:57;0/00:50:57;00:51;00:51;00:51;00:51;-;100,00;97,09;100,00;-;100,00;-;K;-;ETCS-Stützstelle;;S1;Strecke 1;0/00:17:08;-;140,00;1,0000;1,030;-;-;54,0;118,0;ETCS L1;False;False;0;-; 0,0; 0,0; 0,0;S1: VDV 1 - Strecke 1 - null;0,000000;31642,0;  0,0;6227,3;  0,0;1,030;1,00;1,00;"80 0622-19.0;";0;ETCS fallend;;;False;ETCS fallend;False;00:50:57;00:50:57;-;-;False;-;-;3057;3057
25625;ETCS fallend;0/00:50:58;0/00:50:58;00:51;00:51;00:51;00:51;-;100,00;97,09;100,00;-;100,00;-;K;-;ETCS-Stützstelle;;S1;Strecke 1;0/00:17:09;-;140,00;1,0000;1,030;-;-;54,0;118,0;ETCS L1;False;False;0;-; 0,0; 0,0; 0,0;S1: VDV 1 - Strecke 1 - null;0,000000;31642,0;  0,0;6227,3;  0,0;1,030;1,00;1,00;"80 0622-19.0;";0;ETCS fallend;;;False;ETCS fallend;False;00:50:58;00:50:58;-;-;False;-;-;3058;3058
25650;ETCS fallend;0/00:50:59;0/00:50:59;00:51;00:51;00:51;00:51;-;100,00;97,09;100,00;-;100,00;-;K;-;ETCS-Stützstelle;;S1;Strecke 1;0/00:17:10;-;140,00;1,0000;1,030;-;-;54,0;118,0;ETCS L1;False;False;0;-; 0,0; 0,0; 0,0;S1: VDV 1 - Strecke 1 - null;0,000000;31642,0;  0,0;6227,3;  0,0;1,030;1,00;1,00;"80 0622-19.0;";0;ETCS fallend;;;False;ETCS fallend;False;00:50:59;00:50:59;-;-;False;-;-;3059;3059
25675;ETCS fallend;0/00:51:00;0/00:51:00;00:51;00:51;00:51;00:51;-;100,00;97,09;100,00;-;100,00;-;K;-;ETCS-Stützstelle;;S1;Strecke 1;0/00:17:11;-;140,00;1,0000;1,030;-;-;54,0;118,0;ETCS L1;False;False;0;-; 0,0; 0,0; 0,0;S1: VDV 1 - Strecke 1 - null;0,000000;31642,0;  0,0;6227,3;  0,0;1,030;1,00;1,00;"80 0622-19.0;";0;ETCS fallend;;;False;ETCS fallend;False;00:51:00;00:51:00;-;-;False;-;-;3060;3060
25700;ETCS fallend;0/00:51:01;0/00:51:01;00:51;00:51;00:51;00:51;-;100,00;97,09;100,00;-;100,00;-;K;-;ETCS-Stützstelle;;S1;Strecke 1;0/00:17:12;-;140,00;1,0000;1,030;-;-;54,0;118,0;ETCS L1;False;False;0;-; 0,0; 0,0; 0,0;S1: VDV 1 - Strecke 1 - null;0,000000;31642,0;  0,0;6227,3;  0,0;1,030;1,00;1,00;"80 0622-19.0;";0;ETCS fallend;;;False;ETCS fallend;False;00:51:01;00:51:01;-;-;False;-;-;3061;3061
25725;ETCS fallend;0/00:51:02;0/00:51:02;00:51;00:51;00:51;00:51;-;100,00;97,09;100,00;-;100,00;-;K;-;ETCS-Stützstelle;;S1;Strecke 1;0/00:17:13;-;140,00;1,0000;1,030;-;-;54,0;118,0;ETCS L1;False;False;0;-; 0,0; 0,0; 0,0;S1: VDV 1 - Strecke 1 - null;0,000000;31642,0;  0,0;6227,3;  0,0;1,030;1,00;1,00;"80 0622-19.0;";0;ETCS fallend;;;False;ETCS fallend;False;00:51:02;00:51:02;-;-;False;-;-;3062;3062
25750;ETCS fallend;0/00:51:03;0/00:51:03;00:51;00:51;00:51;00:51;-;100,00;97,09;100,00;-;100,00;-;K;-;ETCS-Stützstelle;;S1;Strecke 1;0/00:17:14;-;140,00;1,0000;1,030;-;-;54,0;118,0;ETCS L1;False;False;0;-; 0,0; 0,0; 0,0;S1: VDV 1 - Strecke 1 - null;0,000000;31642,0;  0,0;6227,3;  0,0;1,030;1,00;1,00;"80 0622-19.0;";0;ETCS fallend;;;False;ETCS fallend;False;00:51:03;00:51:03;-;-;False;-;-;3063;3063
25775;ETCS fallend;0/00:51:04;0/00:51:04;00:51;00:51;00:51;00:51;-;100,00;97,09;100,00;-;100,00;-;K;-;ETCS-Stützstelle;;S1;Strecke 1;0/00:17:14;-;140,00;1,0000;1,030;-;-;54,0;118,0;ETCS L1;False;False;0;-; 0,0; 0,0; 0,0;S1: VDV 1 - Strecke 1 - null;0,000000;31642,0;  0,0;6227,3;  0,0;1,030;1,00;1,00;"80 0622-19.0;";0;ETCS fallend;;;False;ETCS fallend;False;00:51:04;00:51:04;-;-;False;-;-;3064;3064
25800;ETCS fallend;0/00:51:04;0/00:51:04;00:51;00:51;00:51;00:51;-;100,00;97,09;100,00;-;100,00;-;K;-;ETCS-Stützstelle;;S1;Strecke 1;0/00:17:15;-;140,00;1,0000;1,030;-;-;54,0;118,0;ETCS L1;False;False;0;-; 0,0; 0,0; 0,0;S1: VDV 1 - Strecke 1 - null;0,000000;31642,0;  0,0;6227,3;  0,0;1,030;1,00;1,00;"80 0622-19.0;";0;ETCS fallend;;;False;ETCS fallend;False;00:51:04;00:51:04;-;-;False;-;-;3064;3064
25825;ETCS fallend;0/00:51:05;0/00:51:05;00:51;00:51;00:51;00:51;-;100,00;97,09;100,00;-;100,00;-;K;-;ETCS-Stützstelle;;S1;Strecke 1;0/00:17:16;-;140,00;1,0000;1,030;-;-;54,0;118,0;ETCS L1;False;False;0;-; 0,0; 0,0; 0,0;S1: VDV 1 - Strecke 1 - null;0,000000;31642,0;  0,0;6227,3;  0,0;1,030;1,00;1,00;"80 0622-19.0;";0;ETCS fallend;;;False;ETCS fallend;False;00:51:05;00:51:05;-;-;False;-;-;3065;3065
25850;ETCS fallend;0/00:51:06;0/00:51:06;00:51;00:51;00:51;00:51;-;100,00;97,09;100,00;-;100,00;-;K;-;ETCS-Stützstelle;;S1;Strecke 1;0/00:17:17;-;140,00;1,0000;1,030;-;-;54,0;118,0;ETCS L1;False;False;0;-; 0,0; 0,0; 0,0;S1: VDV 1 - Strecke 1 - null;0,000000;31642,0;  0,0;6227,3;  0,0;1,030;1,00;1,00;"80 0622-19.0;";0;ETCS fallend;;;False;ETCS fallend;False;00:51:06;00:51:06;-;-;False;-;-;3066;3066
25875;ETCS fallend;0/00:51:07;0/00:51:07;00:51;00:51;00:51;00:51;-;100,00;97,09;100,00;-;100,00;-;K;-;ETCS-Stützstelle;;S1;Strecke 1;0/00:17:18;-;140,00;1,0000;1,030;-;-;54,0;118,0;ETCS L1;False;False;0;-; 0,0; 0,0; 0,0;S1: VDV 1 - Strecke 1 - null;0,000000;31642,0;  0,0;6227,3;  0,0;1,030;1,00;1,00;"80 0622-19.0;";0;ETCS fallend;;;False;ETCS fallend;False;00:51:07;00:51:07;-;-;False;-;-;3067;3067
25900;ETCS fallend;0/00:51:08;0/00:51:08;00:51;00:51;00:51;00:51;-;100,00;97,09;100,00;-;100,00;-;K;-;ETCS-Stützstelle;;S1;Strecke 1;0/00:17:19;-;140,00;1,0000;1,030;-;-;54,0;118,0;ETCS L1;False;False;0;-; 0,0; 0,0; 0,0;S1: VDV 1 - Strecke 1 - null;0,000000;31642,0;  0,0;6227,3;  0,0;1,030;1,00;1,00;"80 0622-19.0;";0;ETCS fallend;;;False;ETCS fallend;False;00:51:08;00:51:08;-;-;False;-;-;3068;3068
25925;ETCS fallend;0/00:51:09;0/00:51:09;00:51;00:51;00:51;00:51;-;100,00;97,09;100,00;-;100,00;-;K;-;ETCS-Stützstelle;;S1;Strecke 1;0/00:17:20;-;140,00;1,0000;1,030;-;-;54,0;118,0;ETCS L1;False;False;0;-; 0,0; 0,0; 0,0;S1: VDV 1 - Strecke 1 - null;0,000000;31642,0;  0,0;6227,3;  0,0;1,030;1,00;1,00;"80 0622-19.0;";0;ETCS fallend;;;False;ETCS fallend;False;00:51:09;00:51:09;-;-;False;-;-;3069;3069
25950;ETCS fallend;0/00:51:10;0/00:51:10;00:51;00:51;00:51;00:51;-;100,00;97,09;100,00;-;100,00;-;K;-;ETCS-Stützstelle;;S1;Strecke 1;0/00:17:21;-;140,00;1,0000;1,030;-;-;54,0;118,0;ETCS L1;False;False;0;-; 0,0; 0,0; 0,0;S1: VDV 1 - Strecke 1 - null;0,000000;31642,0;  0,0;6227,3;  0,0;1,030;1,00;1,00;"80 0622-19.0;";0;ETCS fallend;;;False;ETCS fallend;False;00:51:10;00:51:10;-;-;False;-;-;3070;3070
25975;ETCS fallend;0/00:51:11;0/00:51:11;00:51;00:51;00:51;00:51;-;100,00;97,09;100,00;-;100,00;-;K;-;ETCS-Stützstelle;;S1;Strecke 1;0/00:17:22;-;140,00;1,0000;1,030;-;-;54,0;118,0;ETCS L1;False;False;0;-; 0,0; 0,0; 0,0;S1: VDV 1 - Strecke 1 - null;0,000000;31642,0;  0,0;6227,3;  0,0;1,030;1,00;1,00;"80 0622-19.0;";0;ETCS fallend;;;False;ETCS fallend;False;00:51:11;00:51:11;-;-;False;-;-;3071;3071
26000;ETCS fallend;0/00:51:12;0/00:51:12;00:51;00:51;00:51;00:51;-;100,00;97,09;100,00;-;100,00;-;K;-;ETCS-Stützstelle;;S1;Strecke 1;0/00:17:23;-;140,00;1,0000;1,030;-;-;54,0;118,0;ETCS L1;False;False;0;-; 0,0; 0,0; 0,0;S1: VDV 1 - Strecke 1 - null;0,000000;31642,0;  0,0;6227,3;  0,0;1,030;1,00;1,00;"80 0622-19.0;";0;ETCS fallend;;;False;ETCS fallend;False;00:51:12;00:51:12;-;-;False;-;-;3072;3072
26025;ETCS fallend;0/00:51:13;0/00:51:13;00:51;00:51;00:51;00:51;-;100,00;97,09;100,00;-;100,00;-;K;-;ETCS-Stützstelle;;S1;Strecke 1;0/00:17:23;-;140,00;1,0000;1,030;-;-;54,0;118,0;ETCS L1;False;False;0;-; 0,0; 0,0; 0,0;S1: VDV 1 - Strecke 1 - null;0,000000;31642,0;  0,0;6227,3;  0,0;1,030;1,00;1,00;"80 0622-19.0;";0;ETCS fallend;;;False;ETCS fallend;False;00:51:13;00:51:13;-;-;False;-;-;3073;3073
26050;ETCS fallend;0/00:51:14;0/00:51:14;00:51;00:51;00:51;00:51;-;100,00;97,09;100,00;-;100,00;-;K;-;ETCS-Stützstelle;;S1;Strecke 1;0/00:17:24;-;140,00;1,0000;1,030;-;-;54,0;118,0;ETCS L1;False;False;0;-; 0,0; 0,0; 0,0;S1: VDV 1 - Strecke 1 - null;0,000000;31642,0;  0,0;6227,3;  0,0;1,030;1,00;1,00;"80 0622-19.0;";0;ETCS fallend;;;False;ETCS fallend;False;00:51:14;00:51:14;-;-;False;-;-;3074;3074
26075;ETCS fallend;0/00:51:15;0/00:51:15;00:51;00:51;00:51;00:51;-;100,00;97,09;100,00;-;100,00;-;K;-;ETCS-Stützstelle;;S1;Strecke 1;0/00:17:25;-;140,00;1,0000;1,030;-;-;54,0;118,0;ETCS L1;False;False;0;-; 0,0; 0,0; 0,0;S1: VDV 1 - Strecke 1 - null;0,000000;31642,0;  0,0;6227,3;  0,0;1,030;1,00;1,00;"80 0622-19.0;";0;ETCS fallend;;;False;ETCS fallend;False;00:51:15;00:51:15;-;-;False;-;-;3075;3075
26100;ETCS fallend;0/00:51:16;0/00:51:16;00:51;00:51;00:51;00:51;-;100,00;97,09;100,00;-;100,00;-;K;-;ETCS-Stützstelle;;S1;Strecke 1;0/00:17:26;-;140,00;1,0000;1,030;-;-;54,0;118,0;ETCS L1;False;False;0;-; 0,0; 0,0; 0,0;S1: VDV 1 - Strecke 1 - null;0,000000;31642,0;  0,0;6227,3;  0,0;1,030;1,00;1,00;"80 0622-19.0;";0;ETCS fallend;;;False;ETCS fallend;False;00:51:16;00:51:16;-;-;False;-;-;3076;3076
26125;ETCS fallend;0/00:51:17;0/00:51:17;00:51;00:51;00:51;00:51;-;100,00;97,09;100,00;-;100,00;-;K;-;ETCS-Stützstelle;;S1;Strecke 1;0/00:17:27;-;140,00;1,0000;1,030;-;-;54,0;118,0;ETCS L1;False;False;0;-; 0,0; 0,0; 0,0;S1: VDV 1 - Strecke 1 - null;0,000000;31642,0;  0,0;6227,3;  0,0;1,030;1,00;1,00;"80 0622-19.0;";0;ETCS fallend;;;False;ETCS fallend;False;00:51:17;00:51:17;-;-;False;-;-;3077;3077
26150;ETCS fallend;0/00:51:17;0/00:51:17;00:51;00:51;00:51;00:51;-;100,00;97,09;100,00;-;100,00;-;K;-;ETCS-Stützstelle;;S1;Strecke 1;0/00:17:28;-;140,00;1,0000;1,030;-;-;54,0;118,0;ETCS L1;False;False;0;-; 0,0; 0,0; 0,0;S1: VDV 1 - Strecke 1 - null;0,000000;31642,0;  0,0;6227,3;  0,0;1,030;1,00;1,00;"80 0622-19.0;";0;ETCS fallend;;;False;ETCS fallend;False;00:51:17;00:51:17;-;-;False;-;-;3077;3077
26175;ETCS fallend;0/00:51:18;0/00:51:18;00:51;00:51;00:51;00:51;-;100,00;97,09;100,00;-;100,00;-;K;-;ETCS-Stützstelle;;S1;Strecke 1;0/00:17:29;-;140,00;1,0000;1,030;-;-;54,0;118,0;ETCS L1;False;False;0;-; 0,0; 0,0; 0,0;S1: VDV 1 - Strecke 1 - null;0,000000;31642,0;  0,0;6227,3;  0,0;1,030;1,00;1,00;"80 0622-19.0;";0;ETCS fallend;;;False;ETCS fallend;False;00:51:18;00:51:18;-;-;False;-;-;3078;3078
26200;ETCS fallend;0/00:51:19;0/00:51:19;00:51;00:51;00:51;00:51;-;100,00;97,09;100,00;-;100,00;-;K;-;ETCS-Stützstelle;;S1;Strecke 1;0/00:17:30;-;140,00;1,0000;1,030;-;-;54,0;118,0;ETCS L1;False;False;0;-; 0,0; 0,0; 0,0;S1: VDV 1 - Strecke 1 - null;0,000000;31642,0;  0,0;6227,3;  0,0;1,030;1,00;1,00;"80 0622-19.0;";0;ETCS fallend;;;False;ETCS fallend;False;00:51:19;00:51:19;-;-;False;-;-;3079;3079
26225;ETCS fallend;0/00:51:20;0/00:51:20;00:51;00:51;00:51;00:51;-;100,00;97,09;100,00;-;100,00;-;K;-;ETCS-Stützstelle;;S1;Strecke 1;0/00:17:31;-;140,00;1,0000;1,030;-;-;54,0;118,0;ETCS L1;False;False;0;-; 0,0; 0,0; 0,0;S1: VDV 1 - Strecke 1 - null;0,000000;31642,0;  0,0;6227,3;  0,0;1,030;1,00;1,00;"80 0622-19.0;";0;ETCS fallend;;;False;ETCS fallend;False;00:51:20;00:51:20;-;-;False;-;-;3080;3080
26250;ETCS fallend;0/00:51:21;0/00:51:21;00:51;00:51;00:51;00:51;-;100,00;97,09;100,00;-;100,00;-;K;-;ETCS-Stützstelle;;S1;Strecke 1;0/00:17:32;-;140,00;1,0000;1,030;-;-;54,0;118,0;ETCS L1;False;False;0;-; 0,0; 0,0; 0,0;S1: VDV 1 - Strecke 1 - null;0,000000;31642,0;  0,0;6227,3;  0,0;1,030;1,00;1,00;"80 0622-19.0;";0;ETCS fallend;;;False;ETCS fallend;False;00:51:21;00:51:21;-;-;False;-;-;3081;3081
26275;ETCS fallend;0/00:51:22;0/00:51:22;00:51;00:51;00:51;00:51;-;100,00;97,09;100,00;-;100,00;-;K;-;ETCS-Stützstelle;;S1;Strecke 1;0/00:17:32;-;140,00;1,0000;1,030;-;-;54,0;118,0;ETCS L1;False;False;0;-; 0,0; 0,0; 0,0;S1: VDV 1 - Strecke 1 - null;0,000000;31642,0;  0,0;6227,3;  0,0;1,030;1,00;1,00;"80 0622-19.0;";0;ETCS fallend;;;False;ETCS fallend;False;00:51:22;00:51:22;-;-;False;-;-;3082;3082
26300;ETCS fallend;0/00:51:23;0/00:51:23;00:51;00:51;00:51;00:51;-;100,00;97,09;100,00;-;100,00;-;K;-;ETCS-Stützstelle;;S1;Strecke 1;0/00:17:33;-;140,00;1,0000;1,030;-;-;54,0;118,0;ETCS L1;False;False;0;-; 0,0; 0,0; 0,0;S1: VDV 1 - Strecke 1 - null;0,000000;31642,0;  0,0;6227,3;  0,0;1,030;1,00;1,00;"80 0622-19.0;";0;ETCS fallend;;;False;ETCS fallend;False;00:51:23;00:51:23;-;-;False;-;-;3083;3083
26325;ETCS fallend;0/00:51:24;0/00:51:24;00:51;00:51;00:51;00:51;-;100,00;97,09;100,00;-;100,00;-;K;-;ETCS-Stützstelle;;S1;Strecke 1;0/00:17:34;-;140,00;1,0000;1,030;-;-;54,0;118,0;ETCS L1;False;False;0;-; 0,0; 0,0; 0,0;S1: VDV 1 - Strecke 1 - null;0,000000;31642,0;  0,0;6227,3;  0,0;1,030;1,00;1,00;"80 0622-19.0;";0;ETCS fallend;;;False;ETCS fallend;False;00:51:24;00:51:24;-;-;False;-;-;3084;3084
26350;ETCS fallend;0/00:51:25;0/00:51:25;00:51;00:51;00:51;00:51;-;100,00;97,09;100,00;-;100,00;-;K;-;ETCS-Stützstelle;;S1;Strecke 1;0/00:17:35;-;140,00;1,0000;1,030;-;-;54,0;118,0;ETCS L1;False;False;0;-; 0,0; 0,0; 0,0;S1: VDV 1 - Strecke 1 - null;0,000000;31642,0;  0,0;6227,3;  0,0;1,030;1,00;1,00;"80 0622-19.0;";0;ETCS fallend;;;False;ETCS fallend;False;00:51:25;00:51:25;-;-;False;-;-;3085;3085
26375;ETCS fallend;0/00:51:26;0/00:51:26;00:51;00:51;00:51;00:51;-;100,00;97,09;100,00;-;100,00;-;K;-;ETCS-Stützstelle;;S1;Strecke 1;0/00:17:36;-;140,00;1,0000;1,030;-;-;54,0;118,0;ETCS L1;False;False;0;-; 0,0; 0,0; 0,0;S1: VDV 1 - Strecke 1 - null;0,000000;31642,0;  0,0;6227,3;  0,0;1,030;1,00;1,00;"80 0622-19.0;";0;ETCS fallend;;;False;ETCS fallend;False;00:51:26;00:51:26;-;-;False;-;-;3086;3086
26400;ETCS fallend;0/00:51:27;0/00:51:27;00:51;00:51;00:51;00:51;-;100,00;97,09;100,00;-;100,00;-;K;-;ETCS-Stützstelle;;S1;Strecke 1;0/00:17:37;-;140,00;1,0000;1,030;-;-;54,0;118,0;ETCS L1;False;False;0;-; 0,0; 0,0; 0,0;S1: VDV 1 - Strecke 1 - null;0,000000;31642,0;  0,0;6227,3;  0,0;1,030;1,00;1,00;"80 0622-19.0;";0;ETCS fallend;;;False;ETCS fallend;False;00:51:27;00:51:27;-;-;False;-;-;3087;3087
26425;ETCS fallend;0/00:51:28;0/00:51:28;00:51;00:51;00:51;00:51;-;100,00;97,09;100,00;-;100,00;-;K;-;ETCS-Stützstelle;;S1;Strecke 1;0/00:17:38;-;140,00;1,0000;1,030;-;-;54,0;118,0;ETCS L1;False;False;0;-; 0,0; 0,0; 0,0;S1: VDV 1 - Strecke 1 - null;0,000000;31642,0;  0,0;6227,3;  0,0;1,030;1,00;1,00;"80 0622-19.0;";0;ETCS fallend;;;False;ETCS fallend;False;00:51:28;00:51:28;-;-;False;-;-;3088;3088
26450;ETCS fallend;0/00:51:29;0/00:51:29;00:51;00:51;00:51;00:51;-;100,00;97,09;100,00;-;100,00;-;K;-;ETCS-Stützstelle;;S1;Strecke 1;0/00:17:39;-;140,00;1,0000;1,030;-;-;54,0;118,0;ETCS L1;False;False;0;-; 0,0; 0,0; 0,0;S1: VDV 1 - Strecke 1 - null;0,000000;31642,0;  0,0;6227,3;  0,0;1,030;1,00;1,00;"80 0622-19.0;";0;ETCS fallend;;;False;ETCS fallend;False;00:51:29;00:51:29;-;-;False;-;-;3089;3089
26475;ETCS fallend;0/00:51:29;0/00:51:29;00:51;00:51;00:51;00:51;-;100,00;97,09;100,00;-;100,00;-;K;-;ETCS-Stützstelle;;S1;Strecke 1;0/00:17:40;-;140,00;1,0000;1,030;-;-;54,0;118,0;ETCS L1;False;False;0;-; 0,0; 0,0; 0,0;S1: VDV 1 - Strecke 1 - null;0,000000;31642,0;  0,0;6227,3;  0,0;1,030;1,00;1,00;"80 0622-19.0;";0;ETCS fallend;;;False;ETCS fallend;False;00:51:29;00:51:29;-;-;False;-;-;3089;3089
26500;ETCS fallend;0/00:51:30;0/00:51:30;00:52;00:52;00:52;00:52;-;100,00;97,09;100,00;-;100,00;-;K;-;ETCS-Stützstelle;;S1;Strecke 1;0/00:17:41;-;140,00;1,0000;1,030;-;-;54,0;118,0;ETCS L1;False;False;0;-; 0,0; 0,0; 0,0;S1: VDV 1 - Strecke 1 - null;0,000000;31642,0;  0,0;6227,3;  0,0;1,030;1,00;1,00;"80 0622-19.0;";0;ETCS fallend;;;False;ETCS fallend;False;00:51:30;00:51:30;-;-;False;-;-;3090;3090
26525;ETCS fallend;0/00:51:31;0/00:51:31;00:52;00:52;00:52;00:52;-;100,00;97,09;100,00;-;100,00;-;K;-;ETCS-Stützstelle;;S1;Strecke 1;0/00:17:41;-;140,00;1,0000;1,030;-;-;54,0;118,0;ETCS L1;False;False;0;-; 0,0; 0,0; 0,0;S1: VDV 1 - Strecke 1 - null;0,000000;31642,0;  0,0;6227,3;  0,0;1,030;1,00;1,00;"80 0622-19.0;";0;ETCS fallend;;;False;ETCS fallend;False;00:51:31;00:51:31;-;-;False;-;-;3091;3091
26550;ETCS fallend;0/00:51:32;0/00:51:32;00:52;00:52;00:52;00:52;-;100,00;97,09;100,00;-;100,00;-;K;-;ETCS-Stützstelle;;S1;Strecke 1;0/00:17:42;-;140,00;1,0000;1,030;-;-;54,0;118,0;ETCS L1;False;False;0;-; 0,0; 0,0; 0,0;S1: VDV 1 - Strecke 1 - null;0,000000;31642,0;  0,0;6227,3;  0,0;1,030;1,00;1,00;"80 0622-19.0;";0;ETCS fallend;;;False;ETCS fallend;False;00:51:32;00:51:32;-;-;False;-;-;3092;3092
26575;ETCS fallend;0/00:51:33;0/00:51:33;00:52;00:52;00:52;00:52;-;100,00;97,09;100,00;-;100,00;-;K;-;ETCS-Stützstelle;;S1;Strecke 1;0/00:17:43;-;140,00;1,0000;1,030;-;-;54,0;118,0;ETCS L1;False;False;0;-; 0,0; 0,0; 0,0;S1: VDV 1 - Strecke 1 - null;0,000000;31642,0;  0,0;6227,3;  0,0;1,030;1,00;1,00;"80 0622-19.0;";0;ETCS fallend;;;False;ETCS fallend;False;00:51:33;00:51:33;-;-;False;-;-;3093;3093
26600;ETCS fallend;0/00:51:34;0/00:51:34;00:52;00:52;00:52;00:52;-;100,00;97,09;100,00;-;100,00;-;K;-;ETCS-Stützstelle;;S1;Strecke 1;0/00:17:44;-;140,00;1,0000;1,030;-;-;54,0;118,0;ETCS L1;False;False;0;-; 0,0; 0,0; 0,0;S1: VDV 1 - Strecke 1 - null;0,000000;31642,0;  0,0;6227,3;  0,0;1,030;1,00;1,00;"80 0622-19.0;";0;ETCS fallend;;;False;ETCS fallend;False;00:51:34;00:51:34;-;-;False;-;-;3094;3094
26625;ETCS fallend;0/00:51:35;0/00:51:35;00:52;00:52;00:52;00:52;-;100,00;97,09;100,00;-;100,00;-;K;-;ETCS-Stützstelle;;S1;Strecke 1;0/00:17:45;-;140,00;1,0000;1,030;-;-;54,0;118,0;ETCS L1;False;False;0;-; 0,0; 0,0; 0,0;S1: VDV 1 - Strecke 1 - null;0,000000;31642,0;  0,0;6227,3;  0,0;1,030;1,00;1,00;"80 0622-19.0;";0;ETCS fallend;;;False;ETCS fallend;False;00:51:35;00:51:35;-;-;False;-;-;3095;3095
26650;ETCS fallend;0/00:51:36;0/00:51:36;00:52;00:52;00:52;00:52;-;100,00;97,09;100,00;-;100,00;-;K;-;ETCS-Stützstelle;;S1;Strecke 1;0/00:17:46;-;140,00;1,0000;1,030;-;-;54,0;118,0;ETCS L1;False;False;0;-; 0,0; 0,0; 0,0;S1: VDV 1 - Strecke 1 - null;0,000000;31642,0;  0,0;6227,3;  0,0;1,030;1,00;1,00;"80 0622-19.0;";0;ETCS fallend;;;False;ETCS fallend;False;00:51:36;00:51:36;-;-;False;-;-;3096;3096
26675;ETCS fallend;0/00:51:37;0/00:51:37;00:52;00:52;00:52;00:52;-;100,00;97,09;100,00;-;100,00;-;K;-;ETCS-Stützstelle;;S1;Strecke 1;0/00:17:47;-;140,00;1,0000;1,030;-;-;54,0;118,0;ETCS L1;False;False;0;-; 0,0; 0,0; 0,0;S1: VDV 1 - Strecke 1 - null;0,000000;31642,0;  0,0;6227,3;  0,0;1,030;1,00;1,00;"80 0622-19.0;";0;ETCS fallend;;;False;ETCS fallend;False;00:51:37;00:51:37;-;-;False;-;-;3097;3097
26700;ETCS fallend;0/00:51:38;0/00:51:38;00:52;00:52;00:52;00:52;-;100,00;97,09;100,00;-;100,00;-;K;-;ETCS-Stützstelle;;S1;Strecke 1;0/00:17:48;-;140,00;1,0000;1,030;-;-;54,0;118,0;ETCS L1;False;False;0;-; 0,0; 0,0; 0,0;S1: VDV 1 - Strecke 1 - null;0,000000;31642,0;  0,0;6227,3;  0,0;1,030;1,00;1,00;"80 0622-19.0;";0;ETCS fallend;;;False;ETCS fallend;False;00:51:38;00:51:38;-;-;False;-;-;3098;3098
26725;ETCS fallend;0/00:51:39;0/00:51:39;00:52;00:52;00:52;00:52;-;100,00;97,09;100,00;-;100,00;-;K;-;ETCS-Stützstelle;;S1;Strecke 1;0/00:17:49;-;140,00;1,0000;1,030;-;-;54,0;118,0;ETCS L1;False;False;0;-; 0,0; 0,0; 0,0;S1: VDV 1 - Strecke 1 - null;0,000000;31642,0;  0,0;6227,3;  0,0;1,030;1,00;1,00;"80 0622-19.0;";0;ETCS fallend;;;False;ETCS fallend;False;00:51:39;00:51:39;-;-;False;-;-;3099;3099
26750;ETCS fallend;0/00:51:40;0/00:51:40;00:52;00:52;00:52;00:52;-;100,00;97,09;100,00;-;100,00;-;K;-;ETCS-Stützstelle;;S1;Strecke 1;0/00:17:50;-;140,00;1,0000;1,030;-;-;54,0;118,0;ETCS L1;False;False;0;-; 0,0; 0,0; 0,0;S1: VDV 1 - Strecke 1 - null;0,000000;31642,0;  0,0;6227,3;  0,0;1,030;1,00;1,00;"80 0622-19.0;";0;ETCS fallend;;;False;ETCS fallend;False;00:51:40;00:51:40;-;-;False;-;-;3100;3100
26775;ETCS fallend;0/00:51:41;0/00:51:41;00:52;00:52;00:52;00:52;-;100,00;97,09;100,00;-;100,00;-;K;-;ETCS-Stützstelle;;S1;Strecke 1;0/00:17:50;-;140,00;1,0000;1,030;-;-;54,0;118,0;ETCS L1;False;False;0;-; 0,0; 0,0; 0,0;S1: VDV 1 - Strecke 1 - null;0,000000;31642,0;  0,0;6227,3;  0,0;1,030;1,00;1,00;"80 0622-19.0;";0;ETCS fallend;;;False;ETCS fallend;False;00:51:41;00:51:41;-;-;False;-;-;3101;3101
26800;ETCS fallend;0/00:51:42;0/00:51:42;00:52;00:52;00:52;00:52;-;100,00;97,09;100,00;-;100,00;-;K;-;ETCS-Stützstelle;;S1;Strecke 1;0/00:17:51;-;140,00;1,0000;1,030;-;-;54,0;118,0;ETCS L1;False;False;0;-; 0,0; 0,0; 0,0;S1: VDV 1 - Strecke 1 - null;0,000000;31642,0;  0,0;6227,3;  0,0;1,030;1,00;1,00;"80 0622-19.0;";0;ETCS fallend;;;False;ETCS fallend;False;00:51:42;00:51:42;-;-;False;-;-;3102;3102
26825;ETCS fallend;0/00:51:42;0/00:51:42;00:52;00:52;00:52;00:52;-;100,00;97,09;100,00;-;100,00;-;K;-;ETCS-Stützstelle;;S1;Strecke 1;0/00:17:52;-;140,00;1,0000;1,030;-;-;54,0;118,0;ETCS L1;False;False;0;-; 0,0; 0,0; 0,0;S1: VDV 1 - Strecke 1 - null;0,000000;31642,0;  0,0;6227,3;  0,0;1,030;1,00;1,00;"80 0622-19.0;";0;ETCS fallend;;;False;ETCS fallend;False;00:51:42;00:51:42;-;-;False;-;-;3102;3102
26850;ETCS fallend;0/00:51:43;0/00:51:43;00:52;00:52;00:52;00:52;-;100,00;97,09;100,00;-;100,00;-;K;-;ETCS-Stützstelle;;S1;Strecke 1;0/00:17:53;-;140,00;1,0000;1,030;-;-;54,0;118,0;ETCS L1;False;False;0;-; 0,0; 0,0; 0,0;S1: VDV 1 - Strecke 1 - null;0,000000;31642,0;  0,0;6227,3;  0,0;1,030;1,00;1,00;"80 0622-19.0;";0;ETCS fallend;;;False;ETCS fallend;False;00:51:43;00:51:43;-;-;False;-;-;3103;3103
26875;ETCS fallend;0/00:51:44;0/00:51:44;00:52;00:52;00:52;00:52;-;100,00;97,09;100,00;-;100,00;-;K;-;ETCS-Stützstelle;;S1;Strecke 1;0/00:17:54;-;140,00;1,0000;1,030;-;-;54,0;118,0;ETCS L1;False;False;0;-; 0,0; 0,0; 0,0;S1: VDV 1 - Strecke 1 - null;0,000000;31642,0;  0,0;6227,3;  0,0;1,030;1,00;1,00;"80 0622-19.0;";0;ETCS fallend;;;False;ETCS fallend;False;00:51:44;00:51:44;-;-;False;-;-;3104;3104
26900;ETCS fallend;0/00:51:45;0/00:51:45;00:52;00:52;00:52;00:52;-;100,00;97,09;100,00;-;100,00;-;K;-;ETCS-Stützstelle;;S1;Strecke 1;0/00:17:55;-;140,00;1,0000;1,030;-;-;54,0;118,0;ETCS L1;False;False;0;-; 0,0; 0,0; 0,0;S1: VDV 1 - Strecke 1 - null;0,000000;31642,0;  0,0;6227,3;  0,0;1,030;1,00;1,00;"80 0622-19.0;";0;ETCS fallend;;;False;ETCS fallend;False;00:51:45;00:51:45;-;-;False;-;-;3105;3105
26925;ETCS fallend;0/00:51:46;0/00:51:46;00:52;00:52;00:52;00:52;-;100,00;97,09;100,00;-;100,00;-;K;-;ETCS-Stützstelle;;S1;Strecke 1;0/00:17:56;-;140,00;1,0000;1,030;-;-;54,0;118,0;ETCS L1;False;False;0;-; 0,0; 0,0; 0,0;S1: VDV 1 - Strecke 1 - null;0,000000;31642,0;  0,0;6227,3;  0,0;1,030;1,00;1,00;"80 0622-19.0;";0;ETCS fallend;;;False;ETCS fallend;False;00:51:46;00:51:46;-;-;False;-;-;3106;3106
26950;ETCS fallend;0/00:51:47;0/00:51:47;00:52;00:52;00:52;00:52;-;100,00;97,09;100,00;-;100,00;-;K;-;ETCS-Stützstelle;;S1;Strecke 1;0/00:17:57;-;140,00;1,0000;1,030;-;-;54,0;118,0;ETCS L1;False;False;0;-; 0,0; 0,0; 0,0;S1: VDV 1 - Strecke 1 - null;0,000000;31642,0;  0,0;6227,3;  0,0;1,030;1,00;1,00;"80 0622-19.0;";0;ETCS fallend;;;False;ETCS fallend;False;00:51:47;00:51:47;-;-;False;-;-;3107;3107
26975;ETCS fallend;0/00:51:48;0/00:51:48;00:52;00:52;00:52;00:52;-;100,00;97,09;100,00;-;100,00;-;K;-;ETCS-Stützstelle;;S1;Strecke 1;0/00:17:58;-;140,00;1,0000;1,030;-;-;54,0;118,0;ETCS L1;False;False;0;-; 0,0; 0,0; 0,0;S1: VDV 1 - Strecke 1 - null;0,000000;31642,0;  0,0;6227,3;  0,0;1,030;1,00;1,00;"80 0622-19.0;";0;ETCS fallend;;;False;ETCS fallend;False;00:51:48;00:51:48;-;-;False;-;-;3108;3108
27000;ETCS fallend;0/00:51:49;0/00:51:49;00:52;00:52;00:52;00:52;-;100,00;97,09;100,00;-;100,00;-;K;-;ETCS-Stützstelle;;S1;Strecke 1;0/00:17:59;-;140,00;1,0000;1,030;-;-;54,0;118,0;ETCS L1;False;False;0;-; 0,0; 0,0; 0,0;S1: VDV 1 - Strecke 1 - null;0,000000;31642,0;  0,0;6227,3;  0,0;1,030;1,00;1,00;"80 0622-19.0;";0;ETCS fallend;;;False;ETCS fallend;False;00:51:49;00:51:49;-;-;False;-;-;3109;3109
27025;ETCS fallend;0/00:51:50;0/00:51:50;00:52;00:52;00:52;00:52;-;100,00;97,09;100,00;-;100,00;-;K;-;ETCS-Stützstelle;;S1;Strecke 1;0/00:17:59;-;140,00;1,0000;1,030;-;-;54,0;118,0;ETCS L1;False;False;0;-; 0,0; 0,0; 0,0;S1: VDV 1 - Strecke 1 - null;0,000000;31642,0;  0,0;6227,3;  0,0;1,030;1,00;1,00;"80 0622-19.0;";0;ETCS fallend;;;False;ETCS fallend;False;00:51:50;00:51:50;-;-;False;-;-;3110;3110
27050;ETCS fallend;0/00:51:51;0/00:51:51;00:52;00:52;00:52;00:52;-;100,00;97,09;100,00;-;100,00;-;K;-;ETCS-Stützstelle;;S1;Strecke 1;0/00:18:00;-;140,00;1,0000;1,030;-;-;54,0;118,0;ETCS L1;False;False;0;-; 0,0; 0,0; 0,0;S1: VDV 1 - Strecke 1 - null;0,000000;31642,0;  0,0;6227,3;  0,0;1,030;1,00;1,00;"80 0622-19.0;";0;ETCS fallend;;;False;ETCS fallend;False;00:51:51;00:51:51;-;-;False;-;-;3111;3111
27075;ETCS fallend;0/00:51:52;0/00:51:52;00:52;00:52;00:52;00:52;-;100,00;97,09;100,00;-;100,00;-;K;-;ETCS-Stützstelle;;S1;Strecke 1;0/00:18:01;-;140,00;1,0000;1,030;-;-;54,0;118,0;ETCS L1;False;False;0;-; 0,0; 0,0; 0,0;S1: VDV 1 - Strecke 1 - null;0,000000;31642,0;  0,0;6227,3;  0,0;1,030;1,00;1,00;"80 0622-19.0;";0;ETCS fallend;;;False;ETCS fallend;False;00:51:52;00:51:52;-;-;False;-;-;3112;3112
27100;ETCS fallend;0/00:51:53;0/00:51:53;00:52;00:52;00:52;00:52;-;100,00;97,09;100,00;-;100,00;-;K;-;ETCS-Stützstelle;;S1;Strecke 1;0/00:18:02;-;140,00;1,0000;1,030;-;-;54,0;118,0;ETCS L1;False;False;0;-; 0,0; 0,0; 0,0;S1: VDV 1 - Strecke 1 - null;0,000000;31642,0;  0,0;6227,3;  0,0;1,030;1,00;1,00;"80 0622-19.0;";0;ETCS fallend;;;False;ETCS fallend;False;00:51:53;00:51:53;-;-;False;-;-;3113;3113
27125;ETCS fallend;0/00:51:54;0/00:51:54;00:52;00:52;00:52;00:52;-;100,00;97,09;100,00;-;100,00;-;K;-;ETCS-Stützstelle;;S1;Strecke 1;0/00:18:03;-;140,00;1,0000;1,030;-;-;54,0;118,0;ETCS L1;False;False;0;-; 0,0; 0,0; 0,0;S1: VDV 1 - Strecke 1 - null;0,000000;31642,0;  0,0;6227,3;  0,0;1,030;1,00;1,00;"80 0622-19.0;";0;ETCS fallend;;;False;ETCS fallend;False;00:51:54;00:51:54;-;-;False;-;-;3114;3114
27150;ETCS fallend;0/00:51:55;0/00:51:55;00:52;00:52;00:52;00:52;-;100,00;97,09;100,00;-;100,00;-;K;-;ETCS-Stützstelle;;S1;Strecke 1;0/00:18:04;-;140,00;1,0000;1,030;-;-;54,0;118,0;ETCS L1;False;False;0;-; 0,0; 0,0; 0,0;S1: VDV 1 - Strecke 1 - null;0,000000;31642,0;  0,0;6227,3;  0,0;1,030;1,00;1,00;"80 0622-19.0;";0;ETCS fallend;;;False;ETCS fallend;False;00:51:55;00:51:55;-;-;False;-;-;3115;3115
27175;ETCS fallend;0/00:51:55;0/00:51:55;00:52;00:52;00:52;00:52;-;100,00;97,09;100,00;-;100,00;-;K;-;ETCS-Stützstelle;;S1;Strecke 1;0/00:18:05;-;140,00;1,0000;1,030;-;-;54,0;118,0;ETCS L1;False;False;0;-; 0,0; 0,0; 0,0;S1: VDV 1 - Strecke 1 - null;0,000000;31642,0;  0,0;6227,3;  0,0;1,030;1,00;1,00;"80 0622-19.0;";0;ETCS fallend;;;False;ETCS fallend;False;00:51:55;00:51:55;-;-;False;-;-;3115;3115
27200;ETCS fallend;0/00:51:56;0/00:51:56;00:52;00:52;00:52;00:52;-;100,00;97,09;100,00;-;100,00;-;K;-;ETCS-Stützstelle;;S1;Strecke 1;0/00:18:06;-;140,00;1,0000;1,030;-;-;54,0;118,0;ETCS L1;False;False;0;-; 0,0; 0,0; 0,0;S1: VDV 1 - Strecke 1 - null;0,000000;31642,0;  0,0;6227,3;  0,0;1,030;1,00;1,00;"80 0622-19.0;";0;ETCS fallend;;;False;ETCS fallend;False;00:51:56;00:51:56;-;-;False;-;-;3116;3116
27225;ETCS fallend;0/00:51:57;0/00:51:57;00:52;00:52;00:52;00:52;-;100,00;97,09;100,00;-;100,00;-;K;-;ETCS-Stützstelle;;S1;Strecke 1;0/00:18:07;-;140,00;1,0000;1,030;-;-;54,0;118,0;ETCS L1;False;False;0;-; 0,0; 0,0; 0,0;S1: VDV 1 - Strecke 1 - null;0,000000;31642,0;  0,0;6227,3;  0,0;1,030;1,00;1,00;"80 0622-19.0;";0;ETCS fallend;;;False;ETCS fallend;False;00:51:57;00:51:57;-;-;False;-;-;3117;3117
27250;ETCS fallend;0/00:51:58;0/00:51:58;00:52;00:52;00:52;00:52;-;100,00;97,09;100,00;-;100,00;-;K;-;S1 2.750 Streckengleis Fahrzeitmesspunkt, Beide Richtungen, BS-Mitte;;S1;Strecke 1;0/00:18:08;00:51:58;140,00;1,0000;1,030;-;-;54,0;118,0;ETCS L1;False;False;0;-; 0,0; 0,0; 0,0;S1: VDV 1 - Strecke 1 - null;0,000000;31642,0;  0,0;6227,3;  0,0;1,030;1,00;1,00;"80 0622-19.0;";0;ETCS fallend;3521;;True;ETCS fallend;False;00:51:58;00:51:58;-;-;False;-;Gleisende 3521-0 - Betriebsstellengrenze 3521-0 (3521);3118;3118
27275;ETCS fallend;0/00:51:59;0/00:51:59;00:52;00:52;00:52;00:52;-;100,00;97,09;100,00;-;100,00;-;K;-;ETCS-Stützstelle;;S1;Strecke 1;0/00:18:08;-;140,00;1,0000;1,030;-;-;54,0;118,0;ETCS L1;False;False;0;-; 0,0; 0,0; 0,0;S1: VDV 1 - Strecke 1 - null;0,000000;31642,0;  0,0;6227,3;  0,0;1,030;1,00;1,00;"80 0622-19.0;";0;ETCS fallend;;;False;ETCS fallend;False;00:51:59;00:51:59;-;-;False;-;-;3119;3119
27300;ETCS fallend;0/00:52:00;0/00:52:00;00:52;00:52;00:52;00:52;-;100,00;97,09;100,00;-;100,00;-;K;-;ETCS-Stützstelle;;S1;Strecke 1;0/00:18:09;-;140,00;1,0000;1,030;-;-;54,0;118,0;ETCS L1;False;False;0;-; 0,0; 0,0; 0,0;S1: VDV 1 - Strecke 1 - null;0,000000;31642,0;  0,0;6227,3;  0,0;1,030;1,00;1,00;"80 0622-19.0;";0;ETCS fallend;;;False;ETCS fallend;False;00:52:00;00:52:00;-;-;False;-;-;3120;3120
27325;ETCS fallend;0/00:52:01;0/00:52:01;00:52;00:52;00:52;00:52;-;100,00;97,09;100,00;-;100,00;-;K;-;ETCS-Stützstelle;;S1;Strecke 1;0/00:18:10;-;140,00;1,0000;1,030;-;-;54,0;118,0;ETCS L1;False;False;0;-; 0,0; 0,0; 0,0;S1: VDV 1 - Strecke 1 - null;0,000000;31642,0;  0,0;6227,3;  0,0;1,030;1,00;1,00;"80 0622-19.0;";0;ETCS fallend;;;False;ETCS fallend;False;00:52:01;00:52:01;-;-;False;-;-;3121;3121
27350;ETCS fallend;0/00:52:02;0/00:52:02;00:52;00:52;00:52;00:52;-;100,00;97,09;100,00;-;100,00;-;K;-;ETCS-Stützstelle;;S1;Strecke 1;0/00:18:11;-;140,00;1,0000;1,030;-;-;54,0;118,0;ETCS L1;False;False;0;-; 0,0; 0,0; 0,0;S1: VDV 1 - Strecke 1 - null;0,000000;31642,0;  0,0;6227,3;  0,0;1,030;1,00;1,00;"80 0622-19.0;";0;ETCS fallend;;;False;ETCS fallend;False;00:52:02;00:52:02;-;-;False;-;-;3122;3122
27375;ETCS fallend;0/00:52:03;0/00:52:03;00:52;00:52;00:52;00:52;-;100,00;97,09;100,00;-;100,00;-;K;-;ETCS-Stützstelle;;S1;Strecke 1;0/00:18:12;-;140,00;1,0000;1,030;-;-;54,0;118,0;ETCS L1;False;False;0;-; 0,0; 0,0; 0,0;S1: VDV 1 - Strecke 1 - null;0,000000;31642,0;  0,0;6227,3;  0,0;1,030;1,00;1,00;"80 0622-19.0;";0;ETCS fallend;;;False;ETCS fallend;False;00:52:03;00:52:03;-;-;False;-;-;3123;3123
27400;ETCS fallend;0/00:52:04;0/00:52:04;00:52;00:52;00:52;00:52;-;100,00;97,09;100,00;-;100,00;-;K;-;ETCS-Stützstelle;;S1;Strecke 1;0/00:18:13;-;140,00;1,0000;1,030;-;-;54,0;118,0;ETCS L1;False;False;0;-; 0,0; 0,0; 0,0;S1: VDV 1 - Strecke 1 - null;0,000000;31642,0;  0,0;6227,3;  0,0;1,030;1,00;1,00;"80 0622-19.0;";0;ETCS fallend;;;False;ETCS fallend;False;00:52:04;00:52:04;-;-;False;-;-;3124;3124
27425;ETCS fallend;0/00:52:05;0/00:52:05;00:52;00:52;00:52;00:52;-;100,00;97,09;100,00;-;100,00;-;K;-;ETCS-Stützstelle;;S1;Strecke 1;0/00:18:14;-;140,00;1,0000;1,030;-;-;54,0;118,0;ETCS L1;False;False;0;-; 0,0; 0,0; 0,0;S1: VDV 1 - Strecke 1 - null;0,000000;31642,0;  0,0;6227,3;  0,0;1,030;1,00;1,00;"80 0622-19.0;";0;ETCS fallend;;;False;ETCS fallend;False;00:52:05;00:52:05;-;-;False;-;-;3125;3125
27450;ETCS fallend;0/00:52:06;0/00:52:06;00:52;00:52;00:52;00:52;-;100,00;97,09;100,00;-;100,00;-;K;-;ETCS-Stützstelle;;S1;Strecke 1;0/00:18:15;-;140,00;1,0000;1,030;-;-;54,0;118,0;ETCS L1;False;False;0;-; 0,0; 0,0; 0,0;S1: VDV 1 - Strecke 1 - null;0,000000;31642,0;  0,0;6227,3;  0,0;1,030;1,00;1,00;"80 0622-19.0;";0;ETCS fallend;;;False;ETCS fallend;False;00:52:06;00:52:06;-;-;False;-;-;3126;3126
27475;ETCS fallend;0/00:52:07;0/00:52:07;00:52;00:52;00:52;00:52;-;100,00;97,09;100,00;-;100,00;-;K;-;ETCS-Stützstelle;;S1;Strecke 1;0/00:18:16;-;140,00;1,0000;1,030;-;-;54,0;118,0;ETCS L1;False;False;0;-; 0,0; 0,0; 0,0;S1: VDV 1 - Strecke 1 - null;0,000000;31642,0;  0,0;6227,3;  0,0;1,030;1,00;1,00;"80 0622-19.0;";0;ETCS fallend;;;False;ETCS fallend;False;00:52:07;00:52:07;-;-;False;-;-;3127;3127
27500;ETCS fallend;0/00:52:08;0/00:52:08;00:52;00:52;00:52;00:52;-;100,00;97,09;100,00;-;100,00;-;K;-;ETCS-Stützstelle;;S1;Strecke 1;0/00:18:17;-;140,00;1,0000;1,030;-;-;54,0;118,0;ETCS L1;False;False;0;-; 0,0; 0,0; 0,0;S1: VDV 1 - Strecke 1 - null;0,000000;31642,0;  0,0;6227,3;  0,0;1,030;1,00;1,00;"80 0622-19.0;";0;ETCS fallend;;;False;ETCS fallend;False;00:52:08;00:52:08;-;-;False;-;-;3128;3128
27525;ETCS fallend;0/00:52:08;0/00:52:08;00:52;00:52;00:52;00:52;-;100,00;97,09;100,00;-;100,00;-;K;-;ETCS-Stützstelle;;S1;Strecke 1;0/00:18:17;-;140,00;1,0000;1,030;-;-;54,0;118,0;ETCS L1;False;False;0;-; 0,0; 0,0; 0,0;S1: VDV 1 - Strecke 1 - null;0,000000;31642,0;  0,0;6227,3;  0,0;1,030;1,00;1,00;"80 0622-19.0;";0;ETCS fallend;;;False;ETCS fallend;False;00:52:08;00:52:08;-;-;False;-;-;3128;3128
27550;ETCS fallend;0/00:52:09;0/00:52:09;00:52;00:52;00:52;00:52;-;100,00;97,09;100,00;-;100,00;-;K;-;ETCS-Stützstelle;;S1;Strecke 1;0/00:18:18;-;140,00;1,0000;1,030;-;-;54,0;118,0;ETCS L1;False;False;0;-; 0,0; 0,0; 0,0;S1: VDV 1 - Strecke 1 - null;0,000000;31642,0;  0,0;6227,3;  0,0;1,030;1,00;1,00;"80 0622-19.0;";0;ETCS fallend;;;False;ETCS fallend;False;00:52:09;00:52:09;-;-;False;-;-;3129;3129
27575;ETCS fallend;0/00:52:10;0/00:52:10;00:52;00:52;00:52;00:52;-;100,00;97,09;100,00;-;100,00;-;K;-;ETCS-Stützstelle;;S1;Strecke 1;0/00:18:19;-;140,00;1,0000;1,030;-;-;54,0;118,0;ETCS L1;False;False;0;-; 0,0; 0,0; 0,0;S1: VDV 1 - Strecke 1 - null;0,000000;31642,0;  0,0;6227,3;  0,0;1,030;1,00;1,00;"80 0622-19.0;";0;ETCS fallend;;;False;ETCS fallend;False;00:52:10;00:52:10;-;-;False;-;-;3130;3130
27600;ETCS fallend;0/00:52:11;0/00:52:11;00:52;00:52;00:52;00:52;-;100,00;97,09;100,00;-;100,00;-;K;-;ETCS-Stützstelle;;S1;Strecke 1;0/00:18:20;-;140,00;1,0000;1,030;-;-;54,0;118,0;ETCS L1;False;False;0;-; 0,0; 0,0; 0,0;S1: VDV 1 - Strecke 1 - null;0,000000;31642,0;  0,0;6227,3;  0,0;1,030;1,00;1,00;"80 0622-19.0;";0;ETCS fallend;;;False;ETCS fallend;False;00:52:11;00:52:11;-;-;False;-;-;3131;3131
27625;ETCS fallend;0/00:52:12;0/00:52:12;00:52;00:52;00:52;00:52;-;100,00;97,09;100,00;-;100,00;-;K;-;ETCS-Stützstelle;;S1;Strecke 1;0/00:18:21;-;140,00;1,0000;1,030;-;-;54,0;118,0;ETCS L1;False;False;0;-; 0,0; 0,0; 0,0;S1: VDV 1 - Strecke 1 - null;0,000000;31642,0;  0,0;6227,3;  0,0;1,030;1,00;1,00;"80 0622-19.0;";0;ETCS fallend;;;False;ETCS fallend;False;00:52:12;00:52:12;-;-;False;-;-;3132;3132
27650;ETCS fallend;0/00:52:13;0/00:52:13;00:52;00:52;00:52;00:52;-;100,00;97,09;100,00;-;100,00;-;K;-;ETCS-Stützstelle;;S1;Strecke 1;0/00:18:22;-;140,00;1,0000;1,030;-;-;54,0;118,0;ETCS L1;False;False;0;-; 0,0; 0,0; 0,0;S1: VDV 1 - Strecke 1 - null;0,000000;31642,0;  0,0;6227,3;  0,0;1,030;1,00;1,00;"80 0622-19.0;";0;ETCS fallend;;;False;ETCS fallend;False;00:52:13;00:52:13;-;-;False;-;-;3133;3133
27675;ETCS fallend;0/00:52:14;0/00:52:14;00:52;00:52;00:52;00:52;-;100,00;97,09;100,00;-;100,00;-;K;-;ETCS-Stützstelle;;S1;Strecke 1;0/00:18:23;-;140,00;1,0000;1,030;-;-;54,0;118,0;ETCS L1;False;False;0;-; 0,0; 0,0; 0,0;S1: VDV 1 - Strecke 1 - null;0,000000;31642,0;  0,0;6227,3;  0,0;1,030;1,00;1,00;"80 0622-19.0;";0;ETCS fallend;;;False;ETCS fallend;False;00:52:14;00:52:14;-;-;False;-;-;3134;3134
27700;ETCS fallend;0/00:52:15;0/00:52:15;00:52;00:52;00:52;00:52;-;100,00;97,09;100,00;-;100,00;-;K;-;ETCS-Stützstelle;;S1;Strecke 1;0/00:18:24;-;140,00;1,0000;1,030;-;-;54,0;118,0;ETCS L1;False;False;0;-; 0,0; 0,0; 0,0;S1: VDV 1 - Strecke 1 - null;0,000000;31642,0;  0,0;6227,3;  0,0;1,030;1,00;1,00;"80 0622-19.0;";0;ETCS fallend;;;False;ETCS fallend;False;00:52:15;00:52:15;-;-;False;-;-;3135;3135
27725;ETCS fallend;0/00:52:16;0/00:52:16;00:52;00:52;00:52;00:52;-;100,00;97,09;100,00;-;100,00;-;K;-;ETCS-Stützstelle;;S1;Strecke 1;0/00:18:25;-;140,00;1,0000;1,030;-;-;54,0;118,0;ETCS L1;False;False;0;-; 0,0; 0,0; 0,0;S1: VDV 1 - Strecke 1 - null;0,000000;31642,0;  0,0;6227,3;  0,0;1,030;1,00;1,00;"80 0622-19.0;";0;ETCS fallend;;;False;ETCS fallend;False;00:52:16;00:52:16;-;-;False;-;-;3136;3136
27750;ETCS fallend;0/00:52:17;0/00:52:17;00:52;00:52;00:52;00:52;-;100,00;97,09;100,00;-;100,00;-;K;-;ETCS-Stützstelle;;S1;Strecke 1;0/00:18:26;-;140,00;1,0000;1,030;-;-;54,0;118,0;ETCS L1;False;False;0;-; 0,0; 0,0; 0,0;S1: VDV 1 - Strecke 1 - null;0,000000;31642,0;  0,0;6227,3;  0,0;1,030;1,00;1,00;"80 0622-19.0;";0;ETCS fallend;;;False;ETCS fallend;False;00:52:17;00:52:17;-;-;False;-;-;3137;3137
27775;ETCS fallend;0/00:52:18;0/00:52:18;00:52;00:52;00:52;00:52;-;100,00;97,09;100,00;-;100,00;-;K;-;ETCS-Stützstelle;;S1;Strecke 1;0/00:18:26;-;140,00;1,0000;1,030;-;-;54,0;118,0;ETCS L1;False;False;0;-; 0,0; 0,0; 0,0;S1: VDV 1 - Strecke 1 - null;0,000000;31642,0;  0,0;6227,3;  0,0;1,030;1,00;1,00;"80 0622-19.0;";0;ETCS fallend;;;False;ETCS fallend;False;00:52:18;00:52:18;-;-;False;-;-;3138;3138
27800;ETCS fallend;0/00:52:19;0/00:52:19;00:52;00:52;00:52;00:52;-;100,00;97,09;100,00;-;100,00;-;K;-;ETCS-Stützstelle;;S1;Strecke 1;0/00:18:27;-;140,00;1,0000;1,030;-;-;54,0;118,0;ETCS L1;False;False;0;-; 0,0; 0,0; 0,0;S1: VDV 1 - Strecke 1 - null;0,000000;31642,0;  0,0;6227,3;  0,0;1,030;1,00;1,00;"80 0622-19.0;";0;ETCS fallend;;;False;ETCS fallend;False;00:52:19;00:52:19;-;-;False;-;-;3139;3139
27825;ETCS fallend;0/00:52:20;0/00:52:20;00:52;00:52;00:52;00:52;-;100,00;97,09;100,00;-;100,00;-;K;-;ETCS-Stützstelle;;S1;Strecke 1;0/00:18:28;-;140,00;1,0000;1,030;-;-;54,0;118,0;ETCS L1;False;False;0;-; 0,0; 0,0; 0,0;S1: VDV 1 - Strecke 1 - null;0,000000;31642,0;  0,0;6227,3;  0,0;1,030;1,00;1,00;"80 0622-19.0;";0;ETCS fallend;;;False;ETCS fallend;False;00:52:20;00:52:20;-;-;False;-;-;3140;3140
27850;ETCS fallend;0/00:52:20;0/00:52:20;00:52;00:52;00:52;00:52;-;100,00;97,09;100,00;-;100,00;-;K;-;ETCS-Stützstelle;;S1;Strecke 1;0/00:18:29;-;140,00;1,0000;1,030;-;-;54,0;118,0;ETCS L1;False;False;0;-; 0,0; 0,0; 0,0;S1: VDV 1 - Strecke 1 - null;0,000000;31642,0;  0,0;6227,3;  0,0;1,030;1,00;1,00;"80 0622-19.0;";0;ETCS fallend;;;False;ETCS fallend;False;00:52:20;00:52:20;-;-;False;-;-;3140;3140
27875;ETCS fallend;0/00:52:21;0/00:52:21;00:52;00:52;00:52;00:52;-;100,00;97,09;100,00;-;100,00;-;K;-;ETCS-Stützstelle;;S1;Strecke 1;0/00:18:30;-;140,00;1,0000;1,030;-;-;54,0;118,0;ETCS L1;False;False;0;-; 0,0; 0,0; 0,0;S1: VDV 1 - Strecke 1 - null;0,000000;31642,0;  0,0;6227,3;  0,0;1,030;1,00;1,00;"80 0622-19.0;";0;ETCS fallend;;;False;ETCS fallend;False;00:52:21;00:52:21;-;-;False;-;-;3141;3141
27900;ETCS fallend;0/00:52:22;0/00:52:22;00:52;00:52;00:52;00:52;-;100,00;97,09;100,00;-;100,00;-;K;-;ETCS-Stützstelle;;S1;Strecke 1;0/00:18:31;-;140,00;1,0000;1,030;-;-;54,0;118,0;ETCS L1;False;False;0;-; 0,0; 0,0; 0,0;S1: VDV 1 - Strecke 1 - null;0,000000;31642,0;  0,0;6227,3;  0,0;1,030;1,00;1,00;"80 0622-19.0;";0;ETCS fallend;;;False;ETCS fallend;False;00:52:22;00:52:22;-;-;False;-;-;3142;3142
27925;ETCS fallend;0/00:52:23;0/00:52:23;00:52;00:52;00:52;00:52;-;100,00;97,09;100,00;-;100,00;-;K;-;ETCS-Stützstelle;;S1;Strecke 1;0/00:18:32;-;140,00;1,0000;1,030;-;-;54,0;118,0;ETCS L1;False;False;0;-; 0,0; 0,0; 0,0;S1: VDV 1 - Strecke 1 - null;0,000000;31642,0;  0,0;6227,3;  0,0;1,030;1,00;1,00;"80 0622-19.0;";0;ETCS fallend;;;False;ETCS fallend;False;00:52:23;00:52:23;-;-;False;-;-;3143;3143
27950;ETCS fallend;0/00:52:24;0/00:52:24;00:52;00:52;00:52;00:52;-;100,00;97,09;100,00;-;100,00;-;K;-;ETCS-Stützstelle;;S1;Strecke 1;0/00:18:33;-;140,00;1,0000;1,030;-;-;54,0;118,0;ETCS L1;False;False;0;-; 0,0; 0,0; 0,0;S1: VDV 1 - Strecke 1 - null;0,000000;31642,0;  0,0;6227,3;  0,0;1,030;1,00;1,00;"80 0622-19.0;";0;ETCS fallend;;;False;ETCS fallend;False;00:52:24;00:52:24;-;-;False;-;-;3144;3144
27975;ETCS fallend;0/00:52:25;0/00:52:25;00:52;00:52;00:52;00:52;-;100,00;97,09;100,00;-;100,00;-;K;-;ETCS-Stützstelle;;S1;Strecke 1;0/00:18:34;-;140,00;1,0000;1,030;-;-;54,0;118,0;ETCS L1;False;False;0;-; 0,0; 0,0; 0,0;S1: VDV 1 - Strecke 1 - null;0,000000;31642,0;  0,0;6227,3;  0,0;1,030;1,00;1,00;"80 0622-19.0;";0;ETCS fallend;;;False;ETCS fallend;False;00:52:25;00:52:25;-;-;False;-;-;3145;3145
28000;ETCS fallend;0/00:52:26;0/00:52:26;00:52;00:52;00:52;00:52;-;100,00;97,09;100,00;-;100,00;-;K;-;ETCS-Stützstelle;;S1;Strecke 1;0/00:18:35;-;140,00;1,0000;1,030;-;-;54,0;118,0;ETCS L1;False;False;0;-; 0,0; 0,0; 0,0;S1: VDV 1 - Strecke 1 - null;0,000000;31642,0;  0,0;6227,3;  0,0;1,030;1,00;1,00;"80 0622-19.0;";0;ETCS fallend;;;False;ETCS fallend;False;00:52:26;00:52:26;-;-;False;-;-;3146;3146
28025;ETCS fallend;0/00:52:27;0/00:52:27;00:52;00:52;00:52;00:52;-;100,00;97,09;100,00;-;100,00;-;K;-;ETCS-Stützstelle;;S1;Strecke 1;0/00:18:35;-;140,00;1,0000;1,030;-;-;54,0;118,0;ETCS L1;False;False;0;-; 0,0; 0,0; 0,0;S1: VDV 1 - Strecke 1 - null;0,000000;31642,0;  0,0;6227,3;  0,0;1,030;1,00;1,00;"80 0622-19.0;";0;ETCS fallend;;;False;ETCS fallend;False;00:52:27;00:52:27;-;-;False;-;-;3147;3147
28050;ETCS fallend;0/00:52:28;0/00:52:28;00:52;00:52;00:52;00:52;-;100,00;97,09;100,00;-;100,00;-;K;-;ETCS-Stützstelle;;S1;Strecke 1;0/00:18:36;-;140,00;1,0000;1,030;-;-;54,0;118,0;ETCS L1;False;False;0;-; 0,0; 0,0; 0,0;S1: VDV 1 - Strecke 1 - null;0,000000;31642,0;  0,0;6227,3;  0,0;1,030;1,00;1,00;"80 0622-19.0;";0;ETCS fallend;;;False;ETCS fallend;False;00:52:28;00:52:28;-;-;False;-;-;3148;3148
28075;ETCS fallend;0/00:52:29;0/00:52:29;00:52;00:52;00:52;00:52;-;100,00;97,09;100,00;-;100,00;-;K;-;ETCS-Stützstelle;;S1;Strecke 1;0/00:18:37;-;140,00;1,0000;1,030;-;-;54,0;118,0;ETCS L1;False;False;0;-; 0,0; 0,0; 0,0;S1: VDV 1 - Strecke 1 - null;0,000000;31642,0;  0,0;6227,3;  0,0;1,030;1,00;1,00;"80 0622-19.0;";0;ETCS fallend;;;False;ETCS fallend;False;00:52:29;00:52:29;-;-;False;-;-;3149;3149
28100;ETCS fallend;0/00:52:30;0/00:52:30;00:53;00:53;00:53;00:53;-;100,00;97,09;100,00;-;100,00;-;K;-;ETCS-Stützstelle;;S1;Strecke 1;0/00:18:38;-;140,00;1,0000;1,030;-;-;54,0;118,0;ETCS L1;False;False;0;-; 0,0; 0,0; 0,0;S1: VDV 1 - Strecke 1 - null;0,000000;31642,0;  0,0;6227,3;  0,0;1,030;1,00;1,00;"80 0622-19.0;";0;ETCS fallend;;;False;ETCS fallend;False;00:52:30;00:52:30;-;-;False;-;-;3150;3150
28125;ETCS fallend;0/00:52:31;0/00:52:31;00:53;00:53;00:53;00:53;-;100,00;97,09;100,00;-;100,00;-;K;-;ETCS-Stützstelle;;S1;Strecke 1;0/00:18:39;-;140,00;1,0000;1,030;-;-;54,0;118,0;ETCS L1;False;False;0;-; 0,0; 0,0; 0,0;S1: VDV 1 - Strecke 1 - null;0,000000;31642,0;  0,0;6227,3;  0,0;1,030;1,00;1,00;"80 0622-19.0;";0;ETCS fallend;;;False;ETCS fallend;False;00:52:31;00:52:31;-;-;False;-;-;3151;3151
28150;ETCS fallend;0/00:52:32;0/00:52:32;00:53;00:53;00:53;00:53;-;100,00;97,09;100,00;-;100,00;-;K;-;ETCS-Stützstelle;;S1;Strecke 1;0/00:18:40;-;140,00;1,0000;1,030;-;-;54,0;118,0;ETCS L1;False;False;0;-; 0,0; 0,0; 0,0;S1: VDV 1 - Strecke 1 - null;0,000000;31642,0;  0,0;6227,3;  0,0;1,030;1,00;1,00;"80 0622-19.0;";0;ETCS fallend;;;False;ETCS fallend;False;00:52:32;00:52:32;-;-;False;-;-;3152;3152
28175;ETCS fallend;0/00:52:33;0/00:52:33;00:53;00:53;00:53;00:53;-;100,00;97,09;100,00;-;100,00;-;K;-;ETCS-Stützstelle;;S1;Strecke 1;0/00:18:41;-;140,00;1,0000;1,030;-;-;54,0;118,0;ETCS L1;False;False;0;-; 0,0; 0,0; 0,0;S1: VDV 1 - Strecke 1 - null;0,000000;31642,0;  0,0;6227,3;  0,0;1,030;1,00;1,00;"80 0622-19.0;";0;ETCS fallend;;;False;ETCS fallend;False;00:52:33;00:52:33;-;-;False;-;-;3153;3153
28200;ETCS fallend;0/00:52:33;0/00:52:33;00:53;00:53;00:53;00:53;-;100,00;97,09;100,00;-;100,00;-;K;-;ETCS-Stützstelle;;S1;Strecke 1;0/00:18:42;-;140,00;1,0000;1,030;-;-;54,0;118,0;ETCS L1;False;False;0;-; 0,0; 0,0; 0,0;S1: VDV 1 - Strecke 1 - null;0,000000;31642,0;  0,0;6227,3;  0,0;1,030;1,00;1,00;"80 0622-19.0;";0;ETCS fallend;;;False;ETCS fallend;False;00:52:33;00:52:33;-;-;False;-;-;3153;3153
28225;ETCS fallend;0/00:52:34;0/00:52:34;00:53;00:53;00:53;00:53;-;100,00;97,09;100,00;-;100,00;-;K;-;ETCS-Stützstelle;;S1;Strecke 1;0/00:18:43;-;140,00;1,0000;1,030;-;-;54,0;118,0;ETCS L1;False;False;0;-; 0,0; 0,0; 0,0;S1: VDV 1 - Strecke 1 - null;0,000000;31642,0;  0,0;6227,3;  0,0;1,030;1,00;1,00;"80 0622-19.0;";0;ETCS fallend;;;False;ETCS fallend;False;00:52:34;00:52:34;-;-;False;-;-;3154;3154
28250;ETCS fallend;0/00:52:35;0/00:52:35;00:53;00:53;00:53;00:53;-;100,00;97,09;100,00;-;100,00;-;K;-;ETCS-Stützstelle;;S1;Strecke 1;0/00:18:44;-;140,00;1,0000;1,030;-;-;54,0;118,0;ETCS L1;False;False;0;-; 0,0; 0,0; 0,0;S1: VDV 1 - Strecke 1 - null;0,000000;31642,0;  0,0;6227,3;  0,0;1,030;1,00;1,00;"80 0622-19.0;";0;ETCS fallend;;;False;ETCS fallend;False;00:52:35;00:52:35;-;-;False;-;-;3155;3155
28275;ETCS fallend;0/00:52:36;0/00:52:36;00:53;00:53;00:53;00:53;-;100,00;97,09;100,00;-;100,00;-;K;-;ETCS-Stützstelle;;S1;Strecke 1;0/00:18:44;-;140,00;1,0000;1,030;-;-;54,0;118,0;ETCS L1;False;False;0;-; 0,0; 0,0; 0,0;S1: VDV 1 - Strecke 1 - null;0,000000;31642,0;  0,0;6227,3;  0,0;1,030;1,00;1,00;"80 0622-19.0;";0;ETCS fallend;;;False;ETCS fallend;False;00:52:36;00:52:36;-;-;False;-;-;3156;3156
28300;ETCS fallend;0/00:52:37;0/00:52:37;00:53;00:53;00:53;00:53;-;100,00;97,09;100,00;-;100,00;-;K;-;ETCS-Stützstelle;;S1;Strecke 1;0/00:18:45;-;140,00;1,0000;1,030;-;-;54,0;118,0;ETCS L1;False;False;0;-; 0,0; 0,0; 0,0;S1: VDV 1 - Strecke 1 - null;0,000000;31642,0;  0,0;6227,3;  0,0;1,030;1,00;1,00;"80 0622-19.0;";0;ETCS fallend;;;False;ETCS fallend;False;00:52:37;00:52:37;-;-;False;-;-;3157;3157
28325;ETCS fallend;0/00:52:38;0/00:52:38;00:53;00:53;00:53;00:53;-;100,00;97,09;100,00;-;100,00;-;K;-;ETCS-Stützstelle;;S1;Strecke 1;0/00:18:46;-;140,00;1,0000;1,030;-;-;54,0;118,0;ETCS L1;False;False;0;-; 0,0; 0,0; 0,0;S1: VDV 1 - Strecke 1 - null;0,000000;31642,0;  0,0;6227,3;  0,0;1,030;1,00;1,00;"80 0622-19.0;";0;ETCS fallend;;;False;ETCS fallend;False;00:52:38;00:52:38;-;-;False;-;-;3158;3158
28350;ETCS fallend;0/00:52:39;0/00:52:39;00:53;00:53;00:53;00:53;-;100,00;97,09;100,00;-;100,00;-;K;-;ETCS-Stützstelle;;S1;Strecke 1;0/00:18:47;-;140,00;1,0000;1,030;-;-;54,0;118,0;ETCS L1;False;False;0;-; 0,0; 0,0; 0,0;S1: VDV 1 - Strecke 1 - null;0,000000;31642,0;  0,0;6227,3;  0,0;1,030;1,00;1,00;"80 0622-19.0;";0;ETCS fallend;;;False;ETCS fallend;False;00:52:39;00:52:39;-;-;False;-;-;3159;3159
28375;ETCS fallend;0/00:52:40;0/00:52:40;00:53;00:53;00:53;00:53;-;100,00;97,09;100,00;-;100,00;-;K;-;ETCS-Stützstelle;;S1;Strecke 1;0/00:18:48;-;140,00;1,0000;1,030;-;-;54,0;118,0;ETCS L1;False;False;0;-; 0,0; 0,0; 0,0;S1: VDV 1 - Strecke 1 - null;0,000000;31642,0;  0,0;6227,3;  0,0;1,030;1,00;1,00;"80 0622-19.0;";0;ETCS fallend;;;False;ETCS fallend;False;00:52:40;00:52:40;-;-;False;-;-;3160;3160
28400;ETCS fallend;0/00:52:41;0/00:52:41;00:53;00:53;00:53;00:53;-;100,00;97,09;100,00;-;100,00;-;K;-;ETCS-Stützstelle;;S1;Strecke 1;0/00:18:49;-;140,00;1,0000;1,030;-;-;54,0;118,0;ETCS L1;False;False;0;-; 0,0; 0,0; 0,0;S1: VDV 1 - Strecke 1 - null;0,000000;31642,0;  0,0;6227,3;  0,0;1,030;1,00;1,00;"80 0622-19.0;";0;ETCS fallend;;;False;ETCS fallend;False;00:52:41;00:52:41;-;-;False;-;-;3161;3161
28425;ETCS fallend;0/00:52:42;0/00:52:42;00:53;00:53;00:53;00:53;-;100,00;97,09;100,00;-;100,00;-;K;-;ETCS-Stützstelle;;S1;Strecke 1;0/00:18:50;-;140,00;1,0000;1,030;-;-;54,0;118,0;ETCS L1;False;False;0;-; 0,0; 0,0; 0,0;S1: VDV 1 - Strecke 1 - null;0,000000;31642,0;  0,0;6227,3;  0,0;1,030;1,00;1,00;"80 0622-19.0;";0;ETCS fallend;;;False;ETCS fallend;False;00:52:42;00:52:42;-;-;False;-;-;3162;3162
28450;ETCS fallend;0/00:52:43;0/00:52:43;00:53;00:53;00:53;00:53;-;100,00;97,09;100,00;-;100,00;-;K;-;ETCS-Stützstelle;;S1;Strecke 1;0/00:18:51;-;140,00;1,0000;1,030;-;-;54,0;118,0;ETCS L1;False;False;0;-; 0,0; 0,0; 0,0;S1: VDV 1 - Strecke 1 - null;0,000000;31642,0;  0,0;6227,3;  0,0;1,030;1,00;1,00;"80 0622-19.0;";0;ETCS fallend;;;False;ETCS fallend;False;00:52:43;00:52:43;-;-;False;-;-;3163;3163
28475;ETCS fallend;0/00:52:44;0/00:52:44;00:53;00:53;00:53;00:53;-;100,00;97,09;100,00;-;100,00;-;K;-;ETCS-Stützstelle;;S1;Strecke 1;0/00:18:52;-;140,00;1,0000;1,030;-;-;54,0;118,0;ETCS L1;False;False;0;-; 0,0; 0,0; 0,0;S1: VDV 1 - Strecke 1 - null;0,000000;31642,0;  0,0;6227,3;  0,0;1,030;1,00;1,00;"80 0622-19.0;";0;ETCS fallend;;;False;ETCS fallend;False;00:52:44;00:52:44;-;-;False;-;-;3164;3164
28500;ETCS fallend;0/00:52:45;0/00:52:45;00:53;00:53;00:53;00:53;-;100,00;97,09;100,00;-;100,00;-;K;-;ETCS-Stützstelle;;S1;Strecke 1;0/00:18:53;-;140,00;1,0000;1,030;-;-;54,0;118,0;ETCS L1;False;False;0;-; 0,0; 0,0; 0,0;S1: VDV 1 - Strecke 1 - null;0,000000;31642,0;  0,0;6227,3;  0,0;1,030;1,00;1,00;"80 0622-19.0;";0;ETCS fallend;;;False;ETCS fallend;False;00:52:45;00:52:45;-;-;False;-;-;3165;3165
28525;ETCS fallend;0/00:52:46;0/00:52:46;00:53;00:53;00:53;00:53;-;100,00;97,09;100,00;-;100,00;-;K;-;ETCS-Stützstelle;;S1;Strecke 1;0/00:18:53;-;140,00;1,0000;1,030;-;-;54,0;118,0;ETCS L1;False;False;0;-; 0,0; 0,0; 0,0;S1: VDV 1 - Strecke 1 - null;0,000000;31642,0;  0,0;6227,3;  0,0;1,030;1,00;1,00;"80 0622-19.0;";0;ETCS fallend;;;False;ETCS fallend;False;00:52:46;00:52:46;-;-;False;-;-;3166;3166
28550;ETCS fallend;0/00:52:46;0/00:52:46;00:53;00:53;00:53;00:53;-;100,00;97,09;100,00;-;100,00;-;K;-;ETCS-Stützstelle;;S1;Strecke 1;0/00:18:54;-;140,00;1,0000;1,030;-;-;54,0;118,0;ETCS L1;False;False;0;-; 0,0; 0,0; 0,0;S1: VDV 1 - Strecke 1 - null;0,000000;31642,0;  0,0;6227,3;  0,0;1,030;1,00;1,00;"80 0622-19.0;";0;ETCS fallend;;;False;ETCS fallend;False;00:52:46;00:52:46;-;-;False;-;-;3166;3166
28575;ETCS fallend;0/00:52:47;0/00:52:47;00:53;00:53;00:53;00:53;-;100,00;97,09;100,00;-;100,00;-;K;-;ETCS-Stützstelle;;S1;Strecke 1;0/00:18:55;-;140,00;1,0000;1,030;-;-;54,0;118,0;ETCS L1;False;False;0;-; 0,0; 0,0; 0,0;S1: VDV 1 - Strecke 1 - null;0,000000;31642,0;  0,0;6227,3;  0,0;1,030;1,00;1,00;"80 0622-19.0;";0;ETCS fallend;;;False;ETCS fallend;False;00:52:47;00:52:47;-;-;False;-;-;3167;3167
28600;ETCS fallend;0/00:52:48;0/00:52:48;00:53;00:53;00:53;00:53;-;100,00;97,09;100,00;-;100,00;-;K;-;ETCS-Stützstelle;;S1;Strecke 1;0/00:18:56;-;140,00;1,0000;1,030;-;-;54,0;118,0;ETCS L1;False;False;0;-; 0,0; 0,0; 0,0;S1: VDV 1 - Strecke 1 - null;0,000000;31642,0;  0,0;6227,3;  0,0;1,030;1,00;1,00;"80 0622-19.0;";0;ETCS fallend;;;False;ETCS fallend;False;00:52:48;00:52:48;-;-;False;-;-;3168;3168
28625;ETCS fallend;0/00:52:49;0/00:52:49;00:53;00:53;00:53;00:53;-;100,00;97,09;100,00;-;100,00;-;K;-;ETCS-Stützstelle;;S1;Strecke 1;0/00:18:57;-;140,00;1,0000;1,030;-;-;54,0;118,0;ETCS L1;False;False;0;-; 0,0; 0,0; 0,0;S1: VDV 1 - Strecke 1 - null;0,000000;31642,0;  0,0;6227,3;  0,0;1,030;1,00;1,00;"80 0622-19.0;";0;ETCS fallend;;;False;ETCS fallend;False;00:52:49;00:52:49;-;-;False;-;-;3169;3169
28650;ETCS fallend;0/00:52:50;0/00:52:50;00:53;00:53;00:53;00:53;-;100,00;97,09;100,00;-;100,00;-;K;-;ETCS-Stützstelle;;S1;Strecke 1;0/00:18:58;-;140,00;1,0000;1,030;-;-;54,0;118,0;ETCS L1;False;False;0;-; 0,0; 0,0; 0,0;S1: VDV 1 - Strecke 1 - null;0,000000;31642,0;  0,0;6227,3;  0,0;1,030;1,00;1,00;"80 0622-19.0;";0;ETCS fallend;;;False;ETCS fallend;False;00:52:50;00:52:50;-;-;False;-;-;3170;3170
28675;ETCS fallend;0/00:52:51;0/00:52:51;00:53;00:53;00:53;00:53;-;100,00;97,09;100,00;-;100,00;-;K;-;ETCS-Stützstelle;;S1;Strecke 1;0/00:18:59;-;140,00;1,0000;1,030;-;-;54,0;118,0;ETCS L1;False;False;0;-; 0,0; 0,0; 0,0;S1: VDV 1 - Strecke 1 - null;0,000000;31642,0;  0,0;6227,3;  0,0;1,030;1,00;1,00;"80 0622-19.0;";0;ETCS fallend;;;False;ETCS fallend;False;00:52:51;00:52:51;-;-;False;-;-;3171;3171
28700;ETCS fallend;0/00:52:52;0/00:52:52;00:53;00:53;00:53;00:53;-;100,00;97,09;100,00;-;100,00;-;K;-;ETCS-Stützstelle;;S1;Strecke 1;0/00:19:00;-;140,00;1,0000;1,030;-;-;54,0;118,0;ETCS L1;False;False;0;-; 0,0; 0,0; 0,0;S1: VDV 1 - Strecke 1 - null;0,000000;31642,0;  0,0;6227,3;  0,0;1,030;1,00;1,00;"80 0622-19.0;";0;ETCS fallend;;;False;ETCS fallend;False;00:52:52;00:52:52;-;-;False;-;-;3172;3172
28725;ETCS fallend;0/00:52:53;0/00:52:53;00:53;00:53;00:53;00:53;-;100,00;97,09;100,00;-;100,00;-;K;-;ETCS-Stützstelle;;S1;Strecke 1;0/00:19:01;-;140,00;1,0000;1,030;-;-;54,0;118,0;ETCS L1;False;False;0;-; 0,0; 0,0; 0,0;S1: VDV 1 - Strecke 1 - null;0,000000;31642,0;  0,0;6227,3;  0,0;1,030;1,00;1,00;"80 0622-19.0;";0;ETCS fallend;;;False;ETCS fallend;False;00:52:53;00:52:53;-;-;False;-;-;3173;3173
28750;ETCS fallend;0/00:52:54;0/00:52:54;00:53;00:53;00:53;00:53;-;100,00;97,09;100,00;-;100,00;-;K;-;ETCS-Stützstelle;;S1;Strecke 1;0/00:19:02;-;140,00;1,0000;1,030;-;-;54,0;118,0;ETCS L1;False;False;0;-; 0,0; 0,0; 0,0;S1: VDV 1 - Strecke 1 - null;0,000000;31642,0;  0,0;6227,3;  0,0;1,030;1,00;1,00;"80 0622-19.0;";0;ETCS fallend;;;False;ETCS fallend;False;00:52:54;00:52:54;-;-;False;-;-;3174;3174
28775;ETCS fallend;0/00:52:55;0/00:52:55;00:53;00:53;00:53;00:53;-;100,00;97,09;100,00;-;100,00;-;K;-;ETCS-Stützstelle;;S1;Strecke 1;0/00:19:02;-;140,00;1,0000;1,030;-;-;54,0;118,0;ETCS L1;False;False;0;-; 0,0; 0,0; 0,0;S1: VDV 1 - Strecke 1 - null;0,000000;31642,0;  0,0;6227,3;  0,0;1,030;1,00;1,00;"80 0622-19.0;";0;ETCS fallend;;;False;ETCS fallend;False;00:52:55;00:52:55;-;-;False;-;-;3175;3175
28800;ETCS fallend;0/00:52:56;0/00:52:56;00:53;00:53;00:53;00:53;-;100,00;97,09;100,00;-;100,00;-;K;-;ETCS-Stützstelle;;S1;Strecke 1;0/00:19:03;-;140,00;1,0000;1,030;-;-;54,0;118,0;ETCS L1;False;False;0;-; 0,0; 0,0; 0,0;S1: VDV 1 - Strecke 1 - null;0,000000;31642,0;  0,0;6227,3;  0,0;1,030;1,00;1,00;"80 0622-19.0;";0;ETCS fallend;;;False;ETCS fallend;False;00:52:56;00:52:56;-;-;False;-;-;3176;3176
28825;ETCS fallend;0/00:52:57;0/00:52:57;00:53;00:53;00:53;00:53;-;100,00;97,09;100,00;-;100,00;-;K;-;ETCS-Stützstelle;;S1;Strecke 1;0/00:19:04;-;140,00;1,0000;1,030;-;-;54,0;118,0;ETCS L1;False;False;0;-; 0,0; 0,0; 0,0;S1: VDV 1 - Strecke 1 - null;0,000000;31642,0;  0,0;6227,3;  0,0;1,030;1,00;1,00;"80 0622-19.0;";0;ETCS fallend;;;False;ETCS fallend;False;00:52:57;00:52:57;-;-;False;-;-;3177;3177
28850;ETCS fallend;0/00:52:58;0/00:52:58;00:53;00:53;00:53;00:53;-;100,00;97,09;100,00;-;100,00;-;K;-;ETCS-Stützstelle;;S1;Strecke 1;0/00:19:05;-;140,00;1,0000;1,030;-;-;54,0;118,0;ETCS L1;False;False;0;-; 0,0; 0,0; 0,0;S1: VDV 1 - Strecke 1 - null;0,000000;31642,0;  0,0;6227,3;  0,0;1,030;1,00;1,00;"80 0622-19.0;";0;ETCS fallend;;;False;ETCS fallend;False;00:52:58;00:52:58;-;-;False;-;-;3178;3178
28875;ETCS fallend;0/00:52:58;0/00:52:58;00:53;00:53;00:53;00:53;-;100,00;97,09;100,00;-;100,00;-;K;-;ETCS-Stützstelle;;S1;Strecke 1;0/00:19:06;-;140,00;1,0000;1,030;-;-;54,0;118,0;ETCS L1;False;False;0;-; 0,0; 0,0; 0,0;S1: VDV 1 - Strecke 1 - null;0,000000;31642,0;  0,0;6227,3;  0,0;1,030;1,00;1,00;"80 0622-19.0;";0;ETCS fallend;;;False;ETCS fallend;False;00:52:58;00:52:58;-;-;False;-;-;3178;3178
28900;ETCS fallend;0/00:52:59;0/00:52:59;00:53;00:53;00:53;00:53;-;100,00;97,09;100,00;-;100,00;-;K;-;ETCS-Stützstelle;;S1;Strecke 1;0/00:19:07;-;140,00;1,0000;1,030;-;-;54,0;118,0;ETCS L1;False;False;0;-; 0,0; 0,0; 0,0;S1: VDV 1 - Strecke 1 - null;0,000000;31642,0;  0,0;6227,3;  0,0;1,030;1,00;1,00;"80 0622-19.0;";0;ETCS fallend;;;False;ETCS fallend;False;00:52:59;00:52:59;-;-;False;-;-;3179;3179
28925;ETCS fallend;0/00:53:00;0/00:53:00;00:53;00:53;00:53;00:53;-;100,00;97,09;100,00;-;100,00;-;K;-;ETCS-Stützstelle;;S1;Strecke 1;0/00:19:08;-;140,00;1,0000;1,030;-;-;54,0;118,0;ETCS L1;False;False;0;-; 0,0; 0,0; 0,0;S1: VDV 1 - Strecke 1 - null;0,000000;31642,0;  0,0;6227,3;  0,0;1,030;1,00;1,00;"80 0622-19.0;";0;ETCS fallend;;;False;ETCS fallend;False;00:53:00;00:53:00;-;-;False;-;-;3180;3180
28950;ETCS fallend;0/00:53:01;0/00:53:01;00:53;00:53;00:53;00:53;-;100,00;97,09;100,00;-;100,00;-;K;-;ETCS-Stützstelle;;S1;Strecke 1;0/00:19:09;-;140,00;1,0000;1,030;-;-;54,0;118,0;ETCS L1;False;False;0;-; 0,0; 0,0; 0,0;S1: VDV 1 - Strecke 1 - null;0,000000;31642,0;  0,0;6227,3;  0,0;1,030;1,00;1,00;"80 0622-19.0;";0;ETCS fallend;;;False;ETCS fallend;False;00:53:01;00:53:01;-;-;False;-;-;3181;3181
28975;ETCS fallend;0/00:53:02;0/00:53:02;00:53;00:53;00:53;00:53;-;100,00;97,09;100,00;-;100,00;-;K;-;ETCS-Stützstelle;;S1;Strecke 1;0/00:19:10;-;140,00;1,0000;1,030;-;-;54,0;118,0;ETCS L1;False;False;0;-; 0,0; 0,0; 0,0;S1: VDV 1 - Strecke 1 - null;0,000000;31642,0;  0,0;6227,3;  0,0;1,030;1,00;1,00;"80 0622-19.0;";0;ETCS fallend;;;False;ETCS fallend;False;00:53:02;00:53:02;-;-;False;-;-;3182;3182
29000;ETCS fallend;0/00:53:03;0/00:53:03;00:53;00:53;00:53;00:53;-;100,00;97,09;100,00;-;100,00;-;K;-;ETCS-Stützstelle;;S1;Strecke 1;0/00:19:11;-;140,00;1,0000;1,030;-;-;54,0;118,0;ETCS L1;False;False;0;-; 0,0; 0,0; 0,0;S1: VDV 1 - Strecke 1 - null;0,000000;31642,0;  0,0;6227,3;  0,0;1,030;1,00;1,00;"80 0622-19.0;";0;ETCS fallend;;;False;ETCS fallend;False;00:53:03;00:53:03;-;-;False;-;-;3183;3183
29025;ETCS fallend;0/00:53:04;0/00:53:04;00:53;00:53;00:53;00:53;-;100,00;97,09;100,00;-;100,00;-;K;-;ETCS-Stützstelle;;S1;Strecke 1;0/00:19:11;-;140,00;1,0000;1,030;-;-;54,0;118,0;ETCS L1;False;False;0;-; 0,0; 0,0; 0,0;S1: VDV 1 - Strecke 1 - null;0,000000;31642,0;  0,0;6227,3;  0,0;1,030;1,00;1,00;"80 0622-19.0;";0;ETCS fallend;;;False;ETCS fallend;False;00:53:04;00:53:04;-;-;False;-;-;3184;3184
29050;ETCS fallend;0/00:53:05;0/00:53:05;00:53;00:53;00:53;00:53;-;100,00;97,09;100,00;-;100,00;-;K;-;ETCS-Stützstelle;;S1;Strecke 1;0/00:19:12;-;140,00;1,0000;1,030;-;-;54,0;118,0;ETCS L1;False;False;0;-; 0,0; 0,0; 0,0;S1: VDV 1 - Strecke 1 - null;0,000000;31642,0;  0,0;6227,3;  0,0;1,030;1,00;1,00;"80 0622-19.0;";0;ETCS fallend;;;False;ETCS fallend;False;00:53:05;00:53:05;-;-;False;-;-;3185;3185
29075;ETCS fallend;0/00:53:06;0/00:53:06;00:53;00:53;00:53;00:53;-;100,00;97,09;100,00;-;100,00;-;K;-;ETCS-Stützstelle;;S1;Strecke 1;0/00:19:13;-;140,00;1,0000;1,030;-;-;54,0;118,0;ETCS L1;False;False;0;-; 0,0; 0,0; 0,0;S1: VDV 1 - Strecke 1 - null;0,000000;31642,0;  0,0;6227,3;  0,0;1,030;1,00;1,00;"80 0622-19.0;";0;ETCS fallend;;;False;ETCS fallend;False;00:53:06;00:53:06;-;-;False;-;-;3186;3186
29100;ETCS fallend;0/00:53:07;0/00:53:07;00:53;00:53;00:53;00:53;-;100,00;97,09;100,00;-;100,00;-;K;-;ETCS-Stützstelle;;S1;Strecke 1;0/00:19:14;-;140,00;1,0000;1,030;-;-;54,0;118,0;ETCS L1;False;False;0;-; 0,0; 0,0; 0,0;S1: VDV 1 - Strecke 1 - null;0,000000;31642,0;  0,0;6227,3;  0,0;1,030;1,00;1,00;"80 0622-19.0;";0;ETCS fallend;;;False;ETCS fallend;False;00:53:07;00:53:07;-;-;False;-;-;3187;3187
29125;ETCS fallend;0/00:53:08;0/00:53:08;00:53;00:53;00:53;00:53;-;100,00;97,09;100,00;-;100,00;-;K;-;ETCS-Stützstelle;;S1;Strecke 1;0/00:19:15;-;140,00;1,0000;1,030;-;-;54,0;118,0;ETCS L1;False;False;0;-; 0,0; 0,0; 0,0;S1: VDV 1 - Strecke 1 - null;0,000000;31642,0;  0,0;6227,3;  0,0;1,030;1,00;1,00;"80 0622-19.0;";0;ETCS fallend;;;False;ETCS fallend;False;00:53:08;00:53:08;-;-;False;-;-;3188;3188
29150;ETCS fallend;0/00:53:09;0/00:53:09;00:53;00:53;00:53;00:53;-;100,00;97,09;100,00;-;100,00;-;K;-;ETCS-Stützstelle;;S1;Strecke 1;0/00:19:16;-;140,00;1,0000;1,030;-;-;54,0;118,0;ETCS L1;False;False;0;-; 0,0; 0,0; 0,0;S1: VDV 1 - Strecke 1 - null;0,000000;31642,0;  0,0;6227,3;  0,0;1,030;1,00;1,00;"80 0622-19.0;";0;ETCS fallend;;;False;ETCS fallend;False;00:53:09;00:53:09;-;-;False;-;-;3189;3189
29175;ETCS fallend;0/00:53:10;0/00:53:10;00:53;00:53;00:53;00:53;-;100,00;97,09;100,00;-;100,00;-;K;-;ETCS-Stützstelle;;S1;Strecke 1;0/00:19:17;-;140,00;1,0000;1,030;-;-;54,0;118,0;ETCS L1;False;False;0;-; 0,0; 0,0; 0,0;S1: VDV 1 - Strecke 1 - null;0,000000;31642,0;  0,0;6227,3;  0,0;1,030;1,00;1,00;"80 0622-19.0;";0;ETCS fallend;;;False;ETCS fallend;False;00:53:10;00:53:10;-;-;False;-;-;3190;3190
29200;ETCS fallend;0/00:53:11;0/00:53:11;00:53;00:53;00:53;00:53;-;100,00;97,09;100,00;-;100,00;-;K;-;ETCS-Stützstelle;;S1;Strecke 1;0/00:19:18;-;140,00;1,0000;1,030;-;-;54,0;118,0;ETCS L1;False;False;0;-; 0,0; 0,0; 0,0;S1: VDV 1 - Strecke 1 - null;0,000000;31642,0;  0,0;6227,3;  0,0;1,030;1,00;1,00;"80 0622-19.0;";0;ETCS fallend;;;False;ETCS fallend;False;00:53:11;00:53:11;-;-;False;-;-;3191;3191
29225;ETCS fallend;0/00:53:11;0/00:53:11;00:53;00:53;00:53;00:53;-;100,00;97,09;100,00;-;100,00;-;K;-;ETCS-Stützstelle;;S1;Strecke 1;0/00:19:19;-;140,00;1,0000;1,030;-;-;54,0;118,0;ETCS L1;False;False;0;-; 0,0; 0,0; 0,0;S1: VDV 1 - Strecke 1 - null;0,000000;31642,0;  0,0;6227,3;  0,0;1,030;1,00;1,00;"80 0622-19.0;";0;ETCS fallend;;;False;ETCS fallend;False;00:53:11;00:53:11;-;-;False;-;-;3191;3191
29250;ETCS fallend;0/00:53:12;0/00:53:12;00:53;00:53;00:53;00:53;-;100,00;97,09;100,00;-;100,00;-;K;-;ETCS-Stützstelle;;S1;Strecke 1;0/00:19:20;-;140,00;1,0000;1,030;-;-;54,0;118,0;ETCS L1;False;False;0;-; 0,0; 0,0; 0,0;S1: VDV 1 - Strecke 1 - null;0,000000;31642,0;  0,0;6227,3;  0,0;1,030;1,00;1,00;"80 0622-19.0;";0;ETCS fallend;;;False;ETCS fallend;False;00:53:12;00:53:12;-;-;False;-;-;3192;3192
29275;ETCS fallend;0/00:53:13;0/00:53:13;00:53;00:53;00:53;00:53;-;100,00;97,09;100,00;-;100,00;-;K;-;ETCS-Stützstelle;;S1;Strecke 1;0/00:19:20;-;140,00;1,0000;1,030;-;-;54,0;118,0;ETCS L1;False;False;0;-; 0,0; 0,0; 0,0;S1: VDV 1 - Strecke 1 - null;0,000000;31642,0;  0,0;6227,3;  0,0;1,030;1,00;1,00;"80 0622-19.0;";0;ETCS fallend;;;False;ETCS fallend;False;00:53:13;00:53:13;-;-;False;-;-;3193;3193
29300;ETCS fallend;0/00:53:14;0/00:53:14;00:53;00:53;00:53;00:53;-;100,00;97,09;100,00;-;100,00;-;K;-;ETCS-Stützstelle;;S1;Strecke 1;0/00:19:21;-;140,00;1,0000;1,030;-;-;54,0;118,0;ETCS L1;False;False;0;-; 0,0; 0,0; 0,0;S1: VDV 1 - Strecke 1 - null;0,000000;31642,0;  0,0;6227,3;  0,0;1,030;1,00;1,00;"80 0622-19.0;";0;ETCS fallend;;;False;ETCS fallend;False;00:53:14;00:53:14;-;-;False;-;-;3194;3194
29325;ETCS fallend;0/00:53:15;0/00:53:15;00:53;00:53;00:53;00:53;-;100,00;97,09;100,00;-;100,00;-;K;-;ETCS-Stützstelle;;S1;Strecke 1;0/00:19:22;-;140,00;1,0000;1,030;-;-;54,0;118,0;ETCS L1;False;False;0;-; 0,0; 0,0; 0,0;S1: VDV 1 - Strecke 1 - null;0,000000;31642,0;  0,0;6227,3;  0,0;1,030;1,00;1,00;"80 0622-19.0;";0;ETCS fallend;;;False;ETCS fallend;False;00:53:15;00:53:15;-;-;False;-;-;3195;3195
29350;ETCS fallend;0/00:53:16;0/00:53:16;00:53;00:53;00:53;00:53;-;100,00;97,09;100,00;-;100,00;-;K;-;ETCS-Stützstelle;;S1;Strecke 1;0/00:19:23;-;140,00;1,0000;1,030;-;-;54,0;118,0;ETCS L1;False;False;0;-; 0,0; 0,0; 0,0;S1: VDV 1 - Strecke 1 - null;0,000000;31642,0;  0,0;6227,3;  0,0;1,030;1,00;1,00;"80 0622-19.0;";0;ETCS fallend;;;False;ETCS fallend;False;00:53:16;00:53:16;-;-;False;-;-;3196;3196
29375;ETCS fallend;0/00:53:17;0/00:53:17;00:53;00:53;00:53;00:53;-;100,00;97,09;100,00;-;100,00;-;K;-;ETCS-Stützstelle;;S1;Strecke 1;0/00:19:24;-;140,00;1,0000;1,030;-;-;54,0;118,0;ETCS L1;False;False;0;-; 0,0; 0,0; 0,0;S1: VDV 1 - Strecke 1 - null;0,000000;31642,0;  0,0;6227,3;  0,0;1,030;1,00;1,00;"80 0622-19.0;";0;ETCS fallend;;;False;ETCS fallend;False;00:53:17;00:53:17;-;-;False;-;-;3197;3197
29400;ETCS fallend;0/00:53:18;0/00:53:18;00:53;00:53;00:53;00:53;-;100,00;97,09;100,00;-;100,00;-;K;-;ETCS-Stützstelle;;S1;Strecke 1;0/00:19:25;-;140,00;1,0000;1,030;-;-;54,0;118,0;ETCS L1;False;False;0;-; 0,0; 0,0; 0,0;S1: VDV 1 - Strecke 1 - null;0,000000;31642,0;  0,0;6227,3;  0,0;1,030;1,00;1,00;"80 0622-19.0;";0;ETCS fallend;;;False;ETCS fallend;False;00:53:18;00:53:18;-;-;False;-;-;3198;3198
29425;ETCS fallend;0/00:53:19;0/00:53:19;00:53;00:53;00:53;00:53;-;100,00;97,09;100,00;-;100,00;-;K;-;ETCS-Stützstelle;;S1;Strecke 1;0/00:19:26;-;140,00;1,0000;1,030;-;-;54,0;118,0;ETCS L1;False;False;0;-; 0,0; 0,0; 0,0;S1: VDV 1 - Strecke 1 - null;0,000000;31642,0;  0,0;6227,3;  0,0;1,030;1,00;1,00;"80 0622-19.0;";0;ETCS fallend;;;False;ETCS fallend;False;00:53:19;00:53:19;-;-;False;-;-;3199;3199
29450;ETCS fallend;0/00:53:20;0/00:53:20;00:53;00:53;00:53;00:53;-;100,00;97,09;100,00;-;100,00;-;K;-;ETCS-Stützstelle;;S1;Strecke 1;0/00:19:27;-;140,00;1,0000;1,030;-;-;54,0;118,0;ETCS L1;False;False;0;-; 0,0; 0,0; 0,0;S1: VDV 1 - Strecke 1 - null;0,000000;31642,0;  0,0;6227,3;  0,0;1,030;1,00;1,00;"80 0622-19.0;";0;ETCS fallend;;;False;ETCS fallend;False;00:53:20;00:53:20;-;-;False;-;-;3200;3200
29475;ETCS fallend;0/00:53:21;0/00:53:21;00:53;00:53;00:53;00:53;-;100,00;97,09;100,00;-;100,00;-;K;-;ETCS-Stützstelle;;S1;Strecke 1;0/00:19:28;-;140,00;1,0000;1,030;-;-;54,0;118,0;ETCS L1;False;False;0;-; 0,0; 0,0; 0,0;S1: VDV 1 - Strecke 1 - null;0,000000;31642,0;  0,0;6227,3;  0,0;1,030;1,00;1,00;"80 0622-19.0;";0;ETCS fallend;;;False;ETCS fallend;False;00:53:21;00:53:21;-;-;False;-;-;3201;3201
29500;ETCS fallend;0/00:53:22;0/00:53:22;00:53;00:53;00:53;00:53;-;100,00;97,09;100,00;-;100,00;-;K;-;ETCS-Stützstelle;;S1;Strecke 1;0/00:19:29;-;140,00;1,0000;1,030;-;-;54,0;118,0;ETCS L1;False;False;0;-; 0,0; 0,0; 0,0;S1: VDV 1 - Strecke 1 - null;0,000000;31642,0;  0,0;6227,3;  0,0;1,030;1,00;1,00;"80 0622-19.0;";0;ETCS fallend;;;False;ETCS fallend;False;00:53:22;00:53:22;-;-;False;-;-;3202;3202
29525;ETCS fallend;0/00:53:23;0/00:53:23;00:53;00:53;00:53;00:53;-;100,00;97,09;100,00;-;100,00;-;K;-;ETCS-Stützstelle;;S1;Strecke 1;0/00:19:29;-;140,00;1,0000;1,030;-;-;54,0;118,0;ETCS L1;False;False;0;-; 0,0; 0,0; 0,0;S1: VDV 1 - Strecke 1 - null;0,000000;31642,0;  0,0;6227,3;  0,0;1,030;1,00;1,00;"80 0622-19.0;";0;ETCS fallend;;;False;ETCS fallend;False;00:53:23;00:53:23;-;-;False;-;-;3203;3203
29550;ETCS fallend;0/00:53:24;0/00:53:24;00:53;00:53;00:53;00:53;-;100,00;97,09;100,00;-;100,00;-;K;-;ETCS-Stützstelle;;S1;Strecke 1;0/00:19:30;-;140,00;1,0000;1,030;-;-;54,0;118,0;ETCS L1;False;False;0;-; 0,0; 0,0; 0,0;S1: VDV 1 - Strecke 1 - null;0,000000;31642,0;  0,0;6227,3;  0,0;1,030;1,00;1,00;"80 0622-19.0;";0;ETCS fallend;;;False;ETCS fallend;False;00:53:24;00:53:24;-;-;False;-;-;3204;3204
29575;ETCS fallend;0/00:53:24;0/00:53:24;00:53;00:53;00:53;00:53;-;100,00;97,09;100,00;-;100,00;-;K;-;ETCS-Stützstelle;;S1;Strecke 1;0/00:19:31;-;140,00;1,0000;1,030;-;-;54,0;118,0;ETCS L1;False;False;0;-; 0,0; 0,0; 0,0;S1: VDV 1 - Strecke 1 - null;0,000000;31642,0;  0,0;6227,3;  0,0;1,030;1,00;1,00;"80 0622-19.0;";0;ETCS fallend;;;False;ETCS fallend;False;00:53:24;00:53:24;-;-;False;-;-;3204;3204
29600;ETCS fallend;0/00:53:25;0/00:53:25;00:53;00:53;00:53;00:53;-;100,00;97,09;100,00;-;100,00;-;K;-;ETCS-Stützstelle;;S1;Strecke 1;0/00:19:32;-;140,00;1,0000;1,030;-;-;54,0;118,0;ETCS L1;False;False;0;-; 0,0; 0,0; 0,0;S1: VDV 1 - Strecke 1 - null;0,000000;31642,0;  0,0;6227,3;  0,0;1,030;1,00;1,00;"80 0622-19.0;";0;ETCS fallend;;;False;ETCS fallend;False;00:53:25;00:53:25;-;-;False;-;-;3205;3205
29625;ETCS fallend;0/00:53:26;0/00:53:26;00:53;00:53;00:53;00:53;-;100,00;97,09;100,00;-;100,00;-;K;-;ETCS-Stützstelle;;S1;Strecke 1;0/00:19:33;-;140,00;1,0000;1,030;-;-;54,0;118,0;ETCS L1;False;False;0;-; 0,0; 0,0; 0,0;S1: VDV 1 - Strecke 1 - null;0,000000;31642,0;  0,0;6227,3;  0,0;1,030;1,00;1,00;"80 0622-19.0;";0;ETCS fallend;;;False;ETCS fallend;False;00:53:26;00:53:26;-;-;False;-;-;3206;3206
29650;ETCS fallend;0/00:53:27;0/00:53:27;00:53;00:53;00:53;00:53;-;100,00;97,09;100,00;-;100,00;-;K;-;ETCS-Stützstelle;;S1;Strecke 1;0/00:19:34;-;140,00;1,0000;1,030;-;-;54,0;118,0;ETCS L1;False;False;0;-; 0,0; 0,0; 0,0;S1: VDV 1 - Strecke 1 - null;0,000000;31642,0;  0,0;6227,3;  0,0;1,030;1,00;1,00;"80 0622-19.0;";0;ETCS fallend;;;False;ETCS fallend;False;00:53:27;00:53:27;-;-;False;-;-;3207;3207
29675;ETCS fallend;0/00:53:28;0/00:53:28;00:53;00:53;00:53;00:53;-;100,00;97,09;100,00;-;100,00;-;K;-;ETCS-Stützstelle;;S1;Strecke 1;0/00:19:35;-;140,00;1,0000;1,030;-;-;54,0;118,0;ETCS L1;False;False;0;-; 0,0; 0,0; 0,0;S1: VDV 1 - Strecke 1 - null;0,000000;31642,0;  0,0;6227,3;  0,0;1,030;1,00;1,00;"80 0622-19.0;";0;ETCS fallend;;;False;ETCS fallend;False;00:53:28;00:53:28;-;-;False;-;-;3208;3208
29700;ETCS fallend;0/00:53:29;0/00:53:29;00:53;00:53;00:53;00:53;-;100,00;97,09;100,00;-;100,00;-;K;-;ETCS-Stützstelle;;S1;Strecke 1;0/00:19:36;-;140,00;1,0000;1,030;-;-;54,0;118,0;ETCS L1;False;False;0;-; 0,0; 0,0; 0,0;S1: VDV 1 - Strecke 1 - null;0,000000;31642,0;  0,0;6227,3;  0,0;1,030;1,00;1,00;"80 0622-19.0;";0;ETCS fallend;;;False;ETCS fallend;False;00:53:29;00:53:29;-;-;False;-;-;3209;3209
29725;ETCS fallend;0/00:53:30;0/00:53:30;00:54;00:54;00:54;00:54;-;100,00;97,09;100,00;-;100,00;-;K;-;ETCS-Stützstelle;;S1;Strecke 1;0/00:19:37;-;140,00;1,0000;1,030;-;-;54,0;118,0;ETCS L1;False;False;0;-; 0,0; 0,0; 0,0;S1: VDV 1 - Strecke 1 - null;0,000000;31642,0;  0,0;6227,3;  0,0;1,030;1,00;1,00;"80 0622-19.0;";0;ETCS fallend;;;False;ETCS fallend;False;00:53:30;00:53:30;-;-;False;-;-;3210;3210
29750;ETCS fallend;0/00:53:31;0/00:53:31;00:54;00:54;00:54;00:54;-;100,00;97,09;100,00;-;100,00;-;K;-;ETCS-Stützstelle;;S1;Strecke 1;0/00:19:38;-;140,00;1,0000;1,030;-;-;54,0;118,0;ETCS L1;False;False;0;-; 0,0; 0,0; 0,0;S1: VDV 1 - Strecke 1 - null;0,000000;31642,0;  0,0;6227,3;  0,0;1,030;1,00;1,00;"80 0622-19.0;";0;ETCS fallend;;;False;ETCS fallend;False;00:53:31;00:53:31;-;-;False;-;-;3211;3211
29775;ETCS fallend;0/00:53:32;0/00:53:32;00:54;00:54;00:54;00:54;-;100,00;97,09;100,00;-;100,00;-;K;-;ETCS-Stützstelle;;S1;Strecke 1;0/00:19:38;-;140,00;1,0000;1,030;-;-;54,0;118,0;ETCS L1;False;False;0;-; 0,0; 0,0; 0,0;S1: VDV 1 - Strecke 1 - null;0,000000;31642,0;  0,0;6227,3;  0,0;1,030;1,00;1,00;"80 0622-19.0;";0;ETCS fallend;;;False;ETCS fallend;False;00:53:32;00:53:32;-;-;False;-;-;3212;3212
29800;ETCS fallend;0/00:53:33;0/00:53:33;00:54;00:54;00:54;00:54;-;100,00;97,09;100,00;-;100,00;-;K;-;ETCS-Stützstelle;;S1;Strecke 1;0/00:19:39;-;140,00;1,0000;1,030;-;-;54,0;118,0;ETCS L1;False;False;0;-; 0,0; 0,0; 0,0;S1: VDV 1 - Strecke 1 - null;0,000000;31642,0;  0,0;6227,3;  0,0;1,030;1,00;1,00;"80 0622-19.0;";0;ETCS fallend;;;False;ETCS fallend;False;00:53:33;00:53:33;-;-;False;-;-;3213;3213
29825;ETCS fallend;0/00:53:34;0/00:53:34;00:54;00:54;00:54;00:54;-;100,00;97,09;100,00;-;100,00;-;K;-;ETCS-Stützstelle;;S1;Strecke 1;0/00:19:40;-;140,00;1,0000;1,030;-;-;54,0;118,0;ETCS L1;False;False;0;-; 0,0; 0,0; 0,0;S1: VDV 1 - Strecke 1 - null;0,000000;31642,0;  0,0;6227,3;  0,0;1,030;1,00;1,00;"80 0622-19.0;";0;ETCS fallend;;;False;ETCS fallend;False;00:53:34;00:53:34;-;-;False;-;-;3214;3214
29850;ETCS fallend;0/00:53:35;0/00:53:35;00:54;00:54;00:54;00:54;-;100,00;97,09;100,00;-;100,00;-;K;-;ETCS-Stützstelle;;S1;Strecke 1;0/00:19:41;-;140,00;1,0000;1,030;-;-;54,0;118,0;ETCS L1;False;False;0;-; 0,0; 0,0; 0,0;S1: VDV 1 - Strecke 1 - null;0,000000;31642,0;  0,0;6227,3;  0,0;1,030;1,00;1,00;"80 0622-19.0;";0;ETCS fallend;;;False;ETCS fallend;False;00:53:35;00:53:35;-;-;False;-;-;3215;3215
29875;ETCS fallend;0/00:53:36;0/00:53:36;00:54;00:54;00:54;00:54;-;100,00;97,09;100,00;-;100,00;-;K;-;ETCS-Stützstelle;;S1;Strecke 1;0/00:19:42;-;140,00;1,0000;1,030;-;-;54,0;118,0;ETCS L1;False;False;0;-; 0,0; 0,0; 0,0;S1: VDV 1 - Strecke 1 - null;0,000000;31642,0;  0,0;6227,3;  0,0;1,030;1,00;1,00;"80 0622-19.0;";0;ETCS fallend;;;False;ETCS fallend;False;00:53:36;00:53:36;-;-;False;-;-;3216;3216
29900;ETCS fallend;0/00:53:36;0/00:53:36;00:54;00:54;00:54;00:54;-;100,00;97,09;100,00;-;100,00;-;K;-;ETCS-Stützstelle;;S1;Strecke 1;0/00:19:43;-;140,00;1,0000;1,030;-;-;54,0;118,0;ETCS L1;False;False;0;-; 0,0; 0,0; 0,0;S1: VDV 1 - Strecke 1 - null;0,000000;31642,0;  0,0;6227,3;  0,0;1,030;1,00;1,00;"80 0622-19.0;";0;ETCS fallend;;;False;ETCS fallend;False;00:53:36;00:53:36;-;-;False;-;-;3216;3216
29925;ETCS fallend;0/00:53:37;0/00:53:37;00:54;00:54;00:54;00:54;-;100,00;97,09;100,00;-;100,00;-;K;-;ETCS-Stützstelle;;S1;Strecke 1;0/00:19:44;-;140,00;1,0000;1,030;-;-;54,0;118,0;ETCS L1;False;False;0;-; 0,0; 0,0; 0,0;S1: VDV 1 - Strecke 1 - null;0,000000;31642,0;  0,0;6227,3;  0,0;1,030;1,00;1,00;"80 0622-19.0;";0;ETCS fallend;;;False;ETCS fallend;False;00:53:37;00:53:37;-;-;False;-;-;3217;3217
29950;ETCS fallend;0/00:53:38;0/00:53:38;00:54;00:54;00:54;00:54;-;100,00;97,09;100,00;-;100,00;-;K;-;ETCS-Stützstelle;;S1;Strecke 1;0/00:19:45;-;140,00;1,0000;1,030;-;-;54,0;118,0;ETCS L1;False;False;0;-; 0,0; 0,0; 0,0;S1: VDV 1 - Strecke 1 - null;0,000000;31642,0;  0,0;6227,3;  0,0;1,030;1,00;1,00;"80 0622-19.0;";0;ETCS fallend;;;False;ETCS fallend;False;00:53:38;00:53:38;-;-;False;-;-;3218;3218
29975;ETCS fallend;0/00:53:39;0/00:53:39;00:54;00:54;00:54;00:54;-;100,00;97,09;100,00;-;100,00;-;K;-;ETCS-Stützstelle;;S1;Strecke 1;0/00:19:46;-;140,00;1,0000;1,030;-;-;54,0;118,0;ETCS L1;False;False;0;-; 0,0; 0,0; 0,0;S1: VDV 1 - Strecke 1 - null;0,000000;31642,0;  0,0;6227,3;  0,0;1,030;1,00;1,00;"80 0622-19.0;";0;ETCS fallend;;;False;ETCS fallend;False;00:53:39;00:53:39;-;-;False;-;-;3219;3219
30000;ETCS fallend;0/00:53:40;0/00:53:40;00:54;00:54;00:54;00:54;-;100,00;97,09;100,00;-;100,00;-;K;-;ETCS-Stützstelle;;S1;Strecke 1;0/00:19:47;-;140,00;1,0000;1,030;-;-;54,0;118,0;ETCS L1;False;False;0;-; 0,0; 0,0; 0,0;S1: VDV 1 - Strecke 1 - null;0,000000;31642,0;  0,0;6227,3;  0,0;1,030;1,00;1,00;"80 0622-19.0;";0;ETCS fallend;;;False;ETCS fallend;False;00:53:40;00:53:40;-;-;False;-;-;3220;3220
30000;ETCS fallend;0/00:53:40;0/00:53:40;00:54;00:54;00:54;00:54;-;100,00;97,09;100,00;-;100,00;-;K;-;S1 0.000 3521-0 Gleisende; Ref(30054)=<S1|0,000/+0|GE|3521-0|2>  Anfang(30054)=<S1|0,000/+0|GE|3521-0|2>  Ende(30054)=<S1|0,000/+0|GE|3521-0|2> ;S1;Strecke 1;0/00:19:47;-;140,00;1,0000;1,030;-;-;54,0;118,0;ETCS L1;False;False;0;-; 0,0; 0,0; 0,0;S1: VDV 1 - Strecke 1 - null;0,000000;31642,0;  0,0;6227,3;  0,0;1,030;1,00;1,00;"80 0622-19.0;";0;ETCS fallend;3521;;False;ETCS fallend;False;00:53:40;00:53:40;-;-;False;-;Gleisende 3521-0 - Betriebsstellengrenze 3521-0 (3521);3220;3220
30025;ETCS fallend;0/00:53:41;0/00:53:41;00:54;00:54;00:54;00:54;-;100,00;97,09;100,00;-;100,00;-;K;-;ETCS-Stützstelle;;S1;Strecke 1;0/00:19:47;-;140,00;1,0000;1,030;-;-;54,0;118,0;ETCS L1;False;False;0;-; 0,0; 0,0; 0,0;S1: VDV 1 - Strecke 1 - null;0,000000;31642,0;  0,0;6227,3;  0,0;1,030;1,00;1,00;"80 0622-19.0;";0;ETCS fallend;;;False;ETCS fallend;False;00:53:41;00:53:41;-;-;False;-;-;3221;3221
30050;ETCS fallend;0/00:53:42;0/00:53:42;00:54;00:54;00:54;00:54;-;100,00;97,09;100,00;-;100,00;-;K;-;ETCS-Stützstelle;;S1;Strecke 1;0/00:19:48;-;140,00;1,0000;1,030;-;-;54,0;118,0;ETCS L1;False;False;0;-; 0,0; 0,0; 0,0;S1: VDV 1 - Strecke 1 - null;0,000000;31642,0;  0,0;6227,3;  0,0;1,030;1,00;1,00;"80 0622-19.0;";0;ETCS fallend;;;False;ETCS fallend;False;00:53:42;00:53:42;-;-;False;-;-;3222;3222
30054;ETCS fallend;0/00:53:42;0/00:53:42;00:54;00:54;00:54;00:54;-;100,00;97,09;100,00;-;100,00;-;K;-;ETCS-Stützstelle;;S1;Strecke 1;0/00:19:49;-;140,00;1,0000;1,030;-;-;54,0;118,0;ETCS L1;False;False;0;-; 0,0; 0,0; 0,0;S1: VDV 1 - Strecke 1 - null;0,000000;31642,0;  0,0;6227,3;  0,0;1,030;1,00;1,00;"80 0622-19.0;";0;ETCS fallend;;;False;ETCS fallend;False;00:53:42;00:53:42;-;-;False;-;-;3222;3222
30054;ETCS fallend;0/00:53:42;0/00:53:42;00:54;00:54;00:54;00:54;-;100,00;97,09;100,00;-;100,00;-;K;-;S1 0.000 3521-0 Gleisende; Anfang(22765)=<DB1|7,235/+0|HS|01P2|1>  Ende(30054)=<S1|0,000/+0|GE|3521-0|2> ;S1;Strecke 1;0/00:19:49;-;140,00;1,0000;1,030;-;-;54,0;118,0;ETCS L1;False;False;54;-; 0,0; 0,0; 0,0;S1: VDV 1 - Strecke 1 - null;0,000000;31642,0;  0,0;6227,3;  0,0;1,030;1,00;1,00;"80 0622-19.0;";0;ETCS fallend;3521;;True;ETCS fallend;False;00:53:42;00:53:42;-;-;False;-;Gleisende 3521-0 - Betriebsstellengrenze 3521-0 (3521);3222;3222
