Zugstrecke;Teilzugname;Ist-Abfahrt;Ist-Ankunft;Ist-Abfahrt gerundet;Ist-Ankunft gerundet;Ist-Abfahrt abgerundet;Ist-Ankunft aufgerundet;Haltezeiten;v;vReal;vMax;vMaxZugsicherung;vMaxStrecke;vMaxBrH;Zustand;DynStatus;Infrastrukturelement;Referenzelemente;Betriebsstelle;Betriebsstelle Langname;Relative Abfahrtzeit;Soll-Abfahrt;VMaxZug;Zuschlag;Regelzuschlag;SonderZuschlag;BauZuschlag;Laenge;Masse;Zugbeeinflussung;Steigend;Entfernt;Verschoben;Besonderheit;Bogen;Neigung;Tunnelquerschnitt;Fahrweg;a;Zugkraft;WFZ;WTFZ;WStrecke;Gesamtzuschlag;Verspätungszuschlag;Zuschlagabbau;Triebfahrzeuge;Wagenanzahl;Zugfamilienname;Streckennummer;Gleis;Wirkt;Einzelzugname;ATO;Ist-Ankunft ohne Tag;Ist-Abfahrt ohne Tag;Haltezeit;Mindesthaltezeit;No-Stopping Zone;ETCS-Kurve für Belegung;Zwischenweichenabschnitt;Ist-Abfahrt in Sekunden;Ist-Ankunft in Sekunden
0;ETCS fallend;0/00:27:52;0/00:27:52;00:28;00:28;00:28;00:28;-;80,00;77,67;80,00;-;80,00;-;K;-;S3 30.000 3521-0 Gleisende; Ref(7065)=<VDV2|22,935/+0|HS|02F|1>  Anfang(7065)=<VDV2|22,935/+0|HS|02F|1>  Ende(7115)=<VDV2|22,885/+0|ZSS||1> ;S3;Strecke 3;0/00:00:00;-;140,00;1,0000;1,030;-;-;54,0;118,0;ETCS L1;False;False;0;-; 0,0; 0,0; 0,0;S3: null - Strecke 3 - VDV 2;0,000000;42110,0;  0,0;4831,9;  0,0;1,030;1,00;1,00;"80 0622-19.0;";0;ETCS fallend;3521;;True;ETCS fallend;False;00:27:52;00:27:52;-;-;False;-;Betriebsstellengrenze 3521-0 - Gleisende 3521-0 (3521);1672;1672
0;ETCS fallend;0/00:27:52;0/00:27:52;00:28;00:28;00:28;00:28;-;80,00;77,67;80,00;-;80,00;-;K;-;S3 30.000  ZB-Anfang, Fallend, ETCS1( DB Netz AG SRS 3.6.0  <ETCS 1 (FS) | ETCS 2>);;S3;Strecke 3;0/00:00:00;-;140,00;1,0000;1,030;-;-;54,0;118,0;ETCS L1;False;False;0;-; 0,0; 0,0; 0,0;S3: null - Strecke 3 - VDV 2;0,000000;42110,0;  0,0;4831,9;  0,0;1,030;1,00;1,00;"80 0622-19.0;";0;ETCS fallend;3521;;True;ETCS fallend;False;00:27:52;00:27:52;-;-;False;-;Betriebsstellengrenze 3521-0 - Gleisende 3521-0 (3521);1672;1672
0;ETCS fallend;0/00:27:52;0/00:27:52;00:28;00:28;00:28;00:28;-;80,00;77,67;80,00;-;80,00;-;K;-;S3 30.000  Geschwindigkeit Zulässig, Fallend, v=80km/h, Wirkung ab hier, Alle;;S3;Strecke 3;0/00:00:00;-;140,00;1,0000;1,030;-;-;54,0;118,0;ETCS L1;False;False;0;-; 0,0; 0,0; 0,0;S3: null - Strecke 3 - VDV 2;0,000000;42110,0;  0,0;4831,9;  0,0;1,030;1,00;1,00;"80 0622-19.0;";0;ETCS fallend;3521;;True;ETCS fallend;False;00:27:52;00:27:52;-;-;False;-;Betriebsstellengrenze 3521-0 - Gleisende 3521-0 (3521);1672;1672
25;ETCS fallend;0/00:27:53;0/00:27:53;00:28;00:28;00:28;00:28;-;80,00;77,67;80,00;-;80,00;-;K;-;ETCS-Stützstelle;;S3;Strecke 3;0/00:00:01;-;140,00;1,0000;1,030;-;-;54,0;118,0;ETCS L1;False;False;0;-; 0,0; 0,0; 0,0;S3: null - Strecke 3 - VDV 2;0,000000;42110,0;  0,0;4831,9;  0,0;1,030;1,00;1,00;"80 0622-19.0;";0;ETCS fallend;;;False;ETCS fallend;False;00:27:53;00:27:53;-;-;False;-;-;1673;1673
50;ETCS fallend;0/00:27:54;0/00:27:54;00:28;00:28;00:28;00:28;-;80,00;77,67;80,00;-;80,00;-;K;-;ETCS-Stützstelle;;S3;Strecke 3;0/00:00:02;-;140,00;1,0000;1,030;-;-;54,0;118,0;ETCS L1;False;False;0;-; 0,0; 0,0; 0,0;S3: null - Strecke 3 - VDV 2;0,000000;42110,0;  0,0;4831,9;  0,0;1,030;1,00;1,00;"80 0622-19.0;";0;ETCS fallend;;;False;ETCS fallend;False;00:27:54;00:27:54;-;-;False;-;-;1674;1674
75;ETCS fallend;0/00:27:56;0/00:27:56;00:28;00:28;00:28;00:28;-;80,00;77,67;80,00;-;80,00;-;K;-;ETCS-Stützstelle;;S3;Strecke 3;0/00:00:03;-;140,00;1,0000;1,030;-;-;54,0;118,0;ETCS L1;False;False;0;-; 0,0; 0,0; 0,0;S3: null - Strecke 3 - VDV 2;0,000000;42110,0;  0,0;4831,9;  0,0;1,030;1,00;1,00;"80 0622-19.0;";0;ETCS fallend;;;False;ETCS fallend;False;00:27:56;00:27:56;-;-;False;-;-;1676;1676
100;ETCS fallend;0/00:27:57;0/00:27:57;00:28;00:28;00:28;00:28;-;80,00;77,67;80,00;-;80,00;-;K;-;ETCS-Stützstelle;;S3;Strecke 3;0/00:00:04;-;140,00;1,0000;1,030;-;-;54,0;118,0;ETCS L1;False;False;0;-; 0,0; 0,0; 0,0;S3: null - Strecke 3 - VDV 2;0,000000;42110,0;  0,0;4831,9;  0,0;1,030;1,00;1,00;"80 0622-19.0;";0;ETCS fallend;;;False;ETCS fallend;False;00:27:57;00:27:57;-;-;False;-;-;1677;1677
125;ETCS fallend;0/00:27:58;0/00:27:58;00:28;00:28;00:28;00:28;-;80,00;77,67;80,00;-;80,00;-;K;-;ETCS-Stützstelle;;S3;Strecke 3;0/00:00:05;-;140,00;1,0000;1,030;-;-;54,0;118,0;ETCS L1;False;False;0;-; 0,0; 0,0; 0,0;S3: null - Strecke 3 - VDV 2;0,000000;42110,0;  0,0;4831,9;  0,0;1,030;1,00;1,00;"80 0622-19.0;";0;ETCS fallend;;;False;ETCS fallend;False;00:27:58;00:27:58;-;-;False;-;-;1678;1678
150;ETCS fallend;0/00:27:59;0/00:27:59;00:28;00:28;00:28;00:28;-;80,00;77,67;80,00;-;80,00;-;K;-;ETCS-Stützstelle;;S3;Strecke 3;0/00:00:06;-;140,00;1,0000;1,030;-;-;54,0;118,0;ETCS L1;False;False;0;-; 0,0; 0,0; 0,0;S3: null - Strecke 3 - VDV 2;0,000000;42110,0;  0,0;4831,9;  0,0;1,030;1,00;1,00;"80 0622-19.0;";0;ETCS fallend;;;False;ETCS fallend;False;00:27:59;00:27:59;-;-;False;-;-;1679;1679
175;ETCS fallend;0/00:28:00;0/00:28:00;00:28;00:28;00:28;00:28;-;80,00;77,67;80,00;-;80,00;-;K;-;ETCS-Stützstelle;;S3;Strecke 3;0/00:00:07;-;140,00;1,0000;1,030;-;-;54,0;118,0;ETCS L1;False;False;0;-; 0,0; 0,0; 0,0;S3: null - Strecke 3 - VDV 2;0,000000;42110,0;  0,0;4831,9;  0,0;1,030;1,00;1,00;"80 0622-19.0;";0;ETCS fallend;;;False;ETCS fallend;False;00:28:00;00:28:00;-;-;False;-;-;1680;1680
200;ETCS fallend;0/00:28:01;0/00:28:01;00:28;00:28;00:28;00:28;-;80,00;77,67;80,00;-;80,00;-;K;-;ETCS-Stützstelle;;S3;Strecke 3;0/00:00:09;-;140,00;1,0000;1,030;-;-;54,0;118,0;ETCS L1;False;False;0;-; 0,0; 0,0; 0,0;S3: null - Strecke 3 - VDV 2;0,000000;42110,0;  0,0;4831,9;  0,0;1,030;1,00;1,00;"80 0622-19.0;";0;ETCS fallend;;;False;ETCS fallend;False;00:28:01;00:28:01;-;-;False;-;-;1681;1681
225;ETCS fallend;0/00:28:02;0/00:28:02;00:28;00:28;00:28;00:28;-;80,00;77,67;80,00;-;80,00;-;K;-;ETCS-Stützstelle;;S3;Strecke 3;0/00:00:10;-;140,00;1,0000;1,030;-;-;54,0;118,0;ETCS L1;False;False;0;-; 0,0; 0,0; 0,0;S3: null - Strecke 3 - VDV 2;0,000000;42110,0;  0,0;4831,9;  0,0;1,030;1,00;1,00;"80 0622-19.0;";0;ETCS fallend;;;False;ETCS fallend;False;00:28:02;00:28:02;-;-;False;-;-;1682;1682
250;ETCS fallend;0/00:28:04;0/00:28:04;00:28;00:28;00:28;00:28;-;80,00;77,67;80,00;-;80,00;-;K;-;ETCS-Stützstelle;;S3;Strecke 3;0/00:00:11;-;140,00;1,0000;1,030;-;-;54,0;118,0;ETCS L1;False;False;0;-; 0,0; 0,0; 0,0;S3: null - Strecke 3 - VDV 2;0,000000;42110,0;  0,0;4831,9;  0,0;1,030;1,00;1,00;"80 0622-19.0;";0;ETCS fallend;;;False;ETCS fallend;False;00:28:04;00:28:04;-;-;False;-;-;1684;1684
275;ETCS fallend;0/00:28:05;0/00:28:05;00:28;00:28;00:28;00:28;-;80,00;77,67;80,00;-;80,00;-;K;-;ETCS-Stützstelle;;S3;Strecke 3;0/00:00:12;-;140,00;1,0000;1,030;-;-;54,0;118,0;ETCS L1;False;False;0;-; 0,0; 0,0; 0,0;S3: null - Strecke 3 - VDV 2;0,000000;42110,0;  0,0;4831,9;  0,0;1,030;1,00;1,00;"80 0622-19.0;";0;ETCS fallend;;;False;ETCS fallend;False;00:28:05;00:28:05;-;-;False;-;-;1685;1685
300;ETCS fallend;0/00:28:06;0/00:28:06;00:28;00:28;00:28;00:28;-;80,00;77,67;80,00;-;80,00;-;K;-;ETCS-Stützstelle;;S3;Strecke 3;0/00:00:13;-;140,00;1,0000;1,030;-;-;54,0;118,0;ETCS L1;False;False;0;-; 0,0; 0,0; 0,0;S3: null - Strecke 3 - VDV 2;0,000000;42110,0;  0,0;4831,9;  0,0;1,030;1,00;1,00;"80 0622-19.0;";0;ETCS fallend;;;False;ETCS fallend;False;00:28:06;00:28:06;-;-;False;-;-;1686;1686
325;ETCS fallend;0/00:28:07;0/00:28:07;00:28;00:28;00:28;00:28;-;80,00;77,67;80,00;-;80,00;-;K;-;ETCS-Stützstelle;;S3;Strecke 3;0/00:00:14;-;140,00;1,0000;1,030;-;-;54,0;118,0;ETCS L1;False;False;0;-; 0,0; 0,0; 0,0;S3: null - Strecke 3 - VDV 2;0,000000;42110,0;  0,0;4831,9;  0,0;1,030;1,00;1,00;"80 0622-19.0;";0;ETCS fallend;;;False;ETCS fallend;False;00:28:07;00:28:07;-;-;False;-;-;1687;1687
350;ETCS fallend;0/00:28:08;0/00:28:08;00:28;00:28;00:28;00:28;-;80,00;77,67;80,00;-;80,00;-;K;-;ETCS-Stützstelle;;S3;Strecke 3;0/00:00:15;-;140,00;1,0000;1,030;-;-;54,0;118,0;ETCS L1;False;False;0;-; 0,0; 0,0; 0,0;S3: null - Strecke 3 - VDV 2;0,000000;42110,0;  0,0;4831,9;  0,0;1,030;1,00;1,00;"80 0622-19.0;";0;ETCS fallend;;;False;ETCS fallend;False;00:28:08;00:28:08;-;-;False;-;-;1688;1688
375;ETCS fallend;0/00:28:09;0/00:28:09;00:28;00:28;00:28;00:28;-;80,00;77,67;80,00;-;80,00;-;K;-;ETCS-Stützstelle;;S3;Strecke 3;0/00:00:16;-;140,00;1,0000;1,030;-;-;54,0;118,0;ETCS L1;False;False;0;-; 0,0; 0,0; 0,0;S3: null - Strecke 3 - VDV 2;0,000000;42110,0;  0,0;4831,9;  0,0;1,030;1,00;1,00;"80 0622-19.0;";0;ETCS fallend;;;False;ETCS fallend;False;00:28:09;00:28:09;-;-;False;-;-;1689;1689
400;ETCS fallend;0/00:28:11;0/00:28:11;00:28;00:28;00:28;00:28;-;80,00;77,67;80,00;-;80,00;-;K;-;ETCS-Stützstelle;;S3;Strecke 3;0/00:00:18;-;140,00;1,0000;1,030;-;-;54,0;118,0;ETCS L1;False;False;0;-; 0,0; 0,0; 0,0;S3: null - Strecke 3 - VDV 2;0,000000;42110,0;  0,0;4831,9;  0,0;1,030;1,00;1,00;"80 0622-19.0;";0;ETCS fallend;;;False;ETCS fallend;False;00:28:11;00:28:11;-;-;False;-;-;1691;1691
425;ETCS fallend;0/00:28:12;0/00:28:12;00:28;00:28;00:28;00:28;-;80,00;77,67;80,00;-;80,00;-;K;-;ETCS-Stützstelle;;S3;Strecke 3;0/00:00:19;-;140,00;1,0000;1,030;-;-;54,0;118,0;ETCS L1;False;False;0;-; 0,0; 0,0; 0,0;S3: null - Strecke 3 - VDV 2;0,000000;42110,0;  0,0;4831,9;  0,0;1,030;1,00;1,00;"80 0622-19.0;";0;ETCS fallend;;;False;ETCS fallend;False;00:28:12;00:28:12;-;-;False;-;-;1692;1692
450;ETCS fallend;0/00:28:13;0/00:28:13;00:28;00:28;00:28;00:28;-;80,00;77,67;80,00;-;80,00;-;K;-;ETCS-Stützstelle;;S3;Strecke 3;0/00:00:20;-;140,00;1,0000;1,030;-;-;54,0;118,0;ETCS L1;False;False;0;-; 0,0; 0,0; 0,0;S3: null - Strecke 3 - VDV 2;0,000000;42110,0;  0,0;4831,9;  0,0;1,030;1,00;1,00;"80 0622-19.0;";0;ETCS fallend;;;False;ETCS fallend;False;00:28:13;00:28:13;-;-;False;-;-;1693;1693
475;ETCS fallend;0/00:28:14;0/00:28:14;00:28;00:28;00:28;00:28;-;80,00;77,67;80,00;-;80,00;-;K;-;ETCS-Stützstelle;;S3;Strecke 3;0/00:00:21;-;140,00;1,0000;1,030;-;-;54,0;118,0;ETCS L1;False;False;0;-; 0,0; 0,0; 0,0;S3: null - Strecke 3 - VDV 2;0,000000;42110,0;  0,0;4831,9;  0,0;1,030;1,00;1,00;"80 0622-19.0;";0;ETCS fallend;;;False;ETCS fallend;False;00:28:14;00:28:14;-;-;False;-;-;1694;1694
500;ETCS fallend;0/00:28:15;0/00:28:15;00:28;00:28;00:28;00:28;-;80,00;77,67;80,00;-;80,00;-;K;-;ETCS-Stützstelle;;S3;Strecke 3;0/00:00:22;-;140,00;1,0000;1,030;-;-;54,0;118,0;ETCS L1;False;False;0;-; 0,0; 0,0; 0,0;S3: null - Strecke 3 - VDV 2;0,000000;42110,0;  0,0;4831,9;  0,0;1,030;1,00;1,00;"80 0622-19.0;";0;ETCS fallend;;;False;ETCS fallend;False;00:28:15;00:28:15;-;-;False;-;-;1695;1695
525;ETCS fallend;0/00:28:16;0/00:28:16;00:28;00:28;00:28;00:28;-;80,00;77,67;80,00;-;80,00;-;K;-;ETCS-Stützstelle;;S3;Strecke 3;0/00:00:23;-;140,00;1,0000;1,030;-;-;54,0;118,0;ETCS L1;False;False;0;-; 0,0; 0,0; 0,0;S3: null - Strecke 3 - VDV 2;0,000000;42110,0;  0,0;4831,9;  0,0;1,030;1,00;1,00;"80 0622-19.0;";0;ETCS fallend;;;False;ETCS fallend;False;00:28:16;00:28:16;-;-;False;-;-;1696;1696
550;ETCS fallend;0/00:28:18;0/00:28:18;00:28;00:28;00:28;00:28;-;80,00;77,67;80,00;-;80,00;-;K;-;ETCS-Stützstelle;;S3;Strecke 3;0/00:00:24;-;140,00;1,0000;1,030;-;-;54,0;118,0;ETCS L1;False;False;0;-; 0,0; 0,0; 0,0;S3: null - Strecke 3 - VDV 2;0,000000;42110,0;  0,0;4831,9;  0,0;1,030;1,00;1,00;"80 0622-19.0;";0;ETCS fallend;;;False;ETCS fallend;False;00:28:18;00:28:18;-;-;False;-;-;1698;1698
575;ETCS fallend;0/00:28:19;0/00:28:19;00:28;00:28;00:28;00:28;-;80,00;77,67;80,00;-;80,00;-;K;-;ETCS-Stützstelle;;S3;Strecke 3;0/00:00:25;-;140,00;1,0000;1,030;-;-;54,0;118,0;ETCS L1;False;False;0;-; 0,0; 0,0; 0,0;S3: null - Strecke 3 - VDV 2;0,000000;42110,0;  0,0;4831,9;  0,0;1,030;1,00;1,00;"80 0622-19.0;";0;ETCS fallend;;;False;ETCS fallend;False;00:28:19;00:28:19;-;-;False;-;-;1699;1699
600;ETCS fallend;0/00:28:20;0/00:28:20;00:28;00:28;00:28;00:28;-;80,00;77,67;80,00;-;80,00;-;K;-;ETCS-Stützstelle;;S3;Strecke 3;0/00:00:27;-;140,00;1,0000;1,030;-;-;54,0;118,0;ETCS L1;False;False;0;-; 0,0; 0,0; 0,0;S3: null - Strecke 3 - VDV 2;0,000000;42110,0;  0,0;4831,9;  0,0;1,030;1,00;1,00;"80 0622-19.0;";0;ETCS fallend;;;False;ETCS fallend;False;00:28:20;00:28:20;-;-;False;-;-;1700;1700
625;ETCS fallend;0/00:28:21;0/00:28:21;00:28;00:28;00:28;00:28;-;80,00;77,67;80,00;-;80,00;-;K;-;ETCS-Stützstelle;;S3;Strecke 3;0/00:00:28;-;140,00;1,0000;1,030;-;-;54,0;118,0;ETCS L1;False;False;0;-; 0,0; 0,0; 0,0;S3: null - Strecke 3 - VDV 2;0,000000;42110,0;  0,0;4831,9;  0,0;1,030;1,00;1,00;"80 0622-19.0;";0;ETCS fallend;;;False;ETCS fallend;False;00:28:21;00:28:21;-;-;False;-;-;1701;1701
650;ETCS fallend;0/00:28:22;0/00:28:22;00:28;00:28;00:28;00:28;-;80,00;77,67;80,00;-;80,00;-;K;-;ETCS-Stützstelle;;S3;Strecke 3;0/00:00:29;-;140,00;1,0000;1,030;-;-;54,0;118,0;ETCS L1;False;False;0;-; 0,0; 0,0; 0,0;S3: null - Strecke 3 - VDV 2;0,000000;42110,0;  0,0;4831,9;  0,0;1,030;1,00;1,00;"80 0622-19.0;";0;ETCS fallend;;;False;ETCS fallend;False;00:28:22;00:28:22;-;-;False;-;-;1702;1702
675;ETCS fallend;0/00:28:23;0/00:28:23;00:28;00:28;00:28;00:28;-;80,00;77,67;80,00;-;80,00;-;K;-;ETCS-Stützstelle;;S3;Strecke 3;0/00:00:30;-;140,00;1,0000;1,030;-;-;54,0;118,0;ETCS L1;False;False;0;-; 0,0; 0,0; 0,0;S3: null - Strecke 3 - VDV 2;0,000000;42110,0;  0,0;4831,9;  0,0;1,030;1,00;1,00;"80 0622-19.0;";0;ETCS fallend;;;False;ETCS fallend;False;00:28:23;00:28:23;-;-;False;-;-;1703;1703
700;ETCS fallend;0/00:28:24;0/00:28:24;00:28;00:28;00:28;00:28;-;80,00;77,67;80,00;-;80,00;-;K;-;ETCS-Stützstelle;;S3;Strecke 3;0/00:00:31;-;140,00;1,0000;1,030;-;-;54,0;118,0;ETCS L1;False;False;0;-; 0,0; 0,0; 0,0;S3: null - Strecke 3 - VDV 2;0,000000;42110,0;  0,0;4831,9;  0,0;1,030;1,00;1,00;"80 0622-19.0;";0;ETCS fallend;;;False;ETCS fallend;False;00:28:24;00:28:24;-;-;False;-;-;1704;1704
725;ETCS fallend;0/00:28:26;0/00:28:26;00:28;00:28;00:28;00:28;-;80,00;77,67;80,00;-;80,00;-;K;-;ETCS-Stützstelle;;S3;Strecke 3;0/00:00:32;-;140,00;1,0000;1,030;-;-;54,0;118,0;ETCS L1;False;False;0;-; 0,0; 0,0; 0,0;S3: null - Strecke 3 - VDV 2;0,000000;42110,0;  0,0;4831,9;  0,0;1,030;1,00;1,00;"80 0622-19.0;";0;ETCS fallend;;;False;ETCS fallend;False;00:28:26;00:28:26;-;-;False;-;-;1706;1706
750;ETCS fallend;0/00:28:27;0/00:28:27;00:28;00:28;00:28;00:28;-;80,00;77,67;80,00;-;80,00;-;K;-;ETCS-Stützstelle;;S3;Strecke 3;0/00:00:33;-;140,00;1,0000;1,030;-;-;54,0;118,0;ETCS L1;False;False;0;-; 0,0; 0,0; 0,0;S3: null - Strecke 3 - VDV 2;0,000000;42110,0;  0,0;4831,9;  0,0;1,030;1,00;1,00;"80 0622-19.0;";0;ETCS fallend;;;False;ETCS fallend;False;00:28:27;00:28:27;-;-;False;-;-;1707;1707
775;ETCS fallend;0/00:28:28;0/00:28:28;00:28;00:28;00:28;00:28;-;80,00;77,67;80,00;-;80,00;-;K;-;ETCS-Stützstelle;;S3;Strecke 3;0/00:00:34;-;140,00;1,0000;1,030;-;-;54,0;118,0;ETCS L1;False;False;0;-; 0,0; 0,0; 0,0;S3: null - Strecke 3 - VDV 2;0,000000;42110,0;  0,0;4831,9;  0,0;1,030;1,00;1,00;"80 0622-19.0;";0;ETCS fallend;;;False;ETCS fallend;False;00:28:28;00:28:28;-;-;False;-;-;1708;1708
800;ETCS fallend;0/00:28:29;0/00:28:29;00:28;00:28;00:28;00:28;-;80,00;77,67;80,00;-;80,00;-;K;-;ETCS-Stützstelle;;S3;Strecke 3;0/00:00:36;-;140,00;1,0000;1,030;-;-;54,0;118,0;ETCS L1;False;False;0;-; 0,0; 0,0; 0,0;S3: null - Strecke 3 - VDV 2;0,000000;42110,0;  0,0;4831,9;  0,0;1,030;1,00;1,00;"80 0622-19.0;";0;ETCS fallend;;;False;ETCS fallend;False;00:28:29;00:28:29;-;-;False;-;-;1709;1709
825;ETCS fallend;0/00:28:30;0/00:28:30;00:29;00:29;00:29;00:29;-;80,00;77,67;80,00;-;80,00;-;K;-;ETCS-Stützstelle;;S3;Strecke 3;0/00:00:37;-;140,00;1,0000;1,030;-;-;54,0;118,0;ETCS L1;False;False;0;-; 0,0; 0,0; 0,0;S3: null - Strecke 3 - VDV 2;0,000000;42110,0;  0,0;4831,9;  0,0;1,030;1,00;1,00;"80 0622-19.0;";0;ETCS fallend;;;False;ETCS fallend;False;00:28:30;00:28:30;-;-;False;-;-;1710;1710
850;ETCS fallend;0/00:28:31;0/00:28:31;00:29;00:29;00:29;00:29;-;80,00;77,67;80,00;-;80,00;-;K;-;ETCS-Stützstelle;;S3;Strecke 3;0/00:00:38;-;140,00;1,0000;1,030;-;-;54,0;118,0;ETCS L1;False;False;0;-; 0,0; 0,0; 0,0;S3: null - Strecke 3 - VDV 2;0,000000;42110,0;  0,0;4831,9;  0,0;1,030;1,00;1,00;"80 0622-19.0;";0;ETCS fallend;;;False;ETCS fallend;False;00:28:31;00:28:31;-;-;False;-;-;1711;1711
875;ETCS fallend;0/00:28:33;0/00:28:33;00:29;00:29;00:29;00:29;-;80,00;77,67;80,00;-;80,00;-;K;-;ETCS-Stützstelle;;S3;Strecke 3;0/00:00:39;-;140,00;1,0000;1,030;-;-;54,0;118,0;ETCS L1;False;False;0;-; 0,0; 0,0; 0,0;S3: null - Strecke 3 - VDV 2;0,000000;42110,0;  0,0;4831,9;  0,0;1,030;1,00;1,00;"80 0622-19.0;";0;ETCS fallend;;;False;ETCS fallend;False;00:28:33;00:28:33;-;-;False;-;-;1713;1713
900;ETCS fallend;0/00:28:34;0/00:28:34;00:29;00:29;00:29;00:29;-;80,00;77,67;80,00;-;80,00;-;K;-;ETCS-Stützstelle;;S3;Strecke 3;0/00:00:40;-;140,00;1,0000;1,030;-;-;54,0;118,0;ETCS L1;False;False;0;-; 0,0; 0,0; 0,0;S3: null - Strecke 3 - VDV 2;0,000000;42110,0;  0,0;4831,9;  0,0;1,030;1,00;1,00;"80 0622-19.0;";0;ETCS fallend;;;False;ETCS fallend;False;00:28:34;00:28:34;-;-;False;-;-;1714;1714
925;ETCS fallend;0/00:28:35;0/00:28:35;00:29;00:29;00:29;00:29;-;80,00;77,67;80,00;-;80,00;-;K;-;ETCS-Stützstelle;;S3;Strecke 3;0/00:00:41;-;140,00;1,0000;1,030;-;-;54,0;118,0;ETCS L1;False;False;0;-; 0,0; 0,0; 0,0;S3: null - Strecke 3 - VDV 2;0,000000;42110,0;  0,0;4831,9;  0,0;1,030;1,00;1,00;"80 0622-19.0;";0;ETCS fallend;;;False;ETCS fallend;False;00:28:35;00:28:35;-;-;False;-;-;1715;1715
950;ETCS fallend;0/00:28:36;0/00:28:36;00:29;00:29;00:29;00:29;-;80,00;77,67;80,00;-;80,00;-;K;-;ETCS-Stützstelle;;S3;Strecke 3;0/00:00:42;-;140,00;1,0000;1,030;-;-;54,0;118,0;ETCS L1;False;False;0;-; 0,0; 0,0; 0,0;S3: null - Strecke 3 - VDV 2;0,000000;42110,0;  0,0;4831,9;  0,0;1,030;1,00;1,00;"80 0622-19.0;";0;ETCS fallend;;;False;ETCS fallend;False;00:28:36;00:28:36;-;-;False;-;-;1716;1716
975;ETCS fallend;0/00:28:37;0/00:28:37;00:29;00:29;00:29;00:29;-;80,00;77,67;80,00;-;80,00;-;K;-;ETCS-Stützstelle;;S3;Strecke 3;0/00:00:43;-;140,00;1,0000;1,030;-;-;54,0;118,0;ETCS L1;False;False;0;-; 0,0; 0,0; 0,0;S3: null - Strecke 3 - VDV 2;0,000000;42110,0;  0,0;4831,9;  0,0;1,030;1,00;1,00;"80 0622-19.0;";0;ETCS fallend;;;False;ETCS fallend;False;00:28:37;00:28:37;-;-;False;-;-;1717;1717
1000;ETCS fallend;0/00:28:38;0/00:28:38;00:29;00:29;00:29;00:29;-;80,00;77,67;80,00;-;80,00;-;K;-;ETCS-Stützstelle;;S3;Strecke 3;0/00:00:45;-;140,00;1,0000;1,030;-;-;54,0;118,0;ETCS L1;False;False;0;-; 0,0; 0,0; 0,0;S3: null - Strecke 3 - VDV 2;0,000000;42110,0;  0,0;4831,9;  0,0;1,030;1,00;1,00;"80 0622-19.0;";0;ETCS fallend;;;False;ETCS fallend;False;00:28:38;00:28:38;-;-;False;-;-;1718;1718
1025;ETCS fallend;0/00:28:40;0/00:28:40;00:29;00:29;00:29;00:29;-;80,00;77,67;80,00;-;80,00;-;K;-;ETCS-Stützstelle;;S3;Strecke 3;0/00:00:46;-;140,00;1,0000;1,030;-;-;54,0;118,0;ETCS L1;False;False;0;-; 0,0; 0,0; 0,0;S3: null - Strecke 3 - VDV 2;0,000000;42110,0;  0,0;4831,9;  0,0;1,030;1,00;1,00;"80 0622-19.0;";0;ETCS fallend;;;False;ETCS fallend;False;00:28:40;00:28:40;-;-;False;-;-;1720;1720
1050;ETCS fallend;0/00:28:41;0/00:28:41;00:29;00:29;00:29;00:29;-;80,00;77,67;80,00;-;80,00;-;K;-;ETCS-Stützstelle;;S3;Strecke 3;0/00:00:47;-;140,00;1,0000;1,030;-;-;54,0;118,0;ETCS L1;False;False;0;-; 0,0; 0,0; 0,0;S3: null - Strecke 3 - VDV 2;0,000000;42110,0;  0,0;4831,9;  0,0;1,030;1,00;1,00;"80 0622-19.0;";0;ETCS fallend;;;False;ETCS fallend;False;00:28:41;00:28:41;-;-;False;-;-;1721;1721
1075;ETCS fallend;0/00:28:42;0/00:28:42;00:29;00:29;00:29;00:29;-;80,00;77,67;80,00;-;80,00;-;K;-;ETCS-Stützstelle;;S3;Strecke 3;0/00:00:48;-;140,00;1,0000;1,030;-;-;54,0;118,0;ETCS L1;False;False;0;-; 0,0; 0,0; 0,0;S3: null - Strecke 3 - VDV 2;0,000000;42110,0;  0,0;4831,9;  0,0;1,030;1,00;1,00;"80 0622-19.0;";0;ETCS fallend;;;False;ETCS fallend;False;00:28:42;00:28:42;-;-;False;-;-;1722;1722
1100;ETCS fallend;0/00:28:43;0/00:28:43;00:29;00:29;00:29;00:29;-;80,00;77,67;80,00;-;80,00;-;K;-;ETCS-Stützstelle;;S3;Strecke 3;0/00:00:49;-;140,00;1,0000;1,030;-;-;54,0;118,0;ETCS L1;False;False;0;-; 0,0; 0,0; 0,0;S3: null - Strecke 3 - VDV 2;0,000000;42110,0;  0,0;4831,9;  0,0;1,030;1,00;1,00;"80 0622-19.0;";0;ETCS fallend;;;False;ETCS fallend;False;00:28:43;00:28:43;-;-;False;-;-;1723;1723
1125;ETCS fallend;0/00:28:44;0/00:28:44;00:29;00:29;00:29;00:29;-;80,00;77,67;80,00;-;80,00;-;K;-;ETCS-Stützstelle;;S3;Strecke 3;0/00:00:50;-;140,00;1,0000;1,030;-;-;54,0;118,0;ETCS L1;False;False;0;-; 0,0; 0,0; 0,0;S3: null - Strecke 3 - VDV 2;0,000000;42110,0;  0,0;4831,9;  0,0;1,030;1,00;1,00;"80 0622-19.0;";0;ETCS fallend;;;False;ETCS fallend;False;00:28:44;00:28:44;-;-;False;-;-;1724;1724
1150;ETCS fallend;0/00:28:45;0/00:28:45;00:29;00:29;00:29;00:29;-;80,00;77,67;80,00;-;80,00;-;K;-;ETCS-Stützstelle;;S3;Strecke 3;0/00:00:51;-;140,00;1,0000;1,030;-;-;54,0;118,0;ETCS L1;False;False;0;-; 0,0; 0,0; 0,0;S3: null - Strecke 3 - VDV 2;0,000000;42110,0;  0,0;4831,9;  0,0;1,030;1,00;1,00;"80 0622-19.0;";0;ETCS fallend;;;False;ETCS fallend;False;00:28:45;00:28:45;-;-;False;-;-;1725;1725
1175;ETCS fallend;0/00:28:46;0/00:28:46;00:29;00:29;00:29;00:29;-;80,00;77,67;80,00;-;80,00;-;K;-;ETCS-Stützstelle;;S3;Strecke 3;0/00:00:52;-;140,00;1,0000;1,030;-;-;54,0;118,0;ETCS L1;False;False;0;-; 0,0; 0,0; 0,0;S3: null - Strecke 3 - VDV 2;0,000000;42110,0;  0,0;4831,9;  0,0;1,030;1,00;1,00;"80 0622-19.0;";0;ETCS fallend;;;False;ETCS fallend;False;00:28:46;00:28:46;-;-;False;-;-;1726;1726
1200;ETCS fallend;0/00:28:48;0/00:28:48;00:29;00:29;00:29;00:29;-;80,00;77,67;80,00;-;80,00;-;K;-;ETCS-Stützstelle;;S3;Strecke 3;0/00:00:54;-;140,00;1,0000;1,030;-;-;54,0;118,0;ETCS L1;False;False;0;-; 0,0; 0,0; 0,0;S3: null - Strecke 3 - VDV 2;0,000000;42110,0;  0,0;4831,9;  0,0;1,030;1,00;1,00;"80 0622-19.0;";0;ETCS fallend;;;False;ETCS fallend;False;00:28:48;00:28:48;-;-;False;-;-;1728;1728
1225;ETCS fallend;0/00:28:49;0/00:28:49;00:29;00:29;00:29;00:29;-;80,00;77,67;80,00;-;80,00;-;K;-;ETCS-Stützstelle;;S3;Strecke 3;0/00:00:55;-;140,00;1,0000;1,030;-;-;54,0;118,0;ETCS L1;False;False;0;-; 0,0; 0,0; 0,0;S3: null - Strecke 3 - VDV 2;0,000000;42110,0;  0,0;4831,9;  0,0;1,030;1,00;1,00;"80 0622-19.0;";0;ETCS fallend;;;False;ETCS fallend;False;00:28:49;00:28:49;-;-;False;-;-;1729;1729
1250;ETCS fallend;0/00:28:50;0/00:28:50;00:29;00:29;00:29;00:29;-;80,00;77,67;80,00;-;80,00;-;K;-;ETCS-Stützstelle;;S3;Strecke 3;0/00:00:56;-;140,00;1,0000;1,030;-;-;54,0;118,0;ETCS L1;False;False;0;-; 0,0; 0,0; 0,0;S3: null - Strecke 3 - VDV 2;0,000000;42110,0;  0,0;4831,9;  0,0;1,030;1,00;1,00;"80 0622-19.0;";0;ETCS fallend;;;False;ETCS fallend;False;00:28:50;00:28:50;-;-;False;-;-;1730;1730
1275;ETCS fallend;0/00:28:51;0/00:28:51;00:29;00:29;00:29;00:29;-;80,00;77,67;80,00;-;80,00;-;K;-;ETCS-Stützstelle;;S3;Strecke 3;0/00:00:57;-;140,00;1,0000;1,030;-;-;54,0;118,0;ETCS L1;False;False;0;-; 0,0; 0,0; 0,0;S3: null - Strecke 3 - VDV 2;0,000000;42110,0;  0,0;4831,9;  0,0;1,030;1,00;1,00;"80 0622-19.0;";0;ETCS fallend;;;False;ETCS fallend;False;00:28:51;00:28:51;-;-;False;-;-;1731;1731
1300;ETCS fallend;0/00:28:52;0/00:28:52;00:29;00:29;00:29;00:29;-;80,00;77,67;80,00;-;80,00;-;K;-;ETCS-Stützstelle;;S3;Strecke 3;0/00:00:58;-;140,00;1,0000;1,030;-;-;54,0;118,0;ETCS L1;False;False;0;-; 0,0; 0,0; 0,0;S3: null - Strecke 3 - VDV 2;0,000000;42110,0;  0,0;4831,9;  0,0;1,030;1,00;1,00;"80 0622-19.0;";0;ETCS fallend;;;False;ETCS fallend;False;00:28:52;00:28:52;-;-;False;-;-;1732;1732
1325;ETCS fallend;0/00:28:53;0/00:28:53;00:29;00:29;00:29;00:29;-;80,00;77,67;80,00;-;80,00;-;K;-;ETCS-Stützstelle;;S3;Strecke 3;0/00:00:59;-;140,00;1,0000;1,030;-;-;54,0;118,0;ETCS L1;False;False;0;-; 0,0; 0,0; 0,0;S3: null - Strecke 3 - VDV 2;0,000000;42110,0;  0,0;4831,9;  0,0;1,030;1,00;1,00;"80 0622-19.0;";0;ETCS fallend;;;False;ETCS fallend;False;00:28:53;00:28:53;-;-;False;-;-;1733;1733
1350;ETCS fallend;0/00:28:55;0/00:28:55;00:29;00:29;00:29;00:29;-;80,00;77,67;80,00;-;80,00;-;K;-;ETCS-Stützstelle;;S3;Strecke 3;0/00:01:00;-;140,00;1,0000;1,030;-;-;54,0;118,0;ETCS L1;False;False;0;-; 0,0; 0,0; 0,0;S3: null - Strecke 3 - VDV 2;0,000000;42110,0;  0,0;4831,9;  0,0;1,030;1,00;1,00;"80 0622-19.0;";0;ETCS fallend;;;False;ETCS fallend;False;00:28:55;00:28:55;-;-;False;-;-;1735;1735
1375;ETCS fallend;0/00:28:56;0/00:28:56;00:29;00:29;00:29;00:29;-;80,00;77,67;80,00;-;80,00;-;K;-;ETCS-Stützstelle;;S3;Strecke 3;0/00:01:01;-;140,00;1,0000;1,030;-;-;54,0;118,0;ETCS L1;False;False;0;-; 0,0; 0,0; 0,0;S3: null - Strecke 3 - VDV 2;0,000000;42110,0;  0,0;4831,9;  0,0;1,030;1,00;1,00;"80 0622-19.0;";0;ETCS fallend;;;False;ETCS fallend;False;00:28:56;00:28:56;-;-;False;-;-;1736;1736
1400;ETCS fallend;0/00:28:57;0/00:28:57;00:29;00:29;00:29;00:29;-;80,00;77,67;80,00;-;80,00;-;K;-;ETCS-Stützstelle;;S3;Strecke 3;0/00:01:03;-;140,00;1,0000;1,030;-;-;54,0;118,0;ETCS L1;False;False;0;-; 0,0; 0,0; 0,0;S3: null - Strecke 3 - VDV 2;0,000000;42110,0;  0,0;4831,9;  0,0;1,030;1,00;1,00;"80 0622-19.0;";0;ETCS fallend;;;False;ETCS fallend;False;00:28:57;00:28:57;-;-;False;-;-;1737;1737
1425;ETCS fallend;0/00:28:58;0/00:28:58;00:29;00:29;00:29;00:29;-;80,00;77,67;80,00;-;80,00;-;K;-;ETCS-Stützstelle;;S3;Strecke 3;0/00:01:04;-;140,00;1,0000;1,030;-;-;54,0;118,0;ETCS L1;False;False;0;-; 0,0; 0,0; 0,0;S3: null - Strecke 3 - VDV 2;0,000000;42110,0;  0,0;4831,9;  0,0;1,030;1,00;1,00;"80 0622-19.0;";0;ETCS fallend;;;False;ETCS fallend;False;00:28:58;00:28:58;-;-;False;-;-;1738;1738
1450;ETCS fallend;0/00:28:59;0/00:28:59;00:29;00:29;00:29;00:29;-;80,00;77,67;80,00;-;80,00;-;K;-;ETCS-Stützstelle;;S3;Strecke 3;0/00:01:05;-;140,00;1,0000;1,030;-;-;54,0;118,0;ETCS L1;False;False;0;-; 0,0; 0,0; 0,0;S3: null - Strecke 3 - VDV 2;0,000000;42110,0;  0,0;4831,9;  0,0;1,030;1,00;1,00;"80 0622-19.0;";0;ETCS fallend;;;False;ETCS fallend;False;00:28:59;00:28:59;-;-;False;-;-;1739;1739
1475;ETCS fallend;0/00:29:00;0/00:29:00;00:29;00:29;00:29;00:29;-;80,00;77,67;80,00;-;80,00;-;K;-;ETCS-Stützstelle;;S3;Strecke 3;0/00:01:06;-;140,00;1,0000;1,030;-;-;54,0;118,0;ETCS L1;False;False;0;-; 0,0; 0,0; 0,0;S3: null - Strecke 3 - VDV 2;0,000000;42110,0;  0,0;4831,9;  0,0;1,030;1,00;1,00;"80 0622-19.0;";0;ETCS fallend;;;False;ETCS fallend;False;00:29:00;00:29:00;-;-;False;-;-;1740;1740
1500;ETCS fallend;0/00:29:02;0/00:29:02;00:29;00:29;00:29;00:29;-;80,00;77,67;80,00;-;80,00;-;K;-;ETCS-Stützstelle;;S3;Strecke 3;0/00:01:07;-;140,00;1,0000;1,030;-;-;54,0;118,0;ETCS L1;False;False;0;-; 0,0; 0,0; 0,0;S3: null - Strecke 3 - VDV 2;0,000000;42110,0;  0,0;4831,9;  0,0;1,030;1,00;1,00;"80 0622-19.0;";0;ETCS fallend;;;False;ETCS fallend;False;00:29:02;00:29:02;-;-;False;-;-;1742;1742
1525;ETCS fallend;0/00:29:03;0/00:29:03;00:29;00:29;00:29;00:29;-;80,00;77,67;80,00;-;80,00;-;K;-;ETCS-Stützstelle;;S3;Strecke 3;0/00:01:08;-;140,00;1,0000;1,030;-;-;54,0;118,0;ETCS L1;False;False;0;-; 0,0; 0,0; 0,0;S3: null - Strecke 3 - VDV 2;0,000000;42110,0;  0,0;4831,9;  0,0;1,030;1,00;1,00;"80 0622-19.0;";0;ETCS fallend;;;False;ETCS fallend;False;00:29:03;00:29:03;-;-;False;-;-;1743;1743
1550;ETCS fallend;0/00:29:04;0/00:29:04;00:29;00:29;00:29;00:29;-;80,00;77,67;80,00;-;80,00;-;K;-;ETCS-Stützstelle;;S3;Strecke 3;0/00:01:09;-;140,00;1,0000;1,030;-;-;54,0;118,0;ETCS L1;False;False;0;-; 0,0; 0,0; 0,0;S3: null - Strecke 3 - VDV 2;0,000000;42110,0;  0,0;4831,9;  0,0;1,030;1,00;1,00;"80 0622-19.0;";0;ETCS fallend;;;False;ETCS fallend;False;00:29:04;00:29:04;-;-;False;-;-;1744;1744
1575;ETCS fallend;0/00:29:05;0/00:29:05;00:29;00:29;00:29;00:29;-;80,00;77,67;80,00;-;80,00;-;K;-;ETCS-Stützstelle;;S3;Strecke 3;0/00:01:10;-;140,00;1,0000;1,030;-;-;54,0;118,0;ETCS L1;False;False;0;-; 0,0; 0,0; 0,0;S3: null - Strecke 3 - VDV 2;0,000000;42110,0;  0,0;4831,9;  0,0;1,030;1,00;1,00;"80 0622-19.0;";0;ETCS fallend;;;False;ETCS fallend;False;00:29:05;00:29:05;-;-;False;-;-;1745;1745
1600;ETCS fallend;0/00:29:06;0/00:29:06;00:29;00:29;00:29;00:29;-;80,00;77,67;80,00;-;80,00;-;K;-;ETCS-Stützstelle;;S3;Strecke 3;0/00:01:12;-;140,00;1,0000;1,030;-;-;54,0;118,0;ETCS L1;False;False;0;-; 0,0; 0,0; 0,0;S3: null - Strecke 3 - VDV 2;0,000000;42110,0;  0,0;4831,9;  0,0;1,030;1,00;1,00;"80 0622-19.0;";0;ETCS fallend;;;False;ETCS fallend;False;00:29:06;00:29:06;-;-;False;-;-;1746;1746
1625;ETCS fallend;0/00:29:07;0/00:29:07;00:29;00:29;00:29;00:29;-;80,00;77,67;80,00;-;80,00;-;K;-;ETCS-Stützstelle;;S3;Strecke 3;0/00:01:13;-;140,00;1,0000;1,030;-;-;54,0;118,0;ETCS L1;False;False;0;-; 0,0; 0,0; 0,0;S3: null - Strecke 3 - VDV 2;0,000000;42110,0;  0,0;4831,9;  0,0;1,030;1,00;1,00;"80 0622-19.0;";0;ETCS fallend;;;False;ETCS fallend;False;00:29:07;00:29:07;-;-;False;-;-;1747;1747
1650;ETCS fallend;0/00:29:09;0/00:29:09;00:29;00:29;00:29;00:29;-;80,00;77,67;80,00;-;80,00;-;K;-;ETCS-Stützstelle;;S3;Strecke 3;0/00:01:14;-;140,00;1,0000;1,030;-;-;54,0;118,0;ETCS L1;False;False;0;-; 0,0; 0,0; 0,0;S3: null - Strecke 3 - VDV 2;0,000000;42110,0;  0,0;4831,9;  0,0;1,030;1,00;1,00;"80 0622-19.0;";0;ETCS fallend;;;False;ETCS fallend;False;00:29:09;00:29:09;-;-;False;-;-;1749;1749
1675;ETCS fallend;0/00:29:10;0/00:29:10;00:29;00:29;00:29;00:29;-;80,00;77,67;80,00;-;80,00;-;K;-;ETCS-Stützstelle;;S3;Strecke 3;0/00:01:15;-;140,00;1,0000;1,030;-;-;54,0;118,0;ETCS L1;False;False;0;-; 0,0; 0,0; 0,0;S3: null - Strecke 3 - VDV 2;0,000000;42110,0;  0,0;4831,9;  0,0;1,030;1,00;1,00;"80 0622-19.0;";0;ETCS fallend;;;False;ETCS fallend;False;00:29:10;00:29:10;-;-;False;-;-;1750;1750
1700;ETCS fallend;0/00:29:11;0/00:29:11;00:29;00:29;00:29;00:29;-;80,00;77,67;80,00;-;80,00;-;K;-;ETCS-Stützstelle;;S3;Strecke 3;0/00:01:16;-;140,00;1,0000;1,030;-;-;54,0;118,0;ETCS L1;False;False;0;-; 0,0; 0,0; 0,0;S3: null - Strecke 3 - VDV 2;0,000000;42110,0;  0,0;4831,9;  0,0;1,030;1,00;1,00;"80 0622-19.0;";0;ETCS fallend;;;False;ETCS fallend;False;00:29:11;00:29:11;-;-;False;-;-;1751;1751
1725;ETCS fallend;0/00:29:12;0/00:29:12;00:29;00:29;00:29;00:29;-;80,00;77,67;80,00;-;80,00;-;K;-;ETCS-Stützstelle;;S3;Strecke 3;0/00:01:17;-;140,00;1,0000;1,030;-;-;54,0;118,0;ETCS L1;False;False;0;-; 0,0; 0,0; 0,0;S3: null - Strecke 3 - VDV 2;0,000000;42110,0;  0,0;4831,9;  0,0;1,030;1,00;1,00;"80 0622-19.0;";0;ETCS fallend;;;False;ETCS fallend;False;00:29:12;00:29:12;-;-;False;-;-;1752;1752
1750;ETCS fallend;0/00:29:13;0/00:29:13;00:29;00:29;00:29;00:29;-;80,00;77,67;80,00;-;80,00;-;K;-;ETCS-Stützstelle;;S3;Strecke 3;0/00:01:18;-;140,00;1,0000;1,030;-;-;54,0;118,0;ETCS L1;False;False;0;-; 0,0; 0,0; 0,0;S3: null - Strecke 3 - VDV 2;0,000000;42110,0;  0,0;4831,9;  0,0;1,030;1,00;1,00;"80 0622-19.0;";0;ETCS fallend;;;False;ETCS fallend;False;00:29:13;00:29:13;-;-;False;-;-;1753;1753
1775;ETCS fallend;0/00:29:14;0/00:29:14;00:29;00:29;00:29;00:29;-;80,00;77,67;80,00;-;80,00;-;K;-;ETCS-Stützstelle;;S3;Strecke 3;0/00:01:19;-;140,00;1,0000;1,030;-;-;54,0;118,0;ETCS L1;False;False;0;-; 0,0; 0,0; 0,0;S3: null - Strecke 3 - VDV 2;0,000000;42110,0;  0,0;4831,9;  0,0;1,030;1,00;1,00;"80 0622-19.0;";0;ETCS fallend;;;False;ETCS fallend;False;00:29:14;00:29:14;-;-;False;-;-;1754;1754
1800;ETCS fallend;0/00:29:15;0/00:29:15;00:29;00:29;00:29;00:29;-;80,00;77,67;80,00;-;80,00;-;K;-;ETCS-Stützstelle;;S3;Strecke 3;0/00:01:21;-;140,00;1,0000;1,030;-;-;54,0;118,0;ETCS L1;False;False;0;-; 0,0; 0,0; 0,0;S3: null - Strecke 3 - VDV 2;0,000000;42110,0;  0,0;4831,9;  0,0;1,030;1,00;1,00;"80 0622-19.0;";0;ETCS fallend;;;False;ETCS fallend;False;00:29:15;00:29:15;-;-;False;-;-;1755;1755
1825;ETCS fallend;0/00:29:17;0/00:29:17;00:29;00:29;00:29;00:29;-;80,00;77,67;80,00;-;80,00;-;K;-;ETCS-Stützstelle;;S3;Strecke 3;0/00:01:22;-;140,00;1,0000;1,030;-;-;54,0;118,0;ETCS L1;False;False;0;-; 0,0; 0,0; 0,0;S3: null - Strecke 3 - VDV 2;0,000000;42110,0;  0,0;4831,9;  0,0;1,030;1,00;1,00;"80 0622-19.0;";0;ETCS fallend;;;False;ETCS fallend;False;00:29:17;00:29:17;-;-;False;-;-;1757;1757
1850;ETCS fallend;0/00:29:18;0/00:29:18;00:29;00:29;00:29;00:29;-;80,00;77,67;80,00;-;80,00;-;K;-;ETCS-Stützstelle;;S3;Strecke 3;0/00:01:23;-;140,00;1,0000;1,030;-;-;54,0;118,0;ETCS L1;False;False;0;-; 0,0; 0,0; 0,0;S3: null - Strecke 3 - VDV 2;0,000000;42110,0;  0,0;4831,9;  0,0;1,030;1,00;1,00;"80 0622-19.0;";0;ETCS fallend;;;False;ETCS fallend;False;00:29:18;00:29:18;-;-;False;-;-;1758;1758
1875;ETCS fallend;0/00:29:19;0/00:29:19;00:29;00:29;00:29;00:29;-;80,00;77,67;80,00;-;80,00;-;K;-;ETCS-Stützstelle;;S3;Strecke 3;0/00:01:24;-;140,00;1,0000;1,030;-;-;54,0;118,0;ETCS L1;False;False;0;-; 0,0; 0,0; 0,0;S3: null - Strecke 3 - VDV 2;0,000000;42110,0;  0,0;4831,9;  0,0;1,030;1,00;1,00;"80 0622-19.0;";0;ETCS fallend;;;False;ETCS fallend;False;00:29:19;00:29:19;-;-;False;-;-;1759;1759
1900;ETCS fallend;0/00:29:20;0/00:29:20;00:29;00:29;00:29;00:29;-;80,00;77,67;80,00;-;80,00;-;K;-;ETCS-Stützstelle;;S3;Strecke 3;0/00:01:25;-;140,00;1,0000;1,030;-;-;54,0;118,0;ETCS L1;False;False;0;-; 0,0; 0,0; 0,0;S3: null - Strecke 3 - VDV 2;0,000000;42110,0;  0,0;4831,9;  0,0;1,030;1,00;1,00;"80 0622-19.0;";0;ETCS fallend;;;False;ETCS fallend;False;00:29:20;00:29:20;-;-;False;-;-;1760;1760
1925;ETCS fallend;0/00:29:21;0/00:29:21;00:29;00:29;00:29;00:29;-;80,00;77,67;80,00;-;80,00;-;K;-;ETCS-Stützstelle;;S3;Strecke 3;0/00:01:26;-;140,00;1,0000;1,030;-;-;54,0;118,0;ETCS L1;False;False;0;-; 0,0; 0,0; 0,0;S3: null - Strecke 3 - VDV 2;0,000000;42110,0;  0,0;4831,9;  0,0;1,030;1,00;1,00;"80 0622-19.0;";0;ETCS fallend;;;False;ETCS fallend;False;00:29:21;00:29:21;-;-;False;-;-;1761;1761
1950;ETCS fallend;0/00:29:22;0/00:29:22;00:29;00:29;00:29;00:29;-;80,00;77,67;80,00;-;80,00;-;K;-;ETCS-Stützstelle;;S3;Strecke 3;0/00:01:27;-;140,00;1,0000;1,030;-;-;54,0;118,0;ETCS L1;False;False;0;-; 0,0; 0,0; 0,0;S3: null - Strecke 3 - VDV 2;0,000000;42110,0;  0,0;4831,9;  0,0;1,030;1,00;1,00;"80 0622-19.0;";0;ETCS fallend;;;False;ETCS fallend;False;00:29:22;00:29:22;-;-;False;-;-;1762;1762
1975;ETCS fallend;0/00:29:24;0/00:29:24;00:29;00:29;00:29;00:29;-;80,00;77,67;80,00;-;80,00;-;K;-;ETCS-Stützstelle;;S3;Strecke 3;0/00:01:28;-;140,00;1,0000;1,030;-;-;54,0;118,0;ETCS L1;False;False;0;-; 0,0; 0,0; 0,0;S3: null - Strecke 3 - VDV 2;0,000000;42110,0;  0,0;4831,9;  0,0;1,030;1,00;1,00;"80 0622-19.0;";0;ETCS fallend;;;False;ETCS fallend;False;00:29:24;00:29:24;-;-;False;-;-;1764;1764
2000;ETCS fallend;0/00:29:25;0/00:29:25;00:29;00:29;00:29;00:29;-;80,00;77,67;80,00;-;80,00;-;K;-;ETCS-Stützstelle;;S3;Strecke 3;0/00:01:30;-;140,00;1,0000;1,030;-;-;54,0;118,0;ETCS L1;False;False;0;-; 0,0; 0,0; 0,0;S3: null - Strecke 3 - VDV 2;0,000000;42110,0;  0,0;4831,9;  0,0;1,030;1,00;1,00;"80 0622-19.0;";0;ETCS fallend;;;False;ETCS fallend;False;00:29:25;00:29:25;-;-;False;-;-;1765;1765
2025;ETCS fallend;0/00:29:26;0/00:29:26;00:29;00:29;00:29;00:29;-;80,00;77,67;80,00;-;80,00;-;K;-;ETCS-Stützstelle;;S3;Strecke 3;0/00:01:31;-;140,00;1,0000;1,030;-;-;54,0;118,0;ETCS L1;False;False;0;-; 0,0; 0,0; 0,0;S3: null - Strecke 3 - VDV 2;0,000000;42110,0;  0,0;4831,9;  0,0;1,030;1,00;1,00;"80 0622-19.0;";0;ETCS fallend;;;False;ETCS fallend;False;00:29:26;00:29:26;-;-;False;-;-;1766;1766
2050;ETCS fallend;0/00:29:27;0/00:29:27;00:29;00:29;00:29;00:29;-;80,00;77,67;80,00;-;80,00;-;K;-;ETCS-Stützstelle;;S3;Strecke 3;0/00:01:32;-;140,00;1,0000;1,030;-;-;54,0;118,0;ETCS L1;False;False;0;-; 0,0; 0,0; 0,0;S3: null - Strecke 3 - VDV 2;0,000000;42110,0;  0,0;4831,9;  0,0;1,030;1,00;1,00;"80 0622-19.0;";0;ETCS fallend;;;False;ETCS fallend;False;00:29:27;00:29:27;-;-;False;-;-;1767;1767
2075;ETCS fallend;0/00:29:28;0/00:29:28;00:29;00:29;00:29;00:29;-;80,00;77,67;80,00;-;80,00;-;K;-;ETCS-Stützstelle;;S3;Strecke 3;0/00:01:33;-;140,00;1,0000;1,030;-;-;54,0;118,0;ETCS L1;False;False;0;-; 0,0; 0,0; 0,0;S3: null - Strecke 3 - VDV 2;0,000000;42110,0;  0,0;4831,9;  0,0;1,030;1,00;1,00;"80 0622-19.0;";0;ETCS fallend;;;False;ETCS fallend;False;00:29:28;00:29:28;-;-;False;-;-;1768;1768
2100;ETCS fallend;0/00:29:29;0/00:29:29;00:29;00:29;00:29;00:29;-;80,00;77,67;80,00;-;80,00;-;K;-;ETCS-Stützstelle;;S3;Strecke 3;0/00:01:34;-;140,00;1,0000;1,030;-;-;54,0;118,0;ETCS L1;False;False;0;-; 0,0; 0,0; 0,0;S3: null - Strecke 3 - VDV 2;0,000000;42110,0;  0,0;4831,9;  0,0;1,030;1,00;1,00;"80 0622-19.0;";0;ETCS fallend;;;False;ETCS fallend;False;00:29:29;00:29:29;-;-;False;-;-;1769;1769
2125;ETCS fallend;0/00:29:31;0/00:29:31;00:30;00:30;00:30;00:30;-;80,00;77,67;80,00;-;80,00;-;K;-;ETCS-Stützstelle;;S3;Strecke 3;0/00:01:35;-;140,00;1,0000;1,030;-;-;54,0;118,0;ETCS L1;False;False;0;-; 0,0; 0,0; 0,0;S3: null - Strecke 3 - VDV 2;0,000000;42110,0;  0,0;4831,9;  0,0;1,030;1,00;1,00;"80 0622-19.0;";0;ETCS fallend;;;False;ETCS fallend;False;00:29:31;00:29:31;-;-;False;-;-;1771;1771
2150;ETCS fallend;0/00:29:32;0/00:29:32;00:30;00:30;00:30;00:30;-;80,00;77,67;80,00;-;80,00;-;K;-;ETCS-Stützstelle;;S3;Strecke 3;0/00:01:36;-;140,00;1,0000;1,030;-;-;54,0;118,0;ETCS L1;False;False;0;-; 0,0; 0,0; 0,0;S3: null - Strecke 3 - VDV 2;0,000000;42110,0;  0,0;4831,9;  0,0;1,030;1,00;1,00;"80 0622-19.0;";0;ETCS fallend;;;False;ETCS fallend;False;00:29:32;00:29:32;-;-;False;-;-;1772;1772
2175;ETCS fallend;0/00:29:33;0/00:29:33;00:30;00:30;00:30;00:30;-;80,00;77,67;80,00;-;80,00;-;K;-;ETCS-Stützstelle;;S3;Strecke 3;0/00:01:37;-;140,00;1,0000;1,030;-;-;54,0;118,0;ETCS L1;False;False;0;-; 0,0; 0,0; 0,0;S3: null - Strecke 3 - VDV 2;0,000000;42110,0;  0,0;4831,9;  0,0;1,030;1,00;1,00;"80 0622-19.0;";0;ETCS fallend;;;False;ETCS fallend;False;00:29:33;00:29:33;-;-;False;-;-;1773;1773
2200;ETCS fallend;0/00:29:34;0/00:29:34;00:30;00:30;00:30;00:30;-;80,00;77,67;80,00;-;80,00;-;K;-;ETCS-Stützstelle;;S3;Strecke 3;0/00:01:39;-;140,00;1,0000;1,030;-;-;54,0;118,0;ETCS L1;False;False;0;-; 0,0; 0,0; 0,0;S3: null - Strecke 3 - VDV 2;0,000000;42110,0;  0,0;4831,9;  0,0;1,030;1,00;1,00;"80 0622-19.0;";0;ETCS fallend;;;False;ETCS fallend;False;00:29:34;00:29:34;-;-;False;-;-;1774;1774
2225;ETCS fallend;0/00:29:35;0/00:29:35;00:30;00:30;00:30;00:30;-;80,00;77,67;80,00;-;80,00;-;K;-;ETCS-Stützstelle;;S3;Strecke 3;0/00:01:40;-;140,00;1,0000;1,030;-;-;54,0;118,0;ETCS L1;False;False;0;-; 0,0; 0,0; 0,0;S3: null - Strecke 3 - VDV 2;0,000000;42110,0;  0,0;4831,9;  0,0;1,030;1,00;1,00;"80 0622-19.0;";0;ETCS fallend;;;False;ETCS fallend;False;00:29:35;00:29:35;-;-;False;-;-;1775;1775
2250;ETCS fallend;0/00:29:36;0/00:29:36;00:30;00:30;00:30;00:30;-;80,00;77,67;80,00;-;80,00;-;K;-;ETCS-Stützstelle;;S3;Strecke 3;0/00:01:41;-;140,00;1,0000;1,030;-;-;54,0;118,0;ETCS L1;False;False;0;-; 0,0; 0,0; 0,0;S3: null - Strecke 3 - VDV 2;0,000000;42110,0;  0,0;4831,9;  0,0;1,030;1,00;1,00;"80 0622-19.0;";0;ETCS fallend;;;False;ETCS fallend;False;00:29:36;00:29:36;-;-;False;-;-;1776;1776
2275;ETCS fallend;0/00:29:37;0/00:29:37;00:30;00:30;00:30;00:30;-;80,00;77,67;80,00;-;80,00;-;K;-;ETCS-Stützstelle;;S3;Strecke 3;0/00:01:42;-;140,00;1,0000;1,030;-;-;54,0;118,0;ETCS L1;False;False;0;-; 0,0; 0,0; 0,0;S3: null - Strecke 3 - VDV 2;0,000000;42110,0;  0,0;4831,9;  0,0;1,030;1,00;1,00;"80 0622-19.0;";0;ETCS fallend;;;False;ETCS fallend;False;00:29:37;00:29:37;-;-;False;-;-;1777;1777
2300;ETCS fallend;0/00:29:39;0/00:29:39;00:30;00:30;00:30;00:30;-;80,00;77,67;80,00;-;80,00;-;K;-;ETCS-Stützstelle;;S3;Strecke 3;0/00:01:43;-;140,00;1,0000;1,030;-;-;54,0;118,0;ETCS L1;False;False;0;-; 0,0; 0,0; 0,0;S3: null - Strecke 3 - VDV 2;0,000000;42110,0;  0,0;4831,9;  0,0;1,030;1,00;1,00;"80 0622-19.0;";0;ETCS fallend;;;False;ETCS fallend;False;00:29:39;00:29:39;-;-;False;-;-;1779;1779
2325;ETCS fallend;0/00:29:40;0/00:29:40;00:30;00:30;00:30;00:30;-;80,00;77,67;80,00;-;80,00;-;K;-;ETCS-Stützstelle;;S3;Strecke 3;0/00:01:44;-;140,00;1,0000;1,030;-;-;54,0;118,0;ETCS L1;False;False;0;-; 0,0; 0,0; 0,0;S3: null - Strecke 3 - VDV 2;0,000000;42110,0;  0,0;4831,9;  0,0;1,030;1,00;1,00;"80 0622-19.0;";0;ETCS fallend;;;False;ETCS fallend;False;00:29:40;00:29:40;-;-;False;-;-;1780;1780
2350;ETCS fallend;0/00:29:41;0/00:29:41;00:30;00:30;00:30;00:30;-;80,00;77,67;80,00;-;80,00;-;K;-;ETCS-Stützstelle;;S3;Strecke 3;0/00:01:45;-;140,00;1,0000;1,030;-;-;54,0;118,0;ETCS L1;False;False;0;-; 0,0; 0,0; 0,0;S3: null - Strecke 3 - VDV 2;0,000000;42110,0;  0,0;4831,9;  0,0;1,030;1,00;1,00;"80 0622-19.0;";0;ETCS fallend;;;False;ETCS fallend;False;00:29:41;00:29:41;-;-;False;-;-;1781;1781
2375;ETCS fallend;0/00:29:42;0/00:29:42;00:30;00:30;00:30;00:30;-;80,00;77,67;80,00;-;80,00;-;K;-;ETCS-Stützstelle;;S3;Strecke 3;0/00:01:46;-;140,00;1,0000;1,030;-;-;54,0;118,0;ETCS L1;False;False;0;-; 0,0; 0,0; 0,0;S3: null - Strecke 3 - VDV 2;0,000000;42110,0;  0,0;4831,9;  0,0;1,030;1,00;1,00;"80 0622-19.0;";0;ETCS fallend;;;False;ETCS fallend;False;00:29:42;00:29:42;-;-;False;-;-;1782;1782
2400;ETCS fallend;0/00:29:43;0/00:29:43;00:30;00:30;00:30;00:30;-;80,00;77,67;80,00;-;80,00;-;K;-;ETCS-Stützstelle;;S3;Strecke 3;0/00:01:48;-;140,00;1,0000;1,030;-;-;54,0;118,0;ETCS L1;False;False;0;-; 0,0; 0,0; 0,0;S3: null - Strecke 3 - VDV 2;0,000000;42110,0;  0,0;4831,9;  0,0;1,030;1,00;1,00;"80 0622-19.0;";0;ETCS fallend;;;False;ETCS fallend;False;00:29:43;00:29:43;-;-;False;-;-;1783;1783
2425;ETCS fallend;0/00:29:44;0/00:29:44;00:30;00:30;00:30;00:30;-;80,00;77,67;80,00;-;80,00;-;K;-;ETCS-Stützstelle;;S3;Strecke 3;0/00:01:49;-;140,00;1,0000;1,030;-;-;54,0;118,0;ETCS L1;False;False;0;-; 0,0; 0,0; 0,0;S3: null - Strecke 3 - VDV 2;0,000000;42110,0;  0,0;4831,9;  0,0;1,030;1,00;1,00;"80 0622-19.0;";0;ETCS fallend;;;False;ETCS fallend;False;00:29:44;00:29:44;-;-;False;-;-;1784;1784
2450;ETCS fallend;0/00:29:46;0/00:29:46;00:30;00:30;00:30;00:30;-;80,00;77,67;80,00;-;80,00;-;K;-;ETCS-Stützstelle;;S3;Strecke 3;0/00:01:50;-;140,00;1,0000;1,030;-;-;54,0;118,0;ETCS L1;False;False;0;-; 0,0; 0,0; 0,0;S3: null - Strecke 3 - VDV 2;0,000000;42110,0;  0,0;4831,9;  0,0;1,030;1,00;1,00;"80 0622-19.0;";0;ETCS fallend;;;False;ETCS fallend;False;00:29:46;00:29:46;-;-;False;-;-;1786;1786
2475;ETCS fallend;0/00:29:47;0/00:29:47;00:30;00:30;00:30;00:30;-;80,00;77,67;80,00;-;80,00;-;K;-;ETCS-Stützstelle;;S3;Strecke 3;0/00:01:51;-;140,00;1,0000;1,030;-;-;54,0;118,0;ETCS L1;False;False;0;-; 0,0; 0,0; 0,0;S3: null - Strecke 3 - VDV 2;0,000000;42110,0;  0,0;4831,9;  0,0;1,030;1,00;1,00;"80 0622-19.0;";0;ETCS fallend;;;False;ETCS fallend;False;00:29:47;00:29:47;-;-;False;-;-;1787;1787
2500;ETCS fallend;0/00:29:48;0/00:29:48;00:30;00:30;00:30;00:30;-;80,00;77,67;80,00;-;80,00;-;K;-;ETCS-Stützstelle;;S3;Strecke 3;0/00:01:52;-;140,00;1,0000;1,030;-;-;54,0;118,0;ETCS L1;False;False;0;-; 0,0; 0,0; 0,0;S3: null - Strecke 3 - VDV 2;0,000000;42110,0;  0,0;4831,9;  0,0;1,030;1,00;1,00;"80 0622-19.0;";0;ETCS fallend;;;False;ETCS fallend;False;00:29:48;00:29:48;-;-;False;-;-;1788;1788
2525;ETCS fallend;0/00:29:49;0/00:29:49;00:30;00:30;00:30;00:30;-;80,00;77,67;80,00;-;80,00;-;K;-;ETCS-Stützstelle;;S3;Strecke 3;0/00:01:53;-;140,00;1,0000;1,030;-;-;54,0;118,0;ETCS L1;False;False;0;-; 0,0; 0,0; 0,0;S3: null - Strecke 3 - VDV 2;0,000000;42110,0;  0,0;4831,9;  0,0;1,030;1,00;1,00;"80 0622-19.0;";0;ETCS fallend;;;False;ETCS fallend;False;00:29:49;00:29:49;-;-;False;-;-;1789;1789
2550;ETCS fallend;0/00:29:50;0/00:29:50;00:30;00:30;00:30;00:30;-;80,00;77,67;80,00;-;80,00;-;K;-;ETCS-Stützstelle;;S3;Strecke 3;0/00:01:54;-;140,00;1,0000;1,030;-;-;54,0;118,0;ETCS L1;False;False;0;-; 0,0; 0,0; 0,0;S3: null - Strecke 3 - VDV 2;0,000000;42110,0;  0,0;4831,9;  0,0;1,030;1,00;1,00;"80 0622-19.0;";0;ETCS fallend;;;False;ETCS fallend;False;00:29:50;00:29:50;-;-;False;-;-;1790;1790
2575;ETCS fallend;0/00:29:51;0/00:29:51;00:30;00:30;00:30;00:30;-;80,00;77,67;80,00;-;80,00;-;K;-;ETCS-Stützstelle;;S3;Strecke 3;0/00:01:55;-;140,00;1,0000;1,030;-;-;54,0;118,0;ETCS L1;False;False;0;-; 0,0; 0,0; 0,0;S3: null - Strecke 3 - VDV 2;0,000000;42110,0;  0,0;4831,9;  0,0;1,030;1,00;1,00;"80 0622-19.0;";0;ETCS fallend;;;False;ETCS fallend;False;00:29:51;00:29:51;-;-;False;-;-;1791;1791
2600;ETCS fallend;0/00:29:53;0/00:29:53;00:30;00:30;00:30;00:30;-;80,00;77,67;80,00;-;80,00;-;K;-;ETCS-Stützstelle;;S3;Strecke 3;0/00:01:57;-;140,00;1,0000;1,030;-;-;54,0;118,0;ETCS L1;False;False;0;-; 0,0; 0,0; 0,0;S3: null - Strecke 3 - VDV 2;0,000000;42110,0;  0,0;4831,9;  0,0;1,030;1,00;1,00;"80 0622-19.0;";0;ETCS fallend;;;False;ETCS fallend;False;00:29:53;00:29:53;-;-;False;-;-;1793;1793
2625;ETCS fallend;0/00:29:54;0/00:29:54;00:30;00:30;00:30;00:30;-;80,00;77,67;80,00;-;80,00;-;K;-;ETCS-Stützstelle;;S3;Strecke 3;0/00:01:58;-;140,00;1,0000;1,030;-;-;54,0;118,0;ETCS L1;False;False;0;-; 0,0; 0,0; 0,0;S3: null - Strecke 3 - VDV 2;0,000000;42110,0;  0,0;4831,9;  0,0;1,030;1,00;1,00;"80 0622-19.0;";0;ETCS fallend;;;False;ETCS fallend;False;00:29:54;00:29:54;-;-;False;-;-;1794;1794
2650;ETCS fallend;0/00:29:55;0/00:29:55;00:30;00:30;00:30;00:30;-;80,00;77,67;80,00;-;80,00;-;K;-;ETCS-Stützstelle;;S3;Strecke 3;0/00:01:59;-;140,00;1,0000;1,030;-;-;54,0;118,0;ETCS L1;False;False;0;-; 0,0; 0,0; 0,0;S3: null - Strecke 3 - VDV 2;0,000000;42110,0;  0,0;4831,9;  0,0;1,030;1,00;1,00;"80 0622-19.0;";0;ETCS fallend;;;False;ETCS fallend;False;00:29:55;00:29:55;-;-;False;-;-;1795;1795
2675;ETCS fallend;0/00:29:56;0/00:29:56;00:30;00:30;00:30;00:30;-;80,00;77,67;80,00;-;80,00;-;K;-;ETCS-Stützstelle;;S3;Strecke 3;0/00:02:00;-;140,00;1,0000;1,030;-;-;54,0;118,0;ETCS L1;False;False;0;-; 0,0; 0,0; 0,0;S3: null - Strecke 3 - VDV 2;0,000000;42110,0;  0,0;4831,9;  0,0;1,030;1,00;1,00;"80 0622-19.0;";0;ETCS fallend;;;False;ETCS fallend;False;00:29:56;00:29:56;-;-;False;-;-;1796;1796
2700;ETCS fallend;0/00:29:57;0/00:29:57;00:30;00:30;00:30;00:30;-;80,00;77,67;80,00;-;80,00;-;K;-;ETCS-Stützstelle;;S3;Strecke 3;0/00:02:01;-;140,00;1,0000;1,030;-;-;54,0;118,0;ETCS L1;False;False;0;-; 0,0; 0,0; 0,0;S3: null - Strecke 3 - VDV 2;0,000000;42110,0;  0,0;4831,9;  0,0;1,030;1,00;1,00;"80 0622-19.0;";0;ETCS fallend;;;False;ETCS fallend;False;00:29:57;00:29:57;-;-;False;-;-;1797;1797
2725;ETCS fallend;0/00:29:58;0/00:29:58;00:30;00:30;00:30;00:30;-;80,00;77,67;80,00;-;80,00;-;K;-;ETCS-Stützstelle;;S3;Strecke 3;0/00:02:02;-;140,00;1,0000;1,030;-;-;54,0;118,0;ETCS L1;False;False;0;-; 0,0; 0,0; 0,0;S3: null - Strecke 3 - VDV 2;0,000000;42110,0;  0,0;4831,9;  0,0;1,030;1,00;1,00;"80 0622-19.0;";0;ETCS fallend;;;False;ETCS fallend;False;00:29:58;00:29:58;-;-;False;-;-;1798;1798
2750;ETCS fallend;0/00:30:00;0/00:30:00;00:30;00:30;00:30;00:30;-;80,00;77,67;80,00;-;80,00;-;K;-;S3 27.250 Streckengleis Fahrzeitmesspunkt, Beide Richtungen, BS-Mitte;;S3;Strecke 3;0/00:02:03;00:30:00;140,00;1,0000;1,030;-;-;54,0;118,0;ETCS L1;False;False;0;-; 0,0; 0,0; 0,0;S3: null - Strecke 3 - VDV 2;0,000000;42110,0;  0,0;4831,9;  0,0;1,030;1,00;1,00;"80 0622-19.0;";0;ETCS fallend;3521;;True;ETCS fallend;False;00:30:00;00:30:00;-;-;False;-;Betriebsstellengrenze 3521-0 - Gleisende 3521-0 (3521);1800;1800
2775;ETCS fallend;0/00:30:01;0/00:30:01;00:30;00:30;00:30;00:30;-;80,00;77,67;80,00;-;80,00;-;K;-;ETCS-Stützstelle;;S3;Strecke 3;0/00:02:04;-;140,00;1,0000;1,030;-;-;54,0;118,0;ETCS L1;False;False;0;-; 0,0; 0,0; 0,0;S3: null - Strecke 3 - VDV 2;0,000000;42110,0;  0,0;4831,9;  0,0;1,030;1,00;1,00;"80 0622-19.0;";0;ETCS fallend;;;False;ETCS fallend;False;00:30:01;00:30:01;-;-;False;-;-;1801;1801
2800;ETCS fallend;0/00:30:02;0/00:30:02;00:30;00:30;00:30;00:30;-;80,00;77,67;80,00;-;80,00;-;K;-;ETCS-Stützstelle;;S3;Strecke 3;0/00:02:06;-;140,00;1,0000;1,030;-;-;54,0;118,0;ETCS L1;False;False;0;-; 0,0; 0,0; 0,0;S3: null - Strecke 3 - VDV 2;0,000000;42110,0;  0,0;4831,9;  0,0;1,030;1,00;1,00;"80 0622-19.0;";0;ETCS fallend;;;False;ETCS fallend;False;00:30:02;00:30:02;-;-;False;-;-;1802;1802
2825;ETCS fallend;0/00:30:03;0/00:30:03;00:30;00:30;00:30;00:30;-;80,00;77,67;80,00;-;80,00;-;K;-;ETCS-Stützstelle;;S3;Strecke 3;0/00:02:07;-;140,00;1,0000;1,030;-;-;54,0;118,0;ETCS L1;False;False;0;-; 0,0; 0,0; 0,0;S3: null - Strecke 3 - VDV 2;0,000000;42110,0;  0,0;4831,9;  0,0;1,030;1,00;1,00;"80 0622-19.0;";0;ETCS fallend;;;False;ETCS fallend;False;00:30:03;00:30:03;-;-;False;-;-;1803;1803
2850;ETCS fallend;0/00:30:04;0/00:30:04;00:30;00:30;00:30;00:30;-;80,00;77,67;80,00;-;80,00;-;K;-;ETCS-Stützstelle;;S3;Strecke 3;0/00:02:08;-;140,00;1,0000;1,030;-;-;54,0;118,0;ETCS L1;False;False;0;-; 0,0; 0,0; 0,0;S3: null - Strecke 3 - VDV 2;0,000000;42110,0;  0,0;4831,9;  0,0;1,030;1,00;1,00;"80 0622-19.0;";0;ETCS fallend;;;False;ETCS fallend;False;00:30:04;00:30:04;-;-;False;-;-;1804;1804
2875;ETCS fallend;0/00:30:05;0/00:30:05;00:30;00:30;00:30;00:30;-;80,00;77,67;80,00;-;80,00;-;K;-;ETCS-Stützstelle;;S3;Strecke 3;0/00:02:09;-;140,00;1,0000;1,030;-;-;54,0;118,0;ETCS L1;False;False;0;-; 0,0; 0,0; 0,0;S3: null - Strecke 3 - VDV 2;0,000000;42110,0;  0,0;4831,9;  0,0;1,030;1,00;1,00;"80 0622-19.0;";0;ETCS fallend;;;False;ETCS fallend;False;00:30:05;00:30:05;-;-;False;-;-;1805;1805
2900;ETCS fallend;0/00:30:06;0/00:30:06;00:30;00:30;00:30;00:30;-;80,00;77,67;80,00;-;80,00;-;K;-;ETCS-Stützstelle;;S3;Strecke 3;0/00:02:10;-;140,00;1,0000;1,030;-;-;54,0;118,0;ETCS L1;False;False;0;-; 0,0; 0,0; 0,0;S3: null - Strecke 3 - VDV 2;0,000000;42110,0;  0,0;4831,9;  0,0;1,030;1,00;1,00;"80 0622-19.0;";0;ETCS fallend;;;False;ETCS fallend;False;00:30:06;00:30:06;-;-;False;-;-;1806;1806
2925;ETCS fallend;0/00:30:08;0/00:30:08;00:30;00:30;00:30;00:30;-;80,00;77,67;80,00;-;80,00;-;K;-;ETCS-Stützstelle;;S3;Strecke 3;0/00:02:11;-;140,00;1,0000;1,030;-;-;54,0;118,0;ETCS L1;False;False;0;-; 0,0; 0,0; 0,0;S3: null - Strecke 3 - VDV 2;0,000000;42110,0;  0,0;4831,9;  0,0;1,030;1,00;1,00;"80 0622-19.0;";0;ETCS fallend;;;False;ETCS fallend;False;00:30:08;00:30:08;-;-;False;-;-;1808;1808
2950;ETCS fallend;0/00:30:09;0/00:30:09;00:30;00:30;00:30;00:30;-;80,00;77,67;80,00;-;80,00;-;K;-;ETCS-Stützstelle;;S3;Strecke 3;0/00:02:12;-;140,00;1,0000;1,030;-;-;54,0;118,0;ETCS L1;False;False;0;-; 0,0; 0,0; 0,0;S3: null - Strecke 3 - VDV 2;0,000000;42110,0;  0,0;4831,9;  0,0;1,030;1,00;1,00;"80 0622-19.0;";0;ETCS fallend;;;False;ETCS fallend;False;00:30:09;00:30:09;-;-;False;-;-;1809;1809
2975;ETCS fallend;0/00:30:10;0/00:30:10;00:30;00:30;00:30;00:30;-;80,00;77,67;80,00;-;80,00;-;K;-;ETCS-Stützstelle;;S3;Strecke 3;0/00:02:13;-;140,00;1,0000;1,030;-;-;54,0;118,0;ETCS L1;False;False;0;-; 0,0; 0,0; 0,0;S3: null - Strecke 3 - VDV 2;0,000000;42110,0;  0,0;4831,9;  0,0;1,030;1,00;1,00;"80 0622-19.0;";0;ETCS fallend;;;False;ETCS fallend;False;00:30:10;00:30:10;-;-;False;-;-;1810;1810
3000;ETCS fallend;0/00:30:11;0/00:30:11;00:30;00:30;00:30;00:30;-;80,00;77,67;80,00;-;80,00;-;K;-;ETCS-Stützstelle;;S3;Strecke 3;0/00:02:15;-;140,00;1,0000;1,030;-;-;54,0;118,0;ETCS L1;False;False;0;-; 0,0; 0,0; 0,0;S3: null - Strecke 3 - VDV 2;0,000000;42110,0;  0,0;4831,9;  0,0;1,030;1,00;1,00;"80 0622-19.0;";0;ETCS fallend;;;False;ETCS fallend;False;00:30:11;00:30:11;-;-;False;-;-;1811;1811
3025;ETCS fallend;0/00:30:12;0/00:30:12;00:30;00:30;00:30;00:30;-;80,00;77,67;80,00;-;80,00;-;K;-;ETCS-Stützstelle;;S3;Strecke 3;0/00:02:16;-;140,00;1,0000;1,030;-;-;54,0;118,0;ETCS L1;False;False;0;-; 0,0; 0,0; 0,0;S3: null - Strecke 3 - VDV 2;0,000000;42110,0;  0,0;4831,9;  0,0;1,030;1,00;1,00;"80 0622-19.0;";0;ETCS fallend;;;False;ETCS fallend;False;00:30:12;00:30:12;-;-;False;-;-;1812;1812
3050;ETCS fallend;0/00:30:13;0/00:30:13;00:30;00:30;00:30;00:30;-;80,00;77,67;80,00;-;80,00;-;K;-;ETCS-Stützstelle;;S3;Strecke 3;0/00:02:17;-;140,00;1,0000;1,030;-;-;54,0;118,0;ETCS L1;False;False;0;-; 0,0; 0,0; 0,0;S3: null - Strecke 3 - VDV 2;0,000000;42110,0;  0,0;4831,9;  0,0;1,030;1,00;1,00;"80 0622-19.0;";0;ETCS fallend;;;False;ETCS fallend;False;00:30:13;00:30:13;-;-;False;-;-;1813;1813
3075;ETCS fallend;0/00:30:15;0/00:30:15;00:30;00:30;00:30;00:30;-;80,00;77,67;80,00;-;80,00;-;K;-;ETCS-Stützstelle;;S3;Strecke 3;0/00:02:18;-;140,00;1,0000;1,030;-;-;54,0;118,0;ETCS L1;False;False;0;-; 0,0; 0,0; 0,0;S3: null - Strecke 3 - VDV 2;0,000000;42110,0;  0,0;4831,9;  0,0;1,030;1,00;1,00;"80 0622-19.0;";0;ETCS fallend;;;False;ETCS fallend;False;00:30:15;00:30:15;-;-;False;-;-;1815;1815
3100;ETCS fallend;0/00:30:16;0/00:30:16;00:30;00:30;00:30;00:30;-;80,00;77,67;80,00;-;80,00;-;K;-;ETCS-Stützstelle;;S3;Strecke 3;0/00:02:19;-;140,00;1,0000;1,030;-;-;54,0;118,0;ETCS L1;False;False;0;-; 0,0; 0,0; 0,0;S3: null - Strecke 3 - VDV 2;0,000000;42110,0;  0,0;4831,9;  0,0;1,030;1,00;1,00;"80 0622-19.0;";0;ETCS fallend;;;False;ETCS fallend;False;00:30:16;00:30:16;-;-;False;-;-;1816;1816
3125;ETCS fallend;0/00:30:17;0/00:30:17;00:30;00:30;00:30;00:30;-;80,00;77,67;80,00;-;80,00;-;K;-;ETCS-Stützstelle;;S3;Strecke 3;0/00:02:20;-;140,00;1,0000;1,030;-;-;54,0;118,0;ETCS L1;False;False;0;-; 0,0; 0,0; 0,0;S3: null - Strecke 3 - VDV 2;0,000000;42110,0;  0,0;4831,9;  0,0;1,030;1,00;1,00;"80 0622-19.0;";0;ETCS fallend;;;False;ETCS fallend;False;00:30:17;00:30:17;-;-;False;-;-;1817;1817
3150;ETCS fallend;0/00:30:18;0/00:30:18;00:30;00:30;00:30;00:30;-;80,00;77,67;80,00;-;80,00;-;K;-;ETCS-Stützstelle;;S3;Strecke 3;0/00:02:21;-;140,00;1,0000;1,030;-;-;54,0;118,0;ETCS L1;False;False;0;-; 0,0; 0,0; 0,0;S3: null - Strecke 3 - VDV 2;0,000000;42110,0;  0,0;4831,9;  0,0;1,030;1,00;1,00;"80 0622-19.0;";0;ETCS fallend;;;False;ETCS fallend;False;00:30:18;00:30:18;-;-;False;-;-;1818;1818
3175;ETCS fallend;0/00:30:19;0/00:30:19;00:30;00:30;00:30;00:30;-;80,00;77,67;80,00;-;80,00;-;K;-;ETCS-Stützstelle;;S3;Strecke 3;0/00:02:22;-;140,00;1,0000;1,030;-;-;54,0;118,0;ETCS L1;False;False;0;-; 0,0; 0,0; 0,0;S3: null - Strecke 3 - VDV 2;0,000000;42110,0;  0,0;4831,9;  0,0;1,030;1,00;1,00;"80 0622-19.0;";0;ETCS fallend;;;False;ETCS fallend;False;00:30:19;00:30:19;-;-;False;-;-;1819;1819
3200;ETCS fallend;0/00:30:20;0/00:30:20;00:30;00:30;00:30;00:30;-;80,00;77,67;80,00;-;80,00;-;K;-;ETCS-Stützstelle;;S3;Strecke 3;0/00:02:24;-;140,00;1,0000;1,030;-;-;54,0;118,0;ETCS L1;False;False;0;-; 0,0; 0,0; 0,0;S3: null - Strecke 3 - VDV 2;0,000000;42110,0;  0,0;4831,9;  0,0;1,030;1,00;1,00;"80 0622-19.0;";0;ETCS fallend;;;False;ETCS fallend;False;00:30:20;00:30:20;-;-;False;-;-;1820;1820
3225;ETCS fallend;0/00:30:22;0/00:30:22;00:30;00:30;00:30;00:30;-;80,00;77,67;80,00;-;80,00;-;K;-;ETCS-Stützstelle;;S3;Strecke 3;0/00:02:25;-;140,00;1,0000;1,030;-;-;54,0;118,0;ETCS L1;False;False;0;-; 0,0; 0,0; 0,0;S3: null - Strecke 3 - VDV 2;0,000000;42110,0;  0,0;4831,9;  0,0;1,030;1,00;1,00;"80 0622-19.0;";0;ETCS fallend;;;False;ETCS fallend;False;00:30:22;00:30:22;-;-;False;-;-;1822;1822
3250;ETCS fallend;0/00:30:23;0/00:30:23;00:30;00:30;00:30;00:30;-;80,00;77,67;80,00;-;80,00;-;K;-;ETCS-Stützstelle;;S3;Strecke 3;0/00:02:26;-;140,00;1,0000;1,030;-;-;54,0;118,0;ETCS L1;False;False;0;-; 0,0; 0,0; 0,0;S3: null - Strecke 3 - VDV 2;0,000000;42110,0;  0,0;4831,9;  0,0;1,030;1,00;1,00;"80 0622-19.0;";0;ETCS fallend;;;False;ETCS fallend;False;00:30:23;00:30:23;-;-;False;-;-;1823;1823
3275;ETCS fallend;0/00:30:24;0/00:30:24;00:30;00:30;00:30;00:30;-;80,00;77,67;80,00;-;80,00;-;K;-;ETCS-Stützstelle;;S3;Strecke 3;0/00:02:27;-;140,00;1,0000;1,030;-;-;54,0;118,0;ETCS L1;False;False;0;-; 0,0; 0,0; 0,0;S3: null - Strecke 3 - VDV 2;0,000000;42110,0;  0,0;4831,9;  0,0;1,030;1,00;1,00;"80 0622-19.0;";0;ETCS fallend;;;False;ETCS fallend;False;00:30:24;00:30:24;-;-;False;-;-;1824;1824
3300;ETCS fallend;0/00:30:25;0/00:30:25;00:30;00:30;00:30;00:30;-;80,00;77,67;80,00;-;80,00;-;K;-;ETCS-Stützstelle;;S3;Strecke 3;0/00:02:28;-;140,00;1,0000;1,030;-;-;54,0;118,0;ETCS L1;False;False;0;-; 0,0; 0,0; 0,0;S3: null - Strecke 3 - VDV 2;0,000000;42110,0;  0,0;4831,9;  0,0;1,030;1,00;1,00;"80 0622-19.0;";0;ETCS fallend;;;False;ETCS fallend;False;00:30:25;00:30:25;-;-;False;-;-;1825;1825
3325;ETCS fallend;0/00:30:26;0/00:30:26;00:30;00:30;00:30;00:30;-;80,00;77,67;80,00;-;80,00;-;K;-;ETCS-Stützstelle;;S3;Strecke 3;0/00:02:29;-;140,00;1,0000;1,030;-;-;54,0;118,0;ETCS L1;False;False;0;-; 0,0; 0,0; 0,0;S3: null - Strecke 3 - VDV 2;0,000000;42110,0;  0,0;4831,9;  0,0;1,030;1,00;1,00;"80 0622-19.0;";0;ETCS fallend;;;False;ETCS fallend;False;00:30:26;00:30:26;-;-;False;-;-;1826;1826
3350;ETCS fallend;0/00:30:27;0/00:30:27;00:30;00:30;00:30;00:30;-;80,00;77,67;80,00;-;80,00;-;K;-;ETCS-Stützstelle;;S3;Strecke 3;0/00:02:30;-;140,00;1,0000;1,030;-;-;54,0;118,0;ETCS L1;False;False;0;-; 0,0; 0,0; 0,0;S3: null - Strecke 3 - VDV 2;0,000000;42110,0;  0,0;4831,9;  0,0;1,030;1,00;1,00;"80 0622-19.0;";0;ETCS fallend;;;False;ETCS fallend;False;00:30:27;00:30:27;-;-;False;-;-;1827;1827
3375;ETCS fallend;0/00:30:28;0/00:30:28;00:30;00:30;00:30;00:30;-;80,00;77,67;80,00;-;80,00;-;K;-;ETCS-Stützstelle;;S3;Strecke 3;0/00:02:31;-;140,00;1,0000;1,030;-;-;54,0;118,0;ETCS L1;False;False;0;-; 0,0; 0,0; 0,0;S3: null - Strecke 3 - VDV 2;0,000000;42110,0;  0,0;4831,9;  0,0;1,030;1,00;1,00;"80 0622-19.0;";0;ETCS fallend;;;False;ETCS fallend;False;00:30:28;00:30:28;-;-;False;-;-;1828;1828
3400;ETCS fallend;0/00:30:30;0/00:30:30;00:31;00:31;00:31;00:31;-;80,00;77,67;80,00;-;80,00;-;K;-;ETCS-Stützstelle;;S3;Strecke 3;0/00:02:33;-;140,00;1,0000;1,030;-;-;54,0;118,0;ETCS L1;False;False;0;-; 0,0; 0,0; 0,0;S3: null - Strecke 3 - VDV 2;0,000000;42110,0;  0,0;4831,9;  0,0;1,030;1,00;1,00;"80 0622-19.0;";0;ETCS fallend;;;False;ETCS fallend;False;00:30:30;00:30:30;-;-;False;-;-;1830;1830
3425;ETCS fallend;0/00:30:31;0/00:30:31;00:31;00:31;00:31;00:31;-;80,00;77,67;80,00;-;80,00;-;K;-;ETCS-Stützstelle;;S3;Strecke 3;0/00:02:34;-;140,00;1,0000;1,030;-;-;54,0;118,0;ETCS L1;False;False;0;-; 0,0; 0,0; 0,0;S3: null - Strecke 3 - VDV 2;0,000000;42110,0;  0,0;4831,9;  0,0;1,030;1,00;1,00;"80 0622-19.0;";0;ETCS fallend;;;False;ETCS fallend;False;00:30:31;00:30:31;-;-;False;-;-;1831;1831
3450;ETCS fallend;0/00:30:32;0/00:30:32;00:31;00:31;00:31;00:31;-;80,00;77,67;80,00;-;80,00;-;K;-;ETCS-Stützstelle;;S3;Strecke 3;0/00:02:35;-;140,00;1,0000;1,030;-;-;54,0;118,0;ETCS L1;False;False;0;-; 0,0; 0,0; 0,0;S3: null - Strecke 3 - VDV 2;0,000000;42110,0;  0,0;4831,9;  0,0;1,030;1,00;1,00;"80 0622-19.0;";0;ETCS fallend;;;False;ETCS fallend;False;00:30:32;00:30:32;-;-;False;-;-;1832;1832
3475;ETCS fallend;0/00:30:33;0/00:30:33;00:31;00:31;00:31;00:31;-;80,00;77,67;80,00;-;80,00;-;K;-;ETCS-Stützstelle;;S3;Strecke 3;0/00:02:36;-;140,00;1,0000;1,030;-;-;54,0;118,0;ETCS L1;False;False;0;-; 0,0; 0,0; 0,0;S3: null - Strecke 3 - VDV 2;0,000000;42110,0;  0,0;4831,9;  0,0;1,030;1,00;1,00;"80 0622-19.0;";0;ETCS fallend;;;False;ETCS fallend;False;00:30:33;00:30:33;-;-;False;-;-;1833;1833
3500;ETCS fallend;0/00:30:34;0/00:30:34;00:31;00:31;00:31;00:31;-;80,00;77,67;80,00;-;80,00;-;K;-;ETCS-Stützstelle;;S3;Strecke 3;0/00:02:37;-;140,00;1,0000;1,030;-;-;54,0;118,0;ETCS L1;False;False;0;-; 0,0; 0,0; 0,0;S3: null - Strecke 3 - VDV 2;0,000000;42110,0;  0,0;4831,9;  0,0;1,030;1,00;1,00;"80 0622-19.0;";0;ETCS fallend;;;False;ETCS fallend;False;00:30:34;00:30:34;-;-;False;-;-;1834;1834
3525;ETCS fallend;0/00:30:35;0/00:30:35;00:31;00:31;00:31;00:31;-;80,00;77,67;80,00;-;80,00;-;K;-;ETCS-Stützstelle;;S3;Strecke 3;0/00:02:38;-;140,00;1,0000;1,030;-;-;54,0;118,0;ETCS L1;False;False;0;-; 0,0; 0,0; 0,0;S3: null - Strecke 3 - VDV 2;0,000000;42110,0;  0,0;4831,9;  0,0;1,030;1,00;1,00;"80 0622-19.0;";0;ETCS fallend;;;False;ETCS fallend;False;00:30:35;00:30:35;-;-;False;-;-;1835;1835
3550;ETCS fallend;0/00:30:37;0/00:30:37;00:31;00:31;00:31;00:31;-;80,00;77,67;80,00;-;80,00;-;K;-;ETCS-Stützstelle;;S3;Strecke 3;0/00:02:39;-;140,00;1,0000;1,030;-;-;54,0;118,0;ETCS L1;False;False;0;-; 0,0; 0,0; 0,0;S3: null - Strecke 3 - VDV 2;0,000000;42110,0;  0,0;4831,9;  0,0;1,030;1,00;1,00;"80 0622-19.0;";0;ETCS fallend;;;False;ETCS fallend;False;00:30:37;00:30:37;-;-;False;-;-;1837;1837
3575;ETCS fallend;0/00:30:38;0/00:30:38;00:31;00:31;00:31;00:31;-;80,00;77,67;80,00;-;80,00;-;K;-;ETCS-Stützstelle;;S3;Strecke 3;0/00:02:40;-;140,00;1,0000;1,030;-;-;54,0;118,0;ETCS L1;False;False;0;-; 0,0; 0,0; 0,0;S3: null - Strecke 3 - VDV 2;0,000000;42110,0;  0,0;4831,9;  0,0;1,030;1,00;1,00;"80 0622-19.0;";0;ETCS fallend;;;False;ETCS fallend;False;00:30:38;00:30:38;-;-;False;-;-;1838;1838
3600;ETCS fallend;0/00:30:39;0/00:30:39;00:31;00:31;00:31;00:31;-;80,00;77,67;80,00;-;80,00;-;K;-;ETCS-Stützstelle;;S3;Strecke 3;0/00:02:42;-;140,00;1,0000;1,030;-;-;54,0;118,0;ETCS L1;False;False;0;-; 0,0; 0,0; 0,0;S3: null - Strecke 3 - VDV 2;0,000000;42110,0;  0,0;4831,9;  0,0;1,030;1,00;1,00;"80 0622-19.0;";0;ETCS fallend;;;False;ETCS fallend;False;00:30:39;00:30:39;-;-;False;-;-;1839;1839
3625;ETCS fallend;0/00:30:40;0/00:30:40;00:31;00:31;00:31;00:31;-;80,00;77,67;80,00;-;80,00;-;K;-;ETCS-Stützstelle;;S3;Strecke 3;0/00:02:43;-;140,00;1,0000;1,030;-;-;54,0;118,0;ETCS L1;False;False;0;-; 0,0; 0,0; 0,0;S3: null - Strecke 3 - VDV 2;0,000000;42110,0;  0,0;4831,9;  0,0;1,030;1,00;1,00;"80 0622-19.0;";0;ETCS fallend;;;False;ETCS fallend;False;00:30:40;00:30:40;-;-;False;-;-;1840;1840
3650;ETCS fallend;0/00:30:41;0/00:30:41;00:31;00:31;00:31;00:31;-;80,00;77,67;80,00;-;80,00;-;K;-;ETCS-Stützstelle;;S3;Strecke 3;0/00:02:44;-;140,00;1,0000;1,030;-;-;54,0;118,0;ETCS L1;False;False;0;-; 0,0; 0,0; 0,0;S3: null - Strecke 3 - VDV 2;0,000000;42110,0;  0,0;4831,9;  0,0;1,030;1,00;1,00;"80 0622-19.0;";0;ETCS fallend;;;False;ETCS fallend;False;00:30:41;00:30:41;-;-;False;-;-;1841;1841
3675;ETCS fallend;0/00:30:42;0/00:30:42;00:31;00:31;00:31;00:31;-;80,00;77,67;80,00;-;80,00;-;K;-;ETCS-Stützstelle;;S3;Strecke 3;0/00:02:45;-;140,00;1,0000;1,030;-;-;54,0;118,0;ETCS L1;False;False;0;-; 0,0; 0,0; 0,0;S3: null - Strecke 3 - VDV 2;0,000000;42110,0;  0,0;4831,9;  0,0;1,030;1,00;1,00;"80 0622-19.0;";0;ETCS fallend;;;False;ETCS fallend;False;00:30:42;00:30:42;-;-;False;-;-;1842;1842
3700;ETCS fallend;0/00:30:44;0/00:30:44;00:31;00:31;00:31;00:31;-;80,00;77,67;80,00;-;80,00;-;K;-;ETCS-Stützstelle;;S3;Strecke 3;0/00:02:46;-;140,00;1,0000;1,030;-;-;54,0;118,0;ETCS L1;False;False;0;-; 0,0; 0,0; 0,0;S3: null - Strecke 3 - VDV 2;0,000000;42110,0;  0,0;4831,9;  0,0;1,030;1,00;1,00;"80 0622-19.0;";0;ETCS fallend;;;False;ETCS fallend;False;00:30:44;00:30:44;-;-;False;-;-;1844;1844
3725;ETCS fallend;0/00:30:45;0/00:30:45;00:31;00:31;00:31;00:31;-;80,00;77,67;80,00;-;80,00;-;K;-;ETCS-Stützstelle;;S3;Strecke 3;0/00:02:47;-;140,00;1,0000;1,030;-;-;54,0;118,0;ETCS L1;False;False;0;-; 0,0; 0,0; 0,0;S3: null - Strecke 3 - VDV 2;0,000000;42110,0;  0,0;4831,9;  0,0;1,030;1,00;1,00;"80 0622-19.0;";0;ETCS fallend;;;False;ETCS fallend;False;00:30:45;00:30:45;-;-;False;-;-;1845;1845
3750;ETCS fallend;0/00:30:46;0/00:30:46;00:31;00:31;00:31;00:31;-;80,00;77,67;80,00;-;80,00;-;K;-;ETCS-Stützstelle;;S3;Strecke 3;0/00:02:48;-;140,00;1,0000;1,030;-;-;54,0;118,0;ETCS L1;False;False;0;-; 0,0; 0,0; 0,0;S3: null - Strecke 3 - VDV 2;0,000000;42110,0;  0,0;4831,9;  0,0;1,030;1,00;1,00;"80 0622-19.0;";0;ETCS fallend;;;False;ETCS fallend;False;00:30:46;00:30:46;-;-;False;-;-;1846;1846
3775;ETCS fallend;0/00:30:47;0/00:30:47;00:31;00:31;00:31;00:31;-;80,00;77,67;80,00;-;80,00;-;K;-;ETCS-Stützstelle;;S3;Strecke 3;0/00:02:49;-;140,00;1,0000;1,030;-;-;54,0;118,0;ETCS L1;False;False;0;-; 0,0; 0,0; 0,0;S3: null - Strecke 3 - VDV 2;0,000000;42110,0;  0,0;4831,9;  0,0;1,030;1,00;1,00;"80 0622-19.0;";0;ETCS fallend;;;False;ETCS fallend;False;00:30:47;00:30:47;-;-;False;-;-;1847;1847
3800;ETCS fallend;0/00:30:48;0/00:30:48;00:31;00:31;00:31;00:31;-;80,00;77,67;80,00;-;80,00;-;K;-;ETCS-Stützstelle;;S3;Strecke 3;0/00:02:51;-;140,00;1,0000;1,030;-;-;54,0;118,0;ETCS L1;False;False;0;-; 0,0; 0,0; 0,0;S3: null - Strecke 3 - VDV 2;0,000000;42110,0;  0,0;4831,9;  0,0;1,030;1,00;1,00;"80 0622-19.0;";0;ETCS fallend;;;False;ETCS fallend;False;00:30:48;00:30:48;-;-;False;-;-;1848;1848
3825;ETCS fallend;0/00:30:49;0/00:30:49;00:31;00:31;00:31;00:31;-;80,00;77,67;80,00;-;80,00;-;K;-;ETCS-Stützstelle;;S3;Strecke 3;0/00:02:52;-;140,00;1,0000;1,030;-;-;54,0;118,0;ETCS L1;False;False;0;-; 0,0; 0,0; 0,0;S3: null - Strecke 3 - VDV 2;0,000000;42110,0;  0,0;4831,9;  0,0;1,030;1,00;1,00;"80 0622-19.0;";0;ETCS fallend;;;False;ETCS fallend;False;00:30:49;00:30:49;-;-;False;-;-;1849;1849
3850;ETCS fallend;0/00:30:50;0/00:30:50;00:31;00:31;00:31;00:31;-;80,00;77,67;80,00;-;80,00;-;K;-;ETCS-Stützstelle;;S3;Strecke 3;0/00:02:53;-;140,00;1,0000;1,030;-;-;54,0;118,0;ETCS L1;False;False;0;-; 0,0; 0,0; 0,0;S3: null - Strecke 3 - VDV 2;0,000000;42110,0;  0,0;4831,9;  0,0;1,030;1,00;1,00;"80 0622-19.0;";0;ETCS fallend;;;False;ETCS fallend;False;00:30:50;00:30:50;-;-;False;-;-;1850;1850
3875;ETCS fallend;0/00:30:52;0/00:30:52;00:31;00:31;00:31;00:31;-;80,00;77,67;80,00;-;80,00;-;K;-;ETCS-Stützstelle;;S3;Strecke 3;0/00:02:54;-;140,00;1,0000;1,030;-;-;54,0;118,0;ETCS L1;False;False;0;-; 0,0; 0,0; 0,0;S3: null - Strecke 3 - VDV 2;0,000000;42110,0;  0,0;4831,9;  0,0;1,030;1,00;1,00;"80 0622-19.0;";0;ETCS fallend;;;False;ETCS fallend;False;00:30:52;00:30:52;-;-;False;-;-;1852;1852
3900;ETCS fallend;0/00:30:53;0/00:30:53;00:31;00:31;00:31;00:31;-;80,00;77,67;80,00;-;80,00;-;K;-;ETCS-Stützstelle;;S3;Strecke 3;0/00:02:55;-;140,00;1,0000;1,030;-;-;54,0;118,0;ETCS L1;False;False;0;-; 0,0; 0,0; 0,0;S3: null - Strecke 3 - VDV 2;0,000000;42110,0;  0,0;4831,9;  0,0;1,030;1,00;1,00;"80 0622-19.0;";0;ETCS fallend;;;False;ETCS fallend;False;00:30:53;00:30:53;-;-;False;-;-;1853;1853
3925;ETCS fallend;0/00:30:54;0/00:30:54;00:31;00:31;00:31;00:31;-;80,00;77,67;80,00;-;80,00;-;K;-;ETCS-Stützstelle;;S3;Strecke 3;0/00:02:56;-;140,00;1,0000;1,030;-;-;54,0;118,0;ETCS L1;False;False;0;-; 0,0; 0,0; 0,0;S3: null - Strecke 3 - VDV 2;0,000000;42110,0;  0,0;4831,9;  0,0;1,030;1,00;1,00;"80 0622-19.0;";0;ETCS fallend;;;False;ETCS fallend;False;00:30:54;00:30:54;-;-;False;-;-;1854;1854
3950;ETCS fallend;0/00:30:55;0/00:30:55;00:31;00:31;00:31;00:31;-;80,00;77,67;80,00;-;80,00;-;K;-;ETCS-Stützstelle;;S3;Strecke 3;0/00:02:57;-;140,00;1,0000;1,030;-;-;54,0;118,0;ETCS L1;False;False;0;-; 0,0; 0,0; 0,0;S3: null - Strecke 3 - VDV 2;0,000000;42110,0;  0,0;4831,9;  0,0;1,030;1,00;1,00;"80 0622-19.0;";0;ETCS fallend;;;False;ETCS fallend;False;00:30:55;00:30:55;-;-;False;-;-;1855;1855
3975;ETCS fallend;0/00:30:56;0/00:30:56;00:31;00:31;00:31;00:31;-;80,00;77,67;80,00;-;80,00;-;K;-;ETCS-Stützstelle;;S3;Strecke 3;0/00:02:58;-;140,00;1,0000;1,030;-;-;54,0;118,0;ETCS L1;False;False;0;-; 0,0; 0,0; 0,0;S3: null - Strecke 3 - VDV 2;0,000000;42110,0;  0,0;4831,9;  0,0;1,030;1,00;1,00;"80 0622-19.0;";0;ETCS fallend;;;False;ETCS fallend;False;00:30:56;00:30:56;-;-;False;-;-;1856;1856
4000;ETCS fallend;0/00:30:57;0/00:30:57;00:31;00:31;00:31;00:31;-;80,00;77,67;80,00;-;80,00;-;K;-;ETCS-Stützstelle;;S3;Strecke 3;0/00:03:00;-;140,00;1,0000;1,030;-;-;54,0;118,0;ETCS L1;False;False;0;-; 0,0; 0,0; 0,0;S3: null - Strecke 3 - VDV 2;0,000000;42110,0;  0,0;4831,9;  0,0;1,030;1,00;1,00;"80 0622-19.0;";0;ETCS fallend;;;False;ETCS fallend;False;00:30:57;00:30:57;-;-;False;-;-;1857;1857
4025;ETCS fallend;0/00:30:59;0/00:30:59;00:31;00:31;00:31;00:31;-;80,00;77,67;80,00;-;80,00;-;K;-;ETCS-Stützstelle;;S3;Strecke 3;0/00:03:01;-;140,00;1,0000;1,030;-;-;54,0;118,0;ETCS L1;False;False;0;-; 0,0; 0,0; 0,0;S3: null - Strecke 3 - VDV 2;0,000000;42110,0;  0,0;4831,9;  0,0;1,030;1,00;1,00;"80 0622-19.0;";0;ETCS fallend;;;False;ETCS fallend;False;00:30:59;00:30:59;-;-;False;-;-;1859;1859
4050;ETCS fallend;0/00:31:00;0/00:31:00;00:31;00:31;00:31;00:31;-;80,00;77,67;80,00;-;80,00;-;K;-;ETCS-Stützstelle;;S3;Strecke 3;0/00:03:02;-;140,00;1,0000;1,030;-;-;54,0;118,0;ETCS L1;False;False;0;-; 0,0; 0,0; 0,0;S3: null - Strecke 3 - VDV 2;0,000000;42110,0;  0,0;4831,9;  0,0;1,030;1,00;1,00;"80 0622-19.0;";0;ETCS fallend;;;False;ETCS fallend;False;00:31:00;00:31:00;-;-;False;-;-;1860;1860
4075;ETCS fallend;0/00:31:01;0/00:31:01;00:31;00:31;00:31;00:31;-;80,00;77,67;80,00;-;80,00;-;K;-;ETCS-Stützstelle;;S3;Strecke 3;0/00:03:03;-;140,00;1,0000;1,030;-;-;54,0;118,0;ETCS L1;False;False;0;-; 0,0; 0,0; 0,0;S3: null - Strecke 3 - VDV 2;0,000000;42110,0;  0,0;4831,9;  0,0;1,030;1,00;1,00;"80 0622-19.0;";0;ETCS fallend;;;False;ETCS fallend;False;00:31:01;00:31:01;-;-;False;-;-;1861;1861
4100;ETCS fallend;0/00:31:02;0/00:31:02;00:31;00:31;00:31;00:31;-;80,00;77,67;80,00;-;80,00;-;K;-;ETCS-Stützstelle;;S3;Strecke 3;0/00:03:04;-;140,00;1,0000;1,030;-;-;54,0;118,0;ETCS L1;False;False;0;-; 0,0; 0,0; 0,0;S3: null - Strecke 3 - VDV 2;0,000000;42110,0;  0,0;4831,9;  0,0;1,030;1,00;1,00;"80 0622-19.0;";0;ETCS fallend;;;False;ETCS fallend;False;00:31:02;00:31:02;-;-;False;-;-;1862;1862
4125;ETCS fallend;0/00:31:03;0/00:31:03;00:31;00:31;00:31;00:31;-;80,00;77,67;80,00;-;80,00;-;K;-;ETCS-Stützstelle;;S3;Strecke 3;0/00:03:05;-;140,00;1,0000;1,030;-;-;54,0;118,0;ETCS L1;False;False;0;-; 0,0; 0,0; 0,0;S3: null - Strecke 3 - VDV 2;0,000000;42110,0;  0,0;4831,9;  0,0;1,030;1,00;1,00;"80 0622-19.0;";0;ETCS fallend;;;False;ETCS fallend;False;00:31:03;00:31:03;-;-;False;-;-;1863;1863
4150;ETCS fallend;0/00:31:04;0/00:31:04;00:31;00:31;00:31;00:31;-;80,00;77,67;80,00;-;80,00;-;K;-;ETCS-Stützstelle;;S3;Strecke 3;0/00:03:06;-;140,00;1,0000;1,030;-;-;54,0;118,0;ETCS L1;False;False;0;-; 0,0; 0,0; 0,0;S3: null - Strecke 3 - VDV 2;0,000000;42110,0;  0,0;4831,9;  0,0;1,030;1,00;1,00;"80 0622-19.0;";0;ETCS fallend;;;False;ETCS fallend;False;00:31:04;00:31:04;-;-;False;-;-;1864;1864
4175;ETCS fallend;0/00:31:06;0/00:31:06;00:31;00:31;00:31;00:31;-;80,00;77,67;80,00;-;80,00;-;K;-;ETCS-Stützstelle;;S3;Strecke 3;0/00:03:07;-;140,00;1,0000;1,030;-;-;54,0;118,0;ETCS L1;False;False;0;-; 0,0; 0,0; 0,0;S3: null - Strecke 3 - VDV 2;0,000000;42110,0;  0,0;4831,9;  0,0;1,030;1,00;1,00;"80 0622-19.0;";0;ETCS fallend;;;False;ETCS fallend;False;00:31:06;00:31:06;-;-;False;-;-;1866;1866
4200;ETCS fallend;0/00:31:07;0/00:31:07;00:31;00:31;00:31;00:31;-;80,00;77,67;80,00;-;80,00;-;K;-;ETCS-Stützstelle;;S3;Strecke 3;0/00:03:09;-;140,00;1,0000;1,030;-;-;54,0;118,0;ETCS L1;False;False;0;-; 0,0; 0,0; 0,0;S3: null - Strecke 3 - VDV 2;0,000000;42110,0;  0,0;4831,9;  0,0;1,030;1,00;1,00;"80 0622-19.0;";0;ETCS fallend;;;False;ETCS fallend;False;00:31:07;00:31:07;-;-;False;-;-;1867;1867
4225;ETCS fallend;0/00:31:08;0/00:31:08;00:31;00:31;00:31;00:31;-;80,00;77,67;80,00;-;80,00;-;K;-;ETCS-Stützstelle;;S3;Strecke 3;0/00:03:10;-;140,00;1,0000;1,030;-;-;54,0;118,0;ETCS L1;False;False;0;-; 0,0; 0,0; 0,0;S3: null - Strecke 3 - VDV 2;0,000000;42110,0;  0,0;4831,9;  0,0;1,030;1,00;1,00;"80 0622-19.0;";0;ETCS fallend;;;False;ETCS fallend;False;00:31:08;00:31:08;-;-;False;-;-;1868;1868
4250;ETCS fallend;0/00:31:09;0/00:31:09;00:31;00:31;00:31;00:31;-;80,00;77,67;80,00;-;80,00;-;K;-;ETCS-Stützstelle;;S3;Strecke 3;0/00:03:11;-;140,00;1,0000;1,030;-;-;54,0;118,0;ETCS L1;False;False;0;-; 0,0; 0,0; 0,0;S3: null - Strecke 3 - VDV 2;0,000000;42110,0;  0,0;4831,9;  0,0;1,030;1,00;1,00;"80 0622-19.0;";0;ETCS fallend;;;False;ETCS fallend;False;00:31:09;00:31:09;-;-;False;-;-;1869;1869
4275;ETCS fallend;0/00:31:10;0/00:31:10;00:31;00:31;00:31;00:31;-;80,00;77,67;80,00;-;80,00;-;K;-;ETCS-Stützstelle;;S3;Strecke 3;0/00:03:12;-;140,00;1,0000;1,030;-;-;54,0;118,0;ETCS L1;False;False;0;-; 0,0; 0,0; 0,0;S3: null - Strecke 3 - VDV 2;0,000000;42110,0;  0,0;4831,9;  0,0;1,030;1,00;1,00;"80 0622-19.0;";0;ETCS fallend;;;False;ETCS fallend;False;00:31:10;00:31:10;-;-;False;-;-;1870;1870
4300;ETCS fallend;0/00:31:11;0/00:31:11;00:31;00:31;00:31;00:31;-;80,00;77,67;80,00;-;80,00;-;K;-;ETCS-Stützstelle;;S3;Strecke 3;0/00:03:13;-;140,00;1,0000;1,030;-;-;54,0;118,0;ETCS L1;False;False;0;-; 0,0; 0,0; 0,0;S3: null - Strecke 3 - VDV 2;0,000000;42110,0;  0,0;4831,9;  0,0;1,030;1,00;1,00;"80 0622-19.0;";0;ETCS fallend;;;False;ETCS fallend;False;00:31:11;00:31:11;-;-;False;-;-;1871;1871
4325;ETCS fallend;0/00:31:13;0/00:31:13;00:31;00:31;00:31;00:31;-;80,00;77,67;80,00;-;80,00;-;K;-;ETCS-Stützstelle;;S3;Strecke 3;0/00:03:14;-;140,00;1,0000;1,030;-;-;54,0;118,0;ETCS L1;False;False;0;-; 0,0; 0,0; 0,0;S3: null - Strecke 3 - VDV 2;0,000000;42110,0;  0,0;4831,9;  0,0;1,030;1,00;1,00;"80 0622-19.0;";0;ETCS fallend;;;False;ETCS fallend;False;00:31:13;00:31:13;-;-;False;-;-;1873;1873
4350;ETCS fallend;0/00:31:14;0/00:31:14;00:31;00:31;00:31;00:31;-;80,00;77,67;80,00;-;80,00;-;K;-;ETCS-Stützstelle;;S3;Strecke 3;0/00:03:15;-;140,00;1,0000;1,030;-;-;54,0;118,0;ETCS L1;False;False;0;-; 0,0; 0,0; 0,0;S3: null - Strecke 3 - VDV 2;0,000000;42110,0;  0,0;4831,9;  0,0;1,030;1,00;1,00;"80 0622-19.0;";0;ETCS fallend;;;False;ETCS fallend;False;00:31:14;00:31:14;-;-;False;-;-;1874;1874
4375;ETCS fallend;0/00:31:15;0/00:31:15;00:31;00:31;00:31;00:31;-;80,00;77,67;80,00;-;80,00;-;K;-;ETCS-Stützstelle;;S3;Strecke 3;0/00:03:16;-;140,00;1,0000;1,030;-;-;54,0;118,0;ETCS L1;False;False;0;-; 0,0; 0,0; 0,0;S3: null - Strecke 3 - VDV 2;0,000000;42110,0;  0,0;4831,9;  0,0;1,030;1,00;1,00;"80 0622-19.0;";0;ETCS fallend;;;False;ETCS fallend;False;00:31:15;00:31:15;-;-;False;-;-;1875;1875
4400;ETCS fallend;0/00:31:16;0/00:31:16;00:31;00:31;00:31;00:31;-;80,00;77,67;80,00;-;80,00;-;K;-;ETCS-Stützstelle;;S3;Strecke 3;0/00:03:18;-;140,00;1,0000;1,030;-;-;54,0;118,0;ETCS L1;False;False;0;-; 0,0; 0,0; 0,0;S3: null - Strecke 3 - VDV 2;0,000000;42110,0;  0,0;4831,9;  0,0;1,030;1,00;1,00;"80 0622-19.0;";0;ETCS fallend;;;False;ETCS fallend;False;00:31:16;00:31:16;-;-;False;-;-;1876;1876
4425;ETCS fallend;0/00:31:17;0/00:31:17;00:31;00:31;00:31;00:31;-;80,00;77,67;80,00;-;80,00;-;K;-;ETCS-Stützstelle;;S3;Strecke 3;0/00:03:19;-;140,00;1,0000;1,030;-;-;54,0;118,0;ETCS L1;False;False;0;-; 0,0; 0,0; 0,0;S3: null - Strecke 3 - VDV 2;0,000000;42110,0;  0,0;4831,9;  0,0;1,030;1,00;1,00;"80 0622-19.0;";0;ETCS fallend;;;False;ETCS fallend;False;00:31:17;00:31:17;-;-;False;-;-;1877;1877
4450;ETCS fallend;0/00:31:18;0/00:31:18;00:31;00:31;00:31;00:31;-;80,00;77,67;80,00;-;80,00;-;K;-;ETCS-Stützstelle;;S3;Strecke 3;0/00:03:20;-;140,00;1,0000;1,030;-;-;54,0;118,0;ETCS L1;False;False;0;-; 0,0; 0,0; 0,0;S3: null - Strecke 3 - VDV 2;0,000000;42110,0;  0,0;4831,9;  0,0;1,030;1,00;1,00;"80 0622-19.0;";0;ETCS fallend;;;False;ETCS fallend;False;00:31:18;00:31:18;-;-;False;-;-;1878;1878
4475;ETCS fallend;0/00:31:19;0/00:31:19;00:31;00:31;00:31;00:31;-;80,00;77,67;80,00;-;80,00;-;K;-;ETCS-Stützstelle;;S3;Strecke 3;0/00:03:21;-;140,00;1,0000;1,030;-;-;54,0;118,0;ETCS L1;False;False;0;-; 0,0; 0,0; 0,0;S3: null - Strecke 3 - VDV 2;0,000000;42110,0;  0,0;4831,9;  0,0;1,030;1,00;1,00;"80 0622-19.0;";0;ETCS fallend;;;False;ETCS fallend;False;00:31:19;00:31:19;-;-;False;-;-;1879;1879
4500;ETCS fallend;0/00:31:21;0/00:31:21;00:31;00:31;00:31;00:31;-;80,00;77,67;80,00;-;80,00;-;K;-;ETCS-Stützstelle;;S3;Strecke 3;0/00:03:22;-;140,00;1,0000;1,030;-;-;54,0;118,0;ETCS L1;False;False;0;-; 0,0; 0,0; 0,0;S3: null - Strecke 3 - VDV 2;0,000000;42110,0;  0,0;4831,9;  0,0;1,030;1,00;1,00;"80 0622-19.0;";0;ETCS fallend;;;False;ETCS fallend;False;00:31:21;00:31:21;-;-;False;-;-;1881;1881
4525;ETCS fallend;0/00:31:22;0/00:31:22;00:31;00:31;00:31;00:31;-;80,00;77,67;80,00;-;80,00;-;K;-;ETCS-Stützstelle;;S3;Strecke 3;0/00:03:23;-;140,00;1,0000;1,030;-;-;54,0;118,0;ETCS L1;False;False;0;-; 0,0; 0,0; 0,0;S3: null - Strecke 3 - VDV 2;0,000000;42110,0;  0,0;4831,9;  0,0;1,030;1,00;1,00;"80 0622-19.0;";0;ETCS fallend;;;False;ETCS fallend;False;00:31:22;00:31:22;-;-;False;-;-;1882;1882
4550;ETCS fallend;0/00:31:23;0/00:31:23;00:31;00:31;00:31;00:31;-;80,00;77,67;80,00;-;80,00;-;K;-;ETCS-Stützstelle;;S3;Strecke 3;0/00:03:24;-;140,00;1,0000;1,030;-;-;54,0;118,0;ETCS L1;False;False;0;-; 0,0; 0,0; 0,0;S3: null - Strecke 3 - VDV 2;0,000000;42110,0;  0,0;4831,9;  0,0;1,030;1,00;1,00;"80 0622-19.0;";0;ETCS fallend;;;False;ETCS fallend;False;00:31:23;00:31:23;-;-;False;-;-;1883;1883
4575;ETCS fallend;0/00:31:24;0/00:31:24;00:31;00:31;00:31;00:31;-;80,00;77,67;80,00;-;80,00;-;K;-;ETCS-Stützstelle;;S3;Strecke 3;0/00:03:25;-;140,00;1,0000;1,030;-;-;54,0;118,0;ETCS L1;False;False;0;-; 0,0; 0,0; 0,0;S3: null - Strecke 3 - VDV 2;0,000000;42110,0;  0,0;4831,9;  0,0;1,030;1,00;1,00;"80 0622-19.0;";0;ETCS fallend;;;False;ETCS fallend;False;00:31:24;00:31:24;-;-;False;-;-;1884;1884
4600;ETCS fallend;0/00:31:25;0/00:31:25;00:31;00:31;00:31;00:31;-;80,00;77,67;80,00;-;80,00;-;K;-;ETCS-Stützstelle;;S3;Strecke 3;0/00:03:27;-;140,00;1,0000;1,030;-;-;54,0;118,0;ETCS L1;False;False;0;-; 0,0; 0,0; 0,0;S3: null - Strecke 3 - VDV 2;0,000000;42110,0;  0,0;4831,9;  0,0;1,030;1,00;1,00;"80 0622-19.0;";0;ETCS fallend;;;False;ETCS fallend;False;00:31:25;00:31:25;-;-;False;-;-;1885;1885
4625;ETCS fallend;0/00:31:26;0/00:31:26;00:31;00:31;00:31;00:31;-;80,00;77,67;80,00;-;80,00;-;K;-;ETCS-Stützstelle;;S3;Strecke 3;0/00:03:28;-;140,00;1,0000;1,030;-;-;54,0;118,0;ETCS L1;False;False;0;-; 0,0; 0,0; 0,0;S3: null - Strecke 3 - VDV 2;0,000000;42110,0;  0,0;4831,9;  0,0;1,030;1,00;1,00;"80 0622-19.0;";0;ETCS fallend;;;False;ETCS fallend;False;00:31:26;00:31:26;-;-;False;-;-;1886;1886
4650;ETCS fallend;0/00:31:28;0/00:31:28;00:31;00:31;00:31;00:31;-;80,00;77,67;80,00;-;80,00;-;K;-;ETCS-Stützstelle;;S3;Strecke 3;0/00:03:29;-;140,00;1,0000;1,030;-;-;54,0;118,0;ETCS L1;False;False;0;-; 0,0; 0,0; 0,0;S3: null - Strecke 3 - VDV 2;0,000000;42110,0;  0,0;4831,9;  0,0;1,030;1,00;1,00;"80 0622-19.0;";0;ETCS fallend;;;False;ETCS fallend;False;00:31:28;00:31:28;-;-;False;-;-;1888;1888
4675;ETCS fallend;0/00:31:29;0/00:31:29;00:31;00:31;00:31;00:31;-;80,00;77,67;80,00;-;80,00;-;K;-;ETCS-Stützstelle;;S3;Strecke 3;0/00:03:30;-;140,00;1,0000;1,030;-;-;54,0;118,0;ETCS L1;False;False;0;-; 0,0; 0,0; 0,0;S3: null - Strecke 3 - VDV 2;0,000000;42110,0;  0,0;4831,9;  0,0;1,030;1,00;1,00;"80 0622-19.0;";0;ETCS fallend;;;False;ETCS fallend;False;00:31:29;00:31:29;-;-;False;-;-;1889;1889
4700;ETCS fallend;0/00:31:30;0/00:31:30;00:32;00:32;00:32;00:32;-;80,00;77,67;80,00;-;80,00;-;K;-;ETCS-Stützstelle;;S3;Strecke 3;0/00:03:31;-;140,00;1,0000;1,030;-;-;54,0;118,0;ETCS L1;False;False;0;-; 0,0; 0,0; 0,0;S3: null - Strecke 3 - VDV 2;0,000000;42110,0;  0,0;4831,9;  0,0;1,030;1,00;1,00;"80 0622-19.0;";0;ETCS fallend;;;False;ETCS fallend;False;00:31:30;00:31:30;-;-;False;-;-;1890;1890
4725;ETCS fallend;0/00:31:31;0/00:31:31;00:32;00:32;00:32;00:32;-;80,00;77,67;80,00;-;80,00;-;K;-;ETCS-Stützstelle;;S3;Strecke 3;0/00:03:32;-;140,00;1,0000;1,030;-;-;54,0;118,0;ETCS L1;False;False;0;-; 0,0; 0,0; 0,0;S3: null - Strecke 3 - VDV 2;0,000000;42110,0;  0,0;4831,9;  0,0;1,030;1,00;1,00;"80 0622-19.0;";0;ETCS fallend;;;False;ETCS fallend;False;00:31:31;00:31:31;-;-;False;-;-;1891;1891
4750;ETCS fallend;0/00:31:32;0/00:31:32;00:32;00:32;00:32;00:32;-;80,00;77,67;80,00;-;80,00;-;K;-;ETCS-Stützstelle;;S3;Strecke 3;0/00:03:33;-;140,00;1,0000;1,030;-;-;54,0;118,0;ETCS L1;False;False;0;-; 0,0; 0,0; 0,0;S3: null - Strecke 3 - VDV 2;0,000000;42110,0;  0,0;4831,9;  0,0;1,030;1,00;1,00;"80 0622-19.0;";0;ETCS fallend;;;False;ETCS fallend;False;00:31:32;00:31:32;-;-;False;-;-;1892;1892
4775;ETCS fallend;0/00:31:33;0/00:31:33;00:32;00:32;00:32;00:32;-;80,00;77,67;80,00;-;80,00;-;K;-;ETCS-Stützstelle;;S3;Strecke 3;0/00:03:34;-;140,00;1,0000;1,030;-;-;54,0;118,0;ETCS L1;False;False;0;-; 0,0; 0,0; 0,0;S3: null - Strecke 3 - VDV 2;0,000000;42110,0;  0,0;4831,9;  0,0;1,030;1,00;1,00;"80 0622-19.0;";0;ETCS fallend;;;False;ETCS fallend;False;00:31:33;00:31:33;-;-;False;-;-;1893;1893
4800;ETCS fallend;0/00:31:35;0/00:31:35;00:32;00:32;00:32;00:32;-;80,00;77,67;80,00;-;80,00;-;K;-;ETCS-Stützstelle;;S3;Strecke 3;0/00:03:36;-;140,00;1,0000;1,030;-;-;54,0;118,0;ETCS L1;False;False;0;-; 0,0; 0,0; 0,0;S3: null - Strecke 3 - VDV 2;0,000000;42110,0;  0,0;4831,9;  0,0;1,030;1,00;1,00;"80 0622-19.0;";0;ETCS fallend;;;False;ETCS fallend;False;00:31:35;00:31:35;-;-;False;-;-;1895;1895
4825;ETCS fallend;0/00:31:36;0/00:31:36;00:32;00:32;00:32;00:32;-;80,00;77,67;80,00;-;80,00;-;K;-;ETCS-Stützstelle;;S3;Strecke 3;0/00:03:37;-;140,00;1,0000;1,030;-;-;54,0;118,0;ETCS L1;False;False;0;-; 0,0; 0,0; 0,0;S3: null - Strecke 3 - VDV 2;0,000000;42110,0;  0,0;4831,9;  0,0;1,030;1,00;1,00;"80 0622-19.0;";0;ETCS fallend;;;False;ETCS fallend;False;00:31:36;00:31:36;-;-;False;-;-;1896;1896
4850;ETCS fallend;0/00:31:37;0/00:31:37;00:32;00:32;00:32;00:32;-;80,00;77,67;80,00;-;80,00;-;K;-;ETCS-Stützstelle;;S3;Strecke 3;0/00:03:38;-;140,00;1,0000;1,030;-;-;54,0;118,0;ETCS L1;False;False;0;-; 0,0; 0,0; 0,0;S3: null - Strecke 3 - VDV 2;0,000000;42110,0;  0,0;4831,9;  0,0;1,030;1,00;1,00;"80 0622-19.0;";0;ETCS fallend;;;False;ETCS fallend;False;00:31:37;00:31:37;-;-;False;-;-;1897;1897
4875;ETCS fallend;0/00:31:38;0/00:31:38;00:32;00:32;00:32;00:32;-;80,00;77,67;80,00;-;80,00;-;K;-;ETCS-Stützstelle;;S3;Strecke 3;0/00:03:39;-;140,00;1,0000;1,030;-;-;54,0;118,0;ETCS L1;False;False;0;-; 0,0; 0,0; 0,0;S3: null - Strecke 3 - VDV 2;0,000000;42110,0;  0,0;4831,9;  0,0;1,030;1,00;1,00;"80 0622-19.0;";0;ETCS fallend;;;False;ETCS fallend;False;00:31:38;00:31:38;-;-;False;-;-;1898;1898
4900;ETCS fallend;0/00:31:39;0/00:31:39;00:32;00:32;00:32;00:32;-;80,00;77,67;80,00;-;80,00;-;K;-;ETCS-Stützstelle;;S3;Strecke 3;0/00:03:40;-;140,00;1,0000;1,030;-;-;54,0;118,0;ETCS L1;False;False;0;-; 0,0; 0,0; 0,0;S3: null - Strecke 3 - VDV 2;0,000000;42110,0;  0,0;4831,9;  0,0;1,030;1,00;1,00;"80 0622-19.0;";0;ETCS fallend;;;False;ETCS fallend;False;00:31:39;00:31:39;-;-;False;-;-;1899;1899
4925;ETCS fallend;0/00:31:40;0/00:31:40;00:32;00:32;00:32;00:32;-;80,00;77,67;80,00;-;80,00;-;K;-;ETCS-Stützstelle;;S3;Strecke 3;0/00:03:41;-;140,00;1,0000;1,030;-;-;54,0;118,0;ETCS L1;False;False;0;-; 0,0; 0,0; 0,0;S3: null - Strecke 3 - VDV 2;0,000000;42110,0;  0,0;4831,9;  0,0;1,030;1,00;1,00;"80 0622-19.0;";0;ETCS fallend;;;False;ETCS fallend;False;00:31:40;00:31:40;-;-;False;-;-;1900;1900
4950;ETCS fallend;0/00:31:41;0/00:31:41;00:32;00:32;00:32;00:32;-;80,00;77,67;80,00;-;80,00;-;K;-;ETCS-Stützstelle;;S3;Strecke 3;0/00:03:42;-;140,00;1,0000;1,030;-;-;54,0;118,0;ETCS L1;False;False;0;-; 0,0; 0,0; 0,0;S3: null - Strecke 3 - VDV 2;0,000000;42110,0;  0,0;4831,9;  0,0;1,030;1,00;1,00;"80 0622-19.0;";0;ETCS fallend;;;False;ETCS fallend;False;00:31:41;00:31:41;-;-;False;-;-;1901;1901
4975;ETCS fallend;0/00:31:43;0/00:31:43;00:32;00:32;00:32;00:32;-;80,00;77,67;80,00;-;80,00;-;K;-;ETCS-Stützstelle;;S3;Strecke 3;0/00:03:43;-;140,00;1,0000;1,030;-;-;54,0;118,0;ETCS L1;False;False;0;-; 0,0; 0,0; 0,0;S3: null - Strecke 3 - VDV 2;0,000000;42110,0;  0,0;4831,9;  0,0;1,030;1,00;1,00;"80 0622-19.0;";0;ETCS fallend;;;False;ETCS fallend;False;00:31:43;00:31:43;-;-;False;-;-;1903;1903
5000;ETCS fallend;0/00:31:44;0/00:31:44;00:32;00:32;00:32;00:32;-;80,00;77,67;80,00;-;80,00;-;K;-;ETCS-Stützstelle;;S3;Strecke 3;0/00:03:45;-;140,00;1,0000;1,030;-;-;54,0;118,0;ETCS L1;False;False;0;-; 0,0; 0,0; 0,0;S3: null - Strecke 3 - VDV 2;0,000000;42110,0;  0,0;4831,9;  0,0;1,030;1,00;1,00;"80 0622-19.0;";0;ETCS fallend;;;False;ETCS fallend;False;00:31:44;00:31:44;-;-;False;-;-;1904;1904
5025;ETCS fallend;0/00:31:45;0/00:31:45;00:32;00:32;00:32;00:32;-;80,00;77,67;80,00;-;80,00;-;K;-;ETCS-Stützstelle;;S3;Strecke 3;0/00:03:46;-;140,00;1,0000;1,030;-;-;54,0;118,0;ETCS L1;False;False;0;-; 0,0; 0,0; 0,0;S3: null - Strecke 3 - VDV 2;0,000000;42110,0;  0,0;4831,9;  0,0;1,030;1,00;1,00;"80 0622-19.0;";0;ETCS fallend;;;False;ETCS fallend;False;00:31:45;00:31:45;-;-;False;-;-;1905;1905
5050;ETCS fallend;0/00:31:46;0/00:31:46;00:32;00:32;00:32;00:32;-;80,00;77,67;80,00;-;80,00;-;K;-;ETCS-Stützstelle;;S3;Strecke 3;0/00:03:47;-;140,00;1,0000;1,030;-;-;54,0;118,0;ETCS L1;False;False;0;-; 0,0; 0,0; 0,0;S3: null - Strecke 3 - VDV 2;0,000000;42110,0;  0,0;4831,9;  0,0;1,030;1,00;1,00;"80 0622-19.0;";0;ETCS fallend;;;False;ETCS fallend;False;00:31:46;00:31:46;-;-;False;-;-;1906;1906
5075;ETCS fallend;0/00:31:47;0/00:31:47;00:32;00:32;00:32;00:32;-;80,00;77,67;80,00;-;80,00;-;K;-;ETCS-Stützstelle;;S3;Strecke 3;0/00:03:48;-;140,00;1,0000;1,030;-;-;54,0;118,0;ETCS L1;False;False;0;-; 0,0; 0,0; 0,0;S3: null - Strecke 3 - VDV 2;0,000000;42110,0;  0,0;4831,9;  0,0;1,030;1,00;1,00;"80 0622-19.0;";0;ETCS fallend;;;False;ETCS fallend;False;00:31:47;00:31:47;-;-;False;-;-;1907;1907
5100;ETCS fallend;0/00:31:48;0/00:31:48;00:32;00:32;00:32;00:32;-;80,00;77,67;80,00;-;80,00;-;K;-;ETCS-Stützstelle;;S3;Strecke 3;0/00:03:49;-;140,00;1,0000;1,030;-;-;54,0;118,0;ETCS L1;False;False;0;-; 0,0; 0,0; 0,0;S3: null - Strecke 3 - VDV 2;0,000000;42110,0;  0,0;4831,9;  0,0;1,030;1,00;1,00;"80 0622-19.0;";0;ETCS fallend;;;False;ETCS fallend;False;00:31:48;00:31:48;-;-;False;-;-;1908;1908
5125;ETCS fallend;0/00:31:50;0/00:31:50;00:32;00:32;00:32;00:32;-;80,00;77,67;80,00;-;80,00;-;K;-;ETCS-Stützstelle;;S3;Strecke 3;0/00:03:50;-;140,00;1,0000;1,030;-;-;54,0;118,0;ETCS L1;False;False;0;-; 0,0; 0,0; 0,0;S3: null - Strecke 3 - VDV 2;0,000000;42110,0;  0,0;4831,9;  0,0;1,030;1,00;1,00;"80 0622-19.0;";0;ETCS fallend;;;False;ETCS fallend;False;00:31:50;00:31:50;-;-;False;-;-;1910;1910
5150;ETCS fallend;0/00:31:51;0/00:31:51;00:32;00:32;00:32;00:32;-;80,00;77,67;80,00;-;80,00;-;K;-;ETCS-Stützstelle;;S3;Strecke 3;0/00:03:51;-;140,00;1,0000;1,030;-;-;54,0;118,0;ETCS L1;False;False;0;-; 0,0; 0,0; 0,0;S3: null - Strecke 3 - VDV 2;0,000000;42110,0;  0,0;4831,9;  0,0;1,030;1,00;1,00;"80 0622-19.0;";0;ETCS fallend;;;False;ETCS fallend;False;00:31:51;00:31:51;-;-;False;-;-;1911;1911
5175;ETCS fallend;0/00:31:52;0/00:31:52;00:32;00:32;00:32;00:32;-;80,00;77,67;80,00;-;80,00;-;K;-;ETCS-Stützstelle;;S3;Strecke 3;0/00:03:52;-;140,00;1,0000;1,030;-;-;54,0;118,0;ETCS L1;False;False;0;-; 0,0; 0,0; 0,0;S3: null - Strecke 3 - VDV 2;0,000000;42110,0;  0,0;4831,9;  0,0;1,030;1,00;1,00;"80 0622-19.0;";0;ETCS fallend;;;False;ETCS fallend;False;00:31:52;00:31:52;-;-;False;-;-;1912;1912
5200;ETCS fallend;0/00:31:53;0/00:31:53;00:32;00:32;00:32;00:32;-;80,00;77,67;80,00;-;80,00;-;K;-;ETCS-Stützstelle;;S3;Strecke 3;0/00:03:54;-;140,00;1,0000;1,030;-;-;54,0;118,0;ETCS L1;False;False;0;-; 0,0; 0,0; 0,0;S3: null - Strecke 3 - VDV 2;0,000000;42110,0;  0,0;4831,9;  0,0;1,030;1,00;1,00;"80 0622-19.0;";0;ETCS fallend;;;False;ETCS fallend;False;00:31:53;00:31:53;-;-;False;-;-;1913;1913
5225;ETCS fallend;0/00:31:54;0/00:31:54;00:32;00:32;00:32;00:32;-;80,00;77,67;80,00;-;80,00;-;K;-;ETCS-Stützstelle;;S3;Strecke 3;0/00:03:55;-;140,00;1,0000;1,030;-;-;54,0;118,0;ETCS L1;False;False;0;-; 0,0; 0,0; 0,0;S3: null - Strecke 3 - VDV 2;0,000000;42110,0;  0,0;4831,9;  0,0;1,030;1,00;1,00;"80 0622-19.0;";0;ETCS fallend;;;False;ETCS fallend;False;00:31:54;00:31:54;-;-;False;-;-;1914;1914
5250;ETCS fallend;0/00:31:55;0/00:31:55;00:32;00:32;00:32;00:32;-;80,00;77,67;80,00;-;80,00;-;K;-;ETCS-Stützstelle;;S3;Strecke 3;0/00:03:56;-;140,00;1,0000;1,030;-;-;54,0;118,0;ETCS L1;False;False;0;-; 0,0; 0,0; 0,0;S3: null - Strecke 3 - VDV 2;0,000000;42110,0;  0,0;4831,9;  0,0;1,030;1,00;1,00;"80 0622-19.0;";0;ETCS fallend;;;False;ETCS fallend;False;00:31:55;00:31:55;-;-;False;-;-;1915;1915
5275;ETCS fallend;0/00:31:57;0/00:31:57;00:32;00:32;00:32;00:32;-;80,00;77,67;80,00;-;80,00;-;K;-;ETCS-Stützstelle;;S3;Strecke 3;0/00:03:57;-;140,00;1,0000;1,030;-;-;54,0;118,0;ETCS L1;False;False;0;-; 0,0; 0,0; 0,0;S3: null - Strecke 3 - VDV 2;0,000000;42110,0;  0,0;4831,9;  0,0;1,030;1,00;1,00;"80 0622-19.0;";0;ETCS fallend;;;False;ETCS fallend;False;00:31:57;00:31:57;-;-;False;-;-;1917;1917
5300;ETCS fallend;0/00:31:58;0/00:31:58;00:32;00:32;00:32;00:32;-;80,00;77,67;80,00;-;80,00;-;K;-;ETCS-Stützstelle;;S3;Strecke 3;0/00:03:58;-;140,00;1,0000;1,030;-;-;54,0;118,0;ETCS L1;False;False;0;-; 0,0; 0,0; 0,0;S3: null - Strecke 3 - VDV 2;0,000000;42110,0;  0,0;4831,9;  0,0;1,030;1,00;1,00;"80 0622-19.0;";0;ETCS fallend;;;False;ETCS fallend;False;00:31:58;00:31:58;-;-;False;-;-;1918;1918
5325;ETCS fallend;0/00:31:59;0/00:31:59;00:32;00:32;00:32;00:32;-;80,00;77,67;80,00;-;80,00;-;K;-;ETCS-Stützstelle;;S3;Strecke 3;0/00:03:59;-;140,00;1,0000;1,030;-;-;54,0;118,0;ETCS L1;False;False;0;-; 0,0; 0,0; 0,0;S3: null - Strecke 3 - VDV 2;0,000000;42110,0;  0,0;4831,9;  0,0;1,030;1,00;1,00;"80 0622-19.0;";0;ETCS fallend;;;False;ETCS fallend;False;00:31:59;00:31:59;-;-;False;-;-;1919;1919
5350;ETCS fallend;0/00:32:00;0/00:32:00;00:32;00:32;00:32;00:32;-;80,00;77,67;80,00;-;80,00;-;K;-;ETCS-Stützstelle;;S3;Strecke 3;0/00:04:00;-;140,00;1,0000;1,030;-;-;54,0;118,0;ETCS L1;False;False;0;-; 0,0; 0,0; 0,0;S3: null - Strecke 3 - VDV 2;0,000000;42110,0;  0,0;4831,9;  0,0;1,030;1,00;1,00;"80 0622-19.0;";0;ETCS fallend;;;False;ETCS fallend;False;00:32:00;00:32:00;-;-;False;-;-;1920;1920
5375;ETCS fallend;0/00:32:01;0/00:32:01;00:32;00:32;00:32;00:32;-;80,00;77,67;80,00;-;80,00;-;K;-;ETCS-Stützstelle;;S3;Strecke 3;0/00:04:01;-;140,00;1,0000;1,030;-;-;54,0;118,0;ETCS L1;False;False;0;-; 0,0; 0,0; 0,0;S3: null - Strecke 3 - VDV 2;0,000000;42110,0;  0,0;4831,9;  0,0;1,030;1,00;1,00;"80 0622-19.0;";0;ETCS fallend;;;False;ETCS fallend;False;00:32:01;00:32:01;-;-;False;-;-;1921;1921
5400;ETCS fallend;0/00:32:02;0/00:32:02;00:32;00:32;00:32;00:32;-;80,00;77,67;80,00;-;80,00;-;K;-;ETCS-Stützstelle;;S3;Strecke 3;0/00:04:03;-;140,00;1,0000;1,030;-;-;54,0;118,0;ETCS L1;False;False;0;-; 0,0; 0,0; 0,0;S3: null - Strecke 3 - VDV 2;0,000000;42110,0;  0,0;4831,9;  0,0;1,030;1,00;1,00;"80 0622-19.0;";0;ETCS fallend;;;False;ETCS fallend;False;00:32:02;00:32:02;-;-;False;-;-;1922;1922
5425;ETCS fallend;0/00:32:03;0/00:32:03;00:32;00:32;00:32;00:32;-;80,00;77,67;80,00;-;80,00;-;K;-;ETCS-Stützstelle;;S3;Strecke 3;0/00:04:04;-;140,00;1,0000;1,030;-;-;54,0;118,0;ETCS L1;False;False;0;-; 0,0; 0,0; 0,0;S3: null - Strecke 3 - VDV 2;0,000000;42110,0;  0,0;4831,9;  0,0;1,030;1,00;1,00;"80 0622-19.0;";0;ETCS fallend;;;False;ETCS fallend;False;00:32:03;00:32:03;-;-;False;-;-;1923;1923
5450;ETCS fallend;0/00:32:05;0/00:32:05;00:32;00:32;00:32;00:32;-;80,00;77,67;80,00;-;80,00;-;K;-;ETCS-Stützstelle;;S3;Strecke 3;0/00:04:05;-;140,00;1,0000;1,030;-;-;54,0;118,0;ETCS L1;False;False;0;-; 0,0; 0,0; 0,0;S3: null - Strecke 3 - VDV 2;0,000000;42110,0;  0,0;4831,9;  0,0;1,030;1,00;1,00;"80 0622-19.0;";0;ETCS fallend;;;False;ETCS fallend;False;00:32:05;00:32:05;-;-;False;-;-;1925;1925
5475;ETCS fallend;0/00:32:06;0/00:32:06;00:32;00:32;00:32;00:32;-;80,00;77,67;80,00;-;80,00;-;K;-;ETCS-Stützstelle;;S3;Strecke 3;0/00:04:06;-;140,00;1,0000;1,030;-;-;54,0;118,0;ETCS L1;False;False;0;-; 0,0; 0,0; 0,0;S3: null - Strecke 3 - VDV 2;0,000000;42110,0;  0,0;4831,9;  0,0;1,030;1,00;1,00;"80 0622-19.0;";0;ETCS fallend;;;False;ETCS fallend;False;00:32:06;00:32:06;-;-;False;-;-;1926;1926
5500;ETCS fallend;0/00:32:07;0/00:32:07;00:32;00:32;00:32;00:32;-;80,00;77,67;80,00;-;80,00;-;K;-;S3 24.500 3521-0 Betriebsstellengrenze, =>VDV2 3521-0, Gleis 0;;S3;Strecke 3;0/00:04:07;-;140,00;1,0000;1,030;-;-;54,0;118,0;ETCS L1;False;False;0;-; 0,0; 0,0; 0,0;S3: null - Strecke 3 - VDV 2;0,000000;42110,0;  0,0;4831,9;  0,0;1,030;1,00;1,00;"80 0622-19.0;";0;ETCS fallend;3521;0;True;ETCS fallend;False;00:32:07;00:32:07;-;-;False;-;Betriebsstellengrenze 3521-0 - Gleisende 3521-0 (3521);1927;1927
5500;ETCS fallend;0/00:32:07;0/00:32:07;00:32;00:32;00:32;00:32;-;80,00;77,67;80,00;-;80,00;-;K;-;VDV2 24.500 3521-0 Betriebsstellengrenze, =>S3 3521-0, Gleis 0;;VDV2;VDV 2;0/00:04:07;-;140,00;1,0000;1,030;-;-;54,0;118,0;ETCS L1;False;False;0;-; 0,0; 0,0; 0,0;VDV2: Strecke 3 - Gleis 1 - Strecke 2;0,000000;42110,0;  0,0;4831,9;  0,0;1,030;1,00;1,00;"80 0622-19.0;";0;ETCS fallend;3521;0;True;ETCS fallend;False;00:32:07;00:32:07;-;-;False;-;Weiche 02W2 A - Betriebsstellengrenze 3521-0 (3521);1927;1927
5525;ETCS fallend;0/00:32:08;0/00:32:08;00:32;00:32;00:32;00:32;-;80,00;77,67;80,00;-;80,00;-;K;-;ETCS-Stützstelle;;VDV2;VDV 2;0/00:04:08;-;140,00;1,0000;1,030;-;-;54,0;118,0;ETCS L1;False;False;0;-; 0,0; 0,0; 0,0;VDV2: Strecke 3 - Gleis 1 - Strecke 2;0,000000;42110,0;  0,0;4831,9;  0,0;1,030;1,00;1,00;"80 0622-19.0;";0;ETCS fallend;;;False;ETCS fallend;False;00:32:08;00:32:08;-;-;False;-;-;1928;1928
5550;ETCS fallend;0/00:32:09;0/00:32:09;00:32;00:32;00:32;00:32;-;80,00;77,67;80,00;-;80,00;-;K;-;ETCS-Stützstelle;;VDV2;VDV 2;0/00:04:09;-;140,00;1,0000;1,030;-;-;54,0;118,0;ETCS L1;False;False;0;-; 0,0; 0,0; 0,0;VDV2: Strecke 3 - Gleis 1 - Strecke 2;0,000000;42110,0;  0,0;4831,9;  0,0;1,030;1,00;1,00;"80 0622-19.0;";0;ETCS fallend;;;False;ETCS fallend;False;00:32:09;00:32:09;-;-;False;-;-;1929;1929
5575;ETCS fallend;0/00:32:10;0/00:32:10;00:32;00:32;00:32;00:32;-;80,00;77,67;80,00;-;80,00;-;K;-;ETCS-Stützstelle;;VDV2;VDV 2;0/00:04:10;-;140,00;1,0000;1,030;-;-;54,0;118,0;ETCS L1;False;False;0;-; 0,0; 0,0; 0,0;VDV2: Strecke 3 - Gleis 1 - Strecke 2;0,000000;42110,0;  0,0;4831,9;  0,0;1,030;1,00;1,00;"80 0622-19.0;";0;ETCS fallend;;;False;ETCS fallend;False;00:32:10;00:32:10;-;-;False;-;-;1930;1930
5600;ETCS fallend;0/00:32:12;0/00:32:12;00:32;00:32;00:32;00:32;-;80,00;77,67;80,00;-;80,00;-;K;-;ETCS-Stützstelle;;VDV2;VDV 2;0/00:04:12;-;140,00;1,0000;1,030;-;-;54,0;118,0;ETCS L1;False;False;0;-; 0,0; 0,0; 0,0;VDV2: Strecke 3 - Gleis 1 - Strecke 2;0,000000;42110,0;  0,0;4831,9;  0,0;1,030;1,00;1,00;"80 0622-19.0;";0;ETCS fallend;;;False;ETCS fallend;False;00:32:12;00:32:12;-;-;False;-;-;1932;1932
5625;ETCS fallend;0/00:32:13;0/00:32:13;00:32;00:32;00:32;00:32;-;80,00;77,67;80,00;-;80,00;-;K;-;ETCS-Stützstelle;;VDV2;VDV 2;0/00:04:13;-;140,00;1,0000;1,030;-;-;54,0;118,0;ETCS L1;False;False;0;-; 0,0; 0,0; 0,0;VDV2: Strecke 3 - Gleis 1 - Strecke 2;0,000000;42110,0;  0,0;4831,9;  0,0;1,030;1,00;1,00;"80 0622-19.0;";0;ETCS fallend;;;False;ETCS fallend;False;00:32:13;00:32:13;-;-;False;-;-;1933;1933
5650;ETCS fallend;0/00:32:14;0/00:32:14;00:32;00:32;00:32;00:32;-;80,00;77,67;80,00;-;80,00;-;K;-;ETCS-Stützstelle;;VDV2;VDV 2;0/00:04:14;-;140,00;1,0000;1,030;-;-;54,0;118,0;ETCS L1;False;False;0;-; 0,0; 0,0; 0,0;VDV2: Strecke 3 - Gleis 1 - Strecke 2;0,000000;42110,0;  0,0;4831,9;  0,0;1,030;1,00;1,00;"80 0622-19.0;";0;ETCS fallend;;;False;ETCS fallend;False;00:32:14;00:32:14;-;-;False;-;-;1934;1934
5675;ETCS fallend;0/00:32:15;0/00:32:15;00:32;00:32;00:32;00:32;-;80,00;77,67;80,00;-;80,00;-;K;-;ETCS-Stützstelle;;VDV2;VDV 2;0/00:04:15;-;140,00;1,0000;1,030;-;-;54,0;118,0;ETCS L1;False;False;0;-; 0,0; 0,0; 0,0;VDV2: Strecke 3 - Gleis 1 - Strecke 2;0,000000;42110,0;  0,0;4831,9;  0,0;1,030;1,00;1,00;"80 0622-19.0;";0;ETCS fallend;;;False;ETCS fallend;False;00:32:15;00:32:15;-;-;False;-;-;1935;1935
5700;ETCS fallend;0/00:32:16;0/00:32:16;00:32;00:32;00:32;00:32;-;80,00;77,67;80,00;-;80,00;-;K;-;ETCS-Stützstelle;;VDV2;VDV 2;0/00:04:16;-;140,00;1,0000;1,030;-;-;54,0;118,0;ETCS L1;False;False;0;-; 0,0; 0,0; 0,0;VDV2: Strecke 3 - Gleis 1 - Strecke 2;0,000000;42110,0;  0,0;4831,9;  0,0;1,030;1,00;1,00;"80 0622-19.0;";0;ETCS fallend;;;False;ETCS fallend;False;00:32:16;00:32:16;-;-;False;-;-;1936;1936
5725;ETCS fallend;0/00:32:17;0/00:32:17;00:32;00:32;00:32;00:32;-;80,00;77,67;80,00;-;80,00;-;K;-;ETCS-Stützstelle;;VDV2;VDV 2;0/00:04:17;-;140,00;1,0000;1,030;-;-;54,0;118,0;ETCS L1;False;False;0;-; 0,0; 0,0; 0,0;VDV2: Strecke 3 - Gleis 1 - Strecke 2;0,000000;42110,0;  0,0;4831,9;  0,0;1,030;1,00;1,00;"80 0622-19.0;";0;ETCS fallend;;;False;ETCS fallend;False;00:32:17;00:32:17;-;-;False;-;-;1937;1937
5750;ETCS fallend;0/00:32:19;0/00:32:19;00:32;00:32;00:32;00:32;-;80,00;77,67;80,00;-;80,00;-;K;-;ETCS-Stützstelle;;VDV2;VDV 2;0/00:04:18;-;140,00;1,0000;1,030;-;-;54,0;118,0;ETCS L1;False;False;0;-; 0,0; 0,0; 0,0;VDV2: Strecke 3 - Gleis 1 - Strecke 2;0,000000;42110,0;  0,0;4831,9;  0,0;1,030;1,00;1,00;"80 0622-19.0;";0;ETCS fallend;;;False;ETCS fallend;False;00:32:19;00:32:19;-;-;False;-;-;1939;1939
5775;ETCS fallend;0/00:32:20;0/00:32:20;00:32;00:32;00:32;00:32;-;80,00;77,67;80,00;-;80,00;-;K;-;ETCS-Stützstelle;;VDV2;VDV 2;0/00:04:19;-;140,00;1,0000;1,030;-;-;54,0;118,0;ETCS L1;False;False;0;-; 0,0; 0,0; 0,0;VDV2: Strecke 3 - Gleis 1 - Strecke 2;0,000000;42110,0;  0,0;4831,9;  0,0;1,030;1,00;1,00;"80 0622-19.0;";0;ETCS fallend;;;False;ETCS fallend;False;00:32:20;00:32:20;-;-;False;-;-;1940;1940
5800;ETCS fallend;0/00:32:21;0/00:32:21;00:32;00:32;00:32;00:32;-;80,00;77,67;80,00;-;80,00;-;K;-;ETCS-Stützstelle;;VDV2;VDV 2;0/00:04:21;-;140,00;1,0000;1,030;-;-;54,0;118,0;ETCS L1;False;False;0;-; 0,0; 0,0; 0,0;VDV2: Strecke 3 - Gleis 1 - Strecke 2;0,000000;42110,0;  0,0;4831,9;  0,0;1,030;1,00;1,00;"80 0622-19.0;";0;ETCS fallend;;;False;ETCS fallend;False;00:32:21;00:32:21;-;-;False;-;-;1941;1941
5825;ETCS fallend;0/00:32:22;0/00:32:22;00:32;00:32;00:32;00:32;-;80,00;77,67;80,00;-;80,00;-;K;-;ETCS-Stützstelle;;VDV2;VDV 2;0/00:04:22;-;140,00;1,0000;1,030;-;-;54,0;118,0;ETCS L1;False;False;0;-; 0,0; 0,0; 0,0;VDV2: Strecke 3 - Gleis 1 - Strecke 2;0,000000;42110,0;  0,0;4831,9;  0,0;1,030;1,00;1,00;"80 0622-19.0;";0;ETCS fallend;;;False;ETCS fallend;False;00:32:22;00:32:22;-;-;False;-;-;1942;1942
5850;ETCS fallend;0/00:32:23;0/00:32:23;00:32;00:32;00:32;00:32;-;80,00;77,67;80,00;-;80,00;-;K;-;ETCS-Stützstelle;;VDV2;VDV 2;0/00:04:23;-;140,00;1,0000;1,030;-;-;54,0;118,0;ETCS L1;False;False;0;-; 0,0; 0,0; 0,0;VDV2: Strecke 3 - Gleis 1 - Strecke 2;0,000000;42110,0;  0,0;4831,9;  0,0;1,030;1,00;1,00;"80 0622-19.0;";0;ETCS fallend;;;False;ETCS fallend;False;00:32:23;00:32:23;-;-;False;-;-;1943;1943
5875;ETCS fallend;0/00:32:24;0/00:32:24;00:32;00:32;00:32;00:32;-;80,00;77,67;80,00;-;80,00;-;K;-;ETCS-Stützstelle;;VDV2;VDV 2;0/00:04:24;-;140,00;1,0000;1,030;-;-;54,0;118,0;ETCS L1;False;False;0;-; 0,0; 0,0; 0,0;VDV2: Strecke 3 - Gleis 1 - Strecke 2;0,000000;42110,0;  0,0;4831,9;  0,0;1,030;1,00;1,00;"80 0622-19.0;";0;ETCS fallend;;;False;ETCS fallend;False;00:32:24;00:32:24;-;-;False;-;-;1944;1944
5900;ETCS fallend;0/00:32:26;0/00:32:26;00:32;00:32;00:32;00:32;-;80,00;77,67;80,00;-;80,00;-;K;-;ETCS-Stützstelle;;VDV2;VDV 2;0/00:04:25;-;140,00;1,0000;1,030;-;-;54,0;118,0;ETCS L1;False;False;0;-; 0,0; 0,0; 0,0;VDV2: Strecke 3 - Gleis 1 - Strecke 2;0,000000;42110,0;  0,0;4831,9;  0,0;1,030;1,00;1,00;"80 0622-19.0;";0;ETCS fallend;;;False;ETCS fallend;False;00:32:26;00:32:26;-;-;False;-;-;1946;1946
5925;ETCS fallend;0/00:32:27;0/00:32:27;00:32;00:32;00:32;00:32;-;80,00;77,67;80,00;-;80,00;-;K;-;ETCS-Stützstelle;;VDV2;VDV 2;0/00:04:26;-;140,00;1,0000;1,030;-;-;54,0;118,0;ETCS L1;False;False;0;-; 0,0; 0,0; 0,0;VDV2: Strecke 3 - Gleis 1 - Strecke 2;0,000000;42110,0;  0,0;4831,9;  0,0;1,030;1,00;1,00;"80 0622-19.0;";0;ETCS fallend;;;False;ETCS fallend;False;00:32:27;00:32:27;-;-;False;-;-;1947;1947
5950;ETCS fallend;0/00:32:28;0/00:32:28;00:32;00:32;00:32;00:32;-;80,00;77,67;80,00;-;80,00;-;K;-;ETCS-Stützstelle;;VDV2;VDV 2;0/00:04:27;-;140,00;1,0000;1,030;-;-;54,0;118,0;ETCS L1;False;False;0;-; 0,0; 0,0; 0,0;VDV2: Strecke 3 - Gleis 1 - Strecke 2;0,000000;42110,0;  0,0;4831,9;  0,0;1,030;1,00;1,00;"80 0622-19.0;";0;ETCS fallend;;;False;ETCS fallend;False;00:32:28;00:32:28;-;-;False;-;-;1948;1948
5975;ETCS fallend;0/00:32:29;0/00:32:29;00:32;00:32;00:32;00:32;-;80,00;77,67;80,00;-;80,00;-;K;-;ETCS-Stützstelle;;VDV2;VDV 2;0/00:04:28;-;140,00;1,0000;1,030;-;-;54,0;118,0;ETCS L1;False;False;0;-; 0,0; 0,0; 0,0;VDV2: Strecke 3 - Gleis 1 - Strecke 2;0,000000;42110,0;  0,0;4831,9;  0,0;1,030;1,00;1,00;"80 0622-19.0;";0;ETCS fallend;;;False;ETCS fallend;False;00:32:29;00:32:29;-;-;False;-;-;1949;1949
6000;ETCS fallend;0/00:32:30;0/00:32:30;00:33;00:33;00:33;00:33;-;80,00;77,67;80,00;-;80,00;-;K;-;ETCS-Stützstelle;;VDV2;VDV 2;0/00:04:30;-;140,00;1,0000;1,030;-;-;54,0;118,0;ETCS L1;False;False;0;-; 0,0; 0,0; 0,0;VDV2: Strecke 3 - Gleis 1 - Strecke 2;0,000000;42110,0;  0,0;4831,9;  0,0;1,030;1,00;1,00;"80 0622-19.0;";0;ETCS fallend;;;False;ETCS fallend;False;00:32:30;00:32:30;-;-;False;-;-;1950;1950
6025;ETCS fallend;0/00:32:31;0/00:32:31;00:33;00:33;00:33;00:33;-;80,00;77,67;80,00;-;80,00;-;K;-;ETCS-Stützstelle;;VDV2;VDV 2;0/00:04:31;-;140,00;1,0000;1,030;-;-;54,0;118,0;ETCS L1;False;False;0;-; 0,0; 0,0; 0,0;VDV2: Strecke 3 - Gleis 1 - Strecke 2;0,000000;42110,0;  0,0;4831,9;  0,0;1,030;1,00;1,00;"80 0622-19.0;";0;ETCS fallend;;;False;ETCS fallend;False;00:32:31;00:32:31;-;-;False;-;-;1951;1951
6050;ETCS fallend;0/00:32:32;0/00:32:32;00:33;00:33;00:33;00:33;-;80,00;77,67;80,00;-;80,00;-;K;-;ETCS-Stützstelle;;VDV2;VDV 2;0/00:04:32;-;140,00;1,0000;1,030;-;-;54,0;118,0;ETCS L1;False;False;0;-; 0,0; 0,0; 0,0;VDV2: Strecke 3 - Gleis 1 - Strecke 2;0,000000;42110,0;  0,0;4831,9;  0,0;1,030;1,00;1,00;"80 0622-19.0;";0;ETCS fallend;;;False;ETCS fallend;False;00:32:32;00:32:32;-;-;False;-;-;1952;1952
6075;ETCS fallend;0/00:32:34;0/00:32:34;00:33;00:33;00:33;00:33;-;80,00;77,67;80,00;-;80,00;-;K;-;ETCS-Stützstelle;;VDV2;VDV 2;0/00:04:33;-;140,00;1,0000;1,030;-;-;54,0;118,0;ETCS L1;False;False;0;-; 0,0; 0,0; 0,0;VDV2: Strecke 3 - Gleis 1 - Strecke 2;0,000000;42110,0;  0,0;4831,9;  0,0;1,030;1,00;1,00;"80 0622-19.0;";0;ETCS fallend;;;False;ETCS fallend;False;00:32:34;00:32:34;-;-;False;-;-;1954;1954
6100;ETCS fallend;0/00:32:35;0/00:32:35;00:33;00:33;00:33;00:33;-;80,00;77,67;80,00;-;80,00;-;K;-;ETCS-Stützstelle;;VDV2;VDV 2;0/00:04:34;-;140,00;1,0000;1,030;-;-;54,0;118,0;ETCS L1;False;False;0;-; 0,0; 0,0; 0,0;VDV2: Strecke 3 - Gleis 1 - Strecke 2;0,000000;42110,0;  0,0;4831,9;  0,0;1,030;1,00;1,00;"80 0622-19.0;";0;ETCS fallend;;;False;ETCS fallend;False;00:32:35;00:32:35;-;-;False;-;-;1955;1955
6125;ETCS fallend;0/00:32:36;0/00:32:36;00:33;00:33;00:33;00:33;-;80,00;77,67;80,00;-;80,00;-;K;-;ETCS-Stützstelle;;VDV2;VDV 2;0/00:04:35;-;140,00;1,0000;1,030;-;-;54,0;118,0;ETCS L1;False;False;0;-; 0,0; 0,0; 0,0;VDV2: Strecke 3 - Gleis 1 - Strecke 2;0,000000;42110,0;  0,0;4831,9;  0,0;1,030;1,00;1,00;"80 0622-19.0;";0;ETCS fallend;;;False;ETCS fallend;False;00:32:36;00:32:36;-;-;False;-;-;1956;1956
6150;ETCS fallend;0/00:32:37;0/00:32:37;00:33;00:33;00:33;00:33;-;80,00;77,67;80,00;-;80,00;-;K;-;ETCS-Stützstelle;;VDV2;VDV 2;0/00:04:36;-;140,00;1,0000;1,030;-;-;54,0;118,0;ETCS L1;False;False;0;-; 0,0; 0,0; 0,0;VDV2: Strecke 3 - Gleis 1 - Strecke 2;0,000000;42110,0;  0,0;4831,9;  0,0;1,030;1,00;1,00;"80 0622-19.0;";0;ETCS fallend;;;False;ETCS fallend;False;00:32:37;00:32:37;-;-;False;-;-;1957;1957
6175;ETCS fallend;0/00:32:38;0/00:32:38;00:33;00:33;00:33;00:33;-;80,00;77,67;80,00;-;80,00;-;K;-;ETCS-Stützstelle;;VDV2;VDV 2;0/00:04:37;-;140,00;1,0000;1,030;-;-;54,0;118,0;ETCS L1;False;False;0;-; 0,0; 0,0; 0,0;VDV2: Strecke 3 - Gleis 1 - Strecke 2;0,000000;42110,0;  0,0;4831,9;  0,0;1,030;1,00;1,00;"80 0622-19.0;";0;ETCS fallend;;;False;ETCS fallend;False;00:32:38;00:32:38;-;-;False;-;-;1958;1958
6200;ETCS fallend;0/00:32:39;0/00:32:39;00:33;00:33;00:33;00:33;-;80,00;77,67;80,00;-;80,00;-;K;-;ETCS-Stützstelle;;VDV2;VDV 2;0/00:04:39;-;140,00;1,0000;1,030;-;-;54,0;118,0;ETCS L1;False;False;0;-; 0,0; 0,0; 0,0;VDV2: Strecke 3 - Gleis 1 - Strecke 2;0,000000;42110,0;  0,0;4831,9;  0,0;1,030;1,00;1,00;"80 0622-19.0;";0;ETCS fallend;;;False;ETCS fallend;False;00:32:39;00:32:39;-;-;False;-;-;1959;1959
6225;ETCS fallend;0/00:32:41;0/00:32:41;00:33;00:33;00:33;00:33;-;80,00;77,67;80,00;-;80,00;-;K;-;ETCS-Stützstelle;;VDV2;VDV 2;0/00:04:40;-;140,00;1,0000;1,030;-;-;54,0;118,0;ETCS L1;False;False;0;-; 0,0; 0,0; 0,0;VDV2: Strecke 3 - Gleis 1 - Strecke 2;0,000000;42110,0;  0,0;4831,9;  0,0;1,030;1,00;1,00;"80 0622-19.0;";0;ETCS fallend;;;False;ETCS fallend;False;00:32:41;00:32:41;-;-;False;-;-;1961;1961
6250;ETCS fallend;0/00:32:42;0/00:32:42;00:33;00:33;00:33;00:33;-;80,00;77,67;80,00;-;80,00;-;K;-;ETCS-Stützstelle;;VDV2;VDV 2;0/00:04:41;-;140,00;1,0000;1,030;-;-;54,0;118,0;ETCS L1;False;False;0;-; 0,0; 0,0; 0,0;VDV2: Strecke 3 - Gleis 1 - Strecke 2;0,000000;42110,0;  0,0;4831,9;  0,0;1,030;1,00;1,00;"80 0622-19.0;";0;ETCS fallend;;;False;ETCS fallend;False;00:32:42;00:32:42;-;-;False;-;-;1962;1962
6275;ETCS fallend;0/00:32:43;0/00:32:43;00:33;00:33;00:33;00:33;-;80,00;77,67;80,00;-;80,00;-;K;-;ETCS-Stützstelle;;VDV2;VDV 2;0/00:04:42;-;140,00;1,0000;1,030;-;-;54,0;118,0;ETCS L1;False;False;0;-; 0,0; 0,0; 0,0;VDV2: Strecke 3 - Gleis 1 - Strecke 2;0,000000;42110,0;  0,0;4831,9;  0,0;1,030;1,00;1,00;"80 0622-19.0;";0;ETCS fallend;;;False;ETCS fallend;False;00:32:43;00:32:43;-;-;False;-;-;1963;1963
6300;ETCS fallend;0/00:32:44;0/00:32:44;00:33;00:33;00:33;00:33;-;80,00;77,67;80,00;-;80,00;-;K;-;ETCS-Stützstelle;;VDV2;VDV 2;0/00:04:43;-;140,00;1,0000;1,030;-;-;54,0;118,0;ETCS L1;False;False;0;-; 0,0; 0,0; 0,0;VDV2: Strecke 3 - Gleis 1 - Strecke 2;0,000000;42110,0;  0,0;4831,9;  0,0;1,030;1,00;1,00;"80 0622-19.0;";0;ETCS fallend;;;False;ETCS fallend;False;00:32:44;00:32:44;-;-;False;-;-;1964;1964
6325;ETCS fallend;0/00:32:45;0/00:32:45;00:33;00:33;00:33;00:33;-;80,00;77,67;80,00;-;80,00;-;K;-;ETCS-Stützstelle;;VDV2;VDV 2;0/00:04:44;-;140,00;1,0000;1,030;-;-;54,0;118,0;ETCS L1;False;False;0;-; 0,0; 0,0; 0,0;VDV2: Strecke 3 - Gleis 1 - Strecke 2;0,000000;42110,0;  0,0;4831,9;  0,0;1,030;1,00;1,00;"80 0622-19.0;";0;ETCS fallend;;;False;ETCS fallend;False;00:32:45;00:32:45;-;-;False;-;-;1965;1965
6334;ETCS fallend;0/00:32:46;0/00:32:46;00:33;00:33;00:33;00:33;-;80,00;77,67;80,00;-;80,00;-;K;-;VDV2 23.666  Punktbeeinflussung, Fallend, ETCS L1 FS, kennung=1; Ref(7065)=<VDV2|22,935/+0|HS|02F|1> ;VDV2;VDV 2;0/00:04:45;-;140,00;1,0000;1,030;-;-;54,0;118,0;ETCS L1;False;False;0;-; 0,0; 0,0; 0,0;VDV2: Strecke 3 - Gleis 1 - Strecke 2;0,000000;42110,0;  0,0;4831,9;  0,0;1,030;1,00;1,00;"80 0622-19.0;";0;ETCS fallend;3521;;True;ETCS fallend;False;00:32:46;00:32:46;-;-;False;-;Weiche 02W2 A - Betriebsstellengrenze 3521-0 (3521);1966;1966
6359;ETCS fallend;0/00:32:47;0/00:32:47;00:33;00:33;00:33;00:33;-;80,00;77,67;80,00;-;80,00;-;K;-;ETCS-Stützstelle;;VDV2;VDV 2;0/00:04:46;-;140,00;1,0000;1,030;-;-;54,0;118,0;ETCS L1;False;False;0;-; 0,0; 0,0; 0,0;VDV2: Strecke 3 - Gleis 1 - Strecke 2;0,000000;42110,0;  0,0;4831,9;  0,0;1,030;1,00;1,00;"80 0622-19.0;";0;ETCS fallend;;;False;ETCS fallend;False;00:32:47;00:32:47;-;-;False;-;-;1967;1967
6384;ETCS fallend;0/00:32:48;0/00:32:48;00:33;00:33;00:33;00:33;-;80,00;77,67;80,00;-;80,00;-;K;-;ETCS-Stützstelle;;VDV2;VDV 2;0/00:04:47;-;140,00;1,0000;1,030;-;-;54,0;118,0;ETCS L1;False;False;0;-; 0,0; 0,0; 0,0;VDV2: Strecke 3 - Gleis 1 - Strecke 2;0,000000;42110,0;  0,0;4831,9;  0,0;1,030;1,00;1,00;"80 0622-19.0;";0;ETCS fallend;;;False;ETCS fallend;False;00:32:48;00:32:48;-;-;False;-;-;1968;1968
6409;ETCS fallend;0/00:32:49;0/00:32:49;00:33;00:33;00:33;00:33;-;80,00;77,67;80,00;-;80,00;-;K;-;ETCS-Stützstelle;;VDV2;VDV 2;0/00:04:48;-;140,00;1,0000;1,030;-;-;54,0;118,0;ETCS L1;False;False;0;-; 0,0; 0,0; 0,0;VDV2: Strecke 3 - Gleis 1 - Strecke 2;0,000000;42110,0;  0,0;4831,9;  0,0;1,030;1,00;1,00;"80 0622-19.0;";0;ETCS fallend;;;False;ETCS fallend;False;00:32:49;00:32:49;-;-;False;-;-;1969;1969
6434;ETCS fallend;0/00:32:50;0/00:32:50;00:33;00:33;00:33;00:33;-;80,00;77,67;80,00;-;80,00;-;K;-;ETCS-Stützstelle;;VDV2;VDV 2;0/00:04:49;-;140,00;1,0000;1,030;-;-;54,0;118,0;ETCS L1;False;False;0;-; 0,0; 0,0; 0,0;VDV2: Strecke 3 - Gleis 1 - Strecke 2;0,000000;42110,0;  0,0;4831,9;  0,0;1,030;1,00;1,00;"80 0622-19.0;";0;ETCS fallend;;;False;ETCS fallend;False;00:32:50;00:32:50;-;-;False;-;-;1970;1970
6459;ETCS fallend;0/00:32:51;0/00:32:51;00:33;00:33;00:33;00:33;-;80,00;77,67;80,00;-;80,00;-;K;-;ETCS-Stützstelle;;VDV2;VDV 2;0/00:04:50;-;140,00;1,0000;1,030;-;-;54,0;118,0;ETCS L1;False;False;0;-; 0,0; 0,0; 0,0;VDV2: Strecke 3 - Gleis 1 - Strecke 2;0,000000;42110,0;  0,0;4831,9;  0,0;1,030;1,00;1,00;"80 0622-19.0;";0;ETCS fallend;;;False;ETCS fallend;False;00:32:51;00:32:51;-;-;False;-;-;1971;1971
6484;ETCS fallend;0/00:32:53;0/00:32:53;00:33;00:33;00:33;00:33;-;80,00;77,67;80,00;-;80,00;-;K;-;ETCS-Stützstelle;;VDV2;VDV 2;0/00:04:51;-;140,00;1,0000;1,030;-;-;54,0;118,0;ETCS L1;False;False;0;-; 0,0; 0,0; 0,0;VDV2: Strecke 3 - Gleis 1 - Strecke 2;0,000000;42110,0;  0,0;4831,9;  0,0;1,030;1,00;1,00;"80 0622-19.0;";0;ETCS fallend;;;False;ETCS fallend;False;00:32:53;00:32:53;-;-;False;-;-;1973;1973
6484;ETCS fallend;0/00:32:53;0/00:32:53;00:33;00:33;00:33;00:33;-;80,00;77,67;80,00;-;80,00;-;K;-;BEP zu VDV2 22.935 02F Hauptsignal, Fallend, DFa=3s, rs=20km/h, appr.=0km/h; Ref(7065)=<VDV2|22,935/+0|HS|02F|1> ;VDV2;VDV 2;0/00:04:51;-;140,00;1,0000;1,030;-;-;54,0;118,0;ETCS L1;False;False;0;-; 0,0; 0,0; 0,0;VDV2: Strecke 3 - Gleis 1 - Strecke 2;0,000000;42110,0;  0,0;4831,9;  0,0;1,030;1,00;1,00;"80 0622-19.0;";0;ETCS fallend;;;False;ETCS fallend;False;00:32:53;00:32:53;-;-;False;Indication;-;1973;1973
6509;ETCS fallend;0/00:32:54;0/00:32:54;00:33;00:33;00:33;00:33;-;80,00;77,67;80,00;-;80,00;-;K;-;ETCS-Stützstelle;;VDV2;VDV 2;0/00:04:52;-;140,00;1,0000;1,030;-;-;54,0;118,0;ETCS L1;False;False;0;-; 0,0; 0,0; 0,0;VDV2: Strecke 3 - Gleis 1 - Strecke 2;0,000000;42110,0;  0,0;4831,9;  0,0;1,030;1,00;1,00;"80 0622-19.0;";0;ETCS fallend;;;False;ETCS fallend;False;00:32:54;00:32:54;-;-;False;-;-;1974;1974
6534;ETCS fallend;0/00:32:55;0/00:32:55;00:33;00:33;00:33;00:33;-;80,00;77,67;80,00;-;80,00;-;K;-;ETCS-Stützstelle;;VDV2;VDV 2;0/00:04:54;-;140,00;1,0000;1,030;-;-;54,0;118,0;ETCS L1;False;False;0;-; 0,0; 0,0; 0,0;VDV2: Strecke 3 - Gleis 1 - Strecke 2;0,000000;42110,0;  0,0;4831,9;  0,0;1,030;1,00;1,00;"80 0622-19.0;";0;ETCS fallend;;;False;ETCS fallend;False;00:32:55;00:32:55;-;-;False;-;-;1975;1975
6559;ETCS fallend;0/00:32:56;0/00:32:56;00:33;00:33;00:33;00:33;-;80,00;77,67;80,00;-;80,00;-;K;-;ETCS-Stützstelle;;VDV2;VDV 2;0/00:04:55;-;140,00;1,0000;1,030;-;-;54,0;118,0;ETCS L1;False;False;0;-; 0,0; 0,0; 0,0;VDV2: Strecke 3 - Gleis 1 - Strecke 2;0,000000;42110,0;  0,0;4831,9;  0,0;1,030;1,00;1,00;"80 0622-19.0;";0;ETCS fallend;;;False;ETCS fallend;False;00:32:56;00:32:56;-;-;False;-;-;1976;1976
6584;ETCS fallend;0/00:32:57;0/00:32:57;00:33;00:33;00:33;00:33;-;80,00;77,67;80,00;-;80,00;-;K;-;ETCS-Stützstelle;;VDV2;VDV 2;0/00:04:56;-;140,00;1,0000;1,030;-;-;54,0;118,0;ETCS L1;False;False;0;-; 0,0; 0,0; 0,0;VDV2: Strecke 3 - Gleis 1 - Strecke 2;0,000000;42110,0;  0,0;4831,9;  0,0;1,030;1,00;1,00;"80 0622-19.0;";0;ETCS fallend;;;False;ETCS fallend;False;00:32:57;00:32:57;-;-;False;-;-;1977;1977
6609;ETCS fallend;0/00:32:58;0/00:32:58;00:33;00:33;00:33;00:33;-;80,00;77,67;80,00;-;80,00;-;K;-;ETCS-Stützstelle;;VDV2;VDV 2;0/00:04:57;-;140,00;1,0000;1,030;-;-;54,0;118,0;ETCS L1;False;False;0;-; 0,0; 0,0; 0,0;VDV2: Strecke 3 - Gleis 1 - Strecke 2;0,000000;42110,0;  0,0;4831,9;  0,0;1,030;1,00;1,00;"80 0622-19.0;";0;ETCS fallend;;;False;ETCS fallend;False;00:32:58;00:32:58;-;-;False;-;-;1978;1978
6634;ETCS fallend;0/00:33:00;0/00:33:00;00:33;00:33;00:33;00:33;-;80,00;77,67;80,00;-;80,00;-;K;-;ETCS-Stützstelle;;VDV2;VDV 2;0/00:04:58;-;140,00;1,0000;1,030;-;-;54,0;118,0;ETCS L1;False;False;0;-; 0,0; 0,0; 0,0;VDV2: Strecke 3 - Gleis 1 - Strecke 2;0,000000;42110,0;  0,0;4831,9;  0,0;1,030;1,00;1,00;"80 0622-19.0;";0;ETCS fallend;;;False;ETCS fallend;False;00:33:00;00:33:00;-;-;False;-;-;1980;1980
6659;ETCS fallend;0/00:33:01;0/00:33:01;00:33;00:33;00:33;00:33;-;80,00;77,67;80,00;-;80,00;-;K;-;ETCS-Stützstelle;;VDV2;VDV 2;0/00:04:59;-;140,00;1,0000;1,030;-;-;54,0;118,0;ETCS L1;False;False;0;-; 0,0; 0,0; 0,0;VDV2: Strecke 3 - Gleis 1 - Strecke 2;0,000000;42110,0;  0,0;4831,9;  0,0;1,030;1,00;1,00;"80 0622-19.0;";0;ETCS fallend;;;False;ETCS fallend;False;00:33:01;00:33:01;-;-;False;-;-;1981;1981
6684;ETCS fallend;0/00:33:02;0/00:33:02;00:33;00:33;00:33;00:33;-;80,00;77,67;80,00;-;80,00;-;K;-;ETCS-Stützstelle;;VDV2;VDV 2;0/00:05:00;-;140,00;1,0000;1,030;-;-;54,0;118,0;ETCS L1;False;False;0;-; 0,0; 0,0; 0,0;VDV2: Strecke 3 - Gleis 1 - Strecke 2;0,000000;42110,0;  0,0;4831,9;  0,0;1,030;1,00;1,00;"80 0622-19.0;";0;ETCS fallend;;;False;ETCS fallend;False;00:33:02;00:33:02;-;-;False;-;-;1982;1982
6709;ETCS fallend;0/00:33:03;0/00:33:03;00:33;00:33;00:33;00:33;-;80,00;77,67;80,00;-;80,00;-;K;-;ETCS-Stützstelle;;VDV2;VDV 2;0/00:05:01;-;140,00;1,0000;1,030;-;-;54,0;118,0;ETCS L1;False;False;0;-; 0,0; 0,0; 0,0;VDV2: Strecke 3 - Gleis 1 - Strecke 2;0,000000;42110,0;  0,0;4831,9;  0,0;1,030;1,00;1,00;"80 0622-19.0;";0;ETCS fallend;;;False;ETCS fallend;False;00:33:03;00:33:03;-;-;False;-;-;1983;1983
6734;ETCS fallend;0/00:33:04;0/00:33:04;00:33;00:33;00:33;00:33;-;80,00;77,67;80,00;-;80,00;-;K;-;ETCS-Stützstelle;;VDV2;VDV 2;0/00:05:03;-;140,00;1,0000;1,030;-;-;54,0;118,0;ETCS L1;False;False;0;-; 0,0; 0,0; 0,0;VDV2: Strecke 3 - Gleis 1 - Strecke 2;0,000000;42110,0;  0,0;4831,9;  0,0;1,030;1,00;1,00;"80 0622-19.0;";0;ETCS fallend;;;False;ETCS fallend;False;00:33:04;00:33:04;-;-;False;-;-;1984;1984
6759;ETCS fallend;0/00:33:05;0/00:33:05;00:33;00:33;00:33;00:33;-;80,00;77,67;80,00;-;80,00;-;K;-;ETCS-Stützstelle;;VDV2;VDV 2;0/00:05:04;-;140,00;1,0000;1,030;-;-;54,0;118,0;ETCS L1;False;False;0;-; 0,0; 0,0; 0,0;VDV2: Strecke 3 - Gleis 1 - Strecke 2;0,000000;42110,0;  0,0;4831,9;  0,0;1,030;1,00;1,00;"80 0622-19.0;";0;ETCS fallend;;;False;ETCS fallend;False;00:33:05;00:33:05;-;-;False;-;-;1985;1985
6784;ETCS fallend;0/00:33:06;0/00:33:06;00:33;00:33;00:33;00:33;-;80,00;77,67;80,00;-;80,00;-;K;-;ETCS-Stützstelle;;VDV2;VDV 2;0/00:05:05;-;140,00;1,0000;1,030;-;-;54,0;118,0;ETCS L1;False;False;0;-; 0,0; 0,0; 0,0;VDV2: Strecke 3 - Gleis 1 - Strecke 2;0,000000;42110,0;  0,0;4831,9;  0,0;1,030;1,00;1,00;"80 0622-19.0;";0;ETCS fallend;;;False;ETCS fallend;False;00:33:06;00:33:06;-;-;False;-;-;1986;1986
6809;ETCS fallend;0/00:33:08;0/00:33:08;00:33;00:33;00:33;00:33;-;80,00;77,67;80,00;-;80,00;-;K;-;VDV2 23.191  Punktbeeinflussung, Fallend, ETCS L1 FS, kennung=1;;VDV2;VDV 2;0/00:05:06;-;140,00;1,0000;1,030;-;-;54,0;118,0;ETCS L1;False;False;0;-; 0,0; 0,0; 0,0;VDV2: Strecke 3 - Gleis 1 - Strecke 2;0,000000;42110,0;  0,0;4831,9;  0,0;1,030;1,00;1,00;"80 0622-19.0;";0;ETCS fallend;3521;;True;ETCS fallend;False;00:33:08;00:33:08;-;-;False;-;Weiche 02W2 A - Betriebsstellengrenze 3521-0 (3521);1988;1988
6834;ETCS fallend;0/00:33:09;0/00:33:09;00:33;00:33;00:33;00:33;-;80,00;77,67;80,00;-;80,00;-;K;-;ETCS-Stützstelle;;VDV2;VDV 2;0/00:05:07;-;140,00;1,0000;1,030;-;-;54,0;118,0;ETCS L1;False;False;0;-; 0,0; 0,0; 0,0;VDV2: Strecke 3 - Gleis 1 - Strecke 2;0,000000;42110,0;  0,0;4831,9;  0,0;1,030;1,00;1,00;"80 0622-19.0;";0;ETCS fallend;;;False;ETCS fallend;False;00:33:09;00:33:09;-;-;False;-;-;1989;1989
6859;ETCS fallend;0/00:33:10;0/00:33:10;00:33;00:33;00:33;00:33;-;80,00;77,67;80,00;-;80,00;-;K;-;ETCS-Stützstelle;;VDV2;VDV 2;0/00:05:08;-;140,00;1,0000;1,030;-;-;54,0;118,0;ETCS L1;False;False;0;-; 0,0; 0,0; 0,0;VDV2: Strecke 3 - Gleis 1 - Strecke 2;0,000000;42110,0;  0,0;4831,9;  0,0;1,030;1,00;1,00;"80 0622-19.0;";0;ETCS fallend;;;False;ETCS fallend;False;00:33:10;00:33:10;-;-;False;-;-;1990;1990
6884;ETCS fallend;0/00:33:11;0/00:33:11;00:33;00:33;00:33;00:33;-;80,00;77,67;80,00;-;80,00;-;K;-;ETCS-Stützstelle;;VDV2;VDV 2;0/00:05:09;-;140,00;1,0000;1,030;-;-;54,0;118,0;ETCS L1;False;False;0;-; 0,0; 0,0; 0,0;VDV2: Strecke 3 - Gleis 1 - Strecke 2;0,000000;42110,0;  0,0;4831,9;  0,0;1,030;1,00;1,00;"80 0622-19.0;";0;ETCS fallend;;;False;ETCS fallend;False;00:33:11;00:33:11;-;-;False;-;-;1991;1991
6909;ETCS fallend;0/00:33:12;0/00:33:12;00:33;00:33;00:33;00:33;-;80,00;77,67;80,00;-;80,00;-;K;-;ETCS-Stützstelle;;VDV2;VDV 2;0/00:05:10;-;140,00;1,0000;1,030;-;-;54,0;118,0;ETCS L1;False;False;0;-; 0,0; 0,0; 0,0;VDV2: Strecke 3 - Gleis 1 - Strecke 2;0,000000;42110,0;  0,0;4831,9;  0,0;1,030;1,00;1,00;"80 0622-19.0;";0;ETCS fallend;;;False;ETCS fallend;False;00:33:12;00:33:12;-;-;False;-;-;1992;1992
6934;ETCS fallend;0/00:33:13;0/00:33:13;00:33;00:33;00:33;00:33;-;80,00;77,67;80,00;-;80,00;-;K;-;ETCS-Stützstelle;;VDV2;VDV 2;0/00:05:12;-;140,00;1,0000;1,030;-;-;54,0;118,0;ETCS L1;False;False;0;-; 0,0; 0,0; 0,0;VDV2: Strecke 3 - Gleis 1 - Strecke 2;0,000000;42110,0;  0,0;4831,9;  0,0;1,030;1,00;1,00;"80 0622-19.0;";0;ETCS fallend;;;False;ETCS fallend;False;00:33:13;00:33:13;-;-;False;-;-;1993;1993
6959;ETCS fallend;0/00:33:15;0/00:33:15;00:33;00:33;00:33;00:33;-;80,00;77,67;80,00;-;80,00;-;K;-;ETCS-Stützstelle;;VDV2;VDV 2;0/00:05:13;-;140,00;1,0000;1,030;-;-;54,0;118,0;ETCS L1;False;False;0;-; 0,0; 0,0; 0,0;VDV2: Strecke 3 - Gleis 1 - Strecke 2;0,000000;42110,0;  0,0;4831,9;  0,0;1,030;1,00;1,00;"80 0622-19.0;";0;ETCS fallend;;;False;ETCS fallend;False;00:33:15;00:33:15;-;-;False;-;-;1995;1995
6984;ETCS fallend;0/00:33:16;0/00:33:16;00:33;00:33;00:33;00:33;-;80,00;77,67;80,00;-;80,00;-;K;-;ETCS-Stützstelle;;VDV2;VDV 2;0/00:05:14;-;140,00;1,0000;1,030;-;-;54,0;118,0;ETCS L1;False;False;0;-; 0,0; 0,0; 0,0;VDV2: Strecke 3 - Gleis 1 - Strecke 2;0,000000;42110,0;  0,0;4831,9;  0,0;1,030;1,00;1,00;"80 0622-19.0;";0;ETCS fallend;;;False;ETCS fallend;False;00:33:16;00:33:16;-;-;False;-;-;1996;1996
7009;ETCS fallend;0/00:33:17;0/00:33:17;00:33;00:33;00:33;00:33;-;80,00;77,67;80,00;-;80,00;-;K;-;ETCS-Stützstelle;;VDV2;VDV 2;0/00:05:15;-;140,00;1,0000;1,030;-;-;54,0;118,0;ETCS L1;False;False;0;-; 0,0; 0,0; 0,0;VDV2: Strecke 3 - Gleis 1 - Strecke 2;0,000000;42110,0;  0,0;4831,9;  0,0;1,030;1,00;1,00;"80 0622-19.0;";0;ETCS fallend;;;False;ETCS fallend;False;00:33:17;00:33:17;-;-;False;-;-;1997;1997
7034;ETCS fallend;0/00:33:18;0/00:33:18;00:33;00:33;00:33;00:33;-;80,00;77,67;80,00;-;80,00;-;K;-;ETCS-Stützstelle;;VDV2;VDV 2;0/00:05:16;-;140,00;1,0000;1,030;-;-;54,0;118,0;ETCS L1;False;False;0;-; 0,0; 0,0; 0,0;VDV2: Strecke 3 - Gleis 1 - Strecke 2;0,000000;42110,0;  0,0;4831,9;  0,0;1,030;1,00;1,00;"80 0622-19.0;";0;ETCS fallend;;;False;ETCS fallend;False;00:33:18;00:33:18;-;-;False;-;-;1998;1998
7059;ETCS fallend;0/00:33:19;0/00:33:19;00:33;00:33;00:33;00:33;-;80,00;77,67;80,00;-;80,00;-;K;-;ETCS-Stützstelle;;VDV2;VDV 2;0/00:05:17;-;140,00;1,0000;1,030;-;-;54,0;118,0;ETCS L1;False;False;0;-; 0,0; 0,0; 0,0;VDV2: Strecke 3 - Gleis 1 - Strecke 2;0,000000;42110,0;  0,0;4831,9;  0,0;1,030;1,00;1,00;"80 0622-19.0;";0;ETCS fallend;;;False;ETCS fallend;False;00:33:19;00:33:19;-;-;False;-;-;1999;1999
7065;ETCS fallend;0/00:33:20;0/00:33:20;00:33;00:33;00:33;00:33;-;80,00;77,67;80,00;-;80,00;-;K;-;ETCS-Stützstelle;;VDV2;VDV 2;0/00:05:17;-;140,00;1,0000;1,030;-;-;54,0;118,0;ETCS L1;False;False;0;-; 0,0; 0,0; 0,0;VDV2: Strecke 3 - Gleis 1 - Strecke 2;0,000000;42110,0;  0,0;4831,9;  0,0;1,030;1,00;1,00;"80 0622-19.0;";0;ETCS fallend;;;False;ETCS fallend;False;00:33:20;00:33:20;-;-;False;-;-;2000;2000
7065;ETCS fallend;0/00:33:20;0/00:33:20;00:33;00:33;00:33;00:33;-;80,00;77,67;80,00;-;80,00;-;K;-;VDV2 22.935 02F Hauptsignal, Fallend, DFa=3s, rs=20km/h, appr.=0km/h; Ref(6334)=<VDV2|23,666/+0|PU||1>  Anfang(0)=<S3|30,000/+0|GE|3521-0|2>  Ende(7115)=<VDV2|22,885/+0|ZSS||1> ;VDV2;VDV 2;0/00:05:17;-;140,00;1,0000;1,030;-;-;54,0;118,0;ETCS L1;False;False;0;-; 0,0; 0,0; 0,0;VDV2: Strecke 3 - Gleis 1 - Strecke 2;0,000000;42110,0;  0,0;4831,9;  0,0;1,030;1,00;1,00;"80 0622-19.0;";0;ETCS fallend;3521;;True;ETCS fallend;False;00:33:20;00:33:20;-;-;False;-;Weiche 02W2 A - Betriebsstellengrenze 3521-0 (3521);2000;2000
7066;ETCS fallend;0/00:33:20;0/00:33:20;00:33;00:33;00:33;00:33;-;80,00;77,67;80,00;-;80,00;-;K;-;VDV2 22.934  Punktbeeinflussung, Fallend, ETCS L1 FS, kennung=1;;VDV2;VDV 2;0/00:05:17;-;140,00;1,0000;1,030;-;-;54,0;118,0;ETCS L1;False;False;0;-; 0,0; 0,0; 0,0;VDV2: Strecke 3 - Gleis 1 - Strecke 2;0,000000;42110,0;  0,0;4831,9;  0,0;1,030;1,00;1,00;"80 0622-19.0;";0;ETCS fallend;3521;;True;ETCS fallend;False;00:33:20;00:33:20;-;-;False;-;Weiche 02W2 A - Betriebsstellengrenze 3521-0 (3521);2000;2000
7091;ETCS fallend;0/00:33:21;0/00:33:21;00:33;00:33;00:33;00:33;-;80,00;77,67;80,00;-;80,00;-;K;-;ETCS-Stützstelle;;VDV2;VDV 2;0/00:05:19;-;140,00;1,0000;1,030;-;-;54,0;118,0;ETCS L1;False;False;0;-; 0,0; 0,0; 0,0;VDV2: Strecke 3 - Gleis 1 - Strecke 2;0,000000;42110,0;  0,0;4831,9;  0,0;1,030;1,00;1,00;"80 0622-19.0;";0;ETCS fallend;;;False;ETCS fallend;False;00:33:21;00:33:21;-;-;False;-;-;2001;2001
7115;ETCS fallend;0/00:33:22;0/00:33:22;00:33;00:33;00:33;00:33;-;80,00;77,67;80,00;-;80,00;-;K;-;VDV2 22.885  Zugschlussstelle, Fallend, Signal, Fa=3.00s, SvL; Ref(7169)=<VDV2|22,885/+0|ZSS||1>  Ende(7169)=<VDV2|22,885/+0|ZSS||1> ;VDV2;VDV 2;0/00:05:20;-;140,00;1,0000;1,030;-;-;54,0;118,0;ETCS L1;False;False;0;-; 0,0; 0,0; 0,0;VDV2: Strecke 3 - Gleis 1 - Strecke 2;0,000000;42110,0;  0,0;4831,9;  0,0;1,030;1,00;1,00;"80 0622-19.0;";0;ETCS fallend;3521;;False;ETCS fallend;False;00:33:22;00:33:22;-;-;False;-;Weiche 02W2 A - Betriebsstellengrenze 3521-0 (3521);2002;2002
7140;ETCS fallend;0/00:33:23;0/00:33:23;00:33;00:33;00:33;00:33;-;80,00;77,67;80,00;-;80,00;-;K;-;ETCS-Stützstelle;;VDV2;VDV 2;0/00:05:21;-;140,00;1,0000;1,030;-;-;54,0;118,0;ETCS L1;False;False;0;-; 0,0; 0,0; 0,0;VDV2: Strecke 3 - Gleis 1 - Strecke 2;0,000000;42110,0;  0,0;4831,9;  0,0;1,030;1,00;1,00;"80 0622-19.0;";0;ETCS fallend;;;False;ETCS fallend;False;00:33:23;00:33:23;-;-;False;-;-;2003;2003
7140;ETCS fallend;0/00:33:23;0/00:33:23;00:33;00:33;00:33;00:33;-;80,00;77,67;80,00;-;80,00;-;K;-;VDV2 22.860 02W2 Weiche, lt=25m, Anfang <22.860 02W2 Weiche, Stamm/22.860 02W2 Weiche, Abzweig rechts>; Ref(7760)=<VDV2|22,240/+0|HP|Gl 1 f|1>|1  Anfang(7760)=<VDV2|22,240/+0|HP|Gl 1 f|1>|1  Ende(7185)=<VDV2|22,815/+0|ZSS||1> ;VDV2;VDV 2;0/00:05:21;-;140,00;1,0000;1,030;-;-;54,0;118,0;ETCS L1;False;False;0;-; 0,0; 0,0; 0,0;VDV2: Strecke 3 - Gleis 1 - Strecke 2;0,000000;42110,0;  0,0;4831,9;  0,0;1,030;1,00;1,00;"80 0622-19.0;";0;ETCS fallend;3521;;True;ETCS fallend;False;00:33:23;00:33:23;-;-;False;-;Weiche 02W2 A - Betriebsstellengrenze 3521-0 (3521);2003;2003
7140;ETCS fallend;0/00:33:23;0/00:33:23;00:33;00:33;00:33;00:33;-;80,00;77,67;80,00;-;80,00;-;K;-;;;VDV2;VDV 2;0/00:05:21;-;140,00;1,0000;1,030;-;-;54,0;118,0;ETCS L1;False;False;0;-; 0,0; 0,0; 0,0;VDV2: Strecke 3 - Gleis 1 - Strecke 2;0,000000;42110,0;  0,0;4831,9;  0,0;1,030;1,00;1,00;"80 0622-19.0;";0;ETCS fallend;;;False;ETCS fallend;False;00:33:23;00:33:23;-;-;False;-;-;2003;2003
7140;ETCS fallend;0/00:33:23;0/00:33:23;00:33;00:33;00:33;00:33;-;80,00;77,67;80,00;-;80,00;-;K;-;VDV2 22.860 02W2 Weiche, lt=25m, Stamm <22.860 02W2 Weiche, Anfang>; Ref(7760)=<VDV2|22,240/+0|HP|Gl 1 f|1>|1  Anfang(7760)=<VDV2|22,240/+0|HP|Gl 1 f|1>|1  Ende(7185)=<VDV2|22,815/+0|ZSS||1> ;VDV2;VDV 2;0/00:05:21;-;140,00;1,0000;1,030;-;-;54,0;118,0;ETCS L1;False;False;0;-; 0,0; 0,0; 0,0;VDV2: Strecke 3 - Gleis 1 - Strecke 2;0,000000;42110,0;  0,0;4831,9;  0,0;1,030;1,00;1,00;"80 0622-19.0;";0;ETCS fallend;3521;;True;ETCS fallend;False;00:33:23;00:33:23;-;-;False;-;Weiche 02W1 S - Weiche 02W2 S (3521);2003;2003
7165;ETCS fallend;0/00:33:24;0/00:33:24;00:33;00:33;00:33;00:33;-;80,00;77,67;80,00;-;80,00;-;K;-;ETCS-Stützstelle;;VDV2;VDV 2;0/00:05:22;-;140,00;1,0000;1,030;-;-;54,0;118,0;ETCS L1;False;False;0;-; 0,0; 0,0; 0,0;VDV2: Strecke 3 - Gleis 1 - Strecke 2;0,000000;42110,0;  0,0;4831,9;  0,0;1,030;1,00;1,00;"80 0622-19.0;";0;ETCS fallend;;;False;ETCS fallend;False;00:33:24;00:33:24;-;-;False;-;-;2004;2004
7169;ETCS fallend;0/00:33:24;0/00:33:24;00:33;00:33;00:33;00:33;-;80,00;77,67;80,00;-;80,00;-;K;-;VDV2 22.885  Zugschlussstelle, Fallend, Signal, Fa=3.00s, SvL; Ref(7115)=<VDV2|22,885/+0|ZSS||1>  Ende(7169)=<VDV2|22,885/+0|ZSS||1> ;VDV2;VDV 2;0/00:05:22;-;140,00;1,0000;1,030;-;-;54,0;118,0;ETCS L1;False;False;54;-; 0,0; 0,0; 0,0;VDV2: Strecke 3 - Gleis 1 - Strecke 2;0,000000;42110,0;  0,0;4831,9;  0,0;1,030;1,00;1,00;"80 0622-19.0;";0;ETCS fallend;3521;;True;ETCS fallend;False;00:33:24;00:33:24;-;-;False;-;Weiche 02W2 A - Betriebsstellengrenze 3521-0 (3521);2004;2004
7185;ETCS fallend;0/00:33:25;0/00:33:25;00:33;00:33;00:33;00:33;-;80,00;77,67;80,00;-;80,00;-;K;-;VDV2 22.815  Zugschlussstelle, Fallend, Fahrstraße, Fa=3.00s, SvL; Ref(7239)=<VDV2|22,815/+0|ZSS||1>  Ende(7239)=<VDV2|22,815/+0|ZSS||1> ;VDV2;VDV 2;0/00:05:23;-;140,00;1,0000;1,030;-;-;54,0;118,0;ETCS L1;False;False;0;-; 0,0; 0,0; 0,0;VDV2: Strecke 3 - Gleis 1 - Strecke 2;0,000000;42110,0;  0,0;4831,9;  0,0;1,030;1,00;1,00;"80 0622-19.0;";0;ETCS fallend;3521;;False;ETCS fallend;False;00:33:25;00:33:25;-;-;False;-;Weiche 02W1 S - Weiche 02W2 S (3521);2005;2005
7210;ETCS fallend;0/00:33:26;0/00:33:26;00:33;00:33;00:33;00:33;-;80,00;77,67;80,00;-;80,00;-;K;-;ETCS-Stützstelle;;VDV2;VDV 2;0/00:05:24;-;140,00;1,0000;1,030;-;-;54,0;118,0;ETCS L1;False;False;0;-; 0,0; 0,0; 0,0;VDV2: Strecke 3 - Gleis 1 - Strecke 2;0,000000;42110,0;  0,0;4831,9;  0,0;1,030;1,00;1,00;"80 0622-19.0;";0;ETCS fallend;;;False;ETCS fallend;False;00:33:26;00:33:26;-;-;False;-;-;2006;2006
7235;ETCS fallend;0/00:33:27;0/00:33:27;00:33;00:33;00:33;00:33;-;80,00;77,67;80,00;-;80,00;-;K;-;ETCS-Stützstelle;;VDV2;VDV 2;0/00:05:25;-;140,00;1,0000;1,030;-;-;54,0;118,0;ETCS L1;False;False;0;-; 0,0; 0,0; 0,0;VDV2: Strecke 3 - Gleis 1 - Strecke 2;0,000000;42110,0;  0,0;4831,9;  0,0;1,030;1,00;1,00;"80 0622-19.0;";0;ETCS fallend;;;False;ETCS fallend;False;00:33:27;00:33:27;-;-;False;-;-;2007;2007
7239;ETCS fallend;0/00:33:28;0/00:33:28;00:33;00:33;00:33;00:33;-;80,00;77,67;80,00;-;80,00;-;K;-;VDV2 22.815  Zugschlussstelle, Fallend, Fahrstraße, Fa=3.00s, SvL; Ref(7185)=<VDV2|22,815/+0|ZSS||1>  Ende(7239)=<VDV2|22,815/+0|ZSS||1> ;VDV2;VDV 2;0/00:05:25;-;140,00;1,0000;1,030;-;-;54,0;118,0;ETCS L1;False;False;54;-; 0,0; 0,0; 0,0;VDV2: Strecke 3 - Gleis 1 - Strecke 2;0,000000;42110,0;  0,0;4831,9;  0,0;1,030;1,00;1,00;"80 0622-19.0;";0;ETCS fallend;3521;;True;ETCS fallend;False;00:33:28;00:33:28;-;-;False;-;Weiche 02W1 S - Weiche 02W2 S (3521);2008;2008
7264;ETCS fallend;0/00:33:29;0/00:33:29;00:33;00:33;00:33;00:33;-;80,00;77,67;80,00;-;80,00;-;K;-;ETCS-Stützstelle;;VDV2;VDV 2;0/00:05:26;-;140,00;1,0000;1,030;-;-;54,0;118,0;ETCS L1;False;False;54;-; 0,0; 0,0; 0,0;VDV2: Strecke 3 - Gleis 1 - Strecke 2;0,000000;42110,0;  0,0;4831,9;  0,0;1,030;1,00;1,00;"80 0622-19.0;";0;ETCS fallend;;;False;ETCS fallend;False;00:33:29;00:33:29;-;-;False;-;-;2009;2009
7289;ETCS fallend;0/00:33:30;0/00:33:30;00:34;00:34;00:34;00:34;-;80,00;77,67;80,00;-;80,00;-;K;-;ETCS-Stützstelle;;VDV2;VDV 2;0/00:05:28;-;140,00;1,0000;1,030;-;-;54,0;118,0;ETCS L1;False;False;54;-; 0,0; 0,0; 0,0;VDV2: Strecke 3 - Gleis 1 - Strecke 2;0,000000;42110,0;  0,0;4831,9;  0,0;1,030;1,00;1,00;"80 0622-19.0;";0;ETCS fallend;;;False;ETCS fallend;False;00:33:30;00:33:30;-;-;False;-;-;2010;2010
7314;ETCS fallend;0/00:33:31;0/00:33:31;00:34;00:34;00:34;00:34;-;80,00;77,67;80,00;-;80,00;-;K;-;ETCS-Stützstelle;;VDV2;VDV 2;0/00:05:29;-;140,00;1,0000;1,030;-;-;54,0;118,0;ETCS L1;False;False;54;-; 0,0; 0,0; 0,0;VDV2: Strecke 3 - Gleis 1 - Strecke 2;0,000000;42110,0;  0,0;4831,9;  0,0;1,030;1,00;1,00;"80 0622-19.0;";0;ETCS fallend;;;False;ETCS fallend;False;00:33:31;00:33:31;-;-;False;-;-;2011;2011
7339;ETCS fallend;0/00:33:32;0/00:33:32;00:34;00:34;00:34;00:34;-;80,00;77,67;80,00;80,30;80,00;-;K;-;ETCS-Stützstelle;;VDV2;VDV 2;0/00:05:30;-;140,00;1,0000;1,030;-;-;54,0;118,0;ETCS L1;False;False;54;-; 0,0; 0,0; 0,0;VDV2: Strecke 3 - Gleis 1 - Strecke 2;0,000000;42110,0;  0,0;4831,9;  0,0;1,030;1,00;1,00;"80 0622-19.0;";0;ETCS fallend;;;False;ETCS fallend;False;00:33:32;00:33:32;-;-;False;-;-;2012;2012
7364;ETCS fallend;0/00:33:33;0/00:33:33;00:34;00:34;00:34;00:34;-;80,00;77,67;80,00;82,20;80,00;-;K;-;ETCS-Stützstelle;;VDV2;VDV 2;0/00:05:31;-;140,00;1,0000;1,030;-;-;54,0;118,0;ETCS L1;False;False;54;-; 0,0; 0,0; 0,0;VDV2: Strecke 3 - Gleis 1 - Strecke 2;-0,636000;42110,0;  0,0;4831,9;  0,0;1,030;1,00;1,00;"80 0622-19.0;";0;ETCS fallend;;;False;ETCS fallend;False;00:33:33;00:33:33;-;-;False;-;-;2013;2013
7364;ETCS fallend;0/00:33:33;0/00:33:33;00:34;00:34;00:34;00:34;-;80,00;77,67;80,00;82,20;80,00;-;B;-;;;VDV2;VDV 2;0/00:05:31;-;140,00;1,0000;1,030;-;-;54,0;118,0;ETCS L1;False;False;0;-; 0,0; 0,0; 0,0;VDV2: Strecke 3 - Gleis 1 - Strecke 2;-0,636000;42110,0;  0,0;4831,9;  0,0;1,030;1,00;1,00;"80 0622-19.0;";0;ETCS fallend;;;False;ETCS fallend;False;00:33:33;00:33:33;-;-;False;-;-;2013;2013
7389;ETCS fallend;0/00:33:35;0/00:33:35;00:34;00:34;00:34;00:34;-;77,38;75,13;80,00;78,90;80,00;-;B;-;ETCS-Stützstelle;;VDV2;VDV 2;0/00:05:32;-;140,00;1,0000;1,030;-;-;54,0;118,0;ETCS L1;False;False;54;-; 0,0; 0,0; 0,0;VDV2: Strecke 3 - Gleis 1 - Strecke 2;-0,700000;42671,1;  0,0;4668,6;  0,0;1,030;1,00;1,00;"80 0622-19.0;";0;ETCS fallend;;;False;ETCS fallend;False;00:33:35;00:33:35;-;-;False;-;-;2015;2015
7414;ETCS fallend;0/00:33:36;0/00:33:36;00:34;00:34;00:34;00:34;-;74,39;72,22;80,00;75,70;80,00;-;B;-;ETCS-Stützstelle;;VDV2;VDV 2;0/00:05:33;-;140,00;1,0000;1,030;-;-;54,0;118,0;ETCS L1;False;False;54;-; 0,0; 0,0; 0,0;VDV2: Strecke 3 - Gleis 1 - Strecke 2;-0,699000;43024,3;  0,0;4487,8;  0,0;1,030;1,00;1,00;"80 0622-19.0;";0;ETCS fallend;;;False;ETCS fallend;False;00:33:36;00:33:36;-;-;False;-;-;2016;2016
7439;ETCS fallend;0/00:33:37;0/00:33:37;00:34;00:34;00:34;00:34;-;71,28;69,20;80,00;72,20;80,00;-;B;-;ETCS-Stützstelle;;VDV2;VDV 2;0/00:05:34;-;140,00;1,0000;1,030;-;-;54,0;118,0;ETCS L1;False;False;54;-; 0,0; 0,0; 0,0;VDV2: Strecke 3 - Gleis 1 - Strecke 2;-0,701000;43288,2;  0,0;4306,0;  0,0;1,030;1,00;1,00;"80 0622-19.0;";0;ETCS fallend;;;False;ETCS fallend;False;00:33:37;00:33:37;-;-;False;-;-;2017;2017
7464;ETCS fallend;0/00:33:38;0/00:33:38;00:34;00:34;00:34;00:34;-;68,02;66,04;80,00;68,70;80,00;-;B;-;ETCS-Stützstelle;;VDV2;VDV 2;0/00:05:36;-;140,00;1,0000;1,030;-;-;54,0;118,0;ETCS L1;False;False;54;-; 0,0; 0,0; 0,0;VDV2: Strecke 3 - Gleis 1 - Strecke 2;-0,700000;43463,6;  0,0;4122,3;  0,0;1,030;1,00;1,00;"80 0622-19.0;";0;ETCS fallend;;;False;ETCS fallend;False;00:33:38;00:33:38;-;-;False;-;-;2018;2018
7489;ETCS fallend;0/00:33:40;0/00:33:40;00:34;00:34;00:34;00:34;-;64,60;62,72;80,00;64,80;80,00;-;B;-;ETCS-Stützstelle;;VDV2;VDV 2;0/00:05:37;-;140,00;1,0000;1,030;-;-;54,0;118,0;ETCS L1;False;False;54;-; 0,0; 0,0; 0,0;VDV2: Strecke 3 - Gleis 1 - Strecke 2;-0,698000;45632,2;  0,0;3937,1;  0,0;1,030;1,00;1,00;"80 0622-19.0;";0;ETCS fallend;;;False;ETCS fallend;False;00:33:40;00:33:40;-;-;False;-;-;2020;2020
7500;ETCS fallend;0/00:33:40;0/00:33:40;00:34;00:34;00:34;00:34;-;63,04;61,20;80,00;63,30;80,00;-;B;-;VDV2 22.500 Gleis 1 Fahrzeitmesspunkt, Beide Richtungen, BS-Mitte;;VDV2;VDV 2;0/00:05:38;-;140,00;1,0000;1,030;-;-;54,0;118,0;ETCS L1;False;False;0;-; 0,0; 0,0; 0,0;VDV2: Strecke 3 - Gleis 1 - Strecke 2;-0,701000;53842,5;  0,0;3855,1;  0,0;1,030;1,00;1,00;"80 0622-19.0;";0;ETCS fallend;3521;;True;ETCS fallend;False;00:33:40;00:33:40;-;-;False;-;Weiche 02W1 S - Weiche 02W2 S (3521);2020;2020
7514;ETCS fallend;0/00:33:41;0/00:33:41;00:34;00:34;00:34;00:34;-;60,99;59,21;80,00;61,10;80,00;-;B;-;VDV2 22.486  Punktbeeinflussung, Fallend, ETCS L1 FS, kennung=1;;VDV2;VDV 2;0/00:05:39;-;140,00;1,0000;1,030;-;-;54,0;118,0;ETCS L1;False;False;0;-; 0,0; 0,0; 0,0;VDV2: Strecke 3 - Gleis 1 - Strecke 2;-0,700000;54053,0;  0,0;3749,9;  0,0;1,030;1,00;1,00;"80 0622-19.0;";0;ETCS fallend;3521;;True;ETCS fallend;False;00:33:41;00:33:41;-;-;False;-;Weiche 02W1 S - Weiche 02W2 S (3521);2021;2021
7539;ETCS fallend;0/00:33:43;0/00:33:43;00:34;00:34;00:34;00:34;-;57,15;55,49;80,00;57,20;80,00;-;B;-;ETCS-Stützstelle;;VDV2;VDV 2;0/00:05:40;-;140,00;1,0000;1,030;-;-;54,0;118,0;ETCS L1;False;False;0;-; 0,0; 0,0; 0,0;VDV2: Strecke 3 - Gleis 1 - Strecke 2;-0,701000;54053,0;  0,0;3560,3;  0,0;1,030;1,00;1,00;"80 0622-19.0;";0;ETCS fallend;;;False;ETCS fallend;False;00:33:43;00:33:43;-;-;False;-;-;2023;2023
7564;ETCS fallend;0/00:33:44;0/00:33:44;00:34;00:34;00:34;00:34;-;53,00;51,46;80,00;53,00;80,00;-;B;-;ETCS-Stützstelle;;VDV2;VDV 2;0/00:05:42;-;140,00;1,0000;1,030;-;-;54,0;118,0;ETCS L1;False;False;0;-; 0,0; 0,0; 0,0;VDV2: Strecke 3 - Gleis 1 - Strecke 2;-0,663000;54053,0;  0,0;3366,2;  0,0;1,030;1,00;1,00;"80 0622-19.0;";0;ETCS fallend;;;False;ETCS fallend;False;00:33:44;00:33:44;-;-;False;-;-;2024;2024
7589;ETCS fallend;0/00:33:46;0/00:33:46;00:34;00:34;00:34;00:34;-;48,80;47,38;80,00;48,80;80,00;-;B;-;ETCS-Stützstelle;;VDV2;VDV 2;0/00:05:43;-;140,00;1,0000;1,030;-;-;54,0;118,0;ETCS L1;False;False;0;-; 0,0; 0,0; 0,0;VDV2: Strecke 3 - Gleis 1 - Strecke 2;-0,651000;54053,0;  0,0;3181,4;  0,0;1,030;1,00;1,00;"80 0622-19.0;";0;ETCS fallend;;;False;ETCS fallend;False;00:33:46;00:33:46;-;-;False;-;-;2026;2026
7614;ETCS fallend;0/00:33:48;0/00:33:48;00:34;00:34;00:34;00:34;-;44,28;42,99;80,00;44,30;80,00;-;B;-;ETCS-Stützstelle;;VDV2;VDV 2;0/00:05:45;-;140,00;1,0000;1,030;-;-;54,0;118,0;ETCS L1;False;False;0;-; 0,0; 0,0; 0,0;VDV2: Strecke 3 - Gleis 1 - Strecke 2;-0,608000;54053,0;  0,0;2995,5;  0,0;1,030;1,00;1,00;"80 0622-19.0;";0;ETCS fallend;;;False;ETCS fallend;False;00:33:48;00:33:48;-;-;False;-;-;2028;2028
7639;ETCS fallend;0/00:33:51;0/00:33:51;00:34;00:34;00:34;00:34;-;39,58;38,43;80,00;39,60;80,00;-;B;-;ETCS-Stützstelle;;VDV2;VDV 2;0/00:05:48;-;140,00;1,0000;1,030;-;-;54,0;118,0;ETCS L1;False;False;0;-; 0,0; 0,0; 0,0;VDV2: Strecke 3 - Gleis 1 - Strecke 2;-0,558000;82216,0;  0,0;2816,4;  0,0;1,030;1,00;1,00;"80 0622-19.0;";0;ETCS fallend;;;False;ETCS fallend;False;00:33:51;00:33:51;-;-;False;-;-;2031;2031
7664;ETCS fallend;0/00:33:53;0/00:33:53;00:34;00:34;00:34;00:34;-;34,70;33,69;80,00;34,70;80,00;-;B;-;ETCS-Stützstelle;;VDV2;VDV 2;0/00:05:50;-;140,00;1,0000;1,030;-;-;54,0;118,0;ETCS L1;False;False;0;-; 0,0; 0,0; 0,0;VDV2: Strecke 3 - Gleis 1 - Strecke 2;-0,543000;82216,0;  0,0;2646,0;  0,0;1,030;1,00;1,00;"80 0622-19.0;";0;ETCS fallend;;;False;ETCS fallend;False;00:33:53;00:33:53;-;-;False;-;-;2033;2033
7689;ETCS fallend;0/00:33:56;0/00:33:56;00:34;00:34;00:34;00:34;-;29,20;28,35;80,00;29,20;80,00;-;B;-;ETCS-Stützstelle;;VDV2;VDV 2;0/00:05:53;-;140,00;1,0000;1,030;-;-;54,0;118,0;ETCS L1;False;False;0;-; 0,0; 0,0; 0,0;VDV2: Strecke 3 - Gleis 1 - Strecke 2;-0,464000;81751,2;  0,0;2472,6;  0,0;1,030;1,00;1,00;"80 0622-19.0;";0;ETCS fallend;;;False;ETCS fallend;False;00:33:56;00:33:56;-;-;False;-;-;2036;2036
7714;ETCS fallend;0/00:33:59;0/00:33:59;00:34;00:34;00:34;00:34;-;23,49;22,81;80,00;23,50;80,00;-;B;-;ETCS-Stützstelle;;VDV2;VDV 2;0/00:05:56;-;140,00;1,0000;1,030;-;-;54,0;118,0;ETCS L1;False;False;0;-; 0,0; 0,0; 0,0;VDV2: Strecke 3 - Gleis 1 - Strecke 2;-0,264000;92702,6;  0,0;2313,8;  0,0;1,030;1,00;1,00;"80 0622-19.0;";0;ETCS fallend;;;False;ETCS fallend;False;00:33:59;00:33:59;-;-;False;-;-;2039;2039
7739;ETCS fallend;0/00:34:04;0/00:34:04;00:34;00:34;00:34;00:34;-;19,52;18,95;80,00;20,00;80,00;-;K;-;ETCS-Stützstelle;;VDV2;VDV 2;0/00:06:00;-;140,00;1,0000;1,030;-;-;54,0;118,0;ETCS L1;False;False;0;-; 0,0; 0,0; 0,0;VDV2: Strecke 3 - Gleis 1 - Strecke 2;-0,700000;96963,1;  0,0;2216,0;  0,0;1,030;1,00;1,00;"80 0622-19.0;";0;ETCS fallend;;;False;ETCS fallend;False;00:34:04;00:34:04;-;-;False;-;-;2044;2044
7760;ETCS fallend;0/00:34:12;0/00:34:12;00:34;00:34;00:34;00:34;-; 0,00; 0,00;80,00;20,00;80,00;-;K;-;ETCS-Stützstelle;;VDV2;VDV 2;0/00:06:08;-;140,00;1,0000;1,030;-;-;54,0;118,0;ETCS L1;False;False;0;-; 0,0; 0,0; 0,0;VDV2: Strecke 3 - Gleis 1 - Strecke 2;0,992000;124906,0;  0,0;1886,2;  0,0;1,030;1,00;1,00;"80 0622-19.0;";0;ETCS fallend;;;False;ETCS fallend;False;00:34:12;00:34:12;-;-;False;-;-;2052;2052
7760;ETCS fallend;0/00:36:42;0/00:34:12;00:37;00:34;00:36;00:35;00:02:30/00:01:00; 0,00; 0,00;80,00;20,00;80,00;-;HVerk;-;VDV2 22.240 Gl 1 f Halteplatz, Fallend, Personenzug, l=520.0m, Links, sEoA=0m, sSVL=0m, rs=-1km/h; Ref(7765)=<VDV2|22,235/+0|HS|02P1|1>  Anfang(7065)=<VDV2|22,935/+0|HS|02F|1>  Ende(7815)=<VDV2|22,185/+0|ZSS||1> ;VDV2;VDV 2;0/00:06:08;00:36:42;140,00;1,0000;1,030;-;-;54,0;118,0;ETCS L1;False;False;0;-; 0,0; 0,0; 0,0;VDV2: Strecke 3 - Gleis 1 - Strecke 2;0,992000;124906,0;  0,0;1886,2;  0,0;1,030;1,00;1,00;"80 0622-19.0;";0;ETCS fallend;3521;Gl 1 f;True;ETCS fallend;False;00:34:12;00:36:42;2,50;1,00;False;-;Weiche 02W1 S - Weiche 02W2 S (3521);2202;2052
7760;ETCS fallend;0/00:36:42;0/00:36:42;00:37;00:37;00:37;00:37;-; 4,00; 3,88;80,00;20,00;80,00;-;V;-;;;VDV2;VDV 2;0/00:06:08;-;140,00;1,0000;1,030;-;-;54,0;118,0;ETCS L1;False;False;0;-; 0,0; 0,0; 0,0;VDV2: Strecke 3 - Gleis 1 - Strecke 2;0,941000;118746,0;  0,0;1933,3;  0,0;1,030;1,00;1,00;"80 0622-19.0;";0;ETCS fallend;;;False;ETCS fallend;False;00:36:42;00:36:42;-;-;False;-;-;2202;2202
7760;ETCS fallend;0/00:36:42;0/00:36:42;00:37;00:37;00:37;00:37;-; 2,00; 1,94;80,00;20,00;80,00;-;V;-;;;VDV2;VDV 2;0/00:06:08;-;140,00;1,0000;1,030;-;-;54,0;118,0;ETCS L1;False;False;0;-; 0,0; 0,0; 0,0;VDV2: Strecke 3 - Gleis 1 - Strecke 2;0,967000;121872,0;  0,0;1908,5;  0,0;1,030;1,00;1,00;"80 0622-19.0;";0;ETCS fallend;;;False;ETCS fallend;False;00:36:42;00:36:42;-;-;False;-;-;2202;2202
7761;ETCS fallend;0/00:36:43;0/00:36:43;00:37;00:37;00:37;00:37;-; 6,00; 5,83;80,00;20,00;80,00;-;V;-;;;VDV2;VDV 2;0/00:06:09;-;140,00;1,0000;1,030;-;-;54,0;118,0;ETCS L1;False;False;0;-; 0,0; 0,0; 0,0;VDV2: Strecke 3 - Gleis 1 - Strecke 2;0,916000;115565,0;  0,0;1960,8;  0,0;1,030;1,00;1,00;"80 0622-19.0;";0;ETCS fallend;;;False;ETCS fallend;False;00:36:43;00:36:43;-;-;False;-;-;2203;2203
7762;ETCS fallend;0/00:36:43;0/00:36:43;00:37;00:37;00:37;00:37;-; 8,00; 7,77;80,00;20,00;80,00;-;V;-;;;VDV2;VDV 2;0/00:06:10;-;140,00;1,0000;1,030;-;-;54,0;118,0;ETCS L1;False;False;0;-; 0,0; 0,0; 0,0;VDV2: Strecke 3 - Gleis 1 - Strecke 2;0,893000;112623,0;  0,0;1991,0;  0,0;1,030;1,00;1,00;"80 0622-19.0;";0;ETCS fallend;;;False;ETCS fallend;False;00:36:43;00:36:43;-;-;False;-;-;2203;2203
7764;ETCS fallend;0/00:36:44;0/00:36:44;00:37;00:37;00:37;00:37;-;10,00; 9,71;80,00;20,00;80,00;-;V;-;;;VDV2;VDV 2;0/00:06:10;-;140,00;1,0000;1,030;-;-;54,0;118,0;ETCS L1;False;False;0;-; 0,0; 0,0; 0,0;VDV2: Strecke 3 - Gleis 1 - Strecke 2;0,869000;110005,0;  0,0;2023,8;  0,0;1,030;1,00;1,00;"80 0622-19.0;";0;ETCS fallend;;;False;ETCS fallend;False;00:36:44;00:36:44;-;-;False;-;-;2204;2204
7765;ETCS fallend;0/00:36:44;0/00:36:44;00:37;00:37;00:37;00:37;-;11,07;10,75;80,00;20,00;80,00;-;V;-;ETCS-Stützstelle;;VDV2;VDV 2;0/00:06:11;-;140,00;1,0000;1,030;-;-;54,0;118,0;ETCS L1;False;False;0;-; 0,0; 0,0; 0,0;VDV2: Strecke 3 - Gleis 1 - Strecke 2;0,862000;108334,9;  0,0;2042,4;  0,0;1,030;1,00;1,00;"80 0622-19.0;";0;ETCS fallend;;;False;ETCS fallend;False;00:36:44;00:36:44;-;-;False;-;-;2204;2204
7765;ETCS fallend;0/00:36:44;0/00:36:44;00:37;00:37;00:37;00:37;-;11,07;10,75;80,00;20,00;80,00;-;V;-;VDV2 22.235 02P1 Hauptsignal, Fallend, DFa=3s, rs=20km/h, appr.=0km/h; Ref(7760)=<VDV2|22,240/+0|HP|Gl 1 f|1>|1  Anfang(7065)=<VDV2|22,935/+0|HS|02F|1>  Ende(7815)=<VDV2|22,185/+0|ZSS||1> ;VDV2;VDV 2;0/00:06:11;-;140,00;1,0000;1,030;-;-;54,0;118,0;ETCS L1;False;False;0;-; 0,0; 0,0; 0,0;VDV2: Strecke 3 - Gleis 1 - Strecke 2;0,862000;108334,9;  0,0;2042,4;  0,0;1,030;1,00;1,00;"80 0622-19.0;";0;ETCS fallend;3521;;True;ETCS fallend;False;00:36:44;00:36:44;-;-;False;-;Weiche 02W1 S - Weiche 02W2 S (3521);2204;2204
7766;ETCS fallend;0/00:36:45;0/00:36:45;00:37;00:37;00:37;00:37;-;12,00;11,65;80,00;-;80,00;-;V;-;;;VDV2;VDV 2;0/00:06:11;-;140,00;1,0000;1,030;-;-;54,0;118,0;ETCS L1;False;False;0;-; 0,0; 0,0; 0,0;VDV2: Strecke 3 - Gleis 1 - Strecke 2;0,844000;106887,0;  0,0;2059,2;  0,0;1,030;1,00;1,00;"80 0622-19.0;";0;ETCS fallend;;;False;ETCS fallend;False;00:36:45;00:36:45;-;-;False;-;-;2205;2205
7768;ETCS fallend;0/00:36:45;0/00:36:45;00:37;00:37;00:37;00:37;-;14,00;13,59;80,00;-;80,00;-;V;-;;;VDV2;VDV 2;0/00:06:12;-;140,00;1,0000;1,030;-;-;54,0;118,0;ETCS L1;False;False;0;-; 0,0; 0,0; 0,0;VDV2: Strecke 3 - Gleis 1 - Strecke 2;0,822000;104004,0;  0,0;2097,2;  0,0;1,030;1,00;1,00;"80 0622-19.0;";0;ETCS fallend;;;False;ETCS fallend;False;00:36:45;00:36:45;-;-;False;-;-;2205;2205
7771;ETCS fallend;0/00:36:46;0/00:36:46;00:37;00:37;00:37;00:37;-;16,00;15,53;80,00;-;80,00;-;V;-;;;VDV2;VDV 2;0/00:06:12;-;140,00;1,0000;1,030;-;-;54,0;118,0;ETCS L1;False;False;0;-; 0,0; 0,0; 0,0;VDV2: Strecke 3 - Gleis 1 - Strecke 2;0,801000;101492,0;  0,0;2137,9;  0,0;1,030;1,00;1,00;"80 0622-19.0;";0;ETCS fallend;;;False;ETCS fallend;False;00:36:46;00:36:46;-;-;False;-;-;2206;2206
7774;ETCS fallend;0/00:36:47;0/00:36:47;00:37;00:37;00:37;00:37;-;18,00;17,48;80,00;-;80,00;-;V;-;;;VDV2;VDV 2;0/00:06:13;-;140,00;1,0000;1,030;-;-;54,0;118,0;ETCS L1;False;False;0;-; 0,0; 0,0; 0,0;VDV2: Strecke 3 - Gleis 1 - Strecke 2;0,779000;99000,0;  0,0;2181,3;  0,0;1,030;1,00;1,00;"80 0622-19.0;";0;ETCS fallend;;;False;ETCS fallend;False;00:36:47;00:36:47;-;-;False;-;-;2207;2207
7778;ETCS fallend;0/00:36:47;0/00:36:47;00:37;00:37;00:37;00:37;-;20,00;19,42;80,00;-;80,00;-;K;-;;;VDV2;VDV 2;0/00:06:14;-;140,00;1,0000;1,030;-;-;54,0;118,0;ETCS L1;False;False;0;-; 0,0; 0,0; 0,0;VDV2: Strecke 3 - Gleis 1 - Strecke 2;0,000000;96257,0;  0,0;2227,2;  0,0;1,030;1,00;1,00;"80 0622-19.0;";0;ETCS fallend;;;False;ETCS fallend;False;00:36:47;00:36:47;-;-;False;-;-;2207;2207
7790;ETCS fallend;0/00:36:50;0/00:36:50;00:37;00:37;00:37;00:37;-;20,00;19,42;80,00;-;80,00;-;K;-;ETCS-Stützstelle;;VDV2;VDV 2;0/00:06:16;-;140,00;1,0000;1,030;-;-;54,0;118,0;ETCS L1;False;False;0;-; 0,0; 0,0; 0,0;VDV2: Strecke 3 - Gleis 1 - Strecke 2;0,760000;96257,0;  0,0;2227,2;  0,0;1,030;1,00;1,00;"80 0622-19.0;";0;ETCS fallend;;;False;ETCS fallend;False;00:36:50;00:36:50;-;-;False;-;-;2210;2210
7794;ETCS fallend;0/00:36:50;0/00:36:50;00:37;00:37;00:37;00:37;-;22,00;21,36;80,00;-;80,00;-;V;-;;;VDV2;VDV 2;0/00:06:17;-;140,00;1,0000;1,030;-;-;54,0;118,0;ETCS L1;False;False;0;-; 0,0; 0,0; 0,0;VDV2: Strecke 3 - Gleis 1 - Strecke 2;0,743000;94279,0;  0,0;2275,8;  0,0;1,030;1,00;1,00;"80 0622-19.0;";0;ETCS fallend;;;False;ETCS fallend;False;00:36:50;00:36:50;-;-;False;-;-;2210;2210
7799;ETCS fallend;0/00:36:51;0/00:36:51;00:37;00:37;00:37;00:37;-;24,00;23,30;80,00;-;80,00;-;V;-;;;VDV2;VDV 2;0/00:06:17;-;140,00;1,0000;1,030;-;-;54,0;118,0;ETCS L1;False;False;0;-; 0,0; 0,0; 0,0;VDV2: Strecke 3 - Gleis 1 - Strecke 2;0,726000;92188,0;  0,0;2327,1;  0,0;1,030;1,00;1,00;"80 0622-19.0;";0;ETCS fallend;;;False;ETCS fallend;False;00:36:51;00:36:51;-;-;False;-;-;2211;2211
7804;ETCS fallend;0/00:36:52;0/00:36:52;00:37;00:37;00:37;00:37;-;26,00;25,24;80,00;-;80,00;-;V;-;;;VDV2;VDV 2;0/00:06:18;-;140,00;1,0000;1,030;-;-;54,0;118,0;ETCS L1;False;False;0;-; 0,0; 0,0; 0,0;VDV2: Strecke 3 - Gleis 1 - Strecke 2;0,709000;90363,0;  0,0;2380,9;  0,0;1,030;1,00;1,00;"80 0622-19.0;";0;ETCS fallend;;;False;ETCS fallend;False;00:36:52;00:36:52;-;-;False;-;-;2212;2212
7810;ETCS fallend;0/00:36:53;0/00:36:53;00:37;00:37;00:37;00:37;-;28,00;27,18;80,00;-;80,00;-;V;-;;;VDV2;VDV 2;0/00:06:19;-;140,00;1,0000;1,030;-;-;54,0;118,0;ETCS L1;False;False;0;-; 0,0; 0,0; 0,0;VDV2: Strecke 3 - Gleis 1 - Strecke 2;0,675000;88026,0;  0,0;2437,4;  0,0;1,030;1,00;1,00;"80 0622-19.0;";0;ETCS fallend;;;False;ETCS fallend;False;00:36:53;00:36:53;-;-;False;-;-;2213;2213
7815;ETCS fallend;0/00:36:53;0/00:36:53;00:37;00:37;00:37;00:37;-;29,52;28,66;80,00;-;80,00;-;V;-;VDV2 22.185  Zugschlussstelle, Fallend, Signal, Fa=3.00s, SvL; Ref(7869)=<VDV2|22,185/+0|ZSS||1>  Ende(7869)=<VDV2|22,185/+0|ZSS||1> ;VDV2;VDV 2;0/00:06:19;-;140,00;1,0000;1,030;-;-;54,0;118,0;ETCS L1;False;False;0;-; 0,0; 0,0; 0,0;VDV2: Strecke 3 - Gleis 1 - Strecke 2;0,648000;81490,9;  0,0;2482,2;  0,0;1,030;1,00;1,00;"80 0622-19.0;";0;ETCS fallend;3521;;False;ETCS fallend;False;00:36:53;00:36:53;-;-;False;-;Weiche 02W1 S - Weiche 02W2 S (3521);2213;2213
7817;ETCS fallend;0/00:36:54;0/00:36:54;00:37;00:37;00:37;00:37;-;30,00;29,13;80,00;-;80,00;-;V;-;;;VDV2;VDV 2;0/00:06:20;-;140,00;1,0000;1,030;-;-;54,0;118,0;ETCS L1;False;False;0;-; 0,0; 0,0; 0,0;VDV2: Strecke 3 - Gleis 1 - Strecke 2;0,650000;82216,0;  0,0;2496,6;  0,0;1,030;1,00;1,00;"80 0622-19.0;";0;ETCS fallend;;;False;ETCS fallend;False;00:36:54;00:36:54;-;-;False;-;-;2214;2214
7836;ETCS fallend;0/00:36:56;0/00:36:56;00:37;00:37;00:37;00:37;-;35,00;33,98;80,00;-;80,00;-;V;-;;;VDV2;VDV 2;0/00:06:22;-;140,00;1,0000;1,030;-;-;54,0;118,0;ETCS L1;False;False;0;-; 0,0; 0,0; 0,0;VDV2: Strecke 3 - Gleis 1 - Strecke 2;0,649000;82216,0;  0,0;2656,0;  0,0;1,030;1,00;1,00;"80 0622-19.0;";0;ETCS fallend;;;False;ETCS fallend;False;00:36:56;00:36:56;-;-;False;-;-;2216;2216
7840;ETCS fallend;0/00:36:56;0/00:36:56;00:37;00:37;00:37;00:37;-;35,95;34,90;80,00;-;80,00;-;V;-;ETCS-Stützstelle;;VDV2;VDV 2;0/00:06:22;-;140,00;1,0000;1,030;-;-;54,0;118,0;ETCS L1;False;False;0;-; 0,0; 0,0; 0,0;VDV2: Strecke 3 - Gleis 1 - Strecke 2;0,649000;82216,0;  0,0;2688,1;  0,0;1,030;1,00;1,00;"80 0622-19.0;";0;ETCS fallend;;;False;ETCS fallend;False;00:36:56;00:36:56;-;-;False;-;-;2216;2216
7860;ETCS fallend;0/00:36:58;0/00:36:58;00:37;00:37;00:37;00:37;-;40,36;39,18;80,00;-;80,00;-;V;-;ETCS-Stützstelle;;VDV2;VDV 2;0/00:06:24;-;140,00;1,0000;1,030;-;-;54,0;118,0;ETCS L1;False;False;0;-; 0,0; 0,0; 0,0;VDV2: Strecke 3 - Gleis 1 - Strecke 2;0,648000;82216,0;  0,0;2845,2;  0,0;1,030;1,00;1,00;"80 0622-19.0;";0;ETCS fallend;;;False;ETCS fallend;False;00:36:58;00:36:58;-;-;False;-;-;2218;2218
7860;ETCS fallend;0/00:36:58;0/00:36:58;00:37;00:37;00:37;00:37;-;40,36;39,18;80,00;-;80,00;-;V;-;VDV2 22.140 02W1 Weiche, lt=25m, Stamm <22.140 02W1 Weiche, Anfang>; Ref(22065)=<VDV1|7,935/+0|HS|01F|1>  Anfang(22065)=<VDV1|7,935/+0|HS|01F|1>  Ende(7885)=<VDV2|22,115/+0|ZSS||1> ;VDV2;VDV 2;0/00:06:24;-;140,00;1,0000;1,030;-;-;54,0;118,0;ETCS L1;False;False;0;-; 0,0; 0,0; 0,0;VDV2: Strecke 3 - Gleis 1 - Strecke 2;0,648000;82216,0;  0,0;2845,2;  0,0;1,030;1,00;1,00;"80 0622-19.0;";0;ETCS fallend;3521;;True;ETCS fallend;False;00:36:58;00:36:58;-;-;False;-;Weiche 02W1 S - Weiche 02W2 S (3521);2218;2218
7860;ETCS fallend;0/00:36:58;0/00:36:58;00:37;00:37;00:37;00:37;-;40,36;39,18;80,00;-;80,00;-;V;-;;;VDV2;VDV 2;0/00:06:24;-;140,00;1,0000;1,030;-;-;54,0;118,0;ETCS L1;False;False;0;-; 0,0; 0,0; 0,0;VDV2: Strecke 3 - Gleis 1 - Strecke 2;0,648000;82216,0;  0,0;2845,2;  0,0;1,030;1,00;1,00;"80 0622-19.0;";0;ETCS fallend;;;False;ETCS fallend;False;00:36:58;00:36:58;-;-;False;-;-;2218;2218
7860;ETCS fallend;0/00:36:58;0/00:36:58;00:37;00:37;00:37;00:37;-;40,36;39,18;80,00;-;80,00;-;V;-;VDV2 22.140 02W1 Weiche, lt=25m, Anfang <22.140 02W1 Weiche, Stamm/22.140 02W1 Weiche, Abzweig links>; Ref(22065)=<VDV1|7,935/+0|HS|01F|1>  Anfang(22065)=<VDV1|7,935/+0|HS|01F|1>  Ende(7885)=<VDV2|22,115/+0|ZSS||1> ;VDV2;VDV 2;0/00:06:24;-;140,00;1,0000;1,030;-;-;54,0;118,0;ETCS L1;False;False;0;-; 0,0; 0,0; 0,0;VDV2: Strecke 3 - Gleis 1 - Strecke 2;0,648000;82216,0;  0,0;2845,2;  0,0;1,030;1,00;1,00;"80 0622-19.0;";0;ETCS fallend;3521;;True;ETCS fallend;False;00:36:58;00:36:58;-;-;False;-;Betriebsstellengrenze 3521-0 - Weiche 02W1 A (3521);2218;2218
7863;ETCS fallend;0/00:36:58;0/00:36:58;00:37;00:37;00:37;00:37;-;41,00;39,81;80,00;-;80,00;-;V;-;;;VDV2;VDV 2;0/00:06:24;-;140,00;1,0000;1,030;-;-;54,0;118,0;ETCS L1;False;False;0;-; 0,0; 0,0; 0,0;VDV2: Strecke 3 - Gleis 1 - Strecke 2;0,548000;82216,0;  0,0;2869,0;  0,0;1,030;1,00;1,00;"80 0622-19.0;";0;ETCS fallend;;;False;ETCS fallend;False;00:36:58;00:36:58;-;-;False;-;-;2218;2218
7869;ETCS fallend;0/00:36:59;0/00:36:59;00:37;00:37;00:37;00:37;-;42,03;40,81;80,00;-;80,00;-;V;-;VDV2 22.185  Zugschlussstelle, Fallend, Signal, Fa=3.00s, SvL; Ref(7815)=<VDV2|22,185/+0|ZSS||1>  Ende(7869)=<VDV2|22,185/+0|ZSS||1> ;VDV2;VDV 2;0/00:06:25;-;140,00;1,0000;1,030;-;-;54,0;118,0;ETCS L1;False;False;54;-; 0,0; 0,0; 0,0;VDV2: Strecke 3 - Gleis 1 - Strecke 2;0,497000;69678,8;  0,0;2908,0;  0,0;1,030;1,00;1,00;"80 0622-19.0;";0;ETCS fallend;3521;;True;ETCS fallend;False;00:36:59;00:36:59;-;-;False;-;Weiche 02W1 S - Weiche 02W2 S (3521);2219;2219
7875;ETCS fallend;0/00:36:59;0/00:36:59;00:37;00:37;00:37;00:37;-;43,00;41,75;80,00;-;80,00;-;V;-;;;VDV2;VDV 2;0/00:06:25;-;140,00;1,0000;1,030;-;-;54,0;118,0;ETCS L1;False;False;0;-; 0,0; 0,0; 0,0;VDV2: Strecke 3 - Gleis 1 - Strecke 2;0,433000;57872,0;  0,0;2945,3;  0,0;1,030;1,00;1,00;"80 0622-19.0;";0;ETCS fallend;;;False;ETCS fallend;False;00:36:59;00:36:59;-;-;False;-;-;2219;2219
7883;ETCS fallend;0/00:37:00;0/00:37:00;00:37;00:37;00:37;00:37;-;44,00;42,72;80,00;-;80,00;-;V;-;;;VDV2;VDV 2;0/00:06:26;-;140,00;1,0000;1,030;-;-;54,0;118,0;ETCS L1;False;False;0;-; 0,0; 0,0; 0,0;VDV2: Strecke 3 - Gleis 1 - Strecke 2;0,416000;54053,0;  0,0;2984,4;  0,0;1,030;1,00;1,00;"80 0622-19.0;";0;ETCS fallend;;;False;ETCS fallend;False;00:37:00;00:37:00;-;-;False;-;-;2220;2220
7885;ETCS fallend;0/00:37:00;0/00:37:00;00:37;00:37;00:37;00:37;-;44,24;42,95;80,00;-;80,00;-;V;-;VDV2 22.115  Zugschlussstelle, Fallend, Fahrstraße, Fa=3.00s, SvL; Ref(7939)=<VDV2|22,115/+0|ZSS||1>  Ende(7939)=<VDV2|22,115/+0|ZSS||1> ;VDV2;VDV 2;0/00:06:26;-;140,00;1,0000;1,030;-;-;54,0;118,0;ETCS L1;False;False;0;-; 0,0; 0,0; 0,0;VDV2: Strecke 3 - Gleis 1 - Strecke 2;0,416000;54053,0;  0,0;2993,9;  0,0;1,030;1,00;1,00;"80 0622-19.0;";0;ETCS fallend;3521;;False;ETCS fallend;False;00:37:00;00:37:00;-;-;False;-;Betriebsstellengrenze 3521-0 - Weiche 02W1 A (3521);2220;2220
7885;ETCS fallend;0/00:37:00;0/00:37:00;00:37;00:37;00:37;00:37;-;44,24;42,95;80,00;-;80,00;-;V;-;VDV2 22.115  Geschwindigkeit Zulässig, Fallend, v=80km/h, Wirkung ab hier, Alle;;VDV2;VDV 2;0/00:06:26;-;140,00;1,0000;1,030;-;-;54,0;118,0;ETCS L1;False;False;0;-; 0,0; 0,0; 0,0;VDV2: Strecke 3 - Gleis 1 - Strecke 2;0,416000;54053,0;  0,0;2993,9;  0,0;1,030;1,00;1,00;"80 0622-19.0;";0;ETCS fallend;3521;;True;ETCS fallend;False;00:37:00;00:37:00;-;-;False;-;Betriebsstellengrenze 3521-0 - Weiche 02W1 A (3521);2220;2220
7910;ETCS fallend;0/00:37:02;0/00:37:02;00:37;00:37;00:37;00:37;-;47,19;45,82;80,00;-;80,00;-;V;-;ETCS-Stützstelle;;VDV2;VDV 2;0/00:06:28;-;140,00;1,0000;1,030;-;-;54,0;118,0;ETCS L1;False;False;0;-; 0,0; 0,0; 0,0;VDV2: Strecke 3 - Gleis 1 - Strecke 2;0,415000;54053,0;  0,0;3113,6;  0,0;1,030;1,00;1,00;"80 0622-19.0;";0;ETCS fallend;;;False;ETCS fallend;False;00:37:02;00:37:02;-;-;False;-;-;2222;2222
7935;ETCS fallend;0/00:37:04;0/00:37:04;00:37;00:37;00:37;00:37;-;49,96;48,50;80,00;-;80,00;-;V;-;ETCS-Stützstelle;;VDV2;VDV 2;0/00:06:30;-;140,00;1,0000;1,030;-;-;54,0;118,0;ETCS L1;False;False;0;-; 0,0; 0,0; 0,0;VDV2: Strecke 3 - Gleis 1 - Strecke 2;0,414000;54053,0;  0,0;3231,3;  0,0;1,030;1,00;1,00;"80 0622-19.0;";0;ETCS fallend;;;False;ETCS fallend;False;00:37:04;00:37:04;-;-;False;-;-;2224;2224
7939;ETCS fallend;0/00:37:05;0/00:37:05;00:37;00:37;00:37;00:37;-;50,39;48,92;80,00;-;80,00;-;V;-;VDV2 22.115  Zugschlussstelle, Fallend, Fahrstraße, Fa=3.00s, SvL; Ref(7885)=<VDV2|22,115/+0|ZSS||1>  Ende(7939)=<VDV2|22,115/+0|ZSS||1> ;VDV2;VDV 2;0/00:06:30;-;140,00;1,0000;1,030;-;-;54,0;118,0;ETCS L1;False;False;54;-; 0,0; 0,0; 0,0;VDV2: Strecke 3 - Gleis 1 - Strecke 2;0,414000;54053,0;  0,0;3250,0;  0,0;1,030;1,00;1,00;"80 0622-19.0;";0;ETCS fallend;3521;;True;ETCS fallend;False;00:37:05;00:37:05;-;-;False;-;Betriebsstellengrenze 3521-0 - Weiche 02W1 A (3521);2225;2225
7964;ETCS fallend;0/00:37:06;0/00:37:06;00:37;00:37;00:37;00:37;-;52,99;51,45;80,00;-;80,00;-;V;-;ETCS-Stützstelle;;VDV2;VDV 2;0/00:06:32;-;140,00;1,0000;1,030;-;-;54,0;118,0;ETCS L1;False;False;54;-; 0,0; 0,0; 0,0;VDV2: Strecke 3 - Gleis 1 - Strecke 2;0,413000;54053,0;  0,0;3365,8;  0,0;1,030;1,00;1,00;"80 0622-19.0;";0;ETCS fallend;;;False;ETCS fallend;False;00:37:06;00:37:06;-;-;False;-;-;2226;2226
7989;ETCS fallend;0/00:37:08;0/00:37:08;00:37;00:37;00:37;00:37;-;55,46;53,84;80,00;-;80,00;-;V;-;ETCS-Stützstelle;;VDV2;VDV 2;0/00:06:34;-;140,00;1,0000;1,030;-;-;54,0;118,0;ETCS L1;False;False;54;-; 0,0; 0,0; 0,0;VDV2: Strecke 3 - Gleis 1 - Strecke 2;0,412000;54053,0;  0,0;3479,9;  0,0;1,030;1,00;1,00;"80 0622-19.0;";0;ETCS fallend;;;False;ETCS fallend;False;00:37:08;00:37:08;-;-;False;-;-;2228;2228
8014;ETCS fallend;0/00:37:10;0/00:37:10;00:37;00:37;00:37;00:37;-;57,82;56,14;80,00;-;80,00;-;V;-;ETCS-Stützstelle;;VDV2;VDV 2;0/00:06:35;-;140,00;1,0000;1,030;-;-;54,0;118,0;ETCS L1;False;False;54;-; 0,0; 0,0; 0,0;VDV2: Strecke 3 - Gleis 1 - Strecke 2;0,411000;54053,0;  0,0;3592,6;  0,0;1,030;1,00;1,00;"80 0622-19.0;";0;ETCS fallend;;;False;ETCS fallend;False;00:37:10;00:37:10;-;-;False;-;-;2230;2230
8039;ETCS fallend;0/00:37:11;0/00:37:11;00:37;00:37;00:37;00:37;-;60,08;58,33;80,00;-;80,00;-;V;-;ETCS-Stützstelle;;VDV2;VDV 2;0/00:06:37;-;140,00;1,0000;1,030;-;-;54,0;118,0;ETCS L1;False;False;54;-; 0,0; 0,0; 0,0;VDV2: Strecke 3 - Gleis 1 - Strecke 2;0,411000;54053,0;  0,0;3704,1;  0,0;1,030;1,00;1,00;"80 0622-19.0;";0;ETCS fallend;;;False;ETCS fallend;False;00:37:11;00:37:11;-;-;False;-;-;2231;2231
8064;ETCS fallend;0/00:37:13;0/00:37:13;00:37;00:37;00:37;00:37;-;62,26;60,45;80,00;-;80,00;-;V;-;ETCS-Stützstelle;;VDV2;VDV 2;0/00:06:38;-;140,00;1,0000;1,030;-;-;54,0;118,0;ETCS L1;False;False;54;-; 0,0; 0,0; 0,0;VDV2: Strecke 3 - Gleis 1 - Strecke 2;0,410000;54053,0;  0,0;3814,8;  0,0;1,030;1,00;1,00;"80 0622-19.0;";0;ETCS fallend;;;False;ETCS fallend;False;00:37:13;00:37:13;-;-;False;-;-;2233;2233
8073;ETCS fallend;0/00:37:13;0/00:37:13;00:37;00:37;00:37;00:37;-;63,00;61,17;80,00;-;80,00;-;V;-;;;VDV2;VDV 2;0/00:06:39;-;140,00;1,0000;1,030;-;-;54,0;118,0;ETCS L1;False;False;0;-; 0,0; 0,0; 0,0;VDV2: Strecke 3 - Gleis 1 - Strecke 2;0,367000;54053,0;  0,0;3853,1;  0,0;1,030;1,00;1,00;"80 0622-19.0;";0;ETCS fallend;;;False;ETCS fallend;False;00:37:13;00:37:13;-;-;False;-;-;2233;2233
8089;ETCS fallend;0/00:37:14;0/00:37:14;00:37;00:37;00:37;00:37;-;64,20;62,33;80,00;-;80,00;-;V;-;ETCS-Stützstelle;;VDV2;VDV 2;0/00:06:40;-;140,00;1,0000;1,030;-;-;54,0;118,0;ETCS L1;False;False;54;-; 0,0; 0,0; 0,0;VDV2: Strecke 3 - Gleis 1 - Strecke 2;0,341000;47737,4;  0,0;3915,9;  0,0;1,030;1,00;1,00;"80 0622-19.0;";0;ETCS fallend;;;False;ETCS fallend;False;00:37:14;00:37:14;-;-;False;-;-;2234;2234
8101;ETCS fallend;0/00:37:15;0/00:37:15;00:37;00:37;00:37;00:37;-;65,00;63,11;80,00;-;80,00;-;V;-;;;VDV2;VDV 2;0/00:06:40;-;140,00;1,0000;1,030;-;-;54,0;118,0;ETCS L1;False;False;0;-; 0,0; 0,0; 0,0;VDV2: Strecke 3 - Gleis 1 - Strecke 2;0,323000;43527,0;  0,0;3958,3;  0,0;1,030;1,00;1,00;"80 0622-19.0;";0;ETCS fallend;;;False;ETCS fallend;False;00:37:15;00:37:15;-;-;False;-;-;2235;2235
8114;ETCS fallend;0/00:37:16;0/00:37:16;00:37;00:37;00:37;00:37;-;65,83;63,91;80,00;-;80,00;-;V;-;ETCS-Stützstelle;;VDV2;VDV 2;0/00:06:41;-;140,00;1,0000;1,030;-;-;54,0;118,0;ETCS L1;False;False;54;-; 0,0; 0,0; 0,0;VDV2: Strecke 3 - Gleis 1 - Strecke 2;0,322000;43499,2;  0,0;4002,8;  0,0;1,030;1,00;1,00;"80 0622-19.0;";0;ETCS fallend;;;False;ETCS fallend;False;00:37:16;00:37:16;-;-;False;-;-;2236;2236
8133;ETCS fallend;0/00:37:17;0/00:37:17;00:37;00:37;00:37;00:37;-;67,00;65,05;80,00;-;80,00;-;V;-;;;VDV2;VDV 2;0/00:06:42;-;140,00;1,0000;1,030;-;-;54,0;118,0;ETCS L1;False;False;0;-; 0,0; 0,0; 0,0;VDV2: Strecke 3 - Gleis 1 - Strecke 2;0,321000;43480,0;  0,0;4066,2;  0,0;1,030;1,00;1,00;"80 0622-19.0;";0;ETCS fallend;;;False;ETCS fallend;False;00:37:17;00:37:17;-;-;False;-;-;2237;2237
8139;ETCS fallend;0/00:37:17;0/00:37:17;00:37;00:37;00:37;00:37;-;67,37;65,41;80,00;-;80,00;-;V;-;ETCS-Stützstelle;;VDV2;VDV 2;0/00:06:42;-;140,00;1,0000;1,030;-;-;54,0;118,0;ETCS L1;False;False;54;-; 0,0; 0,0; 0,0;VDV2: Strecke 3 - Gleis 1 - Strecke 2;0,321000;43475,4;  0,0;4086,5;  0,0;1,030;1,00;1,00;"80 0622-19.0;";0;ETCS fallend;;;False;ETCS fallend;False;00:37:17;00:37:17;-;-;False;-;-;2237;2237
8164;ETCS fallend;0/00:37:18;0/00:37:18;00:37;00:37;00:37;00:37;-;68,90;66,89;80,00;-;80,00;-;V;-;ETCS-Stützstelle;;VDV2;VDV 2;0/00:06:44;-;140,00;1,0000;1,030;-;-;54,0;118,0;ETCS L1;False;False;54;-; 0,0; 0,0; 0,0;VDV2: Strecke 3 - Gleis 1 - Strecke 2;0,321000;43440,2;  0,0;4171,2;  0,0;1,030;1,00;1,00;"80 0622-19.0;";0;ETCS fallend;;;False;ETCS fallend;False;00:37:18;00:37:18;-;-;False;-;-;2238;2238
8166;ETCS fallend;0/00:37:19;0/00:37:19;00:37;00:37;00:37;00:37;-;69,00;66,99;80,00;-;80,00;-;V;-;;;VDV2;VDV 2;0/00:06:44;-;140,00;1,0000;1,030;-;-;54,0;118,0;ETCS L1;False;False;0;-; 0,0; 0,0; 0,0;VDV2: Strecke 3 - Gleis 1 - Strecke 2;0,320000;43437,0;  0,0;4176,8;  0,0;1,030;1,00;1,00;"80 0622-19.0;";0;ETCS fallend;;;False;ETCS fallend;False;00:37:19;00:37:19;-;-;False;-;-;2239;2239
8189;ETCS fallend;0/00:37:20;0/00:37:20;00:37;00:37;00:37;00:37;-;70,37;68,32;80,00;-;80,00;-;V;-;ETCS-Stützstelle;;VDV2;VDV 2;0/00:06:45;-;140,00;1,0000;1,030;-;-;54,0;118,0;ETCS L1;False;False;54;-; 0,0; 0,0; 0,0;VDV2: Strecke 3 - Gleis 1 - Strecke 2;0,319000;43347,5;  0,0;4254,0;  0,0;1,030;1,00;1,00;"80 0622-19.0;";0;ETCS fallend;;;False;ETCS fallend;False;00:37:20;00:37:20;-;-;False;-;-;2240;2240
8200;ETCS fallend;0/00:37:20;0/00:37:20;00:37;00:37;00:37;00:37;-;71,00;68,93;80,00;-;80,00;-;V;-;;;VDV2;VDV 2;0/00:06:46;-;140,00;1,0000;1,030;-;-;54,0;118,0;ETCS L1;False;False;0;-; 0,0; 0,0; 0,0;VDV2: Strecke 3 - Gleis 1 - Strecke 2;0,318000;43312,0;  0,0;4290,0;  0,0;1,030;1,00;1,00;"80 0622-19.0;";0;ETCS fallend;;;False;ETCS fallend;False;00:37:20;00:37:20;-;-;False;-;-;2240;2240
8214;ETCS fallend;0/00:37:21;0/00:37:21;00:37;00:37;00:37;00:37;-;71,81;69,72;80,00;-;80,00;-;V;-;ETCS-Stützstelle;;VDV2;VDV 2;0/00:06:46;-;140,00;1,0000;1,030;-;-;54,0;118,0;ETCS L1;False;False;54;-; 0,0; 0,0; 0,0;VDV2: Strecke 3 - Gleis 1 - Strecke 2;0,317000;43243,2;  0,0;4336,6;  0,0;1,030;1,00;1,00;"80 0622-19.0;";0;ETCS fallend;;;False;ETCS fallend;False;00:37:21;00:37:21;-;-;False;-;-;2241;2241
8235;ETCS fallend;0/00:37:22;0/00:37:22;00:37;00:37;00:37;00:37;-;73,00;70,87;80,00;-;80,00;-;V;-;;;VDV2;VDV 2;0/00:06:47;-;140,00;1,0000;1,030;-;-;54,0;118,0;ETCS L1;False;False;0;-; 0,0; 0,0; 0,0;VDV2: Strecke 3 - Gleis 1 - Strecke 2;0,315000;43142,0;  0,0;4405,8;  0,0;1,030;1,00;1,00;"80 0622-19.0;";0;ETCS fallend;;;False;ETCS fallend;False;00:37:22;00:37:22;-;-;False;-;-;2242;2242
8239;ETCS fallend;0/00:37:22;0/00:37:22;00:37;00:37;00:37;00:37;-;73,22;71,09;80,00;-;80,00;-;V;-;ETCS-Stützstelle;;VDV2;VDV 2;0/00:06:48;-;140,00;1,0000;1,030;-;-;54,0;118,0;ETCS L1;False;False;54;-; 0,0; 0,0; 0,0;VDV2: Strecke 3 - Gleis 1 - Strecke 2;0,315000;43121,8;  0,0;4418,7;  0,0;1,030;1,00;1,00;"80 0622-19.0;";0;ETCS fallend;;;False;ETCS fallend;False;00:37:22;00:37:22;-;-;False;-;-;2242;2242
8264;ETCS fallend;0/00:37:24;0/00:37:24;00:37;00:37;00:37;00:37;-;74,60;72,43;80,00;-;80,00;-;V;-;ETCS-Stützstelle;;VDV2;VDV 2;0/00:06:49;-;140,00;1,0000;1,030;-;-;54,0;118,0;ETCS L1;False;False;54;-; 0,0; 0,0; 0,0;VDV2: Strecke 3 - Gleis 1 - Strecke 2;0,314000;43008,6;  0,0;4500,3;  0,0;1,030;1,00;1,00;"80 0622-19.0;";0;ETCS fallend;;;False;ETCS fallend;False;00:37:24;00:37:24;-;-;False;-;-;2244;2244
8271;ETCS fallend;0/00:37:24;0/00:37:24;00:37;00:37;00:37;00:37;-;75,00;72,82;80,00;-;80,00;-;V;-;;;VDV2;VDV 2;0/00:06:49;-;140,00;1,0000;1,030;-;-;54,0;118,0;ETCS L1;False;False;0;-; 0,0; 0,0; 0,0;VDV2: Strecke 3 - Gleis 1 - Strecke 2;0,313000;42980,0;  0,0;4524,2;  0,0;1,030;1,00;1,00;"80 0622-19.0;";0;ETCS fallend;;;False;ETCS fallend;False;00:37:24;00:37:24;-;-;False;-;-;2244;2244
8289;ETCS fallend;0/00:37:25;0/00:37:25;00:37;00:37;00:37;00:37;-;75,97;73,76;80,00;-;80,00;-;V;-;ETCS-Stützstelle;;VDV2;VDV 2;0/00:06:50;-;140,00;1,0000;1,030;-;-;54,0;118,0;ETCS L1;False;False;54;-; 0,0; 0,0; 0,0;VDV2: Strecke 3 - Gleis 1 - Strecke 2;0,312000;42905,5;  0,0;4582,6;  0,0;1,030;1,00;1,00;"80 0622-19.0;";0;ETCS fallend;;;False;ETCS fallend;False;00:37:25;00:37:25;-;-;False;-;-;2245;2245
8308;ETCS fallend;0/00:37:26;0/00:37:26;00:37;00:37;00:37;00:37;-;77,00;74,76;80,00;-;80,00;-;V;-;;;VDV2;VDV 2;0/00:06:51;-;140,00;1,0000;1,030;-;-;54,0;118,0;ETCS L1;False;False;0;-; 0,0; 0,0; 0,0;VDV2: Strecke 3 - Gleis 1 - Strecke 2;0,309000;42744,0;  0,0;4645,3;  0,0;1,030;1,00;1,00;"80 0622-19.0;";0;ETCS fallend;;;False;ETCS fallend;False;00:37:26;00:37:26;-;-;False;-;-;2246;2246
8314;ETCS fallend;0/00:37:26;0/00:37:26;00:37;00:37;00:37;00:37;-;77,31;75,06;80,00;-;80,00;-;V;-;ETCS-Stützstelle;;VDV2;VDV 2;0/00:06:51;-;140,00;1,0000;1,030;-;-;54,0;118,0;ETCS L1;False;False;54;-; 0,0; 0,0; 0,0;VDV2: Strecke 3 - Gleis 1 - Strecke 2;0,309000;42684,8;  0,0;4664,3;  0,0;1,030;1,00;1,00;"80 0622-19.0;";0;ETCS fallend;;;False;ETCS fallend;False;00:37:26;00:37:26;-;-;False;-;-;2246;2246
8339;ETCS fallend;0/00:37:27;0/00:37:27;00:37;00:37;00:37;00:37;-;78,59;76,30;80,00;-;80,00;-;V;-;ETCS-Stützstelle;;VDV2;VDV 2;0/00:06:52;-;140,00;1,0000;1,030;-;-;54,0;118,0;ETCS L1;False;False;54;-; 0,0; 0,0; 0,0;VDV2: Strecke 3 - Gleis 1 - Strecke 2;0,307000;42416,8;  0,0;4743,5;  0,0;1,030;1,00;1,00;"80 0622-19.0;";0;ETCS fallend;;;False;ETCS fallend;False;00:37:27;00:37:27;-;-;False;-;-;2247;2247
8347;ETCS fallend;0/00:37:28;0/00:37:28;00:37;00:37;00:37;00:37;-;79,00;76,70;80,00;-;80,00;-;V;-;;;VDV2;VDV 2;0/00:06:53;-;140,00;1,0000;1,030;-;-;54,0;118,0;ETCS L1;False;False;0;-; 0,0; 0,0; 0,0;VDV2: Strecke 3 - Gleis 1 - Strecke 2;0,306000;42323,0;  0,0;4769,1;  0,0;1,030;1,00;1,00;"80 0622-19.0;";0;ETCS fallend;;;False;ETCS fallend;False;00:37:28;00:37:28;-;-;False;-;-;2248;2248
8364;ETCS fallend;0/00:37:28;0/00:37:28;00:37;00:37;00:37;00:37;-;79,85;77,52;80,00;-;80,00;-;V;-;ETCS-Stützstelle;;VDV2;VDV 2;0/00:06:53;-;140,00;1,0000;1,030;-;-;54,0;118,0;ETCS L1;False;False;54;-; 0,0; 0,0; 0,0;VDV2: Strecke 3 - Gleis 1 - Strecke 2;0,305000;42141,6;  0,0;4822,4;  0,0;1,030;1,00;1,00;"80 0622-19.0;";0;ETCS fallend;;;False;ETCS fallend;False;00:37:28;00:37:28;-;-;False;-;-;2248;2248
8367;ETCS fallend;0/00:37:29;0/00:37:29;00:37;00:37;00:37;00:37;-;80,00;77,67;80,00;-;80,00;-;K;-;;;VDV2;VDV 2;0/00:06:54;-;140,00;1,0000;1,030;-;-;54,0;118,0;ETCS L1;False;False;0;-; 0,0; 0,0; 0,0;VDV2: Strecke 3 - Gleis 1 - Strecke 2;0,000000;42110,0;  0,0;4831,9;  0,0;1,030;1,00;1,00;"80 0622-19.0;";0;ETCS fallend;;;False;ETCS fallend;False;00:37:29;00:37:29;-;-;False;-;-;2249;2249
8389;ETCS fallend;0/00:37:30;0/00:37:30;00:38;00:38;00:38;00:38;-;80,00;77,67;80,00;-;80,00;-;K;-;ETCS-Stützstelle;;VDV2;VDV 2;0/00:06:55;-;140,00;1,0000;1,030;-;-;54,0;118,0;ETCS L1;False;False;54;-; 0,0; 0,0; 0,0;VDV2: Strecke 3 - Gleis 1 - Strecke 2;0,000000;42110,0;  0,0;4831,9;  0,0;1,030;1,00;1,00;"80 0622-19.0;";0;ETCS fallend;;;False;ETCS fallend;False;00:37:30;00:37:30;-;-;False;-;-;2250;2250
8414;ETCS fallend;0/00:37:31;0/00:37:31;00:38;00:38;00:38;00:38;-;80,00;77,67;80,00;-;80,00;-;K;-;ETCS-Stützstelle;;VDV2;VDV 2;0/00:06:56;-;140,00;1,0000;1,030;-;-;54,0;118,0;ETCS L1;False;False;54;-; 0,0; 0,0; 0,0;VDV2: Strecke 3 - Gleis 1 - Strecke 2;0,000000;42110,0;  0,0;4831,9;  0,0;1,030;1,00;1,00;"80 0622-19.0;";0;ETCS fallend;;;False;ETCS fallend;False;00:37:31;00:37:31;-;-;False;-;-;2251;2251
8439;ETCS fallend;0/00:37:32;0/00:37:32;00:38;00:38;00:38;00:38;-;80,00;77,67;80,00;-;80,00;-;K;-;ETCS-Stützstelle;;VDV2;VDV 2;0/00:06:57;-;140,00;1,0000;1,030;-;-;54,0;118,0;ETCS L1;False;False;54;-; 0,0; 0,0; 0,0;VDV2: Strecke 3 - Gleis 1 - Strecke 2;0,000000;42110,0;  0,0;4831,9;  0,0;1,030;1,00;1,00;"80 0622-19.0;";0;ETCS fallend;;;False;ETCS fallend;False;00:37:32;00:37:32;-;-;False;-;-;2252;2252
8464;ETCS fallend;0/00:37:33;0/00:37:33;00:38;00:38;00:38;00:38;-;80,00;77,67;80,00;-;80,00;-;K;-;ETCS-Stützstelle;;VDV2;VDV 2;0/00:06:58;-;140,00;1,0000;1,030;-;-;54,0;118,0;ETCS L1;False;False;54;-; 0,0; 0,0; 0,0;VDV2: Strecke 3 - Gleis 1 - Strecke 2;0,000000;42110,0;  0,0;4831,9;  0,0;1,030;1,00;1,00;"80 0622-19.0;";0;ETCS fallend;;;False;ETCS fallend;False;00:37:33;00:37:33;-;-;False;-;-;2253;2253
8489;ETCS fallend;0/00:37:34;0/00:37:34;00:38;00:38;00:38;00:38;-;80,00;77,67;80,00;-;80,00;-;K;-;ETCS-Stützstelle;;VDV2;VDV 2;0/00:06:59;-;140,00;1,0000;1,030;-;-;54,0;118,0;ETCS L1;False;False;54;-; 0,0; 0,0; 0,0;VDV2: Strecke 3 - Gleis 1 - Strecke 2;0,000000;42110,0;  0,0;4831,9;  0,0;1,030;1,00;1,00;"80 0622-19.0;";0;ETCS fallend;;;False;ETCS fallend;False;00:37:34;00:37:34;-;-;False;-;-;2254;2254
8514;ETCS fallend;0/00:37:35;0/00:37:35;00:38;00:38;00:38;00:38;-;80,00;77,67;80,00;-;80,00;-;K;-;ETCS-Stützstelle;;VDV2;VDV 2;0/00:07:00;-;140,00;1,0000;1,030;-;-;54,0;118,0;ETCS L1;False;False;54;-; 0,0; 0,0; 0,0;VDV2: Strecke 3 - Gleis 1 - Strecke 2;0,000000;42110,0;  0,0;4831,9;  0,0;1,030;1,00;1,00;"80 0622-19.0;";0;ETCS fallend;;;False;ETCS fallend;False;00:37:35;00:37:35;-;-;False;-;-;2255;2255
8539;ETCS fallend;0/00:37:37;0/00:37:37;00:38;00:38;00:38;00:38;-;80,00;77,67;80,00;-;80,00;-;K;-;ETCS-Stützstelle;;VDV2;VDV 2;0/00:07:01;-;140,00;1,0000;1,030;-;-;54,0;118,0;ETCS L1;False;False;54;-; 0,0; 0,0; 0,0;VDV2: Strecke 3 - Gleis 1 - Strecke 2;0,000000;42110,0;  0,0;4831,9;  0,0;1,030;1,00;1,00;"80 0622-19.0;";0;ETCS fallend;;;False;ETCS fallend;False;00:37:37;00:37:37;-;-;False;-;-;2257;2257
8564;ETCS fallend;0/00:37:38;0/00:37:38;00:38;00:38;00:38;00:38;-;80,00;77,67;80,00;-;80,00;-;K;-;ETCS-Stützstelle;;VDV2;VDV 2;0/00:07:02;-;140,00;1,0000;1,030;-;-;54,0;118,0;ETCS L1;False;False;54;-; 0,0; 0,0; 0,0;VDV2: Strecke 3 - Gleis 1 - Strecke 2;0,000000;42110,0;  0,0;4831,9;  0,0;1,030;1,00;1,00;"80 0622-19.0;";0;ETCS fallend;;;False;ETCS fallend;False;00:37:38;00:37:38;-;-;False;-;-;2258;2258
8589;ETCS fallend;0/00:37:39;0/00:37:39;00:38;00:38;00:38;00:38;-;80,00;77,67;80,00;-;80,00;-;K;-;ETCS-Stützstelle;;VDV2;VDV 2;0/00:07:04;-;140,00;1,0000;1,030;-;-;54,0;118,0;ETCS L1;False;False;54;-; 0,0; 0,0; 0,0;VDV2: Strecke 3 - Gleis 1 - Strecke 2;0,000000;42110,0;  0,0;4831,9;  0,0;1,030;1,00;1,00;"80 0622-19.0;";0;ETCS fallend;;;False;ETCS fallend;False;00:37:39;00:37:39;-;-;False;-;-;2259;2259
8614;ETCS fallend;0/00:37:40;0/00:37:40;00:38;00:38;00:38;00:38;-;80,00;77,67;80,00;-;80,00;-;K;-;ETCS-Stützstelle;;VDV2;VDV 2;0/00:07:05;-;140,00;1,0000;1,030;-;-;54,0;118,0;ETCS L1;False;False;54;-; 0,0; 0,0; 0,0;VDV2: Strecke 3 - Gleis 1 - Strecke 2;0,000000;42110,0;  0,0;4831,9;  0,0;1,030;1,00;1,00;"80 0622-19.0;";0;ETCS fallend;;;False;ETCS fallend;False;00:37:40;00:37:40;-;-;False;-;-;2260;2260
8639;ETCS fallend;0/00:37:41;0/00:37:41;00:38;00:38;00:38;00:38;-;80,00;77,67;80,00;-;80,00;-;K;-;ETCS-Stützstelle;;VDV2;VDV 2;0/00:07:06;-;140,00;1,0000;1,030;-;-;54,0;118,0;ETCS L1;False;False;54;-; 0,0; 0,0; 0,0;VDV2: Strecke 3 - Gleis 1 - Strecke 2;0,000000;42110,0;  0,0;4831,9;  0,0;1,030;1,00;1,00;"80 0622-19.0;";0;ETCS fallend;;;False;ETCS fallend;False;00:37:41;00:37:41;-;-;False;-;-;2261;2261
8664;ETCS fallend;0/00:37:42;0/00:37:42;00:38;00:38;00:38;00:38;-;80,00;77,67;80,00;-;80,00;-;K;-;ETCS-Stützstelle;;VDV2;VDV 2;0/00:07:07;-;140,00;1,0000;1,030;-;-;54,0;118,0;ETCS L1;False;False;54;-; 0,0; 0,0; 0,0;VDV2: Strecke 3 - Gleis 1 - Strecke 2;0,000000;42110,0;  0,0;4831,9;  0,0;1,030;1,00;1,00;"80 0622-19.0;";0;ETCS fallend;;;False;ETCS fallend;False;00:37:42;00:37:42;-;-;False;-;-;2262;2262
8689;ETCS fallend;0/00:37:43;0/00:37:43;00:38;00:38;00:38;00:38;-;80,00;77,67;80,00;-;80,00;-;K;-;ETCS-Stützstelle;;VDV2;VDV 2;0/00:07:08;-;140,00;1,0000;1,030;-;-;54,0;118,0;ETCS L1;False;False;54;-; 0,0; 0,0; 0,0;VDV2: Strecke 3 - Gleis 1 - Strecke 2;0,000000;42110,0;  0,0;4831,9;  0,0;1,030;1,00;1,00;"80 0622-19.0;";0;ETCS fallend;;;False;ETCS fallend;False;00:37:43;00:37:43;-;-;False;-;-;2263;2263
8714;ETCS fallend;0/00:37:45;0/00:37:45;00:38;00:38;00:38;00:38;-;80,00;77,67;80,00;-;80,00;-;K;-;ETCS-Stützstelle;;VDV2;VDV 2;0/00:07:09;-;140,00;1,0000;1,030;-;-;54,0;118,0;ETCS L1;False;False;54;-; 0,0; 0,0; 0,0;VDV2: Strecke 3 - Gleis 1 - Strecke 2;0,000000;42110,0;  0,0;4831,9;  0,0;1,030;1,00;1,00;"80 0622-19.0;";0;ETCS fallend;;;False;ETCS fallend;False;00:37:45;00:37:45;-;-;False;-;-;2265;2265
8739;ETCS fallend;0/00:37:46;0/00:37:46;00:38;00:38;00:38;00:38;-;80,00;77,67;80,00;-;80,00;-;K;-;ETCS-Stützstelle;;VDV2;VDV 2;0/00:07:10;-;140,00;1,0000;1,030;-;-;54,0;118,0;ETCS L1;False;False;54;-; 0,0; 0,0; 0,0;VDV2: Strecke 3 - Gleis 1 - Strecke 2;0,000000;42110,0;  0,0;4831,9;  0,0;1,030;1,00;1,00;"80 0622-19.0;";0;ETCS fallend;;;False;ETCS fallend;False;00:37:46;00:37:46;-;-;False;-;-;2266;2266
8764;ETCS fallend;0/00:37:47;0/00:37:47;00:38;00:38;00:38;00:38;-;80,00;77,67;80,00;-;80,00;-;K;-;ETCS-Stützstelle;;VDV2;VDV 2;0/00:07:11;-;140,00;1,0000;1,030;-;-;54,0;118,0;ETCS L1;False;False;54;-; 0,0; 0,0; 0,0;VDV2: Strecke 3 - Gleis 1 - Strecke 2;0,000000;42110,0;  0,0;4831,9;  0,0;1,030;1,00;1,00;"80 0622-19.0;";0;ETCS fallend;;;False;ETCS fallend;False;00:37:47;00:37:47;-;-;False;-;-;2267;2267
8789;ETCS fallend;0/00:37:48;0/00:37:48;00:38;00:38;00:38;00:38;-;80,00;77,67;80,00;-;80,00;-;K;-;ETCS-Stützstelle;;VDV2;VDV 2;0/00:07:13;-;140,00;1,0000;1,030;-;-;54,0;118,0;ETCS L1;False;False;54;-; 0,0; 0,0; 0,0;VDV2: Strecke 3 - Gleis 1 - Strecke 2;0,000000;42110,0;  0,0;4831,9;  0,0;1,030;1,00;1,00;"80 0622-19.0;";0;ETCS fallend;;;False;ETCS fallend;False;00:37:48;00:37:48;-;-;False;-;-;2268;2268
8814;ETCS fallend;0/00:37:49;0/00:37:49;00:38;00:38;00:38;00:38;-;80,00;77,67;80,00;-;80,00;-;K;-;ETCS-Stützstelle;;VDV2;VDV 2;0/00:07:14;-;140,00;1,0000;1,030;-;-;54,0;118,0;ETCS L1;False;False;54;-; 0,0; 0,0; 0,0;VDV2: Strecke 3 - Gleis 1 - Strecke 2;0,000000;42110,0;  0,0;4831,9;  0,0;1,030;1,00;1,00;"80 0622-19.0;";0;ETCS fallend;;;False;ETCS fallend;False;00:37:49;00:37:49;-;-;False;-;-;2269;2269
8839;ETCS fallend;0/00:37:50;0/00:37:50;00:38;00:38;00:38;00:38;-;80,00;77,67;80,00;-;80,00;-;K;-;ETCS-Stützstelle;;VDV2;VDV 2;0/00:07:15;-;140,00;1,0000;1,030;-;-;54,0;118,0;ETCS L1;False;False;54;-; 0,0; 0,0; 0,0;VDV2: Strecke 3 - Gleis 1 - Strecke 2;0,000000;42110,0;  0,0;4831,9;  0,0;1,030;1,00;1,00;"80 0622-19.0;";0;ETCS fallend;;;False;ETCS fallend;False;00:37:50;00:37:50;-;-;False;-;-;2270;2270
8864;ETCS fallend;0/00:37:52;0/00:37:52;00:38;00:38;00:38;00:38;-;80,00;77,67;80,00;-;80,00;-;K;-;ETCS-Stützstelle;;VDV2;VDV 2;0/00:07:16;-;140,00;1,0000;1,030;-;-;54,0;118,0;ETCS L1;False;False;54;-; 0,0; 0,0; 0,0;VDV2: Strecke 3 - Gleis 1 - Strecke 2;0,000000;42110,0;  0,0;4831,9;  0,0;1,030;1,00;1,00;"80 0622-19.0;";0;ETCS fallend;;;False;ETCS fallend;False;00:37:52;00:37:52;-;-;False;-;-;2272;2272
8889;ETCS fallend;0/00:37:53;0/00:37:53;00:38;00:38;00:38;00:38;-;80,00;77,67;80,00;-;80,00;-;K;-;ETCS-Stützstelle;;VDV2;VDV 2;0/00:07:17;-;140,00;1,0000;1,030;-;-;54,0;118,0;ETCS L1;False;False;54;-; 0,0; 0,0; 0,0;VDV2: Strecke 3 - Gleis 1 - Strecke 2;0,000000;42110,0;  0,0;4831,9;  0,0;1,030;1,00;1,00;"80 0622-19.0;";0;ETCS fallend;;;False;ETCS fallend;False;00:37:53;00:37:53;-;-;False;-;-;2273;2273
8914;ETCS fallend;0/00:37:54;0/00:37:54;00:38;00:38;00:38;00:38;-;80,00;77,67;80,00;-;80,00;-;K;-;ETCS-Stützstelle;;VDV2;VDV 2;0/00:07:18;-;140,00;1,0000;1,030;-;-;54,0;118,0;ETCS L1;False;False;54;-; 0,0; 0,0; 0,0;VDV2: Strecke 3 - Gleis 1 - Strecke 2;0,000000;42110,0;  0,0;4831,9;  0,0;1,030;1,00;1,00;"80 0622-19.0;";0;ETCS fallend;;;False;ETCS fallend;False;00:37:54;00:37:54;-;-;False;-;-;2274;2274
8939;ETCS fallend;0/00:37:55;0/00:37:55;00:38;00:38;00:38;00:38;-;80,00;77,67;80,00;-;80,00;-;K;-;ETCS-Stützstelle;;VDV2;VDV 2;0/00:07:19;-;140,00;1,0000;1,030;-;-;54,0;118,0;ETCS L1;False;False;54;-; 0,0; 0,0; 0,0;VDV2: Strecke 3 - Gleis 1 - Strecke 2;0,000000;42110,0;  0,0;4831,9;  0,0;1,030;1,00;1,00;"80 0622-19.0;";0;ETCS fallend;;;False;ETCS fallend;False;00:37:55;00:37:55;-;-;False;-;-;2275;2275
8964;ETCS fallend;0/00:37:56;0/00:37:56;00:38;00:38;00:38;00:38;-;80,00;77,67;80,00;-;80,00;-;K;-;ETCS-Stützstelle;;VDV2;VDV 2;0/00:07:20;-;140,00;1,0000;1,030;-;-;54,0;118,0;ETCS L1;False;False;54;-; 0,0; 0,0; 0,0;VDV2: Strecke 3 - Gleis 1 - Strecke 2;0,000000;42110,0;  0,0;4831,9;  0,0;1,030;1,00;1,00;"80 0622-19.0;";0;ETCS fallend;;;False;ETCS fallend;False;00:37:56;00:37:56;-;-;False;-;-;2276;2276
8989;ETCS fallend;0/00:37:57;0/00:37:57;00:38;00:38;00:38;00:38;-;80,00;77,67;80,00;-;80,00;-;K;-;ETCS-Stützstelle;;VDV2;VDV 2;0/00:07:22;-;140,00;1,0000;1,030;-;-;54,0;118,0;ETCS L1;False;False;54;-; 0,0; 0,0; 0,0;VDV2: Strecke 3 - Gleis 1 - Strecke 2;0,000000;42110,0;  0,0;4831,9;  0,0;1,030;1,00;1,00;"80 0622-19.0;";0;ETCS fallend;;;False;ETCS fallend;False;00:37:57;00:37:57;-;-;False;-;-;2277;2277
9014;ETCS fallend;0/00:37:59;0/00:37:59;00:38;00:38;00:38;00:38;-;80,00;77,67;80,00;-;80,00;-;K;-;ETCS-Stützstelle;;VDV2;VDV 2;0/00:07:23;-;140,00;1,0000;1,030;-;-;54,0;118,0;ETCS L1;False;False;54;-; 0,0; 0,0; 0,0;VDV2: Strecke 3 - Gleis 1 - Strecke 2;0,000000;42110,0;  0,0;4831,9;  0,0;1,030;1,00;1,00;"80 0622-19.0;";0;ETCS fallend;;;False;ETCS fallend;False;00:37:59;00:37:59;-;-;False;-;-;2279;2279
9039;ETCS fallend;0/00:38:00;0/00:38:00;00:38;00:38;00:38;00:38;-;80,00;77,67;80,00;-;80,00;-;K;-;ETCS-Stützstelle;;VDV2;VDV 2;0/00:07:24;-;140,00;1,0000;1,030;-;-;54,0;118,0;ETCS L1;False;False;54;-; 0,0; 0,0; 0,0;VDV2: Strecke 3 - Gleis 1 - Strecke 2;0,000000;42110,0;  0,0;4831,9;  0,0;1,030;1,00;1,00;"80 0622-19.0;";0;ETCS fallend;;;False;ETCS fallend;False;00:38:00;00:38:00;-;-;False;-;-;2280;2280
9064;ETCS fallend;0/00:38:01;0/00:38:01;00:38;00:38;00:38;00:38;-;80,00;77,67;80,00;-;80,00;-;K;-;ETCS-Stützstelle;;VDV2;VDV 2;0/00:07:25;-;140,00;1,0000;1,030;-;-;54,0;118,0;ETCS L1;False;False;54;-; 0,0; 0,0; 0,0;VDV2: Strecke 3 - Gleis 1 - Strecke 2;0,000000;42110,0;  0,0;4831,9;  0,0;1,030;1,00;1,00;"80 0622-19.0;";0;ETCS fallend;;;False;ETCS fallend;False;00:38:01;00:38:01;-;-;False;-;-;2281;2281
9089;ETCS fallend;0/00:38:02;0/00:38:02;00:38;00:38;00:38;00:38;-;80,00;77,67;80,00;-;80,00;-;K;-;ETCS-Stützstelle;;VDV2;VDV 2;0/00:07:26;-;140,00;1,0000;1,030;-;-;54,0;118,0;ETCS L1;False;False;54;-; 0,0; 0,0; 0,0;VDV2: Strecke 3 - Gleis 1 - Strecke 2;0,000000;42110,0;  0,0;4831,9;  0,0;1,030;1,00;1,00;"80 0622-19.0;";0;ETCS fallend;;;False;ETCS fallend;False;00:38:02;00:38:02;-;-;False;-;-;2282;2282
9114;ETCS fallend;0/00:38:03;0/00:38:03;00:38;00:38;00:38;00:38;-;80,00;77,67;80,00;-;80,00;-;K;-;ETCS-Stützstelle;;VDV2;VDV 2;0/00:07:27;-;140,00;1,0000;1,030;-;-;54,0;118,0;ETCS L1;False;False;54;-; 0,0; 0,0; 0,0;VDV2: Strecke 3 - Gleis 1 - Strecke 2;0,000000;42110,0;  0,0;4831,9;  0,0;1,030;1,00;1,00;"80 0622-19.0;";0;ETCS fallend;;;False;ETCS fallend;False;00:38:03;00:38:03;-;-;False;-;-;2283;2283
9139;ETCS fallend;0/00:38:04;0/00:38:04;00:38;00:38;00:38;00:38;-;80,00;77,67;80,00;-;80,00;-;K;-;ETCS-Stützstelle;;VDV2;VDV 2;0/00:07:28;-;140,00;1,0000;1,030;-;-;54,0;118,0;ETCS L1;False;False;54;-; 0,0; 0,0; 0,0;VDV2: Strecke 3 - Gleis 1 - Strecke 2;0,000000;42110,0;  0,0;4831,9;  0,0;1,030;1,00;1,00;"80 0622-19.0;";0;ETCS fallend;;;False;ETCS fallend;False;00:38:04;00:38:04;-;-;False;-;-;2284;2284
9164;ETCS fallend;0/00:38:05;0/00:38:05;00:38;00:38;00:38;00:38;-;80,00;77,67;80,00;-;80,00;-;K;-;ETCS-Stützstelle;;VDV2;VDV 2;0/00:07:29;-;140,00;1,0000;1,030;-;-;54,0;118,0;ETCS L1;False;False;54;-; 0,0; 0,0; 0,0;VDV2: Strecke 3 - Gleis 1 - Strecke 2;0,000000;42110,0;  0,0;4831,9;  0,0;1,030;1,00;1,00;"80 0622-19.0;";0;ETCS fallend;;;False;ETCS fallend;False;00:38:05;00:38:05;-;-;False;-;-;2285;2285
9189;ETCS fallend;0/00:38:07;0/00:38:07;00:38;00:38;00:38;00:38;-;80,00;77,67;80,00;-;80,00;-;K;-;ETCS-Stützstelle;;VDV2;VDV 2;0/00:07:31;-;140,00;1,0000;1,030;-;-;54,0;118,0;ETCS L1;False;False;54;-; 0,0; 0,0; 0,0;VDV2: Strecke 3 - Gleis 1 - Strecke 2;0,000000;42110,0;  0,0;4831,9;  0,0;1,030;1,00;1,00;"80 0622-19.0;";0;ETCS fallend;;;False;ETCS fallend;False;00:38:07;00:38:07;-;-;False;-;-;2287;2287
9214;ETCS fallend;0/00:38:08;0/00:38:08;00:38;00:38;00:38;00:38;-;80,00;77,67;80,00;-;80,00;-;K;-;ETCS-Stützstelle;;VDV2;VDV 2;0/00:07:32;-;140,00;1,0000;1,030;-;-;54,0;118,0;ETCS L1;False;False;54;-; 0,0; 0,0; 0,0;VDV2: Strecke 3 - Gleis 1 - Strecke 2;0,000000;42110,0;  0,0;4831,9;  0,0;1,030;1,00;1,00;"80 0622-19.0;";0;ETCS fallend;;;False;ETCS fallend;False;00:38:08;00:38:08;-;-;False;-;-;2288;2288
9239;ETCS fallend;0/00:38:09;0/00:38:09;00:38;00:38;00:38;00:38;-;80,00;77,67;80,00;-;80,00;-;K;-;ETCS-Stützstelle;;VDV2;VDV 2;0/00:07:33;-;140,00;1,0000;1,030;-;-;54,0;118,0;ETCS L1;False;False;54;-; 0,0; 0,0; 0,0;VDV2: Strecke 3 - Gleis 1 - Strecke 2;0,000000;42110,0;  0,0;4831,9;  0,0;1,030;1,00;1,00;"80 0622-19.0;";0;ETCS fallend;;;False;ETCS fallend;False;00:38:09;00:38:09;-;-;False;-;-;2289;2289
9264;ETCS fallend;0/00:38:10;0/00:38:10;00:38;00:38;00:38;00:38;-;80,00;77,67;80,00;-;80,00;-;K;-;ETCS-Stützstelle;;VDV2;VDV 2;0/00:07:34;-;140,00;1,0000;1,030;-;-;54,0;118,0;ETCS L1;False;False;54;-; 0,0; 0,0; 0,0;VDV2: Strecke 3 - Gleis 1 - Strecke 2;0,000000;42110,0;  0,0;4831,9;  0,0;1,030;1,00;1,00;"80 0622-19.0;";0;ETCS fallend;;;False;ETCS fallend;False;00:38:10;00:38:10;-;-;False;-;-;2290;2290
9289;ETCS fallend;0/00:38:11;0/00:38:11;00:38;00:38;00:38;00:38;-;80,00;77,67;80,00;-;80,00;-;K;-;ETCS-Stützstelle;;VDV2;VDV 2;0/00:07:35;-;140,00;1,0000;1,030;-;-;54,0;118,0;ETCS L1;False;False;54;-; 0,0; 0,0; 0,0;VDV2: Strecke 3 - Gleis 1 - Strecke 2;0,000000;42110,0;  0,0;4831,9;  0,0;1,030;1,00;1,00;"80 0622-19.0;";0;ETCS fallend;;;False;ETCS fallend;False;00:38:11;00:38:11;-;-;False;-;-;2291;2291
9314;ETCS fallend;0/00:38:12;0/00:38:12;00:38;00:38;00:38;00:38;-;80,00;77,67;80,00;-;80,00;-;K;-;ETCS-Stützstelle;;VDV2;VDV 2;0/00:07:36;-;140,00;1,0000;1,030;-;-;54,0;118,0;ETCS L1;False;False;54;-; 0,0; 0,0; 0,0;VDV2: Strecke 3 - Gleis 1 - Strecke 2;0,000000;42110,0;  0,0;4831,9;  0,0;1,030;1,00;1,00;"80 0622-19.0;";0;ETCS fallend;;;False;ETCS fallend;False;00:38:12;00:38:12;-;-;False;-;-;2292;2292
9339;ETCS fallend;0/00:38:14;0/00:38:14;00:38;00:38;00:38;00:38;-;80,00;77,67;80,00;-;80,00;-;K;-;ETCS-Stützstelle;;VDV2;VDV 2;0/00:07:37;-;140,00;1,0000;1,030;-;-;54,0;118,0;ETCS L1;False;False;54;-; 0,0; 0,0; 0,0;VDV2: Strecke 3 - Gleis 1 - Strecke 2;0,000000;42110,0;  0,0;4831,9;  0,0;1,030;1,00;1,00;"80 0622-19.0;";0;ETCS fallend;;;False;ETCS fallend;False;00:38:14;00:38:14;-;-;False;-;-;2294;2294
9364;ETCS fallend;0/00:38:15;0/00:38:15;00:38;00:38;00:38;00:38;-;80,00;77,67;80,00;-;80,00;-;K;-;ETCS-Stützstelle;;VDV2;VDV 2;0/00:07:38;-;140,00;1,0000;1,030;-;-;54,0;118,0;ETCS L1;False;False;54;-; 0,0; 0,0; 0,0;VDV2: Strecke 3 - Gleis 1 - Strecke 2;0,000000;42110,0;  0,0;4831,9;  0,0;1,030;1,00;1,00;"80 0622-19.0;";0;ETCS fallend;;;False;ETCS fallend;False;00:38:15;00:38:15;-;-;False;-;-;2295;2295
9389;ETCS fallend;0/00:38:16;0/00:38:16;00:38;00:38;00:38;00:38;-;80,00;77,67;80,00;-;80,00;-;K;-;ETCS-Stützstelle;;VDV2;VDV 2;0/00:07:40;-;140,00;1,0000;1,030;-;-;54,0;118,0;ETCS L1;False;False;54;-; 0,0; 0,0; 0,0;VDV2: Strecke 3 - Gleis 1 - Strecke 2;0,000000;42110,0;  0,0;4831,9;  0,0;1,030;1,00;1,00;"80 0622-19.0;";0;ETCS fallend;;;False;ETCS fallend;False;00:38:16;00:38:16;-;-;False;-;-;2296;2296
9414;ETCS fallend;0/00:38:17;0/00:38:17;00:38;00:38;00:38;00:38;-;80,00;77,67;80,00;-;80,00;-;K;-;ETCS-Stützstelle;;VDV2;VDV 2;0/00:07:41;-;140,00;1,0000;1,030;-;-;54,0;118,0;ETCS L1;False;False;54;-; 0,0; 0,0; 0,0;VDV2: Strecke 3 - Gleis 1 - Strecke 2;0,000000;42110,0;  0,0;4831,9;  0,0;1,030;1,00;1,00;"80 0622-19.0;";0;ETCS fallend;;;False;ETCS fallend;False;00:38:17;00:38:17;-;-;False;-;-;2297;2297
9439;ETCS fallend;0/00:38:18;0/00:38:18;00:38;00:38;00:38;00:38;-;80,00;77,67;80,00;-;80,00;-;K;-;ETCS-Stützstelle;;VDV2;VDV 2;0/00:07:42;-;140,00;1,0000;1,030;-;-;54,0;118,0;ETCS L1;False;False;54;-; 0,0; 0,0; 0,0;VDV2: Strecke 3 - Gleis 1 - Strecke 2;0,000000;42110,0;  0,0;4831,9;  0,0;1,030;1,00;1,00;"80 0622-19.0;";0;ETCS fallend;;;False;ETCS fallend;False;00:38:18;00:38:18;-;-;False;-;-;2298;2298
9464;ETCS fallend;0/00:38:19;0/00:38:19;00:38;00:38;00:38;00:38;-;80,00;77,67;80,00;-;80,00;-;K;-;ETCS-Stützstelle;;VDV2;VDV 2;0/00:07:43;-;140,00;1,0000;1,030;-;-;54,0;118,0;ETCS L1;False;False;54;-; 0,0; 0,0; 0,0;VDV2: Strecke 3 - Gleis 1 - Strecke 2;0,000000;42110,0;  0,0;4831,9;  0,0;1,030;1,00;1,00;"80 0622-19.0;";0;ETCS fallend;;;False;ETCS fallend;False;00:38:19;00:38:19;-;-;False;-;-;2299;2299
9489;ETCS fallend;0/00:38:21;0/00:38:21;00:38;00:38;00:38;00:38;-;80,00;77,67;80,00;-;80,00;-;K;-;ETCS-Stützstelle;;VDV2;VDV 2;0/00:07:44;-;140,00;1,0000;1,030;-;-;54,0;118,0;ETCS L1;False;False;54;-; 0,0; 0,0; 0,0;VDV2: Strecke 3 - Gleis 1 - Strecke 2;0,000000;42110,0;  0,0;4831,9;  0,0;1,030;1,00;1,00;"80 0622-19.0;";0;ETCS fallend;;;False;ETCS fallend;False;00:38:21;00:38:21;-;-;False;-;-;2301;2301
9500;ETCS fallend;0/00:38:21;0/00:38:21;00:38;00:38;00:38;00:38;-;80,00;77,67;80,00;-;80,00;-;K;-;VDV2 20.500 3521-0 Betriebsstellengrenze, =>S2 3521-0, Gleis 0;;VDV2;VDV 2;0/00:07:45;-;140,00;1,0000;1,030;-;-;54,0;118,0;ETCS L1;False;False;0;-; 0,0; 0,0; 0,0;VDV2: Strecke 3 - Gleis 1 - Strecke 2;0,000000;42110,0;  0,0;4831,9;  0,0;1,030;1,00;1,00;"80 0622-19.0;";0;ETCS fallend;3521;0;True;ETCS fallend;False;00:38:21;00:38:21;-;-;False;-;Betriebsstellengrenze 3521-0 - Weiche 02W1 A (3521);2301;2301
9500;ETCS fallend;0/00:38:21;0/00:38:21;00:38;00:38;00:38;00:38;-;80,00;77,67;80,00;-;80,00;-;K;-;S2 20.500 3521-0 Betriebsstellengrenze, =>VDV2 3521-0, Gleis 0;;S2;Strecke 2;0/00:07:45;-;140,00;1,0000;1,030;-;-;54,0;118,0;ETCS L1;False;False;0;-; 0,0; 0,0; 0,0;S2: VDV 2 - Strecke 2 - VDV 1;0,000000;42110,0;  0,0;4831,9;  0,0;1,030;1,00;1,00;"80 0622-19.0;";0;ETCS fallend;3521;0;True;ETCS fallend;False;00:38:21;00:38:21;-;-;False;-;Betriebsstellengrenze 3521-0 - Betriebsstellengrenze 3521-0 (3521);2301;2301
9525;ETCS fallend;0/00:38:22;0/00:38:22;00:38;00:38;00:38;00:38;-;80,00;77,67;80,00;-;80,00;-;K;-;ETCS-Stützstelle;;S2;Strecke 2;0/00:07:46;-;140,00;1,0000;1,030;-;-;54,0;118,0;ETCS L1;False;False;0;-; 0,0; 0,0; 0,0;S2: VDV 2 - Strecke 2 - VDV 1;0,000000;42110,0;  0,0;4831,9;  0,0;1,030;1,00;1,00;"80 0622-19.0;";0;ETCS fallend;;;False;ETCS fallend;False;00:38:22;00:38:22;-;-;False;-;-;2302;2302
9550;ETCS fallend;0/00:38:23;0/00:38:23;00:38;00:38;00:38;00:38;-;80,00;77,67;80,00;-;80,00;-;K;-;ETCS-Stützstelle;;S2;Strecke 2;0/00:07:47;-;140,00;1,0000;1,030;-;-;54,0;118,0;ETCS L1;False;False;0;-; 0,0; 0,0; 0,0;S2: VDV 2 - Strecke 2 - VDV 1;0,000000;42110,0;  0,0;4831,9;  0,0;1,030;1,00;1,00;"80 0622-19.0;";0;ETCS fallend;;;False;ETCS fallend;False;00:38:23;00:38:23;-;-;False;-;-;2303;2303
9575;ETCS fallend;0/00:38:25;0/00:38:25;00:38;00:38;00:38;00:38;-;80,00;77,67;80,00;-;80,00;-;K;-;ETCS-Stützstelle;;S2;Strecke 2;0/00:07:48;-;140,00;1,0000;1,030;-;-;54,0;118,0;ETCS L1;False;False;0;-; 0,0; 0,0; 0,0;S2: VDV 2 - Strecke 2 - VDV 1;0,000000;42110,0;  0,0;4831,9;  0,0;1,030;1,00;1,00;"80 0622-19.0;";0;ETCS fallend;;;False;ETCS fallend;False;00:38:25;00:38:25;-;-;False;-;-;2305;2305
9600;ETCS fallend;0/00:38:26;0/00:38:26;00:38;00:38;00:38;00:38;-;80,00;77,67;80,00;-;80,00;-;K;-;ETCS-Stützstelle;;S2;Strecke 2;0/00:07:49;-;140,00;1,0000;1,030;-;-;54,0;118,0;ETCS L1;False;False;0;-; 0,0; 0,0; 0,0;S2: VDV 2 - Strecke 2 - VDV 1;0,000000;42110,0;  0,0;4831,9;  0,0;1,030;1,00;1,00;"80 0622-19.0;";0;ETCS fallend;;;False;ETCS fallend;False;00:38:26;00:38:26;-;-;False;-;-;2306;2306
9625;ETCS fallend;0/00:38:27;0/00:38:27;00:38;00:38;00:38;00:38;-;80,00;77,67;80,00;-;80,00;-;K;-;ETCS-Stützstelle;;S2;Strecke 2;0/00:07:50;-;140,00;1,0000;1,030;-;-;54,0;118,0;ETCS L1;False;False;0;-; 0,0; 0,0; 0,0;S2: VDV 2 - Strecke 2 - VDV 1;0,000000;42110,0;  0,0;4831,9;  0,0;1,030;1,00;1,00;"80 0622-19.0;";0;ETCS fallend;;;False;ETCS fallend;False;00:38:27;00:38:27;-;-;False;-;-;2307;2307
9650;ETCS fallend;0/00:38:28;0/00:38:28;00:38;00:38;00:38;00:38;-;80,00;77,67;80,00;-;80,00;-;K;-;ETCS-Stützstelle;;S2;Strecke 2;0/00:07:51;-;140,00;1,0000;1,030;-;-;54,0;118,0;ETCS L1;False;False;0;-; 0,0; 0,0; 0,0;S2: VDV 2 - Strecke 2 - VDV 1;0,000000;42110,0;  0,0;4831,9;  0,0;1,030;1,00;1,00;"80 0622-19.0;";0;ETCS fallend;;;False;ETCS fallend;False;00:38:28;00:38:28;-;-;False;-;-;2308;2308
9675;ETCS fallend;0/00:38:29;0/00:38:29;00:38;00:38;00:38;00:38;-;80,00;77,67;80,00;-;80,00;-;K;-;ETCS-Stützstelle;;S2;Strecke 2;0/00:07:52;-;140,00;1,0000;1,030;-;-;54,0;118,0;ETCS L1;False;False;0;-; 0,0; 0,0; 0,0;S2: VDV 2 - Strecke 2 - VDV 1;0,000000;42110,0;  0,0;4831,9;  0,0;1,030;1,00;1,00;"80 0622-19.0;";0;ETCS fallend;;;False;ETCS fallend;False;00:38:29;00:38:29;-;-;False;-;-;2309;2309
9700;ETCS fallend;0/00:38:30;0/00:38:30;00:39;00:39;00:39;00:39;-;80,00;77,67;80,00;-;80,00;-;K;-;ETCS-Stützstelle;;S2;Strecke 2;0/00:07:54;-;140,00;1,0000;1,030;-;-;54,0;118,0;ETCS L1;False;False;0;-; 0,0; 0,0; 0,0;S2: VDV 2 - Strecke 2 - VDV 1;0,000000;42110,0;  0,0;4831,9;  0,0;1,030;1,00;1,00;"80 0622-19.0;";0;ETCS fallend;;;False;ETCS fallend;False;00:38:30;00:38:30;-;-;False;-;-;2310;2310
9725;ETCS fallend;0/00:38:31;0/00:38:31;00:39;00:39;00:39;00:39;-;80,00;77,67;80,00;-;80,00;-;K;-;ETCS-Stützstelle;;S2;Strecke 2;0/00:07:55;-;140,00;1,0000;1,030;-;-;54,0;118,0;ETCS L1;False;False;0;-; 0,0; 0,0; 0,0;S2: VDV 2 - Strecke 2 - VDV 1;0,000000;42110,0;  0,0;4831,9;  0,0;1,030;1,00;1,00;"80 0622-19.0;";0;ETCS fallend;;;False;ETCS fallend;False;00:38:31;00:38:31;-;-;False;-;-;2311;2311
9750;ETCS fallend;0/00:38:33;0/00:38:33;00:39;00:39;00:39;00:39;-;80,00;77,67;80,00;-;80,00;-;K;-;ETCS-Stützstelle;;S2;Strecke 2;0/00:07:56;-;140,00;1,0000;1,030;-;-;54,0;118,0;ETCS L1;False;False;0;-; 0,0; 0,0; 0,0;S2: VDV 2 - Strecke 2 - VDV 1;0,000000;42110,0;  0,0;4831,9;  0,0;1,030;1,00;1,00;"80 0622-19.0;";0;ETCS fallend;;;False;ETCS fallend;False;00:38:33;00:38:33;-;-;False;-;-;2313;2313
9775;ETCS fallend;0/00:38:34;0/00:38:34;00:39;00:39;00:39;00:39;-;80,00;77,67;80,00;-;80,00;-;K;-;ETCS-Stützstelle;;S2;Strecke 2;0/00:07:57;-;140,00;1,0000;1,030;-;-;54,0;118,0;ETCS L1;False;False;0;-; 0,0; 0,0; 0,0;S2: VDV 2 - Strecke 2 - VDV 1;0,000000;42110,0;  0,0;4831,9;  0,0;1,030;1,00;1,00;"80 0622-19.0;";0;ETCS fallend;;;False;ETCS fallend;False;00:38:34;00:38:34;-;-;False;-;-;2314;2314
9800;ETCS fallend;0/00:38:35;0/00:38:35;00:39;00:39;00:39;00:39;-;80,00;77,67;80,00;-;80,00;-;K;-;ETCS-Stützstelle;;S2;Strecke 2;0/00:07:58;-;140,00;1,0000;1,030;-;-;54,0;118,0;ETCS L1;False;False;0;-; 0,0; 0,0; 0,0;S2: VDV 2 - Strecke 2 - VDV 1;0,000000;42110,0;  0,0;4831,9;  0,0;1,030;1,00;1,00;"80 0622-19.0;";0;ETCS fallend;;;False;ETCS fallend;False;00:38:35;00:38:35;-;-;False;-;-;2315;2315
9825;ETCS fallend;0/00:38:36;0/00:38:36;00:39;00:39;00:39;00:39;-;80,00;77,67;80,00;-;80,00;-;K;-;ETCS-Stützstelle;;S2;Strecke 2;0/00:07:59;-;140,00;1,0000;1,030;-;-;54,0;118,0;ETCS L1;False;False;0;-; 0,0; 0,0; 0,0;S2: VDV 2 - Strecke 2 - VDV 1;0,000000;42110,0;  0,0;4831,9;  0,0;1,030;1,00;1,00;"80 0622-19.0;";0;ETCS fallend;;;False;ETCS fallend;False;00:38:36;00:38:36;-;-;False;-;-;2316;2316
9850;ETCS fallend;0/00:38:37;0/00:38:37;00:39;00:39;00:39;00:39;-;80,00;77,67;80,00;-;80,00;-;K;-;ETCS-Stützstelle;;S2;Strecke 2;0/00:08:00;-;140,00;1,0000;1,030;-;-;54,0;118,0;ETCS L1;False;False;0;-; 0,0; 0,0; 0,0;S2: VDV 2 - Strecke 2 - VDV 1;0,000000;42110,0;  0,0;4831,9;  0,0;1,030;1,00;1,00;"80 0622-19.0;";0;ETCS fallend;;;False;ETCS fallend;False;00:38:37;00:38:37;-;-;False;-;-;2317;2317
9875;ETCS fallend;0/00:38:38;0/00:38:38;00:39;00:39;00:39;00:39;-;80,00;77,67;80,00;-;80,00;-;K;-;ETCS-Stützstelle;;S2;Strecke 2;0/00:08:01;-;140,00;1,0000;1,030;-;-;54,0;118,0;ETCS L1;False;False;0;-; 0,0; 0,0; 0,0;S2: VDV 2 - Strecke 2 - VDV 1;0,000000;42110,0;  0,0;4831,9;  0,0;1,030;1,00;1,00;"80 0622-19.0;";0;ETCS fallend;;;False;ETCS fallend;False;00:38:38;00:38:38;-;-;False;-;-;2318;2318
9900;ETCS fallend;0/00:38:40;0/00:38:40;00:39;00:39;00:39;00:39;-;80,00;77,67;80,00;-;80,00;-;K;-;ETCS-Stützstelle;;S2;Strecke 2;0/00:08:03;-;140,00;1,0000;1,030;-;-;54,0;118,0;ETCS L1;False;False;0;-; 0,0; 0,0; 0,0;S2: VDV 2 - Strecke 2 - VDV 1;0,000000;42110,0;  0,0;4831,9;  0,0;1,030;1,00;1,00;"80 0622-19.0;";0;ETCS fallend;;;False;ETCS fallend;False;00:38:40;00:38:40;-;-;False;-;-;2320;2320
9925;ETCS fallend;0/00:38:41;0/00:38:41;00:39;00:39;00:39;00:39;-;80,00;77,67;80,00;-;80,00;-;K;-;ETCS-Stützstelle;;S2;Strecke 2;0/00:08:04;-;140,00;1,0000;1,030;-;-;54,0;118,0;ETCS L1;False;False;0;-; 0,0; 0,0; 0,0;S2: VDV 2 - Strecke 2 - VDV 1;0,000000;42110,0;  0,0;4831,9;  0,0;1,030;1,00;1,00;"80 0622-19.0;";0;ETCS fallend;;;False;ETCS fallend;False;00:38:41;00:38:41;-;-;False;-;-;2321;2321
9950;ETCS fallend;0/00:38:42;0/00:38:42;00:39;00:39;00:39;00:39;-;80,00;77,67;80,00;-;80,00;-;K;-;ETCS-Stützstelle;;S2;Strecke 2;0/00:08:05;-;140,00;1,0000;1,030;-;-;54,0;118,0;ETCS L1;False;False;0;-; 0,0; 0,0; 0,0;S2: VDV 2 - Strecke 2 - VDV 1;0,000000;42110,0;  0,0;4831,9;  0,0;1,030;1,00;1,00;"80 0622-19.0;";0;ETCS fallend;;;False;ETCS fallend;False;00:38:42;00:38:42;-;-;False;-;-;2322;2322
9975;ETCS fallend;0/00:38:43;0/00:38:43;00:39;00:39;00:39;00:39;-;80,00;77,67;80,00;-;80,00;-;K;-;ETCS-Stützstelle;;S2;Strecke 2;0/00:08:06;-;140,00;1,0000;1,030;-;-;54,0;118,0;ETCS L1;False;False;0;-; 0,0; 0,0; 0,0;S2: VDV 2 - Strecke 2 - VDV 1;0,000000;42110,0;  0,0;4831,9;  0,0;1,030;1,00;1,00;"80 0622-19.0;";0;ETCS fallend;;;False;ETCS fallend;False;00:38:43;00:38:43;-;-;False;-;-;2323;2323
10000;ETCS fallend;0/00:38:44;0/00:38:44;00:39;00:39;00:39;00:39;-;80,00;77,67;80,00;-;80,00;-;K;-;ETCS-Stützstelle;;S2;Strecke 2;0/00:08:07;-;140,00;1,0000;1,030;-;-;54,0;118,0;ETCS L1;False;False;0;-; 0,0; 0,0; 0,0;S2: VDV 2 - Strecke 2 - VDV 1;0,000000;42110,0;  0,0;4831,9;  0,0;1,030;1,00;1,00;"80 0622-19.0;";0;ETCS fallend;;;False;ETCS fallend;False;00:38:44;00:38:44;-;-;False;-;-;2324;2324
10025;ETCS fallend;0/00:38:45;0/00:38:45;00:39;00:39;00:39;00:39;-;80,00;77,67;80,00;-;80,00;-;K;-;ETCS-Stützstelle;;S2;Strecke 2;0/00:08:08;-;140,00;1,0000;1,030;-;-;54,0;118,0;ETCS L1;False;False;0;-; 0,0; 0,0; 0,0;S2: VDV 2 - Strecke 2 - VDV 1;0,000000;42110,0;  0,0;4831,9;  0,0;1,030;1,00;1,00;"80 0622-19.0;";0;ETCS fallend;;;False;ETCS fallend;False;00:38:45;00:38:45;-;-;False;-;-;2325;2325
10050;ETCS fallend;0/00:38:47;0/00:38:47;00:39;00:39;00:39;00:39;-;80,00;77,67;80,00;-;80,00;-;K;-;ETCS-Stützstelle;;S2;Strecke 2;0/00:08:09;-;140,00;1,0000;1,030;-;-;54,0;118,0;ETCS L1;False;False;0;-; 0,0; 0,0; 0,0;S2: VDV 2 - Strecke 2 - VDV 1;0,000000;42110,0;  0,0;4831,9;  0,0;1,030;1,00;1,00;"80 0622-19.0;";0;ETCS fallend;;;False;ETCS fallend;False;00:38:47;00:38:47;-;-;False;-;-;2327;2327
10075;ETCS fallend;0/00:38:48;0/00:38:48;00:39;00:39;00:39;00:39;-;80,00;77,67;80,00;-;80,00;-;K;-;ETCS-Stützstelle;;S2;Strecke 2;0/00:08:10;-;140,00;1,0000;1,030;-;-;54,0;118,0;ETCS L1;False;False;0;-; 0,0; 0,0; 0,0;S2: VDV 2 - Strecke 2 - VDV 1;0,000000;42110,0;  0,0;4831,9;  0,0;1,030;1,00;1,00;"80 0622-19.0;";0;ETCS fallend;;;False;ETCS fallend;False;00:38:48;00:38:48;-;-;False;-;-;2328;2328
10100;ETCS fallend;0/00:38:49;0/00:38:49;00:39;00:39;00:39;00:39;-;80,00;77,67;80,00;-;80,00;-;K;-;ETCS-Stützstelle;;S2;Strecke 2;0/00:08:12;-;140,00;1,0000;1,030;-;-;54,0;118,0;ETCS L1;False;False;0;-; 0,0; 0,0; 0,0;S2: VDV 2 - Strecke 2 - VDV 1;0,000000;42110,0;  0,0;4831,9;  0,0;1,030;1,00;1,00;"80 0622-19.0;";0;ETCS fallend;;;False;ETCS fallend;False;00:38:49;00:38:49;-;-;False;-;-;2329;2329
10125;ETCS fallend;0/00:38:50;0/00:38:50;00:39;00:39;00:39;00:39;-;80,00;77,67;80,00;-;80,00;-;K;-;ETCS-Stützstelle;;S2;Strecke 2;0/00:08:13;-;140,00;1,0000;1,030;-;-;54,0;118,0;ETCS L1;False;False;0;-; 0,0; 0,0; 0,0;S2: VDV 2 - Strecke 2 - VDV 1;0,000000;42110,0;  0,0;4831,9;  0,0;1,030;1,00;1,00;"80 0622-19.0;";0;ETCS fallend;;;False;ETCS fallend;False;00:38:50;00:38:50;-;-;False;-;-;2330;2330
10150;ETCS fallend;0/00:38:51;0/00:38:51;00:39;00:39;00:39;00:39;-;80,00;77,67;80,00;-;80,00;-;K;-;ETCS-Stützstelle;;S2;Strecke 2;0/00:08:14;-;140,00;1,0000;1,030;-;-;54,0;118,0;ETCS L1;False;False;0;-; 0,0; 0,0; 0,0;S2: VDV 2 - Strecke 2 - VDV 1;0,000000;42110,0;  0,0;4831,9;  0,0;1,030;1,00;1,00;"80 0622-19.0;";0;ETCS fallend;;;False;ETCS fallend;False;00:38:51;00:38:51;-;-;False;-;-;2331;2331
10175;ETCS fallend;0/00:38:52;0/00:38:52;00:39;00:39;00:39;00:39;-;80,00;77,67;80,00;-;80,00;-;K;-;ETCS-Stützstelle;;S2;Strecke 2;0/00:08:15;-;140,00;1,0000;1,030;-;-;54,0;118,0;ETCS L1;False;False;0;-; 0,0; 0,0; 0,0;S2: VDV 2 - Strecke 2 - VDV 1;0,000000;42110,0;  0,0;4831,9;  0,0;1,030;1,00;1,00;"80 0622-19.0;";0;ETCS fallend;;;False;ETCS fallend;False;00:38:52;00:38:52;-;-;False;-;-;2332;2332
10200;ETCS fallend;0/00:38:53;0/00:38:53;00:39;00:39;00:39;00:39;-;80,00;77,67;80,00;-;80,00;-;K;-;ETCS-Stützstelle;;S2;Strecke 2;0/00:08:16;-;140,00;1,0000;1,030;-;-;54,0;118,0;ETCS L1;False;False;0;-; 0,0; 0,0; 0,0;S2: VDV 2 - Strecke 2 - VDV 1;0,000000;42110,0;  0,0;4831,9;  0,0;1,030;1,00;1,00;"80 0622-19.0;";0;ETCS fallend;;;False;ETCS fallend;False;00:38:53;00:38:53;-;-;False;-;-;2333;2333
10225;ETCS fallend;0/00:38:55;0/00:38:55;00:39;00:39;00:39;00:39;-;80,00;77,67;80,00;-;80,00;-;K;-;ETCS-Stützstelle;;S2;Strecke 2;0/00:08:17;-;140,00;1,0000;1,030;-;-;54,0;118,0;ETCS L1;False;False;0;-; 0,0; 0,0; 0,0;S2: VDV 2 - Strecke 2 - VDV 1;0,000000;42110,0;  0,0;4831,9;  0,0;1,030;1,00;1,00;"80 0622-19.0;";0;ETCS fallend;;;False;ETCS fallend;False;00:38:55;00:38:55;-;-;False;-;-;2335;2335
10250;ETCS fallend;0/00:38:56;0/00:38:56;00:39;00:39;00:39;00:39;-;80,00;77,67;80,00;-;80,00;-;K;-;ETCS-Stützstelle;;S2;Strecke 2;0/00:08:18;-;140,00;1,0000;1,030;-;-;54,0;118,0;ETCS L1;False;False;0;-; 0,0; 0,0; 0,0;S2: VDV 2 - Strecke 2 - VDV 1;0,000000;42110,0;  0,0;4831,9;  0,0;1,030;1,00;1,00;"80 0622-19.0;";0;ETCS fallend;;;False;ETCS fallend;False;00:38:56;00:38:56;-;-;False;-;-;2336;2336
10275;ETCS fallend;0/00:38:57;0/00:38:57;00:39;00:39;00:39;00:39;-;80,00;77,67;80,00;-;80,00;-;K;-;ETCS-Stützstelle;;S2;Strecke 2;0/00:08:19;-;140,00;1,0000;1,030;-;-;54,0;118,0;ETCS L1;False;False;0;-; 0,0; 0,0; 0,0;S2: VDV 2 - Strecke 2 - VDV 1;0,000000;42110,0;  0,0;4831,9;  0,0;1,030;1,00;1,00;"80 0622-19.0;";0;ETCS fallend;;;False;ETCS fallend;False;00:38:57;00:38:57;-;-;False;-;-;2337;2337
10300;ETCS fallend;0/00:38:58;0/00:38:58;00:39;00:39;00:39;00:39;-;80,00;77,67;80,00;-;80,00;-;K;-;ETCS-Stützstelle;;S2;Strecke 2;0/00:08:21;-;140,00;1,0000;1,030;-;-;54,0;118,0;ETCS L1;False;False;0;-; 0,0; 0,0; 0,0;S2: VDV 2 - Strecke 2 - VDV 1;0,000000;42110,0;  0,0;4831,9;  0,0;1,030;1,00;1,00;"80 0622-19.0;";0;ETCS fallend;;;False;ETCS fallend;False;00:38:58;00:38:58;-;-;False;-;-;2338;2338
10325;ETCS fallend;0/00:38:59;0/00:38:59;00:39;00:39;00:39;00:39;-;80,00;77,67;80,00;-;80,00;-;K;-;ETCS-Stützstelle;;S2;Strecke 2;0/00:08:22;-;140,00;1,0000;1,030;-;-;54,0;118,0;ETCS L1;False;False;0;-; 0,0; 0,0; 0,0;S2: VDV 2 - Strecke 2 - VDV 1;0,000000;42110,0;  0,0;4831,9;  0,0;1,030;1,00;1,00;"80 0622-19.0;";0;ETCS fallend;;;False;ETCS fallend;False;00:38:59;00:38:59;-;-;False;-;-;2339;2339
10350;ETCS fallend;0/00:39:00;0/00:39:00;00:39;00:39;00:39;00:39;-;80,00;77,67;80,00;-;80,00;-;K;-;ETCS-Stützstelle;;S2;Strecke 2;0/00:08:23;-;140,00;1,0000;1,030;-;-;54,0;118,0;ETCS L1;False;False;0;-; 0,0; 0,0; 0,0;S2: VDV 2 - Strecke 2 - VDV 1;0,000000;42110,0;  0,0;4831,9;  0,0;1,030;1,00;1,00;"80 0622-19.0;";0;ETCS fallend;;;False;ETCS fallend;False;00:39:00;00:39:00;-;-;False;-;-;2340;2340
10375;ETCS fallend;0/00:39:02;0/00:39:02;00:39;00:39;00:39;00:39;-;80,00;77,67;80,00;-;80,00;-;K;-;ETCS-Stützstelle;;S2;Strecke 2;0/00:08:24;-;140,00;1,0000;1,030;-;-;54,0;118,0;ETCS L1;False;False;0;-; 0,0; 0,0; 0,0;S2: VDV 2 - Strecke 2 - VDV 1;0,000000;42110,0;  0,0;4831,9;  0,0;1,030;1,00;1,00;"80 0622-19.0;";0;ETCS fallend;;;False;ETCS fallend;False;00:39:02;00:39:02;-;-;False;-;-;2342;2342
10400;ETCS fallend;0/00:39:03;0/00:39:03;00:39;00:39;00:39;00:39;-;80,00;77,67;80,00;-;80,00;-;K;-;ETCS-Stützstelle;;S2;Strecke 2;0/00:08:25;-;140,00;1,0000;1,030;-;-;54,0;118,0;ETCS L1;False;False;0;-; 0,0; 0,0; 0,0;S2: VDV 2 - Strecke 2 - VDV 1;0,000000;42110,0;  0,0;4831,9;  0,0;1,030;1,00;1,00;"80 0622-19.0;";0;ETCS fallend;;;False;ETCS fallend;False;00:39:03;00:39:03;-;-;False;-;-;2343;2343
10425;ETCS fallend;0/00:39:04;0/00:39:04;00:39;00:39;00:39;00:39;-;80,00;77,67;80,00;-;80,00;-;K;-;ETCS-Stützstelle;;S2;Strecke 2;0/00:08:26;-;140,00;1,0000;1,030;-;-;54,0;118,0;ETCS L1;False;False;0;-; 0,0; 0,0; 0,0;S2: VDV 2 - Strecke 2 - VDV 1;0,000000;42110,0;  0,0;4831,9;  0,0;1,030;1,00;1,00;"80 0622-19.0;";0;ETCS fallend;;;False;ETCS fallend;False;00:39:04;00:39:04;-;-;False;-;-;2344;2344
10450;ETCS fallend;0/00:39:05;0/00:39:05;00:39;00:39;00:39;00:39;-;80,00;77,67;80,00;-;80,00;-;K;-;ETCS-Stützstelle;;S2;Strecke 2;0/00:08:27;-;140,00;1,0000;1,030;-;-;54,0;118,0;ETCS L1;False;False;0;-; 0,0; 0,0; 0,0;S2: VDV 2 - Strecke 2 - VDV 1;0,000000;42110,0;  0,0;4831,9;  0,0;1,030;1,00;1,00;"80 0622-19.0;";0;ETCS fallend;;;False;ETCS fallend;False;00:39:05;00:39:05;-;-;False;-;-;2345;2345
10475;ETCS fallend;0/00:39:06;0/00:39:06;00:39;00:39;00:39;00:39;-;80,00;77,67;80,00;-;80,00;-;K;-;ETCS-Stützstelle;;S2;Strecke 2;0/00:08:28;-;140,00;1,0000;1,030;-;-;54,0;118,0;ETCS L1;False;False;0;-; 0,0; 0,0; 0,0;S2: VDV 2 - Strecke 2 - VDV 1;0,000000;42110,0;  0,0;4831,9;  0,0;1,030;1,00;1,00;"80 0622-19.0;";0;ETCS fallend;;;False;ETCS fallend;False;00:39:06;00:39:06;-;-;False;-;-;2346;2346
10500;ETCS fallend;0/00:39:07;0/00:39:07;00:39;00:39;00:39;00:39;-;80,00;77,67;80,00;-;80,00;-;K;-;ETCS-Stützstelle;;S2;Strecke 2;0/00:08:30;-;140,00;1,0000;1,030;-;-;54,0;118,0;ETCS L1;False;False;0;-; 0,0; 0,0; 0,0;S2: VDV 2 - Strecke 2 - VDV 1;0,000000;42110,0;  0,0;4831,9;  0,0;1,030;1,00;1,00;"80 0622-19.0;";0;ETCS fallend;;;False;ETCS fallend;False;00:39:07;00:39:07;-;-;False;-;-;2347;2347
10525;ETCS fallend;0/00:39:09;0/00:39:09;00:39;00:39;00:39;00:39;-;80,00;77,67;80,00;-;80,00;-;K;-;ETCS-Stützstelle;;S2;Strecke 2;0/00:08:31;-;140,00;1,0000;1,030;-;-;54,0;118,0;ETCS L1;False;False;0;-; 0,0; 0,0; 0,0;S2: VDV 2 - Strecke 2 - VDV 1;0,000000;42110,0;  0,0;4831,9;  0,0;1,030;1,00;1,00;"80 0622-19.0;";0;ETCS fallend;;;False;ETCS fallend;False;00:39:09;00:39:09;-;-;False;-;-;2349;2349
10550;ETCS fallend;0/00:39:10;0/00:39:10;00:39;00:39;00:39;00:39;-;80,00;77,67;80,00;-;80,00;-;K;-;ETCS-Stützstelle;;S2;Strecke 2;0/00:08:32;-;140,00;1,0000;1,030;-;-;54,0;118,0;ETCS L1;False;False;0;-; 0,0; 0,0; 0,0;S2: VDV 2 - Strecke 2 - VDV 1;0,000000;42110,0;  0,0;4831,9;  0,0;1,030;1,00;1,00;"80 0622-19.0;";0;ETCS fallend;;;False;ETCS fallend;False;00:39:10;00:39:10;-;-;False;-;-;2350;2350
10575;ETCS fallend;0/00:39:11;0/00:39:11;00:39;00:39;00:39;00:39;-;80,00;77,67;80,00;-;80,00;-;K;-;ETCS-Stützstelle;;S2;Strecke 2;0/00:08:33;-;140,00;1,0000;1,030;-;-;54,0;118,0;ETCS L1;False;False;0;-; 0,0; 0,0; 0,0;S2: VDV 2 - Strecke 2 - VDV 1;0,000000;42110,0;  0,0;4831,9;  0,0;1,030;1,00;1,00;"80 0622-19.0;";0;ETCS fallend;;;False;ETCS fallend;False;00:39:11;00:39:11;-;-;False;-;-;2351;2351
10600;ETCS fallend;0/00:39:12;0/00:39:12;00:39;00:39;00:39;00:39;-;80,00;77,67;80,00;-;80,00;-;K;-;ETCS-Stützstelle;;S2;Strecke 2;0/00:08:34;-;140,00;1,0000;1,030;-;-;54,0;118,0;ETCS L1;False;False;0;-; 0,0; 0,0; 0,0;S2: VDV 2 - Strecke 2 - VDV 1;0,000000;42110,0;  0,0;4831,9;  0,0;1,030;1,00;1,00;"80 0622-19.0;";0;ETCS fallend;;;False;ETCS fallend;False;00:39:12;00:39:12;-;-;False;-;-;2352;2352
10625;ETCS fallend;0/00:39:13;0/00:39:13;00:39;00:39;00:39;00:39;-;80,00;77,67;80,00;-;80,00;-;K;-;ETCS-Stützstelle;;S2;Strecke 2;0/00:08:35;-;140,00;1,0000;1,030;-;-;54,0;118,0;ETCS L1;False;False;0;-; 0,0; 0,0; 0,0;S2: VDV 2 - Strecke 2 - VDV 1;0,000000;42110,0;  0,0;4831,9;  0,0;1,030;1,00;1,00;"80 0622-19.0;";0;ETCS fallend;;;False;ETCS fallend;False;00:39:13;00:39:13;-;-;False;-;-;2353;2353
10650;ETCS fallend;0/00:39:14;0/00:39:14;00:39;00:39;00:39;00:39;-;80,00;77,67;80,00;-;80,00;-;K;-;ETCS-Stützstelle;;S2;Strecke 2;0/00:08:36;-;140,00;1,0000;1,030;-;-;54,0;118,0;ETCS L1;False;False;0;-; 0,0; 0,0; 0,0;S2: VDV 2 - Strecke 2 - VDV 1;0,000000;42110,0;  0,0;4831,9;  0,0;1,030;1,00;1,00;"80 0622-19.0;";0;ETCS fallend;;;False;ETCS fallend;False;00:39:14;00:39:14;-;-;False;-;-;2354;2354
10675;ETCS fallend;0/00:39:16;0/00:39:16;00:39;00:39;00:39;00:39;-;80,00;77,67;80,00;-;80,00;-;K;-;ETCS-Stützstelle;;S2;Strecke 2;0/00:08:37;-;140,00;1,0000;1,030;-;-;54,0;118,0;ETCS L1;False;False;0;-; 0,0; 0,0; 0,0;S2: VDV 2 - Strecke 2 - VDV 1;0,000000;42110,0;  0,0;4831,9;  0,0;1,030;1,00;1,00;"80 0622-19.0;";0;ETCS fallend;;;False;ETCS fallend;False;00:39:16;00:39:16;-;-;False;-;-;2356;2356
10700;ETCS fallend;0/00:39:17;0/00:39:17;00:39;00:39;00:39;00:39;-;80,00;77,67;80,00;-;80,00;-;K;-;ETCS-Stützstelle;;S2;Strecke 2;0/00:08:39;-;140,00;1,0000;1,030;-;-;54,0;118,0;ETCS L1;False;False;0;-; 0,0; 0,0; 0,0;S2: VDV 2 - Strecke 2 - VDV 1;0,000000;42110,0;  0,0;4831,9;  0,0;1,030;1,00;1,00;"80 0622-19.0;";0;ETCS fallend;;;False;ETCS fallend;False;00:39:17;00:39:17;-;-;False;-;-;2357;2357
10725;ETCS fallend;0/00:39:18;0/00:39:18;00:39;00:39;00:39;00:39;-;80,00;77,67;80,00;-;80,00;-;K;-;ETCS-Stützstelle;;S2;Strecke 2;0/00:08:40;-;140,00;1,0000;1,030;-;-;54,0;118,0;ETCS L1;False;False;0;-; 0,0; 0,0; 0,0;S2: VDV 2 - Strecke 2 - VDV 1;0,000000;42110,0;  0,0;4831,9;  0,0;1,030;1,00;1,00;"80 0622-19.0;";0;ETCS fallend;;;False;ETCS fallend;False;00:39:18;00:39:18;-;-;False;-;-;2358;2358
10750;ETCS fallend;0/00:39:19;0/00:39:19;00:39;00:39;00:39;00:39;-;80,00;77,67;80,00;-;80,00;-;K;-;ETCS-Stützstelle;;S2;Strecke 2;0/00:08:41;-;140,00;1,0000;1,030;-;-;54,0;118,0;ETCS L1;False;False;0;-; 0,0; 0,0; 0,0;S2: VDV 2 - Strecke 2 - VDV 1;0,000000;42110,0;  0,0;4831,9;  0,0;1,030;1,00;1,00;"80 0622-19.0;";0;ETCS fallend;;;False;ETCS fallend;False;00:39:19;00:39:19;-;-;False;-;-;2359;2359
10775;ETCS fallend;0/00:39:20;0/00:39:20;00:39;00:39;00:39;00:39;-;80,00;77,67;80,00;-;80,00;-;K;-;ETCS-Stützstelle;;S2;Strecke 2;0/00:08:42;-;140,00;1,0000;1,030;-;-;54,0;118,0;ETCS L1;False;False;0;-; 0,0; 0,0; 0,0;S2: VDV 2 - Strecke 2 - VDV 1;0,000000;42110,0;  0,0;4831,9;  0,0;1,030;1,00;1,00;"80 0622-19.0;";0;ETCS fallend;;;False;ETCS fallend;False;00:39:20;00:39:20;-;-;False;-;-;2360;2360
10800;ETCS fallend;0/00:39:21;0/00:39:21;00:39;00:39;00:39;00:39;-;80,00;77,67;80,00;-;80,00;-;K;-;ETCS-Stützstelle;;S2;Strecke 2;0/00:08:43;-;140,00;1,0000;1,030;-;-;54,0;118,0;ETCS L1;False;False;0;-; 0,0; 0,0; 0,0;S2: VDV 2 - Strecke 2 - VDV 1;0,000000;42110,0;  0,0;4831,9;  0,0;1,030;1,00;1,00;"80 0622-19.0;";0;ETCS fallend;;;False;ETCS fallend;False;00:39:21;00:39:21;-;-;False;-;-;2361;2361
10825;ETCS fallend;0/00:39:22;0/00:39:22;00:39;00:39;00:39;00:39;-;80,00;77,67;80,00;-;80,00;-;K;-;ETCS-Stützstelle;;S2;Strecke 2;0/00:08:44;-;140,00;1,0000;1,030;-;-;54,0;118,0;ETCS L1;False;False;0;-; 0,0; 0,0; 0,0;S2: VDV 2 - Strecke 2 - VDV 1;0,000000;42110,0;  0,0;4831,9;  0,0;1,030;1,00;1,00;"80 0622-19.0;";0;ETCS fallend;;;False;ETCS fallend;False;00:39:22;00:39:22;-;-;False;-;-;2362;2362
10850;ETCS fallend;0/00:39:24;0/00:39:24;00:39;00:39;00:39;00:39;-;80,00;77,67;80,00;-;80,00;-;K;-;ETCS-Stützstelle;;S2;Strecke 2;0/00:08:45;-;140,00;1,0000;1,030;-;-;54,0;118,0;ETCS L1;False;False;0;-; 0,0; 0,0; 0,0;S2: VDV 2 - Strecke 2 - VDV 1;0,000000;42110,0;  0,0;4831,9;  0,0;1,030;1,00;1,00;"80 0622-19.0;";0;ETCS fallend;;;False;ETCS fallend;False;00:39:24;00:39:24;-;-;False;-;-;2364;2364
10875;ETCS fallend;0/00:39:25;0/00:39:25;00:39;00:39;00:39;00:39;-;80,00;77,67;80,00;-;80,00;-;K;-;ETCS-Stützstelle;;S2;Strecke 2;0/00:08:46;-;140,00;1,0000;1,030;-;-;54,0;118,0;ETCS L1;False;False;0;-; 0,0; 0,0; 0,0;S2: VDV 2 - Strecke 2 - VDV 1;0,000000;42110,0;  0,0;4831,9;  0,0;1,030;1,00;1,00;"80 0622-19.0;";0;ETCS fallend;;;False;ETCS fallend;False;00:39:25;00:39:25;-;-;False;-;-;2365;2365
10900;ETCS fallend;0/00:39:26;0/00:39:26;00:39;00:39;00:39;00:39;-;80,00;77,67;80,00;-;80,00;-;K;-;ETCS-Stützstelle;;S2;Strecke 2;0/00:08:48;-;140,00;1,0000;1,030;-;-;54,0;118,0;ETCS L1;False;False;0;-; 0,0; 0,0; 0,0;S2: VDV 2 - Strecke 2 - VDV 1;0,000000;42110,0;  0,0;4831,9;  0,0;1,030;1,00;1,00;"80 0622-19.0;";0;ETCS fallend;;;False;ETCS fallend;False;00:39:26;00:39:26;-;-;False;-;-;2366;2366
10925;ETCS fallend;0/00:39:27;0/00:39:27;00:39;00:39;00:39;00:39;-;80,00;77,67;80,00;-;80,00;-;K;-;ETCS-Stützstelle;;S2;Strecke 2;0/00:08:49;-;140,00;1,0000;1,030;-;-;54,0;118,0;ETCS L1;False;False;0;-; 0,0; 0,0; 0,0;S2: VDV 2 - Strecke 2 - VDV 1;0,000000;42110,0;  0,0;4831,9;  0,0;1,030;1,00;1,00;"80 0622-19.0;";0;ETCS fallend;;;False;ETCS fallend;False;00:39:27;00:39:27;-;-;False;-;-;2367;2367
10950;ETCS fallend;0/00:39:28;0/00:39:28;00:39;00:39;00:39;00:39;-;80,00;77,67;80,00;-;80,00;-;K;-;ETCS-Stützstelle;;S2;Strecke 2;0/00:08:50;-;140,00;1,0000;1,030;-;-;54,0;118,0;ETCS L1;False;False;0;-; 0,0; 0,0; 0,0;S2: VDV 2 - Strecke 2 - VDV 1;0,000000;42110,0;  0,0;4831,9;  0,0;1,030;1,00;1,00;"80 0622-19.0;";0;ETCS fallend;;;False;ETCS fallend;False;00:39:28;00:39:28;-;-;False;-;-;2368;2368
10975;ETCS fallend;0/00:39:29;0/00:39:29;00:39;00:39;00:39;00:39;-;80,00;77,67;80,00;-;80,00;-;K;-;ETCS-Stützstelle;;S2;Strecke 2;0/00:08:51;-;140,00;1,0000;1,030;-;-;54,0;118,0;ETCS L1;False;False;0;-; 0,0; 0,0; 0,0;S2: VDV 2 - Strecke 2 - VDV 1;0,000000;42110,0;  0,0;4831,9;  0,0;1,030;1,00;1,00;"80 0622-19.0;";0;ETCS fallend;;;False;ETCS fallend;False;00:39:29;00:39:29;-;-;False;-;-;2369;2369
11000;ETCS fallend;0/00:39:31;0/00:39:31;00:40;00:40;00:40;00:40;-;80,00;77,67;80,00;-;80,00;-;K;-;ETCS-Stützstelle;;S2;Strecke 2;0/00:08:52;-;140,00;1,0000;1,030;-;-;54,0;118,0;ETCS L1;False;False;0;-; 0,0; 0,0; 0,0;S2: VDV 2 - Strecke 2 - VDV 1;0,000000;42110,0;  0,0;4831,9;  0,0;1,030;1,00;1,00;"80 0622-19.0;";0;ETCS fallend;;;False;ETCS fallend;False;00:39:31;00:39:31;-;-;False;-;-;2371;2371
11025;ETCS fallend;0/00:39:32;0/00:39:32;00:40;00:40;00:40;00:40;-;80,00;77,67;80,00;-;80,00;-;K;-;ETCS-Stützstelle;;S2;Strecke 2;0/00:08:53;-;140,00;1,0000;1,030;-;-;54,0;118,0;ETCS L1;False;False;0;-; 0,0; 0,0; 0,0;S2: VDV 2 - Strecke 2 - VDV 1;0,000000;42110,0;  0,0;4831,9;  0,0;1,030;1,00;1,00;"80 0622-19.0;";0;ETCS fallend;;;False;ETCS fallend;False;00:39:32;00:39:32;-;-;False;-;-;2372;2372
11050;ETCS fallend;0/00:39:33;0/00:39:33;00:40;00:40;00:40;00:40;-;80,00;77,67;80,00;-;80,00;-;K;-;ETCS-Stützstelle;;S2;Strecke 2;0/00:08:54;-;140,00;1,0000;1,030;-;-;54,0;118,0;ETCS L1;False;False;0;-; 0,0; 0,0; 0,0;S2: VDV 2 - Strecke 2 - VDV 1;0,000000;42110,0;  0,0;4831,9;  0,0;1,030;1,00;1,00;"80 0622-19.0;";0;ETCS fallend;;;False;ETCS fallend;False;00:39:33;00:39:33;-;-;False;-;-;2373;2373
11075;ETCS fallend;0/00:39:34;0/00:39:34;00:40;00:40;00:40;00:40;-;80,00;77,67;80,00;-;80,00;-;K;-;ETCS-Stützstelle;;S2;Strecke 2;0/00:08:55;-;140,00;1,0000;1,030;-;-;54,0;118,0;ETCS L1;False;False;0;-; 0,0; 0,0; 0,0;S2: VDV 2 - Strecke 2 - VDV 1;0,000000;42110,0;  0,0;4831,9;  0,0;1,030;1,00;1,00;"80 0622-19.0;";0;ETCS fallend;;;False;ETCS fallend;False;00:39:34;00:39:34;-;-;False;-;-;2374;2374
11100;ETCS fallend;0/00:39:35;0/00:39:35;00:40;00:40;00:40;00:40;-;80,00;77,67;80,00;-;80,00;-;K;-;ETCS-Stützstelle;;S2;Strecke 2;0/00:08:57;-;140,00;1,0000;1,030;-;-;54,0;118,0;ETCS L1;False;False;0;-; 0,0; 0,0; 0,0;S2: VDV 2 - Strecke 2 - VDV 1;0,000000;42110,0;  0,0;4831,9;  0,0;1,030;1,00;1,00;"80 0622-19.0;";0;ETCS fallend;;;False;ETCS fallend;False;00:39:35;00:39:35;-;-;False;-;-;2375;2375
11125;ETCS fallend;0/00:39:36;0/00:39:36;00:40;00:40;00:40;00:40;-;80,00;77,67;80,00;-;80,00;-;K;-;ETCS-Stützstelle;;S2;Strecke 2;0/00:08:58;-;140,00;1,0000;1,030;-;-;54,0;118,0;ETCS L1;False;False;0;-; 0,0; 0,0; 0,0;S2: VDV 2 - Strecke 2 - VDV 1;0,000000;42110,0;  0,0;4831,9;  0,0;1,030;1,00;1,00;"80 0622-19.0;";0;ETCS fallend;;;False;ETCS fallend;False;00:39:36;00:39:36;-;-;False;-;-;2376;2376
11150;ETCS fallend;0/00:39:38;0/00:39:38;00:40;00:40;00:40;00:40;-;80,00;77,67;80,00;-;80,00;-;K;-;ETCS-Stützstelle;;S2;Strecke 2;0/00:08:59;-;140,00;1,0000;1,030;-;-;54,0;118,0;ETCS L1;False;False;0;-; 0,0; 0,0; 0,0;S2: VDV 2 - Strecke 2 - VDV 1;0,000000;42110,0;  0,0;4831,9;  0,0;1,030;1,00;1,00;"80 0622-19.0;";0;ETCS fallend;;;False;ETCS fallend;False;00:39:38;00:39:38;-;-;False;-;-;2378;2378
11175;ETCS fallend;0/00:39:39;0/00:39:39;00:40;00:40;00:40;00:40;-;80,00;77,67;80,00;-;80,00;-;K;-;ETCS-Stützstelle;;S2;Strecke 2;0/00:09:00;-;140,00;1,0000;1,030;-;-;54,0;118,0;ETCS L1;False;False;0;-; 0,0; 0,0; 0,0;S2: VDV 2 - Strecke 2 - VDV 1;0,000000;42110,0;  0,0;4831,9;  0,0;1,030;1,00;1,00;"80 0622-19.0;";0;ETCS fallend;;;False;ETCS fallend;False;00:39:39;00:39:39;-;-;False;-;-;2379;2379
11200;ETCS fallend;0/00:39:40;0/00:39:40;00:40;00:40;00:40;00:40;-;80,00;77,67;80,00;-;80,00;-;K;-;ETCS-Stützstelle;;S2;Strecke 2;0/00:09:01;-;140,00;1,0000;1,030;-;-;54,0;118,0;ETCS L1;False;False;0;-; 0,0; 0,0; 0,0;S2: VDV 2 - Strecke 2 - VDV 1;0,000000;42110,0;  0,0;4831,9;  0,0;1,030;1,00;1,00;"80 0622-19.0;";0;ETCS fallend;;;False;ETCS fallend;False;00:39:40;00:39:40;-;-;False;-;-;2380;2380
11225;ETCS fallend;0/00:39:41;0/00:39:41;00:40;00:40;00:40;00:40;-;80,00;77,67;80,00;-;80,00;-;K;-;ETCS-Stützstelle;;S2;Strecke 2;0/00:09:02;-;140,00;1,0000;1,030;-;-;54,0;118,0;ETCS L1;False;False;0;-; 0,0; 0,0; 0,0;S2: VDV 2 - Strecke 2 - VDV 1;0,000000;42110,0;  0,0;4831,9;  0,0;1,030;1,00;1,00;"80 0622-19.0;";0;ETCS fallend;;;False;ETCS fallend;False;00:39:41;00:39:41;-;-;False;-;-;2381;2381
11250;ETCS fallend;0/00:39:42;0/00:39:42;00:40;00:40;00:40;00:40;-;80,00;77,67;80,00;-;80,00;-;K;-;ETCS-Stützstelle;;S2;Strecke 2;0/00:09:03;-;140,00;1,0000;1,030;-;-;54,0;118,0;ETCS L1;False;False;0;-; 0,0; 0,0; 0,0;S2: VDV 2 - Strecke 2 - VDV 1;0,000000;42110,0;  0,0;4831,9;  0,0;1,030;1,00;1,00;"80 0622-19.0;";0;ETCS fallend;;;False;ETCS fallend;False;00:39:42;00:39:42;-;-;False;-;-;2382;2382
11275;ETCS fallend;0/00:39:43;0/00:39:43;00:40;00:40;00:40;00:40;-;80,00;77,67;80,00;-;80,00;-;K;-;ETCS-Stützstelle;;S2;Strecke 2;0/00:09:04;-;140,00;1,0000;1,030;-;-;54,0;118,0;ETCS L1;False;False;0;-; 0,0; 0,0; 0,0;S2: VDV 2 - Strecke 2 - VDV 1;0,000000;42110,0;  0,0;4831,9;  0,0;1,030;1,00;1,00;"80 0622-19.0;";0;ETCS fallend;;;False;ETCS fallend;False;00:39:43;00:39:43;-;-;False;-;-;2383;2383
11300;ETCS fallend;0/00:39:44;0/00:39:44;00:40;00:40;00:40;00:40;-;80,00;77,67;80,00;-;80,00;-;K;-;ETCS-Stützstelle;;S2;Strecke 2;0/00:09:06;-;140,00;1,0000;1,030;-;-;54,0;118,0;ETCS L1;False;False;0;-; 0,0; 0,0; 0,0;S2: VDV 2 - Strecke 2 - VDV 1;0,000000;42110,0;  0,0;4831,9;  0,0;1,030;1,00;1,00;"80 0622-19.0;";0;ETCS fallend;;;False;ETCS fallend;False;00:39:44;00:39:44;-;-;False;-;-;2384;2384
11325;ETCS fallend;0/00:39:46;0/00:39:46;00:40;00:40;00:40;00:40;-;80,00;77,67;80,00;-;80,00;-;K;-;ETCS-Stützstelle;;S2;Strecke 2;0/00:09:07;-;140,00;1,0000;1,030;-;-;54,0;118,0;ETCS L1;False;False;0;-; 0,0; 0,0; 0,0;S2: VDV 2 - Strecke 2 - VDV 1;0,000000;42110,0;  0,0;4831,9;  0,0;1,030;1,00;1,00;"80 0622-19.0;";0;ETCS fallend;;;False;ETCS fallend;False;00:39:46;00:39:46;-;-;False;-;-;2386;2386
11350;ETCS fallend;0/00:39:47;0/00:39:47;00:40;00:40;00:40;00:40;-;80,00;77,67;80,00;-;80,00;-;K;-;ETCS-Stützstelle;;S2;Strecke 2;0/00:09:08;-;140,00;1,0000;1,030;-;-;54,0;118,0;ETCS L1;False;False;0;-; 0,0; 0,0; 0,0;S2: VDV 2 - Strecke 2 - VDV 1;0,000000;42110,0;  0,0;4831,9;  0,0;1,030;1,00;1,00;"80 0622-19.0;";0;ETCS fallend;;;False;ETCS fallend;False;00:39:47;00:39:47;-;-;False;-;-;2387;2387
11375;ETCS fallend;0/00:39:48;0/00:39:48;00:40;00:40;00:40;00:40;-;80,00;77,67;80,00;-;80,00;-;K;-;ETCS-Stützstelle;;S2;Strecke 2;0/00:09:09;-;140,00;1,0000;1,030;-;-;54,0;118,0;ETCS L1;False;False;0;-; 0,0; 0,0; 0,0;S2: VDV 2 - Strecke 2 - VDV 1;0,000000;42110,0;  0,0;4831,9;  0,0;1,030;1,00;1,00;"80 0622-19.0;";0;ETCS fallend;;;False;ETCS fallend;False;00:39:48;00:39:48;-;-;False;-;-;2388;2388
11400;ETCS fallend;0/00:39:49;0/00:39:49;00:40;00:40;00:40;00:40;-;80,00;77,67;80,00;-;80,00;-;K;-;ETCS-Stützstelle;;S2;Strecke 2;0/00:09:10;-;140,00;1,0000;1,030;-;-;54,0;118,0;ETCS L1;False;False;0;-; 0,0; 0,0; 0,0;S2: VDV 2 - Strecke 2 - VDV 1;0,000000;42110,0;  0,0;4831,9;  0,0;1,030;1,00;1,00;"80 0622-19.0;";0;ETCS fallend;;;False;ETCS fallend;False;00:39:49;00:39:49;-;-;False;-;-;2389;2389
11425;ETCS fallend;0/00:39:50;0/00:39:50;00:40;00:40;00:40;00:40;-;80,00;77,67;80,00;-;80,00;-;K;-;ETCS-Stützstelle;;S2;Strecke 2;0/00:09:11;-;140,00;1,0000;1,030;-;-;54,0;118,0;ETCS L1;False;False;0;-; 0,0; 0,0; 0,0;S2: VDV 2 - Strecke 2 - VDV 1;0,000000;42110,0;  0,0;4831,9;  0,0;1,030;1,00;1,00;"80 0622-19.0;";0;ETCS fallend;;;False;ETCS fallend;False;00:39:50;00:39:50;-;-;False;-;-;2390;2390
11450;ETCS fallend;0/00:39:51;0/00:39:51;00:40;00:40;00:40;00:40;-;80,00;77,67;80,00;-;80,00;-;K;-;ETCS-Stützstelle;;S2;Strecke 2;0/00:09:12;-;140,00;1,0000;1,030;-;-;54,0;118,0;ETCS L1;False;False;0;-; 0,0; 0,0; 0,0;S2: VDV 2 - Strecke 2 - VDV 1;0,000000;42110,0;  0,0;4831,9;  0,0;1,030;1,00;1,00;"80 0622-19.0;";0;ETCS fallend;;;False;ETCS fallend;False;00:39:51;00:39:51;-;-;False;-;-;2391;2391
11475;ETCS fallend;0/00:39:53;0/00:39:53;00:40;00:40;00:40;00:40;-;80,00;77,67;80,00;-;80,00;-;K;-;ETCS-Stützstelle;;S2;Strecke 2;0/00:09:13;-;140,00;1,0000;1,030;-;-;54,0;118,0;ETCS L1;False;False;0;-; 0,0; 0,0; 0,0;S2: VDV 2 - Strecke 2 - VDV 1;0,000000;42110,0;  0,0;4831,9;  0,0;1,030;1,00;1,00;"80 0622-19.0;";0;ETCS fallend;;;False;ETCS fallend;False;00:39:53;00:39:53;-;-;False;-;-;2393;2393
11500;ETCS fallend;0/00:39:54;0/00:39:54;00:40;00:40;00:40;00:40;-;80,00;77,67;80,00;-;80,00;-;K;-;ETCS-Stützstelle;;S2;Strecke 2;0/00:09:15;-;140,00;1,0000;1,030;-;-;54,0;118,0;ETCS L1;False;False;0;-; 0,0; 0,0; 0,0;S2: VDV 2 - Strecke 2 - VDV 1;0,000000;42110,0;  0,0;4831,9;  0,0;1,030;1,00;1,00;"80 0622-19.0;";0;ETCS fallend;;;False;ETCS fallend;False;00:39:54;00:39:54;-;-;False;-;-;2394;2394
11525;ETCS fallend;0/00:39:55;0/00:39:55;00:40;00:40;00:40;00:40;-;80,00;77,67;80,00;-;80,00;-;K;-;ETCS-Stützstelle;;S2;Strecke 2;0/00:09:16;-;140,00;1,0000;1,030;-;-;54,0;118,0;ETCS L1;False;False;0;-; 0,0; 0,0; 0,0;S2: VDV 2 - Strecke 2 - VDV 1;0,000000;42110,0;  0,0;4831,9;  0,0;1,030;1,00;1,00;"80 0622-19.0;";0;ETCS fallend;;;False;ETCS fallend;False;00:39:55;00:39:55;-;-;False;-;-;2395;2395
11550;ETCS fallend;0/00:39:56;0/00:39:56;00:40;00:40;00:40;00:40;-;80,00;77,67;80,00;-;80,00;-;K;-;ETCS-Stützstelle;;S2;Strecke 2;0/00:09:17;-;140,00;1,0000;1,030;-;-;54,0;118,0;ETCS L1;False;False;0;-; 0,0; 0,0; 0,0;S2: VDV 2 - Strecke 2 - VDV 1;0,000000;42110,0;  0,0;4831,9;  0,0;1,030;1,00;1,00;"80 0622-19.0;";0;ETCS fallend;;;False;ETCS fallend;False;00:39:56;00:39:56;-;-;False;-;-;2396;2396
11575;ETCS fallend;0/00:39:57;0/00:39:57;00:40;00:40;00:40;00:40;-;80,00;77,67;80,00;-;80,00;-;K;-;ETCS-Stützstelle;;S2;Strecke 2;0/00:09:18;-;140,00;1,0000;1,030;-;-;54,0;118,0;ETCS L1;False;False;0;-; 0,0; 0,0; 0,0;S2: VDV 2 - Strecke 2 - VDV 1;0,000000;42110,0;  0,0;4831,9;  0,0;1,030;1,00;1,00;"80 0622-19.0;";0;ETCS fallend;;;False;ETCS fallend;False;00:39:57;00:39:57;-;-;False;-;-;2397;2397
11600;ETCS fallend;0/00:39:58;0/00:39:58;00:40;00:40;00:40;00:40;-;80,00;77,67;80,00;-;80,00;-;K;-;ETCS-Stützstelle;;S2;Strecke 2;0/00:09:19;-;140,00;1,0000;1,030;-;-;54,0;118,0;ETCS L1;False;False;0;-; 0,0; 0,0; 0,0;S2: VDV 2 - Strecke 2 - VDV 1;0,000000;42110,0;  0,0;4831,9;  0,0;1,030;1,00;1,00;"80 0622-19.0;";0;ETCS fallend;;;False;ETCS fallend;False;00:39:58;00:39:58;-;-;False;-;-;2398;2398
11625;ETCS fallend;0/00:40:00;0/00:40:00;00:40;00:40;00:40;00:40;-;80,00;77,67;80,00;-;80,00;-;K;-;ETCS-Stützstelle;;S2;Strecke 2;0/00:09:20;-;140,00;1,0000;1,030;-;-;54,0;118,0;ETCS L1;False;False;0;-; 0,0; 0,0; 0,0;S2: VDV 2 - Strecke 2 - VDV 1;0,000000;42110,0;  0,0;4831,9;  0,0;1,030;1,00;1,00;"80 0622-19.0;";0;ETCS fallend;;;False;ETCS fallend;False;00:40:00;00:40:00;-;-;False;-;-;2400;2400
11650;ETCS fallend;0/00:40:01;0/00:40:01;00:40;00:40;00:40;00:40;-;80,00;77,67;80,00;-;80,00;-;K;-;ETCS-Stützstelle;;S2;Strecke 2;0/00:09:21;-;140,00;1,0000;1,030;-;-;54,0;118,0;ETCS L1;False;False;0;-; 0,0; 0,0; 0,0;S2: VDV 2 - Strecke 2 - VDV 1;0,000000;42110,0;  0,0;4831,9;  0,0;1,030;1,00;1,00;"80 0622-19.0;";0;ETCS fallend;;;False;ETCS fallend;False;00:40:01;00:40:01;-;-;False;-;-;2401;2401
11675;ETCS fallend;0/00:40:02;0/00:40:02;00:40;00:40;00:40;00:40;-;80,00;77,67;80,00;-;80,00;-;K;-;ETCS-Stützstelle;;S2;Strecke 2;0/00:09:22;-;140,00;1,0000;1,030;-;-;54,0;118,0;ETCS L1;False;False;0;-; 0,0; 0,0; 0,0;S2: VDV 2 - Strecke 2 - VDV 1;0,000000;42110,0;  0,0;4831,9;  0,0;1,030;1,00;1,00;"80 0622-19.0;";0;ETCS fallend;;;False;ETCS fallend;False;00:40:02;00:40:02;-;-;False;-;-;2402;2402
11700;ETCS fallend;0/00:40:03;0/00:40:03;00:40;00:40;00:40;00:40;-;80,00;77,67;80,00;-;80,00;-;K;-;ETCS-Stützstelle;;S2;Strecke 2;0/00:09:24;-;140,00;1,0000;1,030;-;-;54,0;118,0;ETCS L1;False;False;0;-; 0,0; 0,0; 0,0;S2: VDV 2 - Strecke 2 - VDV 1;0,000000;42110,0;  0,0;4831,9;  0,0;1,030;1,00;1,00;"80 0622-19.0;";0;ETCS fallend;;;False;ETCS fallend;False;00:40:03;00:40:03;-;-;False;-;-;2403;2403
11725;ETCS fallend;0/00:40:04;0/00:40:04;00:40;00:40;00:40;00:40;-;80,00;77,67;80,00;-;80,00;-;K;-;ETCS-Stützstelle;;S2;Strecke 2;0/00:09:25;-;140,00;1,0000;1,030;-;-;54,0;118,0;ETCS L1;False;False;0;-; 0,0; 0,0; 0,0;S2: VDV 2 - Strecke 2 - VDV 1;0,000000;42110,0;  0,0;4831,9;  0,0;1,030;1,00;1,00;"80 0622-19.0;";0;ETCS fallend;;;False;ETCS fallend;False;00:40:04;00:40:04;-;-;False;-;-;2404;2404
11750;ETCS fallend;0/00:40:05;0/00:40:05;00:40;00:40;00:40;00:40;-;80,00;77,67;80,00;-;80,00;-;K;-;ETCS-Stützstelle;;S2;Strecke 2;0/00:09:26;-;140,00;1,0000;1,030;-;-;54,0;118,0;ETCS L1;False;False;0;-; 0,0; 0,0; 0,0;S2: VDV 2 - Strecke 2 - VDV 1;0,000000;42110,0;  0,0;4831,9;  0,0;1,030;1,00;1,00;"80 0622-19.0;";0;ETCS fallend;;;False;ETCS fallend;False;00:40:05;00:40:05;-;-;False;-;-;2405;2405
11775;ETCS fallend;0/00:40:06;0/00:40:06;00:40;00:40;00:40;00:40;-;80,00;77,67;80,00;-;80,00;-;K;-;ETCS-Stützstelle;;S2;Strecke 2;0/00:09:27;-;140,00;1,0000;1,030;-;-;54,0;118,0;ETCS L1;False;False;0;-; 0,0; 0,0; 0,0;S2: VDV 2 - Strecke 2 - VDV 1;0,000000;42110,0;  0,0;4831,9;  0,0;1,030;1,00;1,00;"80 0622-19.0;";0;ETCS fallend;;;False;ETCS fallend;False;00:40:06;00:40:06;-;-;False;-;-;2406;2406
11800;ETCS fallend;0/00:40:08;0/00:40:08;00:40;00:40;00:40;00:40;-;80,00;77,67;80,00;-;80,00;-;K;-;ETCS-Stützstelle;;S2;Strecke 2;0/00:09:28;-;140,00;1,0000;1,030;-;-;54,0;118,0;ETCS L1;False;False;0;-; 0,0; 0,0; 0,0;S2: VDV 2 - Strecke 2 - VDV 1;0,000000;42110,0;  0,0;4831,9;  0,0;1,030;1,00;1,00;"80 0622-19.0;";0;ETCS fallend;;;False;ETCS fallend;False;00:40:08;00:40:08;-;-;False;-;-;2408;2408
11825;ETCS fallend;0/00:40:09;0/00:40:09;00:40;00:40;00:40;00:40;-;80,00;77,67;80,00;-;80,00;-;K;-;ETCS-Stützstelle;;S2;Strecke 2;0/00:09:29;-;140,00;1,0000;1,030;-;-;54,0;118,0;ETCS L1;False;False;0;-; 0,0; 0,0; 0,0;S2: VDV 2 - Strecke 2 - VDV 1;0,000000;42110,0;  0,0;4831,9;  0,0;1,030;1,00;1,00;"80 0622-19.0;";0;ETCS fallend;;;False;ETCS fallend;False;00:40:09;00:40:09;-;-;False;-;-;2409;2409
11850;ETCS fallend;0/00:40:10;0/00:40:10;00:40;00:40;00:40;00:40;-;80,00;77,67;80,00;-;80,00;-;K;-;ETCS-Stützstelle;;S2;Strecke 2;0/00:09:30;-;140,00;1,0000;1,030;-;-;54,0;118,0;ETCS L1;False;False;0;-; 0,0; 0,0; 0,0;S2: VDV 2 - Strecke 2 - VDV 1;0,000000;42110,0;  0,0;4831,9;  0,0;1,030;1,00;1,00;"80 0622-19.0;";0;ETCS fallend;;;False;ETCS fallend;False;00:40:10;00:40:10;-;-;False;-;-;2410;2410
11875;ETCS fallend;0/00:40:11;0/00:40:11;00:40;00:40;00:40;00:40;-;80,00;77,67;80,00;-;80,00;-;K;-;ETCS-Stützstelle;;S2;Strecke 2;0/00:09:31;-;140,00;1,0000;1,030;-;-;54,0;118,0;ETCS L1;False;False;0;-; 0,0; 0,0; 0,0;S2: VDV 2 - Strecke 2 - VDV 1;0,000000;42110,0;  0,0;4831,9;  0,0;1,030;1,00;1,00;"80 0622-19.0;";0;ETCS fallend;;;False;ETCS fallend;False;00:40:11;00:40:11;-;-;False;-;-;2411;2411
11900;ETCS fallend;0/00:40:12;0/00:40:12;00:40;00:40;00:40;00:40;-;80,00;77,67;80,00;-;80,00;-;K;-;ETCS-Stützstelle;;S2;Strecke 2;0/00:09:33;-;140,00;1,0000;1,030;-;-;54,0;118,0;ETCS L1;False;False;0;-; 0,0; 0,0; 0,0;S2: VDV 2 - Strecke 2 - VDV 1;0,000000;42110,0;  0,0;4831,9;  0,0;1,030;1,00;1,00;"80 0622-19.0;";0;ETCS fallend;;;False;ETCS fallend;False;00:40:12;00:40:12;-;-;False;-;-;2412;2412
11925;ETCS fallend;0/00:40:13;0/00:40:13;00:40;00:40;00:40;00:40;-;80,00;77,67;80,00;-;80,00;-;K;-;ETCS-Stützstelle;;S2;Strecke 2;0/00:09:34;-;140,00;1,0000;1,030;-;-;54,0;118,0;ETCS L1;False;False;0;-; 0,0; 0,0; 0,0;S2: VDV 2 - Strecke 2 - VDV 1;0,000000;42110,0;  0,0;4831,9;  0,0;1,030;1,00;1,00;"80 0622-19.0;";0;ETCS fallend;;;False;ETCS fallend;False;00:40:13;00:40:13;-;-;False;-;-;2413;2413
11950;ETCS fallend;0/00:40:15;0/00:40:15;00:40;00:40;00:40;00:40;-;80,00;77,67;80,00;-;80,00;-;K;-;ETCS-Stützstelle;;S2;Strecke 2;0/00:09:35;-;140,00;1,0000;1,030;-;-;54,0;118,0;ETCS L1;False;False;0;-; 0,0; 0,0; 0,0;S2: VDV 2 - Strecke 2 - VDV 1;0,000000;42110,0;  0,0;4831,9;  0,0;1,030;1,00;1,00;"80 0622-19.0;";0;ETCS fallend;;;False;ETCS fallend;False;00:40:15;00:40:15;-;-;False;-;-;2415;2415
11975;ETCS fallend;0/00:40:16;0/00:40:16;00:40;00:40;00:40;00:40;-;80,00;77,67;80,00;-;80,00;-;K;-;ETCS-Stützstelle;;S2;Strecke 2;0/00:09:36;-;140,00;1,0000;1,030;-;-;54,0;118,0;ETCS L1;False;False;0;-; 0,0; 0,0; 0,0;S2: VDV 2 - Strecke 2 - VDV 1;0,000000;42110,0;  0,0;4831,9;  0,0;1,030;1,00;1,00;"80 0622-19.0;";0;ETCS fallend;;;False;ETCS fallend;False;00:40:16;00:40:16;-;-;False;-;-;2416;2416
12000;ETCS fallend;0/00:40:17;0/00:40:17;00:40;00:40;00:40;00:40;-;80,00;77,67;80,00;-;80,00;-;K;-;ETCS-Stützstelle;;S2;Strecke 2;0/00:09:37;-;140,00;1,0000;1,030;-;-;54,0;118,0;ETCS L1;False;False;0;-; 0,0; 0,0; 0,0;S2: VDV 2 - Strecke 2 - VDV 1;0,000000;42110,0;  0,0;4831,9;  0,0;1,030;1,00;1,00;"80 0622-19.0;";0;ETCS fallend;;;False;ETCS fallend;False;00:40:17;00:40:17;-;-;False;-;-;2417;2417
12025;ETCS fallend;0/00:40:18;0/00:40:18;00:40;00:40;00:40;00:40;-;80,00;77,67;80,00;-;80,00;-;K;-;ETCS-Stützstelle;;S2;Strecke 2;0/00:09:38;-;140,00;1,0000;1,030;-;-;54,0;118,0;ETCS L1;False;False;0;-; 0,0; 0,0; 0,0;S2: VDV 2 - Strecke 2 - VDV 1;0,000000;42110,0;  0,0;4831,9;  0,0;1,030;1,00;1,00;"80 0622-19.0;";0;ETCS fallend;;;False;ETCS fallend;False;00:40:18;00:40:18;-;-;False;-;-;2418;2418
12050;ETCS fallend;0/00:40:19;0/00:40:19;00:40;00:40;00:40;00:40;-;80,00;77,67;80,00;-;80,00;-;K;-;ETCS-Stützstelle;;S2;Strecke 2;0/00:09:39;-;140,00;1,0000;1,030;-;-;54,0;118,0;ETCS L1;False;False;0;-; 0,0; 0,0; 0,0;S2: VDV 2 - Strecke 2 - VDV 1;0,000000;42110,0;  0,0;4831,9;  0,0;1,030;1,00;1,00;"80 0622-19.0;";0;ETCS fallend;;;False;ETCS fallend;False;00:40:19;00:40:19;-;-;False;-;-;2419;2419
12075;ETCS fallend;0/00:40:20;0/00:40:20;00:40;00:40;00:40;00:40;-;80,00;77,67;80,00;-;80,00;-;K;-;ETCS-Stützstelle;;S2;Strecke 2;0/00:09:40;-;140,00;1,0000;1,030;-;-;54,0;118,0;ETCS L1;False;False;0;-; 0,0; 0,0; 0,0;S2: VDV 2 - Strecke 2 - VDV 1;0,000000;42110,0;  0,0;4831,9;  0,0;1,030;1,00;1,00;"80 0622-19.0;";0;ETCS fallend;;;False;ETCS fallend;False;00:40:20;00:40:20;-;-;False;-;-;2420;2420
12100;ETCS fallend;0/00:40:22;0/00:40:22;00:40;00:40;00:40;00:40;-;80,00;77,67;80,00;-;80,00;-;K;-;ETCS-Stützstelle;;S2;Strecke 2;0/00:09:42;-;140,00;1,0000;1,030;-;-;54,0;118,0;ETCS L1;False;False;0;-; 0,0; 0,0; 0,0;S2: VDV 2 - Strecke 2 - VDV 1;0,000000;42110,0;  0,0;4831,9;  0,0;1,030;1,00;1,00;"80 0622-19.0;";0;ETCS fallend;;;False;ETCS fallend;False;00:40:22;00:40:22;-;-;False;-;-;2422;2422
12125;ETCS fallend;0/00:40:23;0/00:40:23;00:40;00:40;00:40;00:40;-;80,00;77,67;80,00;-;80,00;-;K;-;ETCS-Stützstelle;;S2;Strecke 2;0/00:09:43;-;140,00;1,0000;1,030;-;-;54,0;118,0;ETCS L1;False;False;0;-; 0,0; 0,0; 0,0;S2: VDV 2 - Strecke 2 - VDV 1;0,000000;42110,0;  0,0;4831,9;  0,0;1,030;1,00;1,00;"80 0622-19.0;";0;ETCS fallend;;;False;ETCS fallend;False;00:40:23;00:40:23;-;-;False;-;-;2423;2423
12150;ETCS fallend;0/00:40:24;0/00:40:24;00:40;00:40;00:40;00:40;-;80,00;77,67;80,00;-;80,00;-;K;-;ETCS-Stützstelle;;S2;Strecke 2;0/00:09:44;-;140,00;1,0000;1,030;-;-;54,0;118,0;ETCS L1;False;False;0;-; 0,0; 0,0; 0,0;S2: VDV 2 - Strecke 2 - VDV 1;0,000000;42110,0;  0,0;4831,9;  0,0;1,030;1,00;1,00;"80 0622-19.0;";0;ETCS fallend;;;False;ETCS fallend;False;00:40:24;00:40:24;-;-;False;-;-;2424;2424
12175;ETCS fallend;0/00:40:25;0/00:40:25;00:40;00:40;00:40;00:40;-;80,00;77,67;80,00;-;80,00;-;K;-;ETCS-Stützstelle;;S2;Strecke 2;0/00:09:45;-;140,00;1,0000;1,030;-;-;54,0;118,0;ETCS L1;False;False;0;-; 0,0; 0,0; 0,0;S2: VDV 2 - Strecke 2 - VDV 1;0,000000;42110,0;  0,0;4831,9;  0,0;1,030;1,00;1,00;"80 0622-19.0;";0;ETCS fallend;;;False;ETCS fallend;False;00:40:25;00:40:25;-;-;False;-;-;2425;2425
12200;ETCS fallend;0/00:40:26;0/00:40:26;00:40;00:40;00:40;00:40;-;80,00;77,67;80,00;-;80,00;-;K;-;ETCS-Stützstelle;;S2;Strecke 2;0/00:09:46;-;140,00;1,0000;1,030;-;-;54,0;118,0;ETCS L1;False;False;0;-; 0,0; 0,0; 0,0;S2: VDV 2 - Strecke 2 - VDV 1;0,000000;42110,0;  0,0;4831,9;  0,0;1,030;1,00;1,00;"80 0622-19.0;";0;ETCS fallend;;;False;ETCS fallend;False;00:40:26;00:40:26;-;-;False;-;-;2426;2426
12225;ETCS fallend;0/00:40:27;0/00:40:27;00:40;00:40;00:40;00:40;-;80,00;77,67;80,00;-;80,00;-;K;-;ETCS-Stützstelle;;S2;Strecke 2;0/00:09:47;-;140,00;1,0000;1,030;-;-;54,0;118,0;ETCS L1;False;False;0;-; 0,0; 0,0; 0,0;S2: VDV 2 - Strecke 2 - VDV 1;0,000000;42110,0;  0,0;4831,9;  0,0;1,030;1,00;1,00;"80 0622-19.0;";0;ETCS fallend;;;False;ETCS fallend;False;00:40:27;00:40:27;-;-;False;-;-;2427;2427
12250;ETCS fallend;0/00:40:29;0/00:40:29;00:40;00:40;00:40;00:40;-;80,00;77,67;80,00;-;80,00;-;K;-;ETCS-Stützstelle;;S2;Strecke 2;0/00:09:48;-;140,00;1,0000;1,030;-;-;54,0;118,0;ETCS L1;False;False;0;-; 0,0; 0,0; 0,0;S2: VDV 2 - Strecke 2 - VDV 1;0,000000;42110,0;  0,0;4831,9;  0,0;1,030;1,00;1,00;"80 0622-19.0;";0;ETCS fallend;;;False;ETCS fallend;False;00:40:29;00:40:29;-;-;False;-;-;2429;2429
12275;ETCS fallend;0/00:40:30;0/00:40:30;00:41;00:41;00:41;00:41;-;80,00;77,67;80,00;-;80,00;-;K;-;ETCS-Stützstelle;;S2;Strecke 2;0/00:09:49;-;140,00;1,0000;1,030;-;-;54,0;118,0;ETCS L1;False;False;0;-; 0,0; 0,0; 0,0;S2: VDV 2 - Strecke 2 - VDV 1;0,000000;42110,0;  0,0;4831,9;  0,0;1,030;1,00;1,00;"80 0622-19.0;";0;ETCS fallend;;;False;ETCS fallend;False;00:40:30;00:40:30;-;-;False;-;-;2430;2430
12300;ETCS fallend;0/00:40:31;0/00:40:31;00:41;00:41;00:41;00:41;-;80,00;77,67;80,00;-;80,00;-;K;-;ETCS-Stützstelle;;S2;Strecke 2;0/00:09:51;-;140,00;1,0000;1,030;-;-;54,0;118,0;ETCS L1;False;False;0;-; 0,0; 0,0; 0,0;S2: VDV 2 - Strecke 2 - VDV 1;0,000000;42110,0;  0,0;4831,9;  0,0;1,030;1,00;1,00;"80 0622-19.0;";0;ETCS fallend;;;False;ETCS fallend;False;00:40:31;00:40:31;-;-;False;-;-;2431;2431
12325;ETCS fallend;0/00:40:32;0/00:40:32;00:41;00:41;00:41;00:41;-;80,00;77,67;80,00;-;80,00;-;K;-;ETCS-Stützstelle;;S2;Strecke 2;0/00:09:52;-;140,00;1,0000;1,030;-;-;54,0;118,0;ETCS L1;False;False;0;-; 0,0; 0,0; 0,0;S2: VDV 2 - Strecke 2 - VDV 1;0,000000;42110,0;  0,0;4831,9;  0,0;1,030;1,00;1,00;"80 0622-19.0;";0;ETCS fallend;;;False;ETCS fallend;False;00:40:32;00:40:32;-;-;False;-;-;2432;2432
12350;ETCS fallend;0/00:40:33;0/00:40:33;00:41;00:41;00:41;00:41;-;80,00;77,67;80,00;-;80,00;-;K;-;ETCS-Stützstelle;;S2;Strecke 2;0/00:09:53;-;140,00;1,0000;1,030;-;-;54,0;118,0;ETCS L1;False;False;0;-; 0,0; 0,0; 0,0;S2: VDV 2 - Strecke 2 - VDV 1;0,000000;42110,0;  0,0;4831,9;  0,0;1,030;1,00;1,00;"80 0622-19.0;";0;ETCS fallend;;;False;ETCS fallend;False;00:40:33;00:40:33;-;-;False;-;-;2433;2433
12375;ETCS fallend;0/00:40:34;0/00:40:34;00:41;00:41;00:41;00:41;-;80,00;77,67;80,00;-;80,00;-;K;-;ETCS-Stützstelle;;S2;Strecke 2;0/00:09:54;-;140,00;1,0000;1,030;-;-;54,0;118,0;ETCS L1;False;False;0;-; 0,0; 0,0; 0,0;S2: VDV 2 - Strecke 2 - VDV 1;0,000000;42110,0;  0,0;4831,9;  0,0;1,030;1,00;1,00;"80 0622-19.0;";0;ETCS fallend;;;False;ETCS fallend;False;00:40:34;00:40:34;-;-;False;-;-;2434;2434
12400;ETCS fallend;0/00:40:35;0/00:40:35;00:41;00:41;00:41;00:41;-;80,00;77,67;80,00;-;80,00;-;K;-;ETCS-Stützstelle;;S2;Strecke 2;0/00:09:55;-;140,00;1,0000;1,030;-;-;54,0;118,0;ETCS L1;False;False;0;-; 0,0; 0,0; 0,0;S2: VDV 2 - Strecke 2 - VDV 1;0,000000;42110,0;  0,0;4831,9;  0,0;1,030;1,00;1,00;"80 0622-19.0;";0;ETCS fallend;;;False;ETCS fallend;False;00:40:35;00:40:35;-;-;False;-;-;2435;2435
12425;ETCS fallend;0/00:40:37;0/00:40:37;00:41;00:41;00:41;00:41;-;80,00;77,67;80,00;-;80,00;-;K;-;ETCS-Stützstelle;;S2;Strecke 2;0/00:09:56;-;140,00;1,0000;1,030;-;-;54,0;118,0;ETCS L1;False;False;0;-; 0,0; 0,0; 0,0;S2: VDV 2 - Strecke 2 - VDV 1;0,000000;42110,0;  0,0;4831,9;  0,0;1,030;1,00;1,00;"80 0622-19.0;";0;ETCS fallend;;;False;ETCS fallend;False;00:40:37;00:40:37;-;-;False;-;-;2437;2437
12450;ETCS fallend;0/00:40:38;0/00:40:38;00:41;00:41;00:41;00:41;-;80,00;77,67;80,00;-;80,00;-;K;-;ETCS-Stützstelle;;S2;Strecke 2;0/00:09:57;-;140,00;1,0000;1,030;-;-;54,0;118,0;ETCS L1;False;False;0;-; 0,0; 0,0; 0,0;S2: VDV 2 - Strecke 2 - VDV 1;0,000000;42110,0;  0,0;4831,9;  0,0;1,030;1,00;1,00;"80 0622-19.0;";0;ETCS fallend;;;False;ETCS fallend;False;00:40:38;00:40:38;-;-;False;-;-;2438;2438
12475;ETCS fallend;0/00:40:39;0/00:40:39;00:41;00:41;00:41;00:41;-;80,00;77,67;80,00;-;80,00;-;K;-;ETCS-Stützstelle;;S2;Strecke 2;0/00:09:58;-;140,00;1,0000;1,030;-;-;54,0;118,0;ETCS L1;False;False;0;-; 0,0; 0,0; 0,0;S2: VDV 2 - Strecke 2 - VDV 1;0,000000;42110,0;  0,0;4831,9;  0,0;1,030;1,00;1,00;"80 0622-19.0;";0;ETCS fallend;;;False;ETCS fallend;False;00:40:39;00:40:39;-;-;False;-;-;2439;2439
12500;ETCS fallend;0/00:40:40;0/00:40:40;00:41;00:41;00:41;00:41;-;80,00;77,67;80,00;-;80,00;-;K;-;ETCS-Stützstelle;;S2;Strecke 2;0/00:10:00;-;140,00;1,0000;1,030;-;-;54,0;118,0;ETCS L1;False;False;0;-; 0,0; 0,0; 0,0;S2: VDV 2 - Strecke 2 - VDV 1;0,000000;42110,0;  0,0;4831,9;  0,0;1,030;1,00;1,00;"80 0622-19.0;";0;ETCS fallend;;;False;ETCS fallend;False;00:40:40;00:40:40;-;-;False;-;-;2440;2440
12525;ETCS fallend;0/00:40:41;0/00:40:41;00:41;00:41;00:41;00:41;-;80,00;77,67;80,00;-;80,00;-;K;-;ETCS-Stützstelle;;S2;Strecke 2;0/00:10:01;-;140,00;1,0000;1,030;-;-;54,0;118,0;ETCS L1;False;False;0;-; 0,0; 0,0; 0,0;S2: VDV 2 - Strecke 2 - VDV 1;0,000000;42110,0;  0,0;4831,9;  0,0;1,030;1,00;1,00;"80 0622-19.0;";0;ETCS fallend;;;False;ETCS fallend;False;00:40:41;00:40:41;-;-;False;-;-;2441;2441
12550;ETCS fallend;0/00:40:42;0/00:40:42;00:41;00:41;00:41;00:41;-;80,00;77,67;80,00;-;80,00;-;K;-;ETCS-Stützstelle;;S2;Strecke 2;0/00:10:02;-;140,00;1,0000;1,030;-;-;54,0;118,0;ETCS L1;False;False;0;-; 0,0; 0,0; 0,0;S2: VDV 2 - Strecke 2 - VDV 1;0,000000;42110,0;  0,0;4831,9;  0,0;1,030;1,00;1,00;"80 0622-19.0;";0;ETCS fallend;;;False;ETCS fallend;False;00:40:42;00:40:42;-;-;False;-;-;2442;2442
12575;ETCS fallend;0/00:40:44;0/00:40:44;00:41;00:41;00:41;00:41;-;80,00;77,67;80,00;-;80,00;-;K;-;ETCS-Stützstelle;;S2;Strecke 2;0/00:10:03;-;140,00;1,0000;1,030;-;-;54,0;118,0;ETCS L1;False;False;0;-; 0,0; 0,0; 0,0;S2: VDV 2 - Strecke 2 - VDV 1;0,000000;42110,0;  0,0;4831,9;  0,0;1,030;1,00;1,00;"80 0622-19.0;";0;ETCS fallend;;;False;ETCS fallend;False;00:40:44;00:40:44;-;-;False;-;-;2444;2444
12600;ETCS fallend;0/00:40:45;0/00:40:45;00:41;00:41;00:41;00:41;-;80,00;77,67;80,00;-;80,00;-;K;-;ETCS-Stützstelle;;S2;Strecke 2;0/00:10:04;-;140,00;1,0000;1,030;-;-;54,0;118,0;ETCS L1;False;False;0;-; 0,0; 0,0; 0,0;S2: VDV 2 - Strecke 2 - VDV 1;0,000000;42110,0;  0,0;4831,9;  0,0;1,030;1,00;1,00;"80 0622-19.0;";0;ETCS fallend;;;False;ETCS fallend;False;00:40:45;00:40:45;-;-;False;-;-;2445;2445
12625;ETCS fallend;0/00:40:46;0/00:40:46;00:41;00:41;00:41;00:41;-;80,00;77,67;80,00;-;80,00;-;K;-;ETCS-Stützstelle;;S2;Strecke 2;0/00:10:05;-;140,00;1,0000;1,030;-;-;54,0;118,0;ETCS L1;False;False;0;-; 0,0; 0,0; 0,0;S2: VDV 2 - Strecke 2 - VDV 1;0,000000;42110,0;  0,0;4831,9;  0,0;1,030;1,00;1,00;"80 0622-19.0;";0;ETCS fallend;;;False;ETCS fallend;False;00:40:46;00:40:46;-;-;False;-;-;2446;2446
12650;ETCS fallend;0/00:40:47;0/00:40:47;00:41;00:41;00:41;00:41;-;80,00;77,67;80,00;-;80,00;-;K;-;ETCS-Stützstelle;;S2;Strecke 2;0/00:10:06;-;140,00;1,0000;1,030;-;-;54,0;118,0;ETCS L1;False;False;0;-; 0,0; 0,0; 0,0;S2: VDV 2 - Strecke 2 - VDV 1;0,000000;42110,0;  0,0;4831,9;  0,0;1,030;1,00;1,00;"80 0622-19.0;";0;ETCS fallend;;;False;ETCS fallend;False;00:40:47;00:40:47;-;-;False;-;-;2447;2447
12675;ETCS fallend;0/00:40:48;0/00:40:48;00:41;00:41;00:41;00:41;-;80,00;77,67;80,00;-;80,00;-;K;-;ETCS-Stützstelle;;S2;Strecke 2;0/00:10:07;-;140,00;1,0000;1,030;-;-;54,0;118,0;ETCS L1;False;False;0;-; 0,0; 0,0; 0,0;S2: VDV 2 - Strecke 2 - VDV 1;0,000000;42110,0;  0,0;4831,9;  0,0;1,030;1,00;1,00;"80 0622-19.0;";0;ETCS fallend;;;False;ETCS fallend;False;00:40:48;00:40:48;-;-;False;-;-;2448;2448
12700;ETCS fallend;0/00:40:49;0/00:40:49;00:41;00:41;00:41;00:41;-;80,00;77,67;80,00;-;80,00;-;K;-;ETCS-Stützstelle;;S2;Strecke 2;0/00:10:09;-;140,00;1,0000;1,030;-;-;54,0;118,0;ETCS L1;False;False;0;-; 0,0; 0,0; 0,0;S2: VDV 2 - Strecke 2 - VDV 1;0,000000;42110,0;  0,0;4831,9;  0,0;1,030;1,00;1,00;"80 0622-19.0;";0;ETCS fallend;;;False;ETCS fallend;False;00:40:49;00:40:49;-;-;False;-;-;2449;2449
12725;ETCS fallend;0/00:40:51;0/00:40:51;00:41;00:41;00:41;00:41;-;80,00;77,67;80,00;-;80,00;-;K;-;ETCS-Stützstelle;;S2;Strecke 2;0/00:10:10;-;140,00;1,0000;1,030;-;-;54,0;118,0;ETCS L1;False;False;0;-; 0,0; 0,0; 0,0;S2: VDV 2 - Strecke 2 - VDV 1;0,000000;42110,0;  0,0;4831,9;  0,0;1,030;1,00;1,00;"80 0622-19.0;";0;ETCS fallend;;;False;ETCS fallend;False;00:40:51;00:40:51;-;-;False;-;-;2451;2451
12750;ETCS fallend;0/00:40:52;0/00:40:52;00:41;00:41;00:41;00:41;-;80,00;77,67;80,00;-;80,00;-;K;-;ETCS-Stützstelle;;S2;Strecke 2;0/00:10:11;-;140,00;1,0000;1,030;-;-;54,0;118,0;ETCS L1;False;False;0;-; 0,0; 0,0; 0,0;S2: VDV 2 - Strecke 2 - VDV 1;0,000000;42110,0;  0,0;4831,9;  0,0;1,030;1,00;1,00;"80 0622-19.0;";0;ETCS fallend;;;False;ETCS fallend;False;00:40:52;00:40:52;-;-;False;-;-;2452;2452
12775;ETCS fallend;0/00:40:53;0/00:40:53;00:41;00:41;00:41;00:41;-;80,00;77,67;80,00;-;80,00;-;K;-;ETCS-Stützstelle;;S2;Strecke 2;0/00:10:12;-;140,00;1,0000;1,030;-;-;54,0;118,0;ETCS L1;False;False;0;-; 0,0; 0,0; 0,0;S2: VDV 2 - Strecke 2 - VDV 1;0,000000;42110,0;  0,0;4831,9;  0,0;1,030;1,00;1,00;"80 0622-19.0;";0;ETCS fallend;;;False;ETCS fallend;False;00:40:53;00:40:53;-;-;False;-;-;2453;2453
12800;ETCS fallend;0/00:40:54;0/00:40:54;00:41;00:41;00:41;00:41;-;80,00;77,67;80,00;-;80,00;-;K;-;ETCS-Stützstelle;;S2;Strecke 2;0/00:10:13;-;140,00;1,0000;1,030;-;-;54,0;118,0;ETCS L1;False;False;0;-; 0,0; 0,0; 0,0;S2: VDV 2 - Strecke 2 - VDV 1;0,000000;42110,0;  0,0;4831,9;  0,0;1,030;1,00;1,00;"80 0622-19.0;";0;ETCS fallend;;;False;ETCS fallend;False;00:40:54;00:40:54;-;-;False;-;-;2454;2454
12825;ETCS fallend;0/00:40:55;0/00:40:55;00:41;00:41;00:41;00:41;-;80,00;77,67;80,00;-;80,00;-;K;-;ETCS-Stützstelle;;S2;Strecke 2;0/00:10:14;-;140,00;1,0000;1,030;-;-;54,0;118,0;ETCS L1;False;False;0;-; 0,0; 0,0; 0,0;S2: VDV 2 - Strecke 2 - VDV 1;0,000000;42110,0;  0,0;4831,9;  0,0;1,030;1,00;1,00;"80 0622-19.0;";0;ETCS fallend;;;False;ETCS fallend;False;00:40:55;00:40:55;-;-;False;-;-;2455;2455
12850;ETCS fallend;0/00:40:56;0/00:40:56;00:41;00:41;00:41;00:41;-;80,00;77,67;80,00;-;80,00;-;K;-;ETCS-Stützstelle;;S2;Strecke 2;0/00:10:15;-;140,00;1,0000;1,030;-;-;54,0;118,0;ETCS L1;False;False;0;-; 0,0; 0,0; 0,0;S2: VDV 2 - Strecke 2 - VDV 1;0,000000;42110,0;  0,0;4831,9;  0,0;1,030;1,00;1,00;"80 0622-19.0;";0;ETCS fallend;;;False;ETCS fallend;False;00:40:56;00:40:56;-;-;False;-;-;2456;2456
12875;ETCS fallend;0/00:40:57;0/00:40:57;00:41;00:41;00:41;00:41;-;80,00;77,67;80,00;-;80,00;-;K;-;ETCS-Stützstelle;;S2;Strecke 2;0/00:10:16;-;140,00;1,0000;1,030;-;-;54,0;118,0;ETCS L1;False;False;0;-; 0,0; 0,0; 0,0;S2: VDV 2 - Strecke 2 - VDV 1;0,000000;42110,0;  0,0;4831,9;  0,0;1,030;1,00;1,00;"80 0622-19.0;";0;ETCS fallend;;;False;ETCS fallend;False;00:40:57;00:40:57;-;-;False;-;-;2457;2457
12900;ETCS fallend;0/00:40:59;0/00:40:59;00:41;00:41;00:41;00:41;-;80,00;77,67;80,00;-;80,00;-;K;-;ETCS-Stützstelle;;S2;Strecke 2;0/00:10:18;-;140,00;1,0000;1,030;-;-;54,0;118,0;ETCS L1;False;False;0;-; 0,0; 0,0; 0,0;S2: VDV 2 - Strecke 2 - VDV 1;0,000000;42110,0;  0,0;4831,9;  0,0;1,030;1,00;1,00;"80 0622-19.0;";0;ETCS fallend;;;False;ETCS fallend;False;00:40:59;00:40:59;-;-;False;-;-;2459;2459
12925;ETCS fallend;0/00:41:00;0/00:41:00;00:41;00:41;00:41;00:41;-;80,00;77,67;80,00;-;80,00;-;K;-;ETCS-Stützstelle;;S2;Strecke 2;0/00:10:19;-;140,00;1,0000;1,030;-;-;54,0;118,0;ETCS L1;False;False;0;-; 0,0; 0,0; 0,0;S2: VDV 2 - Strecke 2 - VDV 1;0,000000;42110,0;  0,0;4831,9;  0,0;1,030;1,00;1,00;"80 0622-19.0;";0;ETCS fallend;;;False;ETCS fallend;False;00:41:00;00:41:00;-;-;False;-;-;2460;2460
12950;ETCS fallend;0/00:41:01;0/00:41:01;00:41;00:41;00:41;00:41;-;80,00;77,67;80,00;-;80,00;-;K;-;ETCS-Stützstelle;;S2;Strecke 2;0/00:10:20;-;140,00;1,0000;1,030;-;-;54,0;118,0;ETCS L1;False;False;0;-; 0,0; 0,0; 0,0;S2: VDV 2 - Strecke 2 - VDV 1;0,000000;42110,0;  0,0;4831,9;  0,0;1,030;1,00;1,00;"80 0622-19.0;";0;ETCS fallend;;;False;ETCS fallend;False;00:41:01;00:41:01;-;-;False;-;-;2461;2461
12975;ETCS fallend;0/00:41:02;0/00:41:02;00:41;00:41;00:41;00:41;-;80,00;77,67;80,00;-;80,00;-;K;-;ETCS-Stützstelle;;S2;Strecke 2;0/00:10:21;-;140,00;1,0000;1,030;-;-;54,0;118,0;ETCS L1;False;False;0;-; 0,0; 0,0; 0,0;S2: VDV 2 - Strecke 2 - VDV 1;0,000000;42110,0;  0,0;4831,9;  0,0;1,030;1,00;1,00;"80 0622-19.0;";0;ETCS fallend;;;False;ETCS fallend;False;00:41:02;00:41:02;-;-;False;-;-;2462;2462
13000;ETCS fallend;0/00:41:03;0/00:41:03;00:41;00:41;00:41;00:41;-;80,00;77,67;80,00;-;80,00;-;K;-;ETCS-Stützstelle;;S2;Strecke 2;0/00:10:22;-;140,00;1,0000;1,030;-;-;54,0;118,0;ETCS L1;False;False;0;-; 0,0; 0,0; 0,0;S2: VDV 2 - Strecke 2 - VDV 1;0,000000;42110,0;  0,0;4831,9;  0,0;1,030;1,00;1,00;"80 0622-19.0;";0;ETCS fallend;;;False;ETCS fallend;False;00:41:03;00:41:03;-;-;False;-;-;2463;2463
13025;ETCS fallend;0/00:41:04;0/00:41:04;00:41;00:41;00:41;00:41;-;80,00;77,67;80,00;-;80,00;-;K;-;ETCS-Stützstelle;;S2;Strecke 2;0/00:10:23;-;140,00;1,0000;1,030;-;-;54,0;118,0;ETCS L1;False;False;0;-; 0,0; 0,0; 0,0;S2: VDV 2 - Strecke 2 - VDV 1;0,000000;42110,0;  0,0;4831,9;  0,0;1,030;1,00;1,00;"80 0622-19.0;";0;ETCS fallend;;;False;ETCS fallend;False;00:41:04;00:41:04;-;-;False;-;-;2464;2464
13050;ETCS fallend;0/00:41:06;0/00:41:06;00:41;00:41;00:41;00:41;-;80,00;77,67;80,00;-;80,00;-;K;-;ETCS-Stützstelle;;S2;Strecke 2;0/00:10:24;-;140,00;1,0000;1,030;-;-;54,0;118,0;ETCS L1;False;False;0;-; 0,0; 0,0; 0,0;S2: VDV 2 - Strecke 2 - VDV 1;0,000000;42110,0;  0,0;4831,9;  0,0;1,030;1,00;1,00;"80 0622-19.0;";0;ETCS fallend;;;False;ETCS fallend;False;00:41:06;00:41:06;-;-;False;-;-;2466;2466
13075;ETCS fallend;0/00:41:07;0/00:41:07;00:41;00:41;00:41;00:41;-;80,00;77,67;80,00;-;80,00;-;K;-;ETCS-Stützstelle;;S2;Strecke 2;0/00:10:25;-;140,00;1,0000;1,030;-;-;54,0;118,0;ETCS L1;False;False;0;-; 0,0; 0,0; 0,0;S2: VDV 2 - Strecke 2 - VDV 1;0,000000;42110,0;  0,0;4831,9;  0,0;1,030;1,00;1,00;"80 0622-19.0;";0;ETCS fallend;;;False;ETCS fallend;False;00:41:07;00:41:07;-;-;False;-;-;2467;2467
13100;ETCS fallend;0/00:41:08;0/00:41:08;00:41;00:41;00:41;00:41;-;80,00;77,67;80,00;-;80,00;-;K;-;ETCS-Stützstelle;;S2;Strecke 2;0/00:10:27;-;140,00;1,0000;1,030;-;-;54,0;118,0;ETCS L1;False;False;0;-; 0,0; 0,0; 0,0;S2: VDV 2 - Strecke 2 - VDV 1;0,000000;42110,0;  0,0;4831,9;  0,0;1,030;1,00;1,00;"80 0622-19.0;";0;ETCS fallend;;;False;ETCS fallend;False;00:41:08;00:41:08;-;-;False;-;-;2468;2468
13125;ETCS fallend;0/00:41:09;0/00:41:09;00:41;00:41;00:41;00:41;-;80,00;77,67;80,00;-;80,00;-;K;-;ETCS-Stützstelle;;S2;Strecke 2;0/00:10:28;-;140,00;1,0000;1,030;-;-;54,0;118,0;ETCS L1;False;False;0;-; 0,0; 0,0; 0,0;S2: VDV 2 - Strecke 2 - VDV 1;0,000000;42110,0;  0,0;4831,9;  0,0;1,030;1,00;1,00;"80 0622-19.0;";0;ETCS fallend;;;False;ETCS fallend;False;00:41:09;00:41:09;-;-;False;-;-;2469;2469
13150;ETCS fallend;0/00:41:10;0/00:41:10;00:41;00:41;00:41;00:41;-;80,00;77,67;80,00;-;80,00;-;K;-;ETCS-Stützstelle;;S2;Strecke 2;0/00:10:29;-;140,00;1,0000;1,030;-;-;54,0;118,0;ETCS L1;False;False;0;-; 0,0; 0,0; 0,0;S2: VDV 2 - Strecke 2 - VDV 1;0,000000;42110,0;  0,0;4831,9;  0,0;1,030;1,00;1,00;"80 0622-19.0;";0;ETCS fallend;;;False;ETCS fallend;False;00:41:10;00:41:10;-;-;False;-;-;2470;2470
13175;ETCS fallend;0/00:41:11;0/00:41:11;00:41;00:41;00:41;00:41;-;80,00;77,67;80,00;-;80,00;-;K;-;ETCS-Stützstelle;;S2;Strecke 2;0/00:10:30;-;140,00;1,0000;1,030;-;-;54,0;118,0;ETCS L1;False;False;0;-; 0,0; 0,0; 0,0;S2: VDV 2 - Strecke 2 - VDV 1;0,000000;42110,0;  0,0;4831,9;  0,0;1,030;1,00;1,00;"80 0622-19.0;";0;ETCS fallend;;;False;ETCS fallend;False;00:41:11;00:41:11;-;-;False;-;-;2471;2471
13200;ETCS fallend;0/00:41:13;0/00:41:13;00:41;00:41;00:41;00:41;-;80,00;77,67;80,00;-;80,00;-;K;-;ETCS-Stützstelle;;S2;Strecke 2;0/00:10:31;-;140,00;1,0000;1,030;-;-;54,0;118,0;ETCS L1;False;False;0;-; 0,0; 0,0; 0,0;S2: VDV 2 - Strecke 2 - VDV 1;0,000000;42110,0;  0,0;4831,9;  0,0;1,030;1,00;1,00;"80 0622-19.0;";0;ETCS fallend;;;False;ETCS fallend;False;00:41:13;00:41:13;-;-;False;-;-;2473;2473
13225;ETCS fallend;0/00:41:14;0/00:41:14;00:41;00:41;00:41;00:41;-;80,00;77,67;80,00;-;80,00;-;K;-;ETCS-Stützstelle;;S2;Strecke 2;0/00:10:32;-;140,00;1,0000;1,030;-;-;54,0;118,0;ETCS L1;False;False;0;-; 0,0; 0,0; 0,0;S2: VDV 2 - Strecke 2 - VDV 1;0,000000;42110,0;  0,0;4831,9;  0,0;1,030;1,00;1,00;"80 0622-19.0;";0;ETCS fallend;;;False;ETCS fallend;False;00:41:14;00:41:14;-;-;False;-;-;2474;2474
13250;ETCS fallend;0/00:41:15;0/00:41:15;00:41;00:41;00:41;00:41;-;80,00;77,67;80,00;-;80,00;-;K;-;ETCS-Stützstelle;;S2;Strecke 2;0/00:10:33;-;140,00;1,0000;1,030;-;-;54,0;118,0;ETCS L1;False;False;0;-; 0,0; 0,0; 0,0;S2: VDV 2 - Strecke 2 - VDV 1;0,000000;42110,0;  0,0;4831,9;  0,0;1,030;1,00;1,00;"80 0622-19.0;";0;ETCS fallend;;;False;ETCS fallend;False;00:41:15;00:41:15;-;-;False;-;-;2475;2475
13275;ETCS fallend;0/00:41:16;0/00:41:16;00:41;00:41;00:41;00:41;-;80,00;77,67;80,00;-;80,00;-;K;-;ETCS-Stützstelle;;S2;Strecke 2;0/00:10:34;-;140,00;1,0000;1,030;-;-;54,0;118,0;ETCS L1;False;False;0;-; 0,0; 0,0; 0,0;S2: VDV 2 - Strecke 2 - VDV 1;0,000000;42110,0;  0,0;4831,9;  0,0;1,030;1,00;1,00;"80 0622-19.0;";0;ETCS fallend;;;False;ETCS fallend;False;00:41:16;00:41:16;-;-;False;-;-;2476;2476
13300;ETCS fallend;0/00:41:17;0/00:41:17;00:41;00:41;00:41;00:41;-;80,00;77,67;80,00;-;80,00;-;K;-;ETCS-Stützstelle;;S2;Strecke 2;0/00:10:36;-;140,00;1,0000;1,030;-;-;54,0;118,0;ETCS L1;False;False;0;-; 0,0; 0,0; 0,0;S2: VDV 2 - Strecke 2 - VDV 1;0,000000;42110,0;  0,0;4831,9;  0,0;1,030;1,00;1,00;"80 0622-19.0;";0;ETCS fallend;;;False;ETCS fallend;False;00:41:17;00:41:17;-;-;False;-;-;2477;2477
13325;ETCS fallend;0/00:41:18;0/00:41:18;00:41;00:41;00:41;00:41;-;80,00;77,67;80,00;-;80,00;-;K;-;ETCS-Stützstelle;;S2;Strecke 2;0/00:10:37;-;140,00;1,0000;1,030;-;-;54,0;118,0;ETCS L1;False;False;0;-; 0,0; 0,0; 0,0;S2: VDV 2 - Strecke 2 - VDV 1;0,000000;42110,0;  0,0;4831,9;  0,0;1,030;1,00;1,00;"80 0622-19.0;";0;ETCS fallend;;;False;ETCS fallend;False;00:41:18;00:41:18;-;-;False;-;-;2478;2478
13350;ETCS fallend;0/00:41:19;0/00:41:19;00:41;00:41;00:41;00:41;-;80,00;77,67;80,00;-;80,00;-;K;-;ETCS-Stützstelle;;S2;Strecke 2;0/00:10:38;-;140,00;1,0000;1,030;-;-;54,0;118,0;ETCS L1;False;False;0;-; 0,0; 0,0; 0,0;S2: VDV 2 - Strecke 2 - VDV 1;0,000000;42110,0;  0,0;4831,9;  0,0;1,030;1,00;1,00;"80 0622-19.0;";0;ETCS fallend;;;False;ETCS fallend;False;00:41:19;00:41:19;-;-;False;-;-;2479;2479
13375;ETCS fallend;0/00:41:21;0/00:41:21;00:41;00:41;00:41;00:41;-;80,00;77,67;80,00;-;80,00;-;K;-;ETCS-Stützstelle;;S2;Strecke 2;0/00:10:39;-;140,00;1,0000;1,030;-;-;54,0;118,0;ETCS L1;False;False;0;-; 0,0; 0,0; 0,0;S2: VDV 2 - Strecke 2 - VDV 1;0,000000;42110,0;  0,0;4831,9;  0,0;1,030;1,00;1,00;"80 0622-19.0;";0;ETCS fallend;;;False;ETCS fallend;False;00:41:21;00:41:21;-;-;False;-;-;2481;2481
13400;ETCS fallend;0/00:41:22;0/00:41:22;00:41;00:41;00:41;00:41;-;80,00;77,67;80,00;-;80,00;-;K;-;ETCS-Stützstelle;;S2;Strecke 2;0/00:10:40;-;140,00;1,0000;1,030;-;-;54,0;118,0;ETCS L1;False;False;0;-; 0,0; 0,0; 0,0;S2: VDV 2 - Strecke 2 - VDV 1;0,000000;42110,0;  0,0;4831,9;  0,0;1,030;1,00;1,00;"80 0622-19.0;";0;ETCS fallend;;;False;ETCS fallend;False;00:41:22;00:41:22;-;-;False;-;-;2482;2482
13425;ETCS fallend;0/00:41:23;0/00:41:23;00:41;00:41;00:41;00:41;-;80,00;77,67;80,00;-;80,00;-;K;-;ETCS-Stützstelle;;S2;Strecke 2;0/00:10:41;-;140,00;1,0000;1,030;-;-;54,0;118,0;ETCS L1;False;False;0;-; 0,0; 0,0; 0,0;S2: VDV 2 - Strecke 2 - VDV 1;0,000000;42110,0;  0,0;4831,9;  0,0;1,030;1,00;1,00;"80 0622-19.0;";0;ETCS fallend;;;False;ETCS fallend;False;00:41:23;00:41:23;-;-;False;-;-;2483;2483
13450;ETCS fallend;0/00:41:24;0/00:41:24;00:41;00:41;00:41;00:41;-;80,00;77,67;80,00;-;80,00;-;K;-;ETCS-Stützstelle;;S2;Strecke 2;0/00:10:42;-;140,00;1,0000;1,030;-;-;54,0;118,0;ETCS L1;False;False;0;-; 0,0; 0,0; 0,0;S2: VDV 2 - Strecke 2 - VDV 1;0,000000;42110,0;  0,0;4831,9;  0,0;1,030;1,00;1,00;"80 0622-19.0;";0;ETCS fallend;;;False;ETCS fallend;False;00:41:24;00:41:24;-;-;False;-;-;2484;2484
13475;ETCS fallend;0/00:41:25;0/00:41:25;00:41;00:41;00:41;00:41;-;80,00;77,67;80,00;-;80,00;-;K;-;ETCS-Stützstelle;;S2;Strecke 2;0/00:10:43;-;140,00;1,0000;1,030;-;-;54,0;118,0;ETCS L1;False;False;0;-; 0,0; 0,0; 0,0;S2: VDV 2 - Strecke 2 - VDV 1;0,000000;42110,0;  0,0;4831,9;  0,0;1,030;1,00;1,00;"80 0622-19.0;";0;ETCS fallend;;;False;ETCS fallend;False;00:41:25;00:41:25;-;-;False;-;-;2485;2485
13500;ETCS fallend;0/00:41:26;0/00:41:26;00:41;00:41;00:41;00:41;-;80,00;77,67;80,00;-;80,00;-;K;-;ETCS-Stützstelle;;S2;Strecke 2;0/00:10:45;-;140,00;1,0000;1,030;-;-;54,0;118,0;ETCS L1;False;False;0;-; 0,0; 0,0; 0,0;S2: VDV 2 - Strecke 2 - VDV 1;0,000000;42110,0;  0,0;4831,9;  0,0;1,030;1,00;1,00;"80 0622-19.0;";0;ETCS fallend;;;False;ETCS fallend;False;00:41:26;00:41:26;-;-;False;-;-;2486;2486
13525;ETCS fallend;0/00:41:28;0/00:41:28;00:41;00:41;00:41;00:41;-;80,00;77,67;80,00;-;80,00;-;K;-;ETCS-Stützstelle;;S2;Strecke 2;0/00:10:46;-;140,00;1,0000;1,030;-;-;54,0;118,0;ETCS L1;False;False;0;-; 0,0; 0,0; 0,0;S2: VDV 2 - Strecke 2 - VDV 1;0,000000;42110,0;  0,0;4831,9;  0,0;1,030;1,00;1,00;"80 0622-19.0;";0;ETCS fallend;;;False;ETCS fallend;False;00:41:28;00:41:28;-;-;False;-;-;2488;2488
13550;ETCS fallend;0/00:41:29;0/00:41:29;00:41;00:41;00:41;00:41;-;80,00;77,67;80,00;-;80,00;-;K;-;ETCS-Stützstelle;;S2;Strecke 2;0/00:10:47;-;140,00;1,0000;1,030;-;-;54,0;118,0;ETCS L1;False;False;0;-; 0,0; 0,0; 0,0;S2: VDV 2 - Strecke 2 - VDV 1;0,000000;42110,0;  0,0;4831,9;  0,0;1,030;1,00;1,00;"80 0622-19.0;";0;ETCS fallend;;;False;ETCS fallend;False;00:41:29;00:41:29;-;-;False;-;-;2489;2489
13575;ETCS fallend;0/00:41:30;0/00:41:30;00:42;00:42;00:42;00:42;-;80,00;77,67;80,00;-;80,00;-;K;-;ETCS-Stützstelle;;S2;Strecke 2;0/00:10:48;-;140,00;1,0000;1,030;-;-;54,0;118,0;ETCS L1;False;False;0;-; 0,0; 0,0; 0,0;S2: VDV 2 - Strecke 2 - VDV 1;0,000000;42110,0;  0,0;4831,9;  0,0;1,030;1,00;1,00;"80 0622-19.0;";0;ETCS fallend;;;False;ETCS fallend;False;00:41:30;00:41:30;-;-;False;-;-;2490;2490
13600;ETCS fallend;0/00:41:31;0/00:41:31;00:42;00:42;00:42;00:42;-;80,00;77,67;80,00;-;80,00;-;K;-;ETCS-Stützstelle;;S2;Strecke 2;0/00:10:49;-;140,00;1,0000;1,030;-;-;54,0;118,0;ETCS L1;False;False;0;-; 0,0; 0,0; 0,0;S2: VDV 2 - Strecke 2 - VDV 1;0,000000;42110,0;  0,0;4831,9;  0,0;1,030;1,00;1,00;"80 0622-19.0;";0;ETCS fallend;;;False;ETCS fallend;False;00:41:31;00:41:31;-;-;False;-;-;2491;2491
13625;ETCS fallend;0/00:41:32;0/00:41:32;00:42;00:42;00:42;00:42;-;80,00;77,67;80,00;-;80,00;-;K;-;ETCS-Stützstelle;;S2;Strecke 2;0/00:10:50;-;140,00;1,0000;1,030;-;-;54,0;118,0;ETCS L1;False;False;0;-; 0,0; 0,0; 0,0;S2: VDV 2 - Strecke 2 - VDV 1;0,000000;42110,0;  0,0;4831,9;  0,0;1,030;1,00;1,00;"80 0622-19.0;";0;ETCS fallend;;;False;ETCS fallend;False;00:41:32;00:41:32;-;-;False;-;-;2492;2492
13650;ETCS fallend;0/00:41:33;0/00:41:33;00:42;00:42;00:42;00:42;-;80,00;77,67;80,00;-;80,00;-;K;-;ETCS-Stützstelle;;S2;Strecke 2;0/00:10:51;-;140,00;1,0000;1,030;-;-;54,0;118,0;ETCS L1;False;False;0;-; 0,0; 0,0; 0,0;S2: VDV 2 - Strecke 2 - VDV 1;0,000000;42110,0;  0,0;4831,9;  0,0;1,030;1,00;1,00;"80 0622-19.0;";0;ETCS fallend;;;False;ETCS fallend;False;00:41:33;00:41:33;-;-;False;-;-;2493;2493
13675;ETCS fallend;0/00:41:35;0/00:41:35;00:42;00:42;00:42;00:42;-;80,00;77,67;80,00;-;80,00;-;K;-;ETCS-Stützstelle;;S2;Strecke 2;0/00:10:52;-;140,00;1,0000;1,030;-;-;54,0;118,0;ETCS L1;False;False;0;-; 0,0; 0,0; 0,0;S2: VDV 2 - Strecke 2 - VDV 1;0,000000;42110,0;  0,0;4831,9;  0,0;1,030;1,00;1,00;"80 0622-19.0;";0;ETCS fallend;;;False;ETCS fallend;False;00:41:35;00:41:35;-;-;False;-;-;2495;2495
13700;ETCS fallend;0/00:41:36;0/00:41:36;00:42;00:42;00:42;00:42;-;80,00;77,67;80,00;-;80,00;-;K;-;ETCS-Stützstelle;;S2;Strecke 2;0/00:10:54;-;140,00;1,0000;1,030;-;-;54,0;118,0;ETCS L1;False;False;0;-; 0,0; 0,0; 0,0;S2: VDV 2 - Strecke 2 - VDV 1;0,000000;42110,0;  0,0;4831,9;  0,0;1,030;1,00;1,00;"80 0622-19.0;";0;ETCS fallend;;;False;ETCS fallend;False;00:41:36;00:41:36;-;-;False;-;-;2496;2496
13725;ETCS fallend;0/00:41:37;0/00:41:37;00:42;00:42;00:42;00:42;-;80,00;77,67;80,00;-;80,00;-;K;-;ETCS-Stützstelle;;S2;Strecke 2;0/00:10:55;-;140,00;1,0000;1,030;-;-;54,0;118,0;ETCS L1;False;False;0;-; 0,0; 0,0; 0,0;S2: VDV 2 - Strecke 2 - VDV 1;0,000000;42110,0;  0,0;4831,9;  0,0;1,030;1,00;1,00;"80 0622-19.0;";0;ETCS fallend;;;False;ETCS fallend;False;00:41:37;00:41:37;-;-;False;-;-;2497;2497
13750;ETCS fallend;0/00:41:38;0/00:41:38;00:42;00:42;00:42;00:42;-;80,00;77,67;80,00;-;80,00;-;K;-;ETCS-Stützstelle;;S2;Strecke 2;0/00:10:56;-;140,00;1,0000;1,030;-;-;54,0;118,0;ETCS L1;False;False;0;-; 0,0; 0,0; 0,0;S2: VDV 2 - Strecke 2 - VDV 1;0,000000;42110,0;  0,0;4831,9;  0,0;1,030;1,00;1,00;"80 0622-19.0;";0;ETCS fallend;;;False;ETCS fallend;False;00:41:38;00:41:38;-;-;False;-;-;2498;2498
13775;ETCS fallend;0/00:41:39;0/00:41:39;00:42;00:42;00:42;00:42;-;80,00;77,67;80,00;-;80,00;-;K;-;ETCS-Stützstelle;;S2;Strecke 2;0/00:10:57;-;140,00;1,0000;1,030;-;-;54,0;118,0;ETCS L1;False;False;0;-; 0,0; 0,0; 0,0;S2: VDV 2 - Strecke 2 - VDV 1;0,000000;42110,0;  0,0;4831,9;  0,0;1,030;1,00;1,00;"80 0622-19.0;";0;ETCS fallend;;;False;ETCS fallend;False;00:41:39;00:41:39;-;-;False;-;-;2499;2499
13800;ETCS fallend;0/00:41:40;0/00:41:40;00:42;00:42;00:42;00:42;-;80,00;77,67;80,00;-;80,00;-;K;-;ETCS-Stützstelle;;S2;Strecke 2;0/00:10:58;-;140,00;1,0000;1,030;-;-;54,0;118,0;ETCS L1;False;False;0;-; 0,0; 0,0; 0,0;S2: VDV 2 - Strecke 2 - VDV 1;0,000000;42110,0;  0,0;4831,9;  0,0;1,030;1,00;1,00;"80 0622-19.0;";0;ETCS fallend;;;False;ETCS fallend;False;00:41:40;00:41:40;-;-;False;-;-;2500;2500
13825;ETCS fallend;0/00:41:42;0/00:41:42;00:42;00:42;00:42;00:42;-;80,00;77,67;80,00;-;80,00;-;K;-;ETCS-Stützstelle;;S2;Strecke 2;0/00:10:59;-;140,00;1,0000;1,030;-;-;54,0;118,0;ETCS L1;False;False;0;-; 0,0; 0,0; 0,0;S2: VDV 2 - Strecke 2 - VDV 1;0,000000;42110,0;  0,0;4831,9;  0,0;1,030;1,00;1,00;"80 0622-19.0;";0;ETCS fallend;;;False;ETCS fallend;False;00:41:42;00:41:42;-;-;False;-;-;2502;2502
13850;ETCS fallend;0/00:41:43;0/00:41:43;00:42;00:42;00:42;00:42;-;80,00;77,67;80,00;-;80,00;-;K;-;ETCS-Stützstelle;;S2;Strecke 2;0/00:11:00;-;140,00;1,0000;1,030;-;-;54,0;118,0;ETCS L1;False;False;0;-; 0,0; 0,0; 0,0;S2: VDV 2 - Strecke 2 - VDV 1;0,000000;42110,0;  0,0;4831,9;  0,0;1,030;1,00;1,00;"80 0622-19.0;";0;ETCS fallend;;;False;ETCS fallend;False;00:41:43;00:41:43;-;-;False;-;-;2503;2503
13875;ETCS fallend;0/00:41:44;0/00:41:44;00:42;00:42;00:42;00:42;-;80,00;77,67;80,00;-;80,00;-;K;-;ETCS-Stützstelle;;S2;Strecke 2;0/00:11:01;-;140,00;1,0000;1,030;-;-;54,0;118,0;ETCS L1;False;False;0;-; 0,0; 0,0; 0,0;S2: VDV 2 - Strecke 2 - VDV 1;0,000000;42110,0;  0,0;4831,9;  0,0;1,030;1,00;1,00;"80 0622-19.0;";0;ETCS fallend;;;False;ETCS fallend;False;00:41:44;00:41:44;-;-;False;-;-;2504;2504
13900;ETCS fallend;0/00:41:45;0/00:41:45;00:42;00:42;00:42;00:42;-;80,00;77,67;80,00;-;80,00;-;K;-;ETCS-Stützstelle;;S2;Strecke 2;0/00:11:03;-;140,00;1,0000;1,030;-;-;54,0;118,0;ETCS L1;False;False;0;-; 0,0; 0,0; 0,0;S2: VDV 2 - Strecke 2 - VDV 1;0,000000;42110,0;  0,0;4831,9;  0,0;1,030;1,00;1,00;"80 0622-19.0;";0;ETCS fallend;;;False;ETCS fallend;False;00:41:45;00:41:45;-;-;False;-;-;2505;2505
13925;ETCS fallend;0/00:41:46;0/00:41:46;00:42;00:42;00:42;00:42;-;80,00;77,67;80,00;-;80,00;-;K;-;ETCS-Stützstelle;;S2;Strecke 2;0/00:11:04;-;140,00;1,0000;1,030;-;-;54,0;118,0;ETCS L1;False;False;0;-; 0,0; 0,0; 0,0;S2: VDV 2 - Strecke 2 - VDV 1;0,000000;42110,0;  0,0;4831,9;  0,0;1,030;1,00;1,00;"80 0622-19.0;";0;ETCS fallend;;;False;ETCS fallend;False;00:41:46;00:41:46;-;-;False;-;-;2506;2506
13950;ETCS fallend;0/00:41:47;0/00:41:47;00:42;00:42;00:42;00:42;-;80,00;77,67;80,00;-;80,00;-;K;-;ETCS-Stützstelle;;S2;Strecke 2;0/00:11:05;-;140,00;1,0000;1,030;-;-;54,0;118,0;ETCS L1;False;False;0;-; 0,0; 0,0; 0,0;S2: VDV 2 - Strecke 2 - VDV 1;0,000000;42110,0;  0,0;4831,9;  0,0;1,030;1,00;1,00;"80 0622-19.0;";0;ETCS fallend;;;False;ETCS fallend;False;00:41:47;00:41:47;-;-;False;-;-;2507;2507
13975;ETCS fallend;0/00:41:48;0/00:41:48;00:42;00:42;00:42;00:42;-;80,00;77,67;80,00;-;80,00;-;K;-;ETCS-Stützstelle;;S2;Strecke 2;0/00:11:06;-;140,00;1,0000;1,030;-;-;54,0;118,0;ETCS L1;False;False;0;-; 0,0; 0,0; 0,0;S2: VDV 2 - Strecke 2 - VDV 1;0,000000;42110,0;  0,0;4831,9;  0,0;1,030;1,00;1,00;"80 0622-19.0;";0;ETCS fallend;;;False;ETCS fallend;False;00:41:48;00:41:48;-;-;False;-;-;2508;2508
14000;ETCS fallend;0/00:41:50;0/00:41:50;00:42;00:42;00:42;00:42;-;80,00;77,67;80,00;-;80,00;-;K;-;ETCS-Stützstelle;;S2;Strecke 2;0/00:11:07;-;140,00;1,0000;1,030;-;-;54,0;118,0;ETCS L1;False;False;0;-; 0,0; 0,0; 0,0;S2: VDV 2 - Strecke 2 - VDV 1;0,000000;42110,0;  0,0;4831,9;  0,0;1,030;1,00;1,00;"80 0622-19.0;";0;ETCS fallend;;;False;ETCS fallend;False;00:41:50;00:41:50;-;-;False;-;-;2510;2510
14025;ETCS fallend;0/00:41:51;0/00:41:51;00:42;00:42;00:42;00:42;-;80,00;77,67;80,00;-;80,00;-;K;-;ETCS-Stützstelle;;S2;Strecke 2;0/00:11:08;-;140,00;1,0000;1,030;-;-;54,0;118,0;ETCS L1;False;False;0;-; 0,0; 0,0; 0,0;S2: VDV 2 - Strecke 2 - VDV 1;0,000000;42110,0;  0,0;4831,9;  0,0;1,030;1,00;1,00;"80 0622-19.0;";0;ETCS fallend;;;False;ETCS fallend;False;00:41:51;00:41:51;-;-;False;-;-;2511;2511
14050;ETCS fallend;0/00:41:52;0/00:41:52;00:42;00:42;00:42;00:42;-;80,00;77,67;80,00;-;80,00;-;K;-;ETCS-Stützstelle;;S2;Strecke 2;0/00:11:09;-;140,00;1,0000;1,030;-;-;54,0;118,0;ETCS L1;False;False;0;-; 0,0; 0,0; 0,0;S2: VDV 2 - Strecke 2 - VDV 1;0,000000;42110,0;  0,0;4831,9;  0,0;1,030;1,00;1,00;"80 0622-19.0;";0;ETCS fallend;;;False;ETCS fallend;False;00:41:52;00:41:52;-;-;False;-;-;2512;2512
14075;ETCS fallend;0/00:41:53;0/00:41:53;00:42;00:42;00:42;00:42;-;80,00;77,67;80,00;-;80,00;-;K;-;ETCS-Stützstelle;;S2;Strecke 2;0/00:11:10;-;140,00;1,0000;1,030;-;-;54,0;118,0;ETCS L1;False;False;0;-; 0,0; 0,0; 0,0;S2: VDV 2 - Strecke 2 - VDV 1;0,000000;42110,0;  0,0;4831,9;  0,0;1,030;1,00;1,00;"80 0622-19.0;";0;ETCS fallend;;;False;ETCS fallend;False;00:41:53;00:41:53;-;-;False;-;-;2513;2513
14100;ETCS fallend;0/00:41:54;0/00:41:54;00:42;00:42;00:42;00:42;-;80,00;77,67;80,00;-;80,00;-;K;-;ETCS-Stützstelle;;S2;Strecke 2;0/00:11:12;-;140,00;1,0000;1,030;-;-;54,0;118,0;ETCS L1;False;False;0;-; 0,0; 0,0; 0,0;S2: VDV 2 - Strecke 2 - VDV 1;0,000000;42110,0;  0,0;4831,9;  0,0;1,030;1,00;1,00;"80 0622-19.0;";0;ETCS fallend;;;False;ETCS fallend;False;00:41:54;00:41:54;-;-;False;-;-;2514;2514
14125;ETCS fallend;0/00:41:55;0/00:41:55;00:42;00:42;00:42;00:42;-;80,00;77,67;80,00;-;80,00;-;K;-;ETCS-Stützstelle;;S2;Strecke 2;0/00:11:13;-;140,00;1,0000;1,030;-;-;54,0;118,0;ETCS L1;False;False;0;-; 0,0; 0,0; 0,0;S2: VDV 2 - Strecke 2 - VDV 1;0,000000;42110,0;  0,0;4831,9;  0,0;1,030;1,00;1,00;"80 0622-19.0;";0;ETCS fallend;;;False;ETCS fallend;False;00:41:55;00:41:55;-;-;False;-;-;2515;2515
14150;ETCS fallend;0/00:41:57;0/00:41:57;00:42;00:42;00:42;00:42;-;80,00;77,67;80,00;-;80,00;-;K;-;ETCS-Stützstelle;;S2;Strecke 2;0/00:11:14;-;140,00;1,0000;1,030;-;-;54,0;118,0;ETCS L1;False;False;0;-; 0,0; 0,0; 0,0;S2: VDV 2 - Strecke 2 - VDV 1;0,000000;42110,0;  0,0;4831,9;  0,0;1,030;1,00;1,00;"80 0622-19.0;";0;ETCS fallend;;;False;ETCS fallend;False;00:41:57;00:41:57;-;-;False;-;-;2517;2517
14175;ETCS fallend;0/00:41:58;0/00:41:58;00:42;00:42;00:42;00:42;-;80,00;77,67;80,00;-;80,00;-;K;-;ETCS-Stützstelle;;S2;Strecke 2;0/00:11:15;-;140,00;1,0000;1,030;-;-;54,0;118,0;ETCS L1;False;False;0;-; 0,0; 0,0; 0,0;S2: VDV 2 - Strecke 2 - VDV 1;0,000000;42110,0;  0,0;4831,9;  0,0;1,030;1,00;1,00;"80 0622-19.0;";0;ETCS fallend;;;False;ETCS fallend;False;00:41:58;00:41:58;-;-;False;-;-;2518;2518
14200;ETCS fallend;0/00:41:59;0/00:41:59;00:42;00:42;00:42;00:42;-;80,00;77,67;80,00;-;80,00;-;K;-;ETCS-Stützstelle;;S2;Strecke 2;0/00:11:16;-;140,00;1,0000;1,030;-;-;54,0;118,0;ETCS L1;False;False;0;-; 0,0; 0,0; 0,0;S2: VDV 2 - Strecke 2 - VDV 1;0,000000;42110,0;  0,0;4831,9;  0,0;1,030;1,00;1,00;"80 0622-19.0;";0;ETCS fallend;;;False;ETCS fallend;False;00:41:59;00:41:59;-;-;False;-;-;2519;2519
14225;ETCS fallend;0/00:42:00;0/00:42:00;00:42;00:42;00:42;00:42;-;80,00;77,67;80,00;-;80,00;-;K;-;ETCS-Stützstelle;;S2;Strecke 2;0/00:11:17;-;140,00;1,0000;1,030;-;-;54,0;118,0;ETCS L1;False;False;0;-; 0,0; 0,0; 0,0;S2: VDV 2 - Strecke 2 - VDV 1;0,000000;42110,0;  0,0;4831,9;  0,0;1,030;1,00;1,00;"80 0622-19.0;";0;ETCS fallend;;;False;ETCS fallend;False;00:42:00;00:42:00;-;-;False;-;-;2520;2520
14250;ETCS fallend;0/00:42:01;0/00:42:01;00:42;00:42;00:42;00:42;-;80,00;77,67;80,00;-;80,00;-;K;-;ETCS-Stützstelle;;S2;Strecke 2;0/00:11:18;-;140,00;1,0000;1,030;-;-;54,0;118,0;ETCS L1;False;False;0;-; 0,0; 0,0; 0,0;S2: VDV 2 - Strecke 2 - VDV 1;0,000000;42110,0;  0,0;4831,9;  0,0;1,030;1,00;1,00;"80 0622-19.0;";0;ETCS fallend;;;False;ETCS fallend;False;00:42:01;00:42:01;-;-;False;-;-;2521;2521
14275;ETCS fallend;0/00:42:02;0/00:42:02;00:42;00:42;00:42;00:42;-;80,00;77,67;80,00;-;80,00;-;K;-;ETCS-Stützstelle;;S2;Strecke 2;0/00:11:19;-;140,00;1,0000;1,030;-;-;54,0;118,0;ETCS L1;False;False;0;-; 0,0; 0,0; 0,0;S2: VDV 2 - Strecke 2 - VDV 1;0,000000;42110,0;  0,0;4831,9;  0,0;1,030;1,00;1,00;"80 0622-19.0;";0;ETCS fallend;;;False;ETCS fallend;False;00:42:02;00:42:02;-;-;False;-;-;2522;2522
14300;ETCS fallend;0/00:42:04;0/00:42:04;00:42;00:42;00:42;00:42;-;80,00;77,67;80,00;-;80,00;-;K;-;ETCS-Stützstelle;;S2;Strecke 2;0/00:11:21;-;140,00;1,0000;1,030;-;-;54,0;118,0;ETCS L1;False;False;0;-; 0,0; 0,0; 0,0;S2: VDV 2 - Strecke 2 - VDV 1;0,000000;42110,0;  0,0;4831,9;  0,0;1,030;1,00;1,00;"80 0622-19.0;";0;ETCS fallend;;;False;ETCS fallend;False;00:42:04;00:42:04;-;-;False;-;-;2524;2524
14325;ETCS fallend;0/00:42:05;0/00:42:05;00:42;00:42;00:42;00:42;-;80,00;77,67;80,00;-;80,00;-;K;-;ETCS-Stützstelle;;S2;Strecke 2;0/00:11:22;-;140,00;1,0000;1,030;-;-;54,0;118,0;ETCS L1;False;False;0;-; 0,0; 0,0; 0,0;S2: VDV 2 - Strecke 2 - VDV 1;0,000000;42110,0;  0,0;4831,9;  0,0;1,030;1,00;1,00;"80 0622-19.0;";0;ETCS fallend;;;False;ETCS fallend;False;00:42:05;00:42:05;-;-;False;-;-;2525;2525
14350;ETCS fallend;0/00:42:06;0/00:42:06;00:42;00:42;00:42;00:42;-;80,00;77,67;80,00;-;80,00;-;K;-;ETCS-Stützstelle;;S2;Strecke 2;0/00:11:23;-;140,00;1,0000;1,030;-;-;54,0;118,0;ETCS L1;False;False;0;-; 0,0; 0,0; 0,0;S2: VDV 2 - Strecke 2 - VDV 1;0,000000;42110,0;  0,0;4831,9;  0,0;1,030;1,00;1,00;"80 0622-19.0;";0;ETCS fallend;;;False;ETCS fallend;False;00:42:06;00:42:06;-;-;False;-;-;2526;2526
14375;ETCS fallend;0/00:42:07;0/00:42:07;00:42;00:42;00:42;00:42;-;80,00;77,67;80,00;-;80,00;-;K;-;ETCS-Stützstelle;;S2;Strecke 2;0/00:11:24;-;140,00;1,0000;1,030;-;-;54,0;118,0;ETCS L1;False;False;0;-; 0,0; 0,0; 0,0;S2: VDV 2 - Strecke 2 - VDV 1;0,000000;42110,0;  0,0;4831,9;  0,0;1,030;1,00;1,00;"80 0622-19.0;";0;ETCS fallend;;;False;ETCS fallend;False;00:42:07;00:42:07;-;-;False;-;-;2527;2527
14400;ETCS fallend;0/00:42:08;0/00:42:08;00:42;00:42;00:42;00:42;-;80,00;77,67;80,00;-;80,00;-;K;-;ETCS-Stützstelle;;S2;Strecke 2;0/00:11:25;-;140,00;1,0000;1,030;-;-;54,0;118,0;ETCS L1;False;False;0;-; 0,0; 0,0; 0,0;S2: VDV 2 - Strecke 2 - VDV 1;0,000000;42110,0;  0,0;4831,9;  0,0;1,030;1,00;1,00;"80 0622-19.0;";0;ETCS fallend;;;False;ETCS fallend;False;00:42:08;00:42:08;-;-;False;-;-;2528;2528
14425;ETCS fallend;0/00:42:09;0/00:42:09;00:42;00:42;00:42;00:42;-;80,00;77,67;80,00;-;80,00;-;K;-;ETCS-Stützstelle;;S2;Strecke 2;0/00:11:26;-;140,00;1,0000;1,030;-;-;54,0;118,0;ETCS L1;False;False;0;-; 0,0; 0,0; 0,0;S2: VDV 2 - Strecke 2 - VDV 1;0,000000;42110,0;  0,0;4831,9;  0,0;1,030;1,00;1,00;"80 0622-19.0;";0;ETCS fallend;;;False;ETCS fallend;False;00:42:09;00:42:09;-;-;False;-;-;2529;2529
14450;ETCS fallend;0/00:42:10;0/00:42:10;00:42;00:42;00:42;00:42;-;80,00;77,67;80,00;-;80,00;-;K;-;ETCS-Stützstelle;;S2;Strecke 2;0/00:11:27;-;140,00;1,0000;1,030;-;-;54,0;118,0;ETCS L1;False;False;0;-; 0,0; 0,0; 0,0;S2: VDV 2 - Strecke 2 - VDV 1;0,000000;42110,0;  0,0;4831,9;  0,0;1,030;1,00;1,00;"80 0622-19.0;";0;ETCS fallend;;;False;ETCS fallend;False;00:42:10;00:42:10;-;-;False;-;-;2530;2530
14475;ETCS fallend;0/00:42:12;0/00:42:12;00:42;00:42;00:42;00:42;-;80,00;77,67;80,00;-;80,00;-;K;-;ETCS-Stützstelle;;S2;Strecke 2;0/00:11:28;-;140,00;1,0000;1,030;-;-;54,0;118,0;ETCS L1;False;False;0;-; 0,0; 0,0; 0,0;S2: VDV 2 - Strecke 2 - VDV 1;0,000000;42110,0;  0,0;4831,9;  0,0;1,030;1,00;1,00;"80 0622-19.0;";0;ETCS fallend;;;False;ETCS fallend;False;00:42:12;00:42:12;-;-;False;-;-;2532;2532
14500;ETCS fallend;0/00:42:13;0/00:42:13;00:42;00:42;00:42;00:42;-;80,00;77,67;80,00;-;80,00;-;K;-;ETCS-Stützstelle;;S2;Strecke 2;0/00:11:30;-;140,00;1,0000;1,030;-;-;54,0;118,0;ETCS L1;False;False;0;-; 0,0; 0,0; 0,0;S2: VDV 2 - Strecke 2 - VDV 1;0,000000;42110,0;  0,0;4831,9;  0,0;1,030;1,00;1,00;"80 0622-19.0;";0;ETCS fallend;;;False;ETCS fallend;False;00:42:13;00:42:13;-;-;False;-;-;2533;2533
14525;ETCS fallend;0/00:42:14;0/00:42:14;00:42;00:42;00:42;00:42;-;80,00;77,67;80,00;-;80,00;-;K;-;ETCS-Stützstelle;;S2;Strecke 2;0/00:11:31;-;140,00;1,0000;1,030;-;-;54,0;118,0;ETCS L1;False;False;0;-; 0,0; 0,0; 0,0;S2: VDV 2 - Strecke 2 - VDV 1;0,000000;42110,0;  0,0;4831,9;  0,0;1,030;1,00;1,00;"80 0622-19.0;";0;ETCS fallend;;;False;ETCS fallend;False;00:42:14;00:42:14;-;-;False;-;-;2534;2534
14550;ETCS fallend;0/00:42:15;0/00:42:15;00:42;00:42;00:42;00:42;-;80,00;77,67;80,00;-;80,00;-;K;-;ETCS-Stützstelle;;S2;Strecke 2;0/00:11:32;-;140,00;1,0000;1,030;-;-;54,0;118,0;ETCS L1;False;False;0;-; 0,0; 0,0; 0,0;S2: VDV 2 - Strecke 2 - VDV 1;0,000000;42110,0;  0,0;4831,9;  0,0;1,030;1,00;1,00;"80 0622-19.0;";0;ETCS fallend;;;False;ETCS fallend;False;00:42:15;00:42:15;-;-;False;-;-;2535;2535
14575;ETCS fallend;0/00:42:16;0/00:42:16;00:42;00:42;00:42;00:42;-;80,00;77,67;80,00;-;80,00;-;K;-;ETCS-Stützstelle;;S2;Strecke 2;0/00:11:33;-;140,00;1,0000;1,030;-;-;54,0;118,0;ETCS L1;False;False;0;-; 0,0; 0,0; 0,0;S2: VDV 2 - Strecke 2 - VDV 1;0,000000;42110,0;  0,0;4831,9;  0,0;1,030;1,00;1,00;"80 0622-19.0;";0;ETCS fallend;;;False;ETCS fallend;False;00:42:16;00:42:16;-;-;False;-;-;2536;2536
14600;ETCS fallend;0/00:42:17;0/00:42:17;00:42;00:42;00:42;00:42;-;80,00;77,67;80,00;-;80,00;-;K;-;ETCS-Stützstelle;;S2;Strecke 2;0/00:11:34;-;140,00;1,0000;1,030;-;-;54,0;118,0;ETCS L1;False;False;0;-; 0,0; 0,0; 0,0;S2: VDV 2 - Strecke 2 - VDV 1;0,000000;42110,0;  0,0;4831,9;  0,0;1,030;1,00;1,00;"80 0622-19.0;";0;ETCS fallend;;;False;ETCS fallend;False;00:42:17;00:42:17;-;-;False;-;-;2537;2537
14625;ETCS fallend;0/00:42:19;0/00:42:19;00:42;00:42;00:42;00:42;-;80,00;77,67;80,00;-;80,00;-;K;-;ETCS-Stützstelle;;S2;Strecke 2;0/00:11:35;-;140,00;1,0000;1,030;-;-;54,0;118,0;ETCS L1;False;False;0;-; 0,0; 0,0; 0,0;S2: VDV 2 - Strecke 2 - VDV 1;0,000000;42110,0;  0,0;4831,9;  0,0;1,030;1,00;1,00;"80 0622-19.0;";0;ETCS fallend;;;False;ETCS fallend;False;00:42:19;00:42:19;-;-;False;-;-;2539;2539
14650;ETCS fallend;0/00:42:20;0/00:42:20;00:42;00:42;00:42;00:42;-;80,00;77,67;80,00;-;80,00;-;K;-;ETCS-Stützstelle;;S2;Strecke 2;0/00:11:36;-;140,00;1,0000;1,030;-;-;54,0;118,0;ETCS L1;False;False;0;-; 0,0; 0,0; 0,0;S2: VDV 2 - Strecke 2 - VDV 1;0,000000;42110,0;  0,0;4831,9;  0,0;1,030;1,00;1,00;"80 0622-19.0;";0;ETCS fallend;;;False;ETCS fallend;False;00:42:20;00:42:20;-;-;False;-;-;2540;2540
14675;ETCS fallend;0/00:42:21;0/00:42:21;00:42;00:42;00:42;00:42;-;80,00;77,67;80,00;-;80,00;-;K;-;ETCS-Stützstelle;;S2;Strecke 2;0/00:11:37;-;140,00;1,0000;1,030;-;-;54,0;118,0;ETCS L1;False;False;0;-; 0,0; 0,0; 0,0;S2: VDV 2 - Strecke 2 - VDV 1;0,000000;42110,0;  0,0;4831,9;  0,0;1,030;1,00;1,00;"80 0622-19.0;";0;ETCS fallend;;;False;ETCS fallend;False;00:42:21;00:42:21;-;-;False;-;-;2541;2541
14700;ETCS fallend;0/00:42:22;0/00:42:22;00:42;00:42;00:42;00:42;-;80,00;77,67;80,00;-;80,00;-;K;-;ETCS-Stützstelle;;S2;Strecke 2;0/00:11:39;-;140,00;1,0000;1,030;-;-;54,0;118,0;ETCS L1;False;False;0;-; 0,0; 0,0; 0,0;S2: VDV 2 - Strecke 2 - VDV 1;0,000000;42110,0;  0,0;4831,9;  0,0;1,030;1,00;1,00;"80 0622-19.0;";0;ETCS fallend;;;False;ETCS fallend;False;00:42:22;00:42:22;-;-;False;-;-;2542;2542
14725;ETCS fallend;0/00:42:23;0/00:42:23;00:42;00:42;00:42;00:42;-;80,00;77,67;80,00;-;80,00;-;K;-;ETCS-Stützstelle;;S2;Strecke 2;0/00:11:40;-;140,00;1,0000;1,030;-;-;54,0;118,0;ETCS L1;False;False;0;-; 0,0; 0,0; 0,0;S2: VDV 2 - Strecke 2 - VDV 1;0,000000;42110,0;  0,0;4831,9;  0,0;1,030;1,00;1,00;"80 0622-19.0;";0;ETCS fallend;;;False;ETCS fallend;False;00:42:23;00:42:23;-;-;False;-;-;2543;2543
14750;ETCS fallend;0/00:42:24;0/00:42:24;00:42;00:42;00:42;00:42;-;80,00;77,67;80,00;-;80,00;-;K;-;ETCS-Stützstelle;;S2;Strecke 2;0/00:11:41;-;140,00;1,0000;1,030;-;-;54,0;118,0;ETCS L1;False;False;0;-; 0,0; 0,0; 0,0;S2: VDV 2 - Strecke 2 - VDV 1;0,000000;42110,0;  0,0;4831,9;  0,0;1,030;1,00;1,00;"80 0622-19.0;";0;ETCS fallend;;;False;ETCS fallend;False;00:42:24;00:42:24;-;-;False;-;-;2544;2544
14775;ETCS fallend;0/00:42:26;0/00:42:26;00:42;00:42;00:42;00:42;-;80,00;77,67;80,00;-;80,00;-;K;-;ETCS-Stützstelle;;S2;Strecke 2;0/00:11:42;-;140,00;1,0000;1,030;-;-;54,0;118,0;ETCS L1;False;False;0;-; 0,0; 0,0; 0,0;S2: VDV 2 - Strecke 2 - VDV 1;0,000000;42110,0;  0,0;4831,9;  0,0;1,030;1,00;1,00;"80 0622-19.0;";0;ETCS fallend;;;False;ETCS fallend;False;00:42:26;00:42:26;-;-;False;-;-;2546;2546
14800;ETCS fallend;0/00:42:27;0/00:42:27;00:42;00:42;00:42;00:42;-;80,00;77,67;80,00;-;80,00;-;K;-;ETCS-Stützstelle;;S2;Strecke 2;0/00:11:43;-;140,00;1,0000;1,030;-;-;54,0;118,0;ETCS L1;False;False;0;-; 0,0; 0,0; 0,0;S2: VDV 2 - Strecke 2 - VDV 1;0,000000;42110,0;  0,0;4831,9;  0,0;1,030;1,00;1,00;"80 0622-19.0;";0;ETCS fallend;;;False;ETCS fallend;False;00:42:27;00:42:27;-;-;False;-;-;2547;2547
14825;ETCS fallend;0/00:42:28;0/00:42:28;00:42;00:42;00:42;00:42;-;80,00;77,67;80,00;-;80,00;-;K;-;ETCS-Stützstelle;;S2;Strecke 2;0/00:11:44;-;140,00;1,0000;1,030;-;-;54,0;118,0;ETCS L1;False;False;0;-; 0,0; 0,0; 0,0;S2: VDV 2 - Strecke 2 - VDV 1;0,000000;42110,0;  0,0;4831,9;  0,0;1,030;1,00;1,00;"80 0622-19.0;";0;ETCS fallend;;;False;ETCS fallend;False;00:42:28;00:42:28;-;-;False;-;-;2548;2548
14850;ETCS fallend;0/00:42:29;0/00:42:29;00:42;00:42;00:42;00:42;-;80,00;77,67;80,00;-;80,00;-;K;-;ETCS-Stützstelle;;S2;Strecke 2;0/00:11:45;-;140,00;1,0000;1,030;-;-;54,0;118,0;ETCS L1;False;False;0;-; 0,0; 0,0; 0,0;S2: VDV 2 - Strecke 2 - VDV 1;0,000000;42110,0;  0,0;4831,9;  0,0;1,030;1,00;1,00;"80 0622-19.0;";0;ETCS fallend;;;False;ETCS fallend;False;00:42:29;00:42:29;-;-;False;-;-;2549;2549
14875;ETCS fallend;0/00:42:30;0/00:42:30;00:43;00:43;00:43;00:43;-;80,00;77,67;80,00;-;80,00;-;K;-;ETCS-Stützstelle;;S2;Strecke 2;0/00:11:46;-;140,00;1,0000;1,030;-;-;54,0;118,0;ETCS L1;False;False;0;-; 0,0; 0,0; 0,0;S2: VDV 2 - Strecke 2 - VDV 1;0,000000;42110,0;  0,0;4831,9;  0,0;1,030;1,00;1,00;"80 0622-19.0;";0;ETCS fallend;;;False;ETCS fallend;False;00:42:30;00:42:30;-;-;False;-;-;2550;2550
14900;ETCS fallend;0/00:42:31;0/00:42:31;00:43;00:43;00:43;00:43;-;80,00;77,67;80,00;-;80,00;-;K;-;ETCS-Stützstelle;;S2;Strecke 2;0/00:11:48;-;140,00;1,0000;1,030;-;-;54,0;118,0;ETCS L1;False;False;0;-; 0,0; 0,0; 0,0;S2: VDV 2 - Strecke 2 - VDV 1;0,000000;42110,0;  0,0;4831,9;  0,0;1,030;1,00;1,00;"80 0622-19.0;";0;ETCS fallend;;;False;ETCS fallend;False;00:42:31;00:42:31;-;-;False;-;-;2551;2551
14925;ETCS fallend;0/00:42:32;0/00:42:32;00:43;00:43;00:43;00:43;-;80,00;77,67;80,00;-;80,00;-;K;-;ETCS-Stützstelle;;S2;Strecke 2;0/00:11:49;-;140,00;1,0000;1,030;-;-;54,0;118,0;ETCS L1;False;False;0;-; 0,0; 0,0; 0,0;S2: VDV 2 - Strecke 2 - VDV 1;0,000000;42110,0;  0,0;4831,9;  0,0;1,030;1,00;1,00;"80 0622-19.0;";0;ETCS fallend;;;False;ETCS fallend;False;00:42:32;00:42:32;-;-;False;-;-;2552;2552
14950;ETCS fallend;0/00:42:34;0/00:42:34;00:43;00:43;00:43;00:43;-;80,00;77,67;80,00;-;80,00;-;K;-;ETCS-Stützstelle;;S2;Strecke 2;0/00:11:50;-;140,00;1,0000;1,030;-;-;54,0;118,0;ETCS L1;False;False;0;-; 0,0; 0,0; 0,0;S2: VDV 2 - Strecke 2 - VDV 1;0,000000;42110,0;  0,0;4831,9;  0,0;1,030;1,00;1,00;"80 0622-19.0;";0;ETCS fallend;;;False;ETCS fallend;False;00:42:34;00:42:34;-;-;False;-;-;2554;2554
14975;ETCS fallend;0/00:42:35;0/00:42:35;00:43;00:43;00:43;00:43;-;80,00;77,67;80,00;-;80,00;-;K;-;ETCS-Stützstelle;;S2;Strecke 2;0/00:11:51;-;140,00;1,0000;1,030;-;-;54,0;118,0;ETCS L1;False;False;0;-; 0,0; 0,0; 0,0;S2: VDV 2 - Strecke 2 - VDV 1;0,000000;42110,0;  0,0;4831,9;  0,0;1,030;1,00;1,00;"80 0622-19.0;";0;ETCS fallend;;;False;ETCS fallend;False;00:42:35;00:42:35;-;-;False;-;-;2555;2555
15000;ETCS fallend;0/00:42:36;0/00:42:36;00:43;00:43;00:43;00:43;-;80,00;77,67;80,00;-;80,00;-;K;-;S2 15.000 Streckengleis Fahrzeitmesspunkt, Beide Richtungen, BS-Mitte;;S2;Strecke 2;0/00:11:52;00:42:36;140,00;1,0000;1,030;-;-;54,0;118,0;ETCS L1;False;False;0;-; 0,0; 0,0; 0,0;S2: VDV 2 - Strecke 2 - VDV 1;0,000000;42110,0;  0,0;4831,9;  0,0;1,030;1,00;1,00;"80 0622-19.0;";0;ETCS fallend;3521;;True;ETCS fallend;False;00:42:36;00:42:36;-;-;False;-;Betriebsstellengrenze 3521-0 - Betriebsstellengrenze 3521-0 (3521);2556;2556
15025;ETCS fallend;0/00:42:37;0/00:42:37;00:43;00:43;00:43;00:43;-;80,00;77,67;80,00;-;80,00;-;K;-;ETCS-Stützstelle;;S2;Strecke 2;0/00:11:53;-;140,00;1,0000;1,030;-;-;54,0;118,0;ETCS L1;False;False;0;-; 0,0; 0,0; 0,0;S2: VDV 2 - Strecke 2 - VDV 1;0,000000;42110,0;  0,0;4831,9;  0,0;1,030;1,00;1,00;"80 0622-19.0;";0;ETCS fallend;;;False;ETCS fallend;False;00:42:37;00:42:37;-;-;False;-;-;2557;2557
15050;ETCS fallend;0/00:42:38;0/00:42:38;00:43;00:43;00:43;00:43;-;80,00;77,67;80,00;-;80,00;-;K;-;ETCS-Stützstelle;;S2;Strecke 2;0/00:11:54;-;140,00;1,0000;1,030;-;-;54,0;118,0;ETCS L1;False;False;0;-; 0,0; 0,0; 0,0;S2: VDV 2 - Strecke 2 - VDV 1;0,000000;42110,0;  0,0;4831,9;  0,0;1,030;1,00;1,00;"80 0622-19.0;";0;ETCS fallend;;;False;ETCS fallend;False;00:42:38;00:42:38;-;-;False;-;-;2558;2558
15075;ETCS fallend;0/00:42:39;0/00:42:39;00:43;00:43;00:43;00:43;-;80,00;77,67;80,00;-;80,00;-;K;-;ETCS-Stützstelle;;S2;Strecke 2;0/00:11:55;-;140,00;1,0000;1,030;-;-;54,0;118,0;ETCS L1;False;False;0;-; 0,0; 0,0; 0,0;S2: VDV 2 - Strecke 2 - VDV 1;0,000000;42110,0;  0,0;4831,9;  0,0;1,030;1,00;1,00;"80 0622-19.0;";0;ETCS fallend;;;False;ETCS fallend;False;00:42:39;00:42:39;-;-;False;-;-;2559;2559
15100;ETCS fallend;0/00:42:41;0/00:42:41;00:43;00:43;00:43;00:43;-;80,00;77,67;80,00;-;80,00;-;K;-;ETCS-Stützstelle;;S2;Strecke 2;0/00:11:57;-;140,00;1,0000;1,030;-;-;54,0;118,0;ETCS L1;False;False;0;-; 0,0; 0,0; 0,0;S2: VDV 2 - Strecke 2 - VDV 1;0,000000;42110,0;  0,0;4831,9;  0,0;1,030;1,00;1,00;"80 0622-19.0;";0;ETCS fallend;;;False;ETCS fallend;False;00:42:41;00:42:41;-;-;False;-;-;2561;2561
15125;ETCS fallend;0/00:42:42;0/00:42:42;00:43;00:43;00:43;00:43;-;80,00;77,67;80,00;-;80,00;-;K;-;ETCS-Stützstelle;;S2;Strecke 2;0/00:11:58;-;140,00;1,0000;1,030;-;-;54,0;118,0;ETCS L1;False;False;0;-; 0,0; 0,0; 0,0;S2: VDV 2 - Strecke 2 - VDV 1;0,000000;42110,0;  0,0;4831,9;  0,0;1,030;1,00;1,00;"80 0622-19.0;";0;ETCS fallend;;;False;ETCS fallend;False;00:42:42;00:42:42;-;-;False;-;-;2562;2562
15150;ETCS fallend;0/00:42:43;0/00:42:43;00:43;00:43;00:43;00:43;-;80,00;77,67;80,00;-;80,00;-;K;-;ETCS-Stützstelle;;S2;Strecke 2;0/00:11:59;-;140,00;1,0000;1,030;-;-;54,0;118,0;ETCS L1;False;False;0;-; 0,0; 0,0; 0,0;S2: VDV 2 - Strecke 2 - VDV 1;0,000000;42110,0;  0,0;4831,9;  0,0;1,030;1,00;1,00;"80 0622-19.0;";0;ETCS fallend;;;False;ETCS fallend;False;00:42:43;00:42:43;-;-;False;-;-;2563;2563
15175;ETCS fallend;0/00:42:44;0/00:42:44;00:43;00:43;00:43;00:43;-;80,00;77,67;80,00;-;80,00;-;K;-;ETCS-Stützstelle;;S2;Strecke 2;0/00:12:00;-;140,00;1,0000;1,030;-;-;54,0;118,0;ETCS L1;False;False;0;-; 0,0; 0,0; 0,0;S2: VDV 2 - Strecke 2 - VDV 1;0,000000;42110,0;  0,0;4831,9;  0,0;1,030;1,00;1,00;"80 0622-19.0;";0;ETCS fallend;;;False;ETCS fallend;False;00:42:44;00:42:44;-;-;False;-;-;2564;2564
15200;ETCS fallend;0/00:42:45;0/00:42:45;00:43;00:43;00:43;00:43;-;80,00;77,67;80,00;-;80,00;-;K;-;ETCS-Stützstelle;;S2;Strecke 2;0/00:12:01;-;140,00;1,0000;1,030;-;-;54,0;118,0;ETCS L1;False;False;0;-; 0,0; 0,0; 0,0;S2: VDV 2 - Strecke 2 - VDV 1;0,000000;42110,0;  0,0;4831,9;  0,0;1,030;1,00;1,00;"80 0622-19.0;";0;ETCS fallend;;;False;ETCS fallend;False;00:42:45;00:42:45;-;-;False;-;-;2565;2565
15225;ETCS fallend;0/00:42:46;0/00:42:46;00:43;00:43;00:43;00:43;-;80,00;77,67;80,00;-;80,00;-;K;-;ETCS-Stützstelle;;S2;Strecke 2;0/00:12:02;-;140,00;1,0000;1,030;-;-;54,0;118,0;ETCS L1;False;False;0;-; 0,0; 0,0; 0,0;S2: VDV 2 - Strecke 2 - VDV 1;0,000000;42110,0;  0,0;4831,9;  0,0;1,030;1,00;1,00;"80 0622-19.0;";0;ETCS fallend;;;False;ETCS fallend;False;00:42:46;00:42:46;-;-;False;-;-;2566;2566
15250;ETCS fallend;0/00:42:48;0/00:42:48;00:43;00:43;00:43;00:43;-;80,00;77,67;80,00;-;80,00;-;K;-;ETCS-Stützstelle;;S2;Strecke 2;0/00:12:03;-;140,00;1,0000;1,030;-;-;54,0;118,0;ETCS L1;False;False;0;-; 0,0; 0,0; 0,0;S2: VDV 2 - Strecke 2 - VDV 1;0,000000;42110,0;  0,0;4831,9;  0,0;1,030;1,00;1,00;"80 0622-19.0;";0;ETCS fallend;;;False;ETCS fallend;False;00:42:48;00:42:48;-;-;False;-;-;2568;2568
15275;ETCS fallend;0/00:42:49;0/00:42:49;00:43;00:43;00:43;00:43;-;80,00;77,67;80,00;-;80,00;-;K;-;ETCS-Stützstelle;;S2;Strecke 2;0/00:12:04;-;140,00;1,0000;1,030;-;-;54,0;118,0;ETCS L1;False;False;0;-; 0,0; 0,0; 0,0;S2: VDV 2 - Strecke 2 - VDV 1;0,000000;42110,0;  0,0;4831,9;  0,0;1,030;1,00;1,00;"80 0622-19.0;";0;ETCS fallend;;;False;ETCS fallend;False;00:42:49;00:42:49;-;-;False;-;-;2569;2569
15300;ETCS fallend;0/00:42:50;0/00:42:50;00:43;00:43;00:43;00:43;-;80,00;77,67;80,00;-;80,00;-;K;-;ETCS-Stützstelle;;S2;Strecke 2;0/00:12:06;-;140,00;1,0000;1,030;-;-;54,0;118,0;ETCS L1;False;False;0;-; 0,0; 0,0; 0,0;S2: VDV 2 - Strecke 2 - VDV 1;0,000000;42110,0;  0,0;4831,9;  0,0;1,030;1,00;1,00;"80 0622-19.0;";0;ETCS fallend;;;False;ETCS fallend;False;00:42:50;00:42:50;-;-;False;-;-;2570;2570
15325;ETCS fallend;0/00:42:51;0/00:42:51;00:43;00:43;00:43;00:43;-;80,00;77,67;80,00;-;80,00;-;K;-;ETCS-Stützstelle;;S2;Strecke 2;0/00:12:07;-;140,00;1,0000;1,030;-;-;54,0;118,0;ETCS L1;False;False;0;-; 0,0; 0,0; 0,0;S2: VDV 2 - Strecke 2 - VDV 1;0,000000;42110,0;  0,0;4831,9;  0,0;1,030;1,00;1,00;"80 0622-19.0;";0;ETCS fallend;;;False;ETCS fallend;False;00:42:51;00:42:51;-;-;False;-;-;2571;2571
15350;ETCS fallend;0/00:42:52;0/00:42:52;00:43;00:43;00:43;00:43;-;80,00;77,67;80,00;-;80,00;-;K;-;ETCS-Stützstelle;;S2;Strecke 2;0/00:12:08;-;140,00;1,0000;1,030;-;-;54,0;118,0;ETCS L1;False;False;0;-; 0,0; 0,0; 0,0;S2: VDV 2 - Strecke 2 - VDV 1;0,000000;42110,0;  0,0;4831,9;  0,0;1,030;1,00;1,00;"80 0622-19.0;";0;ETCS fallend;;;False;ETCS fallend;False;00:42:52;00:42:52;-;-;False;-;-;2572;2572
15375;ETCS fallend;0/00:42:53;0/00:42:53;00:43;00:43;00:43;00:43;-;80,00;77,67;80,00;-;80,00;-;K;-;ETCS-Stützstelle;;S2;Strecke 2;0/00:12:09;-;140,00;1,0000;1,030;-;-;54,0;118,0;ETCS L1;False;False;0;-; 0,0; 0,0; 0,0;S2: VDV 2 - Strecke 2 - VDV 1;0,000000;42110,0;  0,0;4831,9;  0,0;1,030;1,00;1,00;"80 0622-19.0;";0;ETCS fallend;;;False;ETCS fallend;False;00:42:53;00:42:53;-;-;False;-;-;2573;2573
15400;ETCS fallend;0/00:42:55;0/00:42:55;00:43;00:43;00:43;00:43;-;80,00;77,67;80,00;-;80,00;-;K;-;ETCS-Stützstelle;;S2;Strecke 2;0/00:12:10;-;140,00;1,0000;1,030;-;-;54,0;118,0;ETCS L1;False;False;0;-; 0,0; 0,0; 0,0;S2: VDV 2 - Strecke 2 - VDV 1;0,000000;42110,0;  0,0;4831,9;  0,0;1,030;1,00;1,00;"80 0622-19.0;";0;ETCS fallend;;;False;ETCS fallend;False;00:42:55;00:42:55;-;-;False;-;-;2575;2575
15425;ETCS fallend;0/00:42:56;0/00:42:56;00:43;00:43;00:43;00:43;-;80,00;77,67;80,00;-;80,00;-;K;-;ETCS-Stützstelle;;S2;Strecke 2;0/00:12:11;-;140,00;1,0000;1,030;-;-;54,0;118,0;ETCS L1;False;False;0;-; 0,0; 0,0; 0,0;S2: VDV 2 - Strecke 2 - VDV 1;0,000000;42110,0;  0,0;4831,9;  0,0;1,030;1,00;1,00;"80 0622-19.0;";0;ETCS fallend;;;False;ETCS fallend;False;00:42:56;00:42:56;-;-;False;-;-;2576;2576
15450;ETCS fallend;0/00:42:57;0/00:42:57;00:43;00:43;00:43;00:43;-;80,00;77,67;80,00;-;80,00;-;K;-;ETCS-Stützstelle;;S2;Strecke 2;0/00:12:12;-;140,00;1,0000;1,030;-;-;54,0;118,0;ETCS L1;False;False;0;-; 0,0; 0,0; 0,0;S2: VDV 2 - Strecke 2 - VDV 1;0,000000;42110,0;  0,0;4831,9;  0,0;1,030;1,00;1,00;"80 0622-19.0;";0;ETCS fallend;;;False;ETCS fallend;False;00:42:57;00:42:57;-;-;False;-;-;2577;2577
15475;ETCS fallend;0/00:42:58;0/00:42:58;00:43;00:43;00:43;00:43;-;80,00;77,67;80,00;-;80,00;-;K;-;ETCS-Stützstelle;;S2;Strecke 2;0/00:12:13;-;140,00;1,0000;1,030;-;-;54,0;118,0;ETCS L1;False;False;0;-; 0,0; 0,0; 0,0;S2: VDV 2 - Strecke 2 - VDV 1;0,000000;42110,0;  0,0;4831,9;  0,0;1,030;1,00;1,00;"80 0622-19.0;";0;ETCS fallend;;;False;ETCS fallend;False;00:42:58;00:42:58;-;-;False;-;-;2578;2578
15500;ETCS fallend;0/00:42:59;0/00:42:59;00:43;00:43;00:43;00:43;-;80,00;77,67;80,00;-;80,00;-;K;-;ETCS-Stützstelle;;S2;Strecke 2;0/00:12:15;-;140,00;1,0000;1,030;-;-;54,0;118,0;ETCS L1;False;False;0;-; 0,0; 0,0; 0,0;S2: VDV 2 - Strecke 2 - VDV 1;0,000000;42110,0;  0,0;4831,9;  0,0;1,030;1,00;1,00;"80 0622-19.0;";0;ETCS fallend;;;False;ETCS fallend;False;00:42:59;00:42:59;-;-;False;-;-;2579;2579
15525;ETCS fallend;0/00:43:00;0/00:43:00;00:43;00:43;00:43;00:43;-;80,00;77,67;80,00;-;80,00;-;K;-;ETCS-Stützstelle;;S2;Strecke 2;0/00:12:16;-;140,00;1,0000;1,030;-;-;54,0;118,0;ETCS L1;False;False;0;-; 0,0; 0,0; 0,0;S2: VDV 2 - Strecke 2 - VDV 1;0,000000;42110,0;  0,0;4831,9;  0,0;1,030;1,00;1,00;"80 0622-19.0;";0;ETCS fallend;;;False;ETCS fallend;False;00:43:00;00:43:00;-;-;False;-;-;2580;2580
15550;ETCS fallend;0/00:43:01;0/00:43:01;00:43;00:43;00:43;00:43;-;80,00;77,67;80,00;-;80,00;-;K;-;ETCS-Stützstelle;;S2;Strecke 2;0/00:12:17;-;140,00;1,0000;1,030;-;-;54,0;118,0;ETCS L1;False;False;0;-; 0,0; 0,0; 0,0;S2: VDV 2 - Strecke 2 - VDV 1;0,000000;42110,0;  0,0;4831,9;  0,0;1,030;1,00;1,00;"80 0622-19.0;";0;ETCS fallend;;;False;ETCS fallend;False;00:43:01;00:43:01;-;-;False;-;-;2581;2581
15575;ETCS fallend;0/00:43:03;0/00:43:03;00:43;00:43;00:43;00:43;-;80,00;77,67;80,00;-;80,00;-;K;-;ETCS-Stützstelle;;S2;Strecke 2;0/00:12:18;-;140,00;1,0000;1,030;-;-;54,0;118,0;ETCS L1;False;False;0;-; 0,0; 0,0; 0,0;S2: VDV 2 - Strecke 2 - VDV 1;0,000000;42110,0;  0,0;4831,9;  0,0;1,030;1,00;1,00;"80 0622-19.0;";0;ETCS fallend;;;False;ETCS fallend;False;00:43:03;00:43:03;-;-;False;-;-;2583;2583
15600;ETCS fallend;0/00:43:04;0/00:43:04;00:43;00:43;00:43;00:43;-;80,00;77,67;80,00;-;80,00;-;K;-;ETCS-Stützstelle;;S2;Strecke 2;0/00:12:19;-;140,00;1,0000;1,030;-;-;54,0;118,0;ETCS L1;False;False;0;-; 0,0; 0,0; 0,0;S2: VDV 2 - Strecke 2 - VDV 1;0,000000;42110,0;  0,0;4831,9;  0,0;1,030;1,00;1,00;"80 0622-19.0;";0;ETCS fallend;;;False;ETCS fallend;False;00:43:04;00:43:04;-;-;False;-;-;2584;2584
15625;ETCS fallend;0/00:43:05;0/00:43:05;00:43;00:43;00:43;00:43;-;80,00;77,67;80,00;-;80,00;-;K;-;ETCS-Stützstelle;;S2;Strecke 2;0/00:12:20;-;140,00;1,0000;1,030;-;-;54,0;118,0;ETCS L1;False;False;0;-; 0,0; 0,0; 0,0;S2: VDV 2 - Strecke 2 - VDV 1;0,000000;42110,0;  0,0;4831,9;  0,0;1,030;1,00;1,00;"80 0622-19.0;";0;ETCS fallend;;;False;ETCS fallend;False;00:43:05;00:43:05;-;-;False;-;-;2585;2585
15650;ETCS fallend;0/00:43:06;0/00:43:06;00:43;00:43;00:43;00:43;-;80,00;77,67;80,00;-;80,00;-;K;-;ETCS-Stützstelle;;S2;Strecke 2;0/00:12:21;-;140,00;1,0000;1,030;-;-;54,0;118,0;ETCS L1;False;False;0;-; 0,0; 0,0; 0,0;S2: VDV 2 - Strecke 2 - VDV 1;0,000000;42110,0;  0,0;4831,9;  0,0;1,030;1,00;1,00;"80 0622-19.0;";0;ETCS fallend;;;False;ETCS fallend;False;00:43:06;00:43:06;-;-;False;-;-;2586;2586
15675;ETCS fallend;0/00:43:07;0/00:43:07;00:43;00:43;00:43;00:43;-;80,00;77,67;80,00;-;80,00;-;K;-;ETCS-Stützstelle;;S2;Strecke 2;0/00:12:22;-;140,00;1,0000;1,030;-;-;54,0;118,0;ETCS L1;False;False;0;-; 0,0; 0,0; 0,0;S2: VDV 2 - Strecke 2 - VDV 1;0,000000;42110,0;  0,0;4831,9;  0,0;1,030;1,00;1,00;"80 0622-19.0;";0;ETCS fallend;;;False;ETCS fallend;False;00:43:07;00:43:07;-;-;False;-;-;2587;2587
15700;ETCS fallend;0/00:43:08;0/00:43:08;00:43;00:43;00:43;00:43;-;80,00;77,67;80,00;-;80,00;-;K;-;ETCS-Stützstelle;;S2;Strecke 2;0/00:12:24;-;140,00;1,0000;1,030;-;-;54,0;118,0;ETCS L1;False;False;0;-; 0,0; 0,0; 0,0;S2: VDV 2 - Strecke 2 - VDV 1;0,000000;42110,0;  0,0;4831,9;  0,0;1,030;1,00;1,00;"80 0622-19.0;";0;ETCS fallend;;;False;ETCS fallend;False;00:43:08;00:43:08;-;-;False;-;-;2588;2588
15725;ETCS fallend;0/00:43:10;0/00:43:10;00:43;00:43;00:43;00:43;-;80,00;77,67;80,00;-;80,00;-;K;-;ETCS-Stützstelle;;S2;Strecke 2;0/00:12:25;-;140,00;1,0000;1,030;-;-;54,0;118,0;ETCS L1;False;False;0;-; 0,0; 0,0; 0,0;S2: VDV 2 - Strecke 2 - VDV 1;0,000000;42110,0;  0,0;4831,9;  0,0;1,030;1,00;1,00;"80 0622-19.0;";0;ETCS fallend;;;False;ETCS fallend;False;00:43:10;00:43:10;-;-;False;-;-;2590;2590
15750;ETCS fallend;0/00:43:11;0/00:43:11;00:43;00:43;00:43;00:43;-;80,00;77,67;80,00;-;80,00;-;K;-;ETCS-Stützstelle;;S2;Strecke 2;0/00:12:26;-;140,00;1,0000;1,030;-;-;54,0;118,0;ETCS L1;False;False;0;-; 0,0; 0,0; 0,0;S2: VDV 2 - Strecke 2 - VDV 1;0,000000;42110,0;  0,0;4831,9;  0,0;1,030;1,00;1,00;"80 0622-19.0;";0;ETCS fallend;;;False;ETCS fallend;False;00:43:11;00:43:11;-;-;False;-;-;2591;2591
15775;ETCS fallend;0/00:43:12;0/00:43:12;00:43;00:43;00:43;00:43;-;80,00;77,67;80,00;-;80,00;-;K;-;ETCS-Stützstelle;;S2;Strecke 2;0/00:12:27;-;140,00;1,0000;1,030;-;-;54,0;118,0;ETCS L1;False;False;0;-; 0,0; 0,0; 0,0;S2: VDV 2 - Strecke 2 - VDV 1;0,000000;42110,0;  0,0;4831,9;  0,0;1,030;1,00;1,00;"80 0622-19.0;";0;ETCS fallend;;;False;ETCS fallend;False;00:43:12;00:43:12;-;-;False;-;-;2592;2592
15800;ETCS fallend;0/00:43:13;0/00:43:13;00:43;00:43;00:43;00:43;-;80,00;77,67;80,00;-;80,00;-;K;-;ETCS-Stützstelle;;S2;Strecke 2;0/00:12:28;-;140,00;1,0000;1,030;-;-;54,0;118,0;ETCS L1;False;False;0;-; 0,0; 0,0; 0,0;S2: VDV 2 - Strecke 2 - VDV 1;0,000000;42110,0;  0,0;4831,9;  0,0;1,030;1,00;1,00;"80 0622-19.0;";0;ETCS fallend;;;False;ETCS fallend;False;00:43:13;00:43:13;-;-;False;-;-;2593;2593
15825;ETCS fallend;0/00:43:14;0/00:43:14;00:43;00:43;00:43;00:43;-;80,00;77,67;80,00;-;80,00;-;K;-;ETCS-Stützstelle;;S2;Strecke 2;0/00:12:29;-;140,00;1,0000;1,030;-;-;54,0;118,0;ETCS L1;False;False;0;-; 0,0; 0,0; 0,0;S2: VDV 2 - Strecke 2 - VDV 1;0,000000;42110,0;  0,0;4831,9;  0,0;1,030;1,00;1,00;"80 0622-19.0;";0;ETCS fallend;;;False;ETCS fallend;False;00:43:14;00:43:14;-;-;False;-;-;2594;2594
15850;ETCS fallend;0/00:43:15;0/00:43:15;00:43;00:43;00:43;00:43;-;80,00;77,67;80,00;-;80,00;-;K;-;ETCS-Stützstelle;;S2;Strecke 2;0/00:12:30;-;140,00;1,0000;1,030;-;-;54,0;118,0;ETCS L1;False;False;0;-; 0,0; 0,0; 0,0;S2: VDV 2 - Strecke 2 - VDV 1;0,000000;42110,0;  0,0;4831,9;  0,0;1,030;1,00;1,00;"80 0622-19.0;";0;ETCS fallend;;;False;ETCS fallend;False;00:43:15;00:43:15;-;-;False;-;-;2595;2595
15875;ETCS fallend;0/00:43:17;0/00:43:17;00:43;00:43;00:43;00:43;-;80,00;77,67;80,00;-;80,00;-;K;-;ETCS-Stützstelle;;S2;Strecke 2;0/00:12:31;-;140,00;1,0000;1,030;-;-;54,0;118,0;ETCS L1;False;False;0;-; 0,0; 0,0; 0,0;S2: VDV 2 - Strecke 2 - VDV 1;0,000000;42110,0;  0,0;4831,9;  0,0;1,030;1,00;1,00;"80 0622-19.0;";0;ETCS fallend;;;False;ETCS fallend;False;00:43:17;00:43:17;-;-;False;-;-;2597;2597
15900;ETCS fallend;0/00:43:18;0/00:43:18;00:43;00:43;00:43;00:43;-;80,00;77,67;80,00;-;80,00;-;K;-;ETCS-Stützstelle;;S2;Strecke 2;0/00:12:33;-;140,00;1,0000;1,030;-;-;54,0;118,0;ETCS L1;False;False;0;-; 0,0; 0,0; 0,0;S2: VDV 2 - Strecke 2 - VDV 1;0,000000;42110,0;  0,0;4831,9;  0,0;1,030;1,00;1,00;"80 0622-19.0;";0;ETCS fallend;;;False;ETCS fallend;False;00:43:18;00:43:18;-;-;False;-;-;2598;2598
15925;ETCS fallend;0/00:43:19;0/00:43:19;00:43;00:43;00:43;00:43;-;80,00;77,67;80,00;-;80,00;-;K;-;ETCS-Stützstelle;;S2;Strecke 2;0/00:12:34;-;140,00;1,0000;1,030;-;-;54,0;118,0;ETCS L1;False;False;0;-; 0,0; 0,0; 0,0;S2: VDV 2 - Strecke 2 - VDV 1;0,000000;42110,0;  0,0;4831,9;  0,0;1,030;1,00;1,00;"80 0622-19.0;";0;ETCS fallend;;;False;ETCS fallend;False;00:43:19;00:43:19;-;-;False;-;-;2599;2599
15950;ETCS fallend;0/00:43:20;0/00:43:20;00:43;00:43;00:43;00:43;-;80,00;77,67;80,00;-;80,00;-;K;-;ETCS-Stützstelle;;S2;Strecke 2;0/00:12:35;-;140,00;1,0000;1,030;-;-;54,0;118,0;ETCS L1;False;False;0;-; 0,0; 0,0; 0,0;S2: VDV 2 - Strecke 2 - VDV 1;0,000000;42110,0;  0,0;4831,9;  0,0;1,030;1,00;1,00;"80 0622-19.0;";0;ETCS fallend;;;False;ETCS fallend;False;00:43:20;00:43:20;-;-;False;-;-;2600;2600
15975;ETCS fallend;0/00:43:21;0/00:43:21;00:43;00:43;00:43;00:43;-;80,00;77,67;80,00;-;80,00;-;K;-;ETCS-Stützstelle;;S2;Strecke 2;0/00:12:36;-;140,00;1,0000;1,030;-;-;54,0;118,0;ETCS L1;False;False;0;-; 0,0; 0,0; 0,0;S2: VDV 2 - Strecke 2 - VDV 1;0,000000;42110,0;  0,0;4831,9;  0,0;1,030;1,00;1,00;"80 0622-19.0;";0;ETCS fallend;;;False;ETCS fallend;False;00:43:21;00:43:21;-;-;False;-;-;2601;2601
16000;ETCS fallend;0/00:43:22;0/00:43:22;00:43;00:43;00:43;00:43;-;80,00;77,67;80,00;-;80,00;-;K;-;ETCS-Stützstelle;;S2;Strecke 2;0/00:12:37;-;140,00;1,0000;1,030;-;-;54,0;118,0;ETCS L1;False;False;0;-; 0,0; 0,0; 0,0;S2: VDV 2 - Strecke 2 - VDV 1;0,000000;42110,0;  0,0;4831,9;  0,0;1,030;1,00;1,00;"80 0622-19.0;";0;ETCS fallend;;;False;ETCS fallend;False;00:43:22;00:43:22;-;-;False;-;-;2602;2602
16025;ETCS fallend;0/00:43:23;0/00:43:23;00:43;00:43;00:43;00:43;-;80,00;77,67;80,00;-;80,00;-;K;-;ETCS-Stützstelle;;S2;Strecke 2;0/00:12:38;-;140,00;1,0000;1,030;-;-;54,0;118,0;ETCS L1;False;False;0;-; 0,0; 0,0; 0,0;S2: VDV 2 - Strecke 2 - VDV 1;0,000000;42110,0;  0,0;4831,9;  0,0;1,030;1,00;1,00;"80 0622-19.0;";0;ETCS fallend;;;False;ETCS fallend;False;00:43:23;00:43:23;-;-;False;-;-;2603;2603
16050;ETCS fallend;0/00:43:25;0/00:43:25;00:43;00:43;00:43;00:43;-;80,00;77,67;80,00;-;80,00;-;K;-;ETCS-Stützstelle;;S2;Strecke 2;0/00:12:39;-;140,00;1,0000;1,030;-;-;54,0;118,0;ETCS L1;False;False;0;-; 0,0; 0,0; 0,0;S2: VDV 2 - Strecke 2 - VDV 1;0,000000;42110,0;  0,0;4831,9;  0,0;1,030;1,00;1,00;"80 0622-19.0;";0;ETCS fallend;;;False;ETCS fallend;False;00:43:25;00:43:25;-;-;False;-;-;2605;2605
16075;ETCS fallend;0/00:43:26;0/00:43:26;00:43;00:43;00:43;00:43;-;80,00;77,67;80,00;-;80,00;-;K;-;ETCS-Stützstelle;;S2;Strecke 2;0/00:12:40;-;140,00;1,0000;1,030;-;-;54,0;118,0;ETCS L1;False;False;0;-; 0,0; 0,0; 0,0;S2: VDV 2 - Strecke 2 - VDV 1;0,000000;42110,0;  0,0;4831,9;  0,0;1,030;1,00;1,00;"80 0622-19.0;";0;ETCS fallend;;;False;ETCS fallend;False;00:43:26;00:43:26;-;-;False;-;-;2606;2606
16100;ETCS fallend;0/00:43:27;0/00:43:27;00:43;00:43;00:43;00:43;-;80,00;77,67;80,00;-;80,00;-;K;-;ETCS-Stützstelle;;S2;Strecke 2;0/00:12:42;-;140,00;1,0000;1,030;-;-;54,0;118,0;ETCS L1;False;False;0;-; 0,0; 0,0; 0,0;S2: VDV 2 - Strecke 2 - VDV 1;0,000000;42110,0;  0,0;4831,9;  0,0;1,030;1,00;1,00;"80 0622-19.0;";0;ETCS fallend;;;False;ETCS fallend;False;00:43:27;00:43:27;-;-;False;-;-;2607;2607
16125;ETCS fallend;0/00:43:28;0/00:43:28;00:43;00:43;00:43;00:43;-;80,00;77,67;80,00;-;80,00;-;K;-;ETCS-Stützstelle;;S2;Strecke 2;0/00:12:43;-;140,00;1,0000;1,030;-;-;54,0;118,0;ETCS L1;False;False;0;-; 0,0; 0,0; 0,0;S2: VDV 2 - Strecke 2 - VDV 1;0,000000;42110,0;  0,0;4831,9;  0,0;1,030;1,00;1,00;"80 0622-19.0;";0;ETCS fallend;;;False;ETCS fallend;False;00:43:28;00:43:28;-;-;False;-;-;2608;2608
16150;ETCS fallend;0/00:43:29;0/00:43:29;00:43;00:43;00:43;00:43;-;80,00;77,67;80,00;-;80,00;-;K;-;ETCS-Stützstelle;;S2;Strecke 2;0/00:12:44;-;140,00;1,0000;1,030;-;-;54,0;118,0;ETCS L1;False;False;0;-; 0,0; 0,0; 0,0;S2: VDV 2 - Strecke 2 - VDV 1;0,000000;42110,0;  0,0;4831,9;  0,0;1,030;1,00;1,00;"80 0622-19.0;";0;ETCS fallend;;;False;ETCS fallend;False;00:43:29;00:43:29;-;-;False;-;-;2609;2609
16175;ETCS fallend;0/00:43:30;0/00:43:30;00:44;00:44;00:44;00:44;-;80,00;77,67;80,00;-;80,00;-;K;-;ETCS-Stützstelle;;S2;Strecke 2;0/00:12:45;-;140,00;1,0000;1,030;-;-;54,0;118,0;ETCS L1;False;False;0;-; 0,0; 0,0; 0,0;S2: VDV 2 - Strecke 2 - VDV 1;0,000000;42110,0;  0,0;4831,9;  0,0;1,030;1,00;1,00;"80 0622-19.0;";0;ETCS fallend;;;False;ETCS fallend;False;00:43:30;00:43:30;-;-;False;-;-;2610;2610
16200;ETCS fallend;0/00:43:32;0/00:43:32;00:44;00:44;00:44;00:44;-;80,00;77,67;80,00;-;80,00;-;K;-;ETCS-Stützstelle;;S2;Strecke 2;0/00:12:46;-;140,00;1,0000;1,030;-;-;54,0;118,0;ETCS L1;False;False;0;-; 0,0; 0,0; 0,0;S2: VDV 2 - Strecke 2 - VDV 1;0,000000;42110,0;  0,0;4831,9;  0,0;1,030;1,00;1,00;"80 0622-19.0;";0;ETCS fallend;;;False;ETCS fallend;False;00:43:32;00:43:32;-;-;False;-;-;2612;2612
16225;ETCS fallend;0/00:43:33;0/00:43:33;00:44;00:44;00:44;00:44;-;80,00;77,67;80,00;-;80,00;-;K;-;ETCS-Stützstelle;;S2;Strecke 2;0/00:12:47;-;140,00;1,0000;1,030;-;-;54,0;118,0;ETCS L1;False;False;0;-; 0,0; 0,0; 0,0;S2: VDV 2 - Strecke 2 - VDV 1;0,000000;42110,0;  0,0;4831,9;  0,0;1,030;1,00;1,00;"80 0622-19.0;";0;ETCS fallend;;;False;ETCS fallend;False;00:43:33;00:43:33;-;-;False;-;-;2613;2613
16250;ETCS fallend;0/00:43:34;0/00:43:34;00:44;00:44;00:44;00:44;-;80,00;77,67;80,00;-;80,00;-;K;-;ETCS-Stützstelle;;S2;Strecke 2;0/00:12:48;-;140,00;1,0000;1,030;-;-;54,0;118,0;ETCS L1;False;False;0;-; 0,0; 0,0; 0,0;S2: VDV 2 - Strecke 2 - VDV 1;0,000000;42110,0;  0,0;4831,9;  0,0;1,030;1,00;1,00;"80 0622-19.0;";0;ETCS fallend;;;False;ETCS fallend;False;00:43:34;00:43:34;-;-;False;-;-;2614;2614
16275;ETCS fallend;0/00:43:35;0/00:43:35;00:44;00:44;00:44;00:44;-;80,00;77,67;80,00;-;80,00;-;K;-;ETCS-Stützstelle;;S2;Strecke 2;0/00:12:49;-;140,00;1,0000;1,030;-;-;54,0;118,0;ETCS L1;False;False;0;-; 0,0; 0,0; 0,0;S2: VDV 2 - Strecke 2 - VDV 1;0,000000;42110,0;  0,0;4831,9;  0,0;1,030;1,00;1,00;"80 0622-19.0;";0;ETCS fallend;;;False;ETCS fallend;False;00:43:35;00:43:35;-;-;False;-;-;2615;2615
16300;ETCS fallend;0/00:43:36;0/00:43:36;00:44;00:44;00:44;00:44;-;80,00;77,67;80,00;-;80,00;-;K;-;ETCS-Stützstelle;;S2;Strecke 2;0/00:12:51;-;140,00;1,0000;1,030;-;-;54,0;118,0;ETCS L1;False;False;0;-; 0,0; 0,0; 0,0;S2: VDV 2 - Strecke 2 - VDV 1;0,000000;42110,0;  0,0;4831,9;  0,0;1,030;1,00;1,00;"80 0622-19.0;";0;ETCS fallend;;;False;ETCS fallend;False;00:43:36;00:43:36;-;-;False;-;-;2616;2616
16325;ETCS fallend;0/00:43:37;0/00:43:37;00:44;00:44;00:44;00:44;-;80,00;77,67;80,00;-;80,00;-;K;-;ETCS-Stützstelle;;S2;Strecke 2;0/00:12:52;-;140,00;1,0000;1,030;-;-;54,0;118,0;ETCS L1;False;False;0;-; 0,0; 0,0; 0,0;S2: VDV 2 - Strecke 2 - VDV 1;0,000000;42110,0;  0,0;4831,9;  0,0;1,030;1,00;1,00;"80 0622-19.0;";0;ETCS fallend;;;False;ETCS fallend;False;00:43:37;00:43:37;-;-;False;-;-;2617;2617
16350;ETCS fallend;0/00:43:39;0/00:43:39;00:44;00:44;00:44;00:44;-;80,00;77,67;80,00;-;80,00;-;K;-;ETCS-Stützstelle;;S2;Strecke 2;0/00:12:53;-;140,00;1,0000;1,030;-;-;54,0;118,0;ETCS L1;False;False;0;-; 0,0; 0,0; 0,0;S2: VDV 2 - Strecke 2 - VDV 1;0,000000;42110,0;  0,0;4831,9;  0,0;1,030;1,00;1,00;"80 0622-19.0;";0;ETCS fallend;;;False;ETCS fallend;False;00:43:39;00:43:39;-;-;False;-;-;2619;2619
16375;ETCS fallend;0/00:43:40;0/00:43:40;00:44;00:44;00:44;00:44;-;80,00;77,67;80,00;-;80,00;-;K;-;ETCS-Stützstelle;;S2;Strecke 2;0/00:12:54;-;140,00;1,0000;1,030;-;-;54,0;118,0;ETCS L1;False;False;0;-; 0,0; 0,0; 0,0;S2: VDV 2 - Strecke 2 - VDV 1;0,000000;42110,0;  0,0;4831,9;  0,0;1,030;1,00;1,00;"80 0622-19.0;";0;ETCS fallend;;;False;ETCS fallend;False;00:43:40;00:43:40;-;-;False;-;-;2620;2620
16400;ETCS fallend;0/00:43:41;0/00:43:41;00:44;00:44;00:44;00:44;-;80,00;77,67;80,00;-;80,00;-;K;-;ETCS-Stützstelle;;S2;Strecke 2;0/00:12:55;-;140,00;1,0000;1,030;-;-;54,0;118,0;ETCS L1;False;False;0;-; 0,0; 0,0; 0,0;S2: VDV 2 - Strecke 2 - VDV 1;0,000000;42110,0;  0,0;4831,9;  0,0;1,030;1,00;1,00;"80 0622-19.0;";0;ETCS fallend;;;False;ETCS fallend;False;00:43:41;00:43:41;-;-;False;-;-;2621;2621
16425;ETCS fallend;0/00:43:42;0/00:43:42;00:44;00:44;00:44;00:44;-;80,00;77,67;80,00;-;80,00;-;K;-;ETCS-Stützstelle;;S2;Strecke 2;0/00:12:56;-;140,00;1,0000;1,030;-;-;54,0;118,0;ETCS L1;False;False;0;-; 0,0; 0,0; 0,0;S2: VDV 2 - Strecke 2 - VDV 1;0,000000;42110,0;  0,0;4831,9;  0,0;1,030;1,00;1,00;"80 0622-19.0;";0;ETCS fallend;;;False;ETCS fallend;False;00:43:42;00:43:42;-;-;False;-;-;2622;2622
16450;ETCS fallend;0/00:43:43;0/00:43:43;00:44;00:44;00:44;00:44;-;80,00;77,67;80,00;-;80,00;-;K;-;ETCS-Stützstelle;;S2;Strecke 2;0/00:12:57;-;140,00;1,0000;1,030;-;-;54,0;118,0;ETCS L1;False;False;0;-; 0,0; 0,0; 0,0;S2: VDV 2 - Strecke 2 - VDV 1;0,000000;42110,0;  0,0;4831,9;  0,0;1,030;1,00;1,00;"80 0622-19.0;";0;ETCS fallend;;;False;ETCS fallend;False;00:43:43;00:43:43;-;-;False;-;-;2623;2623
16475;ETCS fallend;0/00:43:44;0/00:43:44;00:44;00:44;00:44;00:44;-;80,00;77,67;80,00;-;80,00;-;K;-;ETCS-Stützstelle;;S2;Strecke 2;0/00:12:58;-;140,00;1,0000;1,030;-;-;54,0;118,0;ETCS L1;False;False;0;-; 0,0; 0,0; 0,0;S2: VDV 2 - Strecke 2 - VDV 1;0,000000;42110,0;  0,0;4831,9;  0,0;1,030;1,00;1,00;"80 0622-19.0;";0;ETCS fallend;;;False;ETCS fallend;False;00:43:44;00:43:44;-;-;False;-;-;2624;2624
16500;ETCS fallend;0/00:43:46;0/00:43:46;00:44;00:44;00:44;00:44;-;80,00;77,67;80,00;-;80,00;-;K;-;ETCS-Stützstelle;;S2;Strecke 2;0/00:13:00;-;140,00;1,0000;1,030;-;-;54,0;118,0;ETCS L1;False;False;0;-; 0,0; 0,0; 0,0;S2: VDV 2 - Strecke 2 - VDV 1;0,000000;42110,0;  0,0;4831,9;  0,0;1,030;1,00;1,00;"80 0622-19.0;";0;ETCS fallend;;;False;ETCS fallend;False;00:43:46;00:43:46;-;-;False;-;-;2626;2626
16525;ETCS fallend;0/00:43:47;0/00:43:47;00:44;00:44;00:44;00:44;-;80,00;77,67;80,00;-;80,00;-;K;-;ETCS-Stützstelle;;S2;Strecke 2;0/00:13:01;-;140,00;1,0000;1,030;-;-;54,0;118,0;ETCS L1;False;False;0;-; 0,0; 0,0; 0,0;S2: VDV 2 - Strecke 2 - VDV 1;0,000000;42110,0;  0,0;4831,9;  0,0;1,030;1,00;1,00;"80 0622-19.0;";0;ETCS fallend;;;False;ETCS fallend;False;00:43:47;00:43:47;-;-;False;-;-;2627;2627
16550;ETCS fallend;0/00:43:48;0/00:43:48;00:44;00:44;00:44;00:44;-;80,00;77,67;80,00;-;80,00;-;K;-;ETCS-Stützstelle;;S2;Strecke 2;0/00:13:02;-;140,00;1,0000;1,030;-;-;54,0;118,0;ETCS L1;False;False;0;-; 0,0; 0,0; 0,0;S2: VDV 2 - Strecke 2 - VDV 1;0,000000;42110,0;  0,0;4831,9;  0,0;1,030;1,00;1,00;"80 0622-19.0;";0;ETCS fallend;;;False;ETCS fallend;False;00:43:48;00:43:48;-;-;False;-;-;2628;2628
16575;ETCS fallend;0/00:43:49;0/00:43:49;00:44;00:44;00:44;00:44;-;80,00;77,67;80,00;-;80,00;-;K;-;ETCS-Stützstelle;;S2;Strecke 2;0/00:13:03;-;140,00;1,0000;1,030;-;-;54,0;118,0;ETCS L1;False;False;0;-; 0,0; 0,0; 0,0;S2: VDV 2 - Strecke 2 - VDV 1;0,000000;42110,0;  0,0;4831,9;  0,0;1,030;1,00;1,00;"80 0622-19.0;";0;ETCS fallend;;;False;ETCS fallend;False;00:43:49;00:43:49;-;-;False;-;-;2629;2629
16600;ETCS fallend;0/00:43:50;0/00:43:50;00:44;00:44;00:44;00:44;-;80,00;77,67;80,00;-;80,00;-;K;-;ETCS-Stützstelle;;S2;Strecke 2;0/00:13:04;-;140,00;1,0000;1,030;-;-;54,0;118,0;ETCS L1;False;False;0;-; 0,0; 0,0; 0,0;S2: VDV 2 - Strecke 2 - VDV 1;0,000000;42110,0;  0,0;4831,9;  0,0;1,030;1,00;1,00;"80 0622-19.0;";0;ETCS fallend;;;False;ETCS fallend;False;00:43:50;00:43:50;-;-;False;-;-;2630;2630
16625;ETCS fallend;0/00:43:51;0/00:43:51;00:44;00:44;00:44;00:44;-;80,00;77,67;80,00;-;80,00;-;K;-;ETCS-Stützstelle;;S2;Strecke 2;0/00:13:05;-;140,00;1,0000;1,030;-;-;54,0;118,0;ETCS L1;False;False;0;-; 0,0; 0,0; 0,0;S2: VDV 2 - Strecke 2 - VDV 1;0,000000;42110,0;  0,0;4831,9;  0,0;1,030;1,00;1,00;"80 0622-19.0;";0;ETCS fallend;;;False;ETCS fallend;False;00:43:51;00:43:51;-;-;False;-;-;2631;2631
16650;ETCS fallend;0/00:43:52;0/00:43:52;00:44;00:44;00:44;00:44;-;80,00;77,67;80,00;-;80,00;-;K;-;ETCS-Stützstelle;;S2;Strecke 2;0/00:13:06;-;140,00;1,0000;1,030;-;-;54,0;118,0;ETCS L1;False;False;0;-; 0,0; 0,0; 0,0;S2: VDV 2 - Strecke 2 - VDV 1;0,000000;42110,0;  0,0;4831,9;  0,0;1,030;1,00;1,00;"80 0622-19.0;";0;ETCS fallend;;;False;ETCS fallend;False;00:43:52;00:43:52;-;-;False;-;-;2632;2632
16675;ETCS fallend;0/00:43:54;0/00:43:54;00:44;00:44;00:44;00:44;-;80,00;77,67;80,00;-;80,00;-;K;-;ETCS-Stützstelle;;S2;Strecke 2;0/00:13:07;-;140,00;1,0000;1,030;-;-;54,0;118,0;ETCS L1;False;False;0;-; 0,0; 0,0; 0,0;S2: VDV 2 - Strecke 2 - VDV 1;0,000000;42110,0;  0,0;4831,9;  0,0;1,030;1,00;1,00;"80 0622-19.0;";0;ETCS fallend;;;False;ETCS fallend;False;00:43:54;00:43:54;-;-;False;-;-;2634;2634
16700;ETCS fallend;0/00:43:55;0/00:43:55;00:44;00:44;00:44;00:44;-;80,00;77,67;80,00;-;80,00;-;K;-;ETCS-Stützstelle;;S2;Strecke 2;0/00:13:09;-;140,00;1,0000;1,030;-;-;54,0;118,0;ETCS L1;False;False;0;-; 0,0; 0,0; 0,0;S2: VDV 2 - Strecke 2 - VDV 1;0,000000;42110,0;  0,0;4831,9;  0,0;1,030;1,00;1,00;"80 0622-19.0;";0;ETCS fallend;;;False;ETCS fallend;False;00:43:55;00:43:55;-;-;False;-;-;2635;2635
16725;ETCS fallend;0/00:43:56;0/00:43:56;00:44;00:44;00:44;00:44;-;80,00;77,67;80,00;-;80,00;-;K;-;ETCS-Stützstelle;;S2;Strecke 2;0/00:13:10;-;140,00;1,0000;1,030;-;-;54,0;118,0;ETCS L1;False;False;0;-; 0,0; 0,0; 0,0;S2: VDV 2 - Strecke 2 - VDV 1;0,000000;42110,0;  0,0;4831,9;  0,0;1,030;1,00;1,00;"80 0622-19.0;";0;ETCS fallend;;;False;ETCS fallend;False;00:43:56;00:43:56;-;-;False;-;-;2636;2636
16750;ETCS fallend;0/00:43:57;0/00:43:57;00:44;00:44;00:44;00:44;-;80,00;77,67;80,00;-;80,00;-;K;-;ETCS-Stützstelle;;S2;Strecke 2;0/00:13:11;-;140,00;1,0000;1,030;-;-;54,0;118,0;ETCS L1;False;False;0;-; 0,0; 0,0; 0,0;S2: VDV 2 - Strecke 2 - VDV 1;0,000000;42110,0;  0,0;4831,9;  0,0;1,030;1,00;1,00;"80 0622-19.0;";0;ETCS fallend;;;False;ETCS fallend;False;00:43:57;00:43:57;-;-;False;-;-;2637;2637
16775;ETCS fallend;0/00:43:58;0/00:43:58;00:44;00:44;00:44;00:44;-;80,00;77,67;80,00;-;80,00;-;K;-;ETCS-Stützstelle;;S2;Strecke 2;0/00:13:12;-;140,00;1,0000;1,030;-;-;54,0;118,0;ETCS L1;False;False;0;-; 0,0; 0,0; 0,0;S2: VDV 2 - Strecke 2 - VDV 1;0,000000;42110,0;  0,0;4831,9;  0,0;1,030;1,00;1,00;"80 0622-19.0;";0;ETCS fallend;;;False;ETCS fallend;False;00:43:58;00:43:58;-;-;False;-;-;2638;2638
16800;ETCS fallend;0/00:43:59;0/00:43:59;00:44;00:44;00:44;00:44;-;80,00;77,67;80,00;-;80,00;-;K;-;ETCS-Stützstelle;;S2;Strecke 2;0/00:13:13;-;140,00;1,0000;1,030;-;-;54,0;118,0;ETCS L1;False;False;0;-; 0,0; 0,0; 0,0;S2: VDV 2 - Strecke 2 - VDV 1;0,000000;42110,0;  0,0;4831,9;  0,0;1,030;1,00;1,00;"80 0622-19.0;";0;ETCS fallend;;;False;ETCS fallend;False;00:43:59;00:43:59;-;-;False;-;-;2639;2639
16825;ETCS fallend;0/00:44:01;0/00:44:01;00:44;00:44;00:44;00:44;-;80,00;77,67;80,00;-;80,00;-;K;-;ETCS-Stützstelle;;S2;Strecke 2;0/00:13:14;-;140,00;1,0000;1,030;-;-;54,0;118,0;ETCS L1;False;False;0;-; 0,0; 0,0; 0,0;S2: VDV 2 - Strecke 2 - VDV 1;0,000000;42110,0;  0,0;4831,9;  0,0;1,030;1,00;1,00;"80 0622-19.0;";0;ETCS fallend;;;False;ETCS fallend;False;00:44:01;00:44:01;-;-;False;-;-;2641;2641
16850;ETCS fallend;0/00:44:02;0/00:44:02;00:44;00:44;00:44;00:44;-;80,00;77,67;80,00;-;80,00;-;K;-;ETCS-Stützstelle;;S2;Strecke 2;0/00:13:15;-;140,00;1,0000;1,030;-;-;54,0;118,0;ETCS L1;False;False;0;-; 0,0; 0,0; 0,0;S2: VDV 2 - Strecke 2 - VDV 1;0,000000;42110,0;  0,0;4831,9;  0,0;1,030;1,00;1,00;"80 0622-19.0;";0;ETCS fallend;;;False;ETCS fallend;False;00:44:02;00:44:02;-;-;False;-;-;2642;2642
16875;ETCS fallend;0/00:44:03;0/00:44:03;00:44;00:44;00:44;00:44;-;80,00;77,67;80,00;-;80,00;-;K;-;ETCS-Stützstelle;;S2;Strecke 2;0/00:13:16;-;140,00;1,0000;1,030;-;-;54,0;118,0;ETCS L1;False;False;0;-; 0,0; 0,0; 0,0;S2: VDV 2 - Strecke 2 - VDV 1;0,000000;42110,0;  0,0;4831,9;  0,0;1,030;1,00;1,00;"80 0622-19.0;";0;ETCS fallend;;;False;ETCS fallend;False;00:44:03;00:44:03;-;-;False;-;-;2643;2643
16900;ETCS fallend;0/00:44:04;0/00:44:04;00:44;00:44;00:44;00:44;-;80,00;77,67;80,00;-;80,00;-;K;-;ETCS-Stützstelle;;S2;Strecke 2;0/00:13:18;-;140,00;1,0000;1,030;-;-;54,0;118,0;ETCS L1;False;False;0;-; 0,0; 0,0; 0,0;S2: VDV 2 - Strecke 2 - VDV 1;0,000000;42110,0;  0,0;4831,9;  0,0;1,030;1,00;1,00;"80 0622-19.0;";0;ETCS fallend;;;False;ETCS fallend;False;00:44:04;00:44:04;-;-;False;-;-;2644;2644
16925;ETCS fallend;0/00:44:05;0/00:44:05;00:44;00:44;00:44;00:44;-;80,00;77,67;80,00;-;80,00;-;K;-;ETCS-Stützstelle;;S2;Strecke 2;0/00:13:19;-;140,00;1,0000;1,030;-;-;54,0;118,0;ETCS L1;False;False;0;-; 0,0; 0,0; 0,0;S2: VDV 2 - Strecke 2 - VDV 1;0,000000;42110,0;  0,0;4831,9;  0,0;1,030;1,00;1,00;"80 0622-19.0;";0;ETCS fallend;;;False;ETCS fallend;False;00:44:05;00:44:05;-;-;False;-;-;2645;2645
16950;ETCS fallend;0/00:44:06;0/00:44:06;00:44;00:44;00:44;00:44;-;80,00;77,67;80,00;-;80,00;-;K;-;ETCS-Stützstelle;;S2;Strecke 2;0/00:13:20;-;140,00;1,0000;1,030;-;-;54,0;118,0;ETCS L1;False;False;0;-; 0,0; 0,0; 0,0;S2: VDV 2 - Strecke 2 - VDV 1;0,000000;42110,0;  0,0;4831,9;  0,0;1,030;1,00;1,00;"80 0622-19.0;";0;ETCS fallend;;;False;ETCS fallend;False;00:44:06;00:44:06;-;-;False;-;-;2646;2646
16975;ETCS fallend;0/00:44:08;0/00:44:08;00:44;00:44;00:44;00:44;-;80,00;77,67;80,00;-;80,00;-;K;-;ETCS-Stützstelle;;S2;Strecke 2;0/00:13:21;-;140,00;1,0000;1,030;-;-;54,0;118,0;ETCS L1;False;False;0;-; 0,0; 0,0; 0,0;S2: VDV 2 - Strecke 2 - VDV 1;0,000000;42110,0;  0,0;4831,9;  0,0;1,030;1,00;1,00;"80 0622-19.0;";0;ETCS fallend;;;False;ETCS fallend;False;00:44:08;00:44:08;-;-;False;-;-;2648;2648
17000;ETCS fallend;0/00:44:09;0/00:44:09;00:44;00:44;00:44;00:44;-;80,00;77,67;80,00;-;80,00;-;K;-;ETCS-Stützstelle;;S2;Strecke 2;0/00:13:22;-;140,00;1,0000;1,030;-;-;54,0;118,0;ETCS L1;False;False;0;-; 0,0; 0,0; 0,0;S2: VDV 2 - Strecke 2 - VDV 1;0,000000;42110,0;  0,0;4831,9;  0,0;1,030;1,00;1,00;"80 0622-19.0;";0;ETCS fallend;;;False;ETCS fallend;False;00:44:09;00:44:09;-;-;False;-;-;2649;2649
17025;ETCS fallend;0/00:44:10;0/00:44:10;00:44;00:44;00:44;00:44;-;80,00;77,67;80,00;-;80,00;-;K;-;ETCS-Stützstelle;;S2;Strecke 2;0/00:13:23;-;140,00;1,0000;1,030;-;-;54,0;118,0;ETCS L1;False;False;0;-; 0,0; 0,0; 0,0;S2: VDV 2 - Strecke 2 - VDV 1;0,000000;42110,0;  0,0;4831,9;  0,0;1,030;1,00;1,00;"80 0622-19.0;";0;ETCS fallend;;;False;ETCS fallend;False;00:44:10;00:44:10;-;-;False;-;-;2650;2650
17050;ETCS fallend;0/00:44:11;0/00:44:11;00:44;00:44;00:44;00:44;-;80,00;77,67;80,00;-;80,00;-;K;-;ETCS-Stützstelle;;S2;Strecke 2;0/00:13:24;-;140,00;1,0000;1,030;-;-;54,0;118,0;ETCS L1;False;False;0;-; 0,0; 0,0; 0,0;S2: VDV 2 - Strecke 2 - VDV 1;0,000000;42110,0;  0,0;4831,9;  0,0;1,030;1,00;1,00;"80 0622-19.0;";0;ETCS fallend;;;False;ETCS fallend;False;00:44:11;00:44:11;-;-;False;-;-;2651;2651
17075;ETCS fallend;0/00:44:12;0/00:44:12;00:44;00:44;00:44;00:44;-;80,00;77,67;80,00;-;80,00;-;K;-;ETCS-Stützstelle;;S2;Strecke 2;0/00:13:25;-;140,00;1,0000;1,030;-;-;54,0;118,0;ETCS L1;False;False;0;-; 0,0; 0,0; 0,0;S2: VDV 2 - Strecke 2 - VDV 1;0,000000;42110,0;  0,0;4831,9;  0,0;1,030;1,00;1,00;"80 0622-19.0;";0;ETCS fallend;;;False;ETCS fallend;False;00:44:12;00:44:12;-;-;False;-;-;2652;2652
17100;ETCS fallend;0/00:44:13;0/00:44:13;00:44;00:44;00:44;00:44;-;80,00;77,67;80,00;-;80,00;-;K;-;ETCS-Stützstelle;;S2;Strecke 2;0/00:13:27;-;140,00;1,0000;1,030;-;-;54,0;118,0;ETCS L1;False;False;0;-; 0,0; 0,0; 0,0;S2: VDV 2 - Strecke 2 - VDV 1;0,000000;42110,0;  0,0;4831,9;  0,0;1,030;1,00;1,00;"80 0622-19.0;";0;ETCS fallend;;;False;ETCS fallend;False;00:44:13;00:44:13;-;-;False;-;-;2653;2653
17125;ETCS fallend;0/00:44:14;0/00:44:14;00:44;00:44;00:44;00:44;-;80,00;77,67;80,00;-;80,00;-;K;-;ETCS-Stützstelle;;S2;Strecke 2;0/00:13:28;-;140,00;1,0000;1,030;-;-;54,0;118,0;ETCS L1;False;False;0;-; 0,0; 0,0; 0,0;S2: VDV 2 - Strecke 2 - VDV 1;0,000000;42110,0;  0,0;4831,9;  0,0;1,030;1,00;1,00;"80 0622-19.0;";0;ETCS fallend;;;False;ETCS fallend;False;00:44:14;00:44:14;-;-;False;-;-;2654;2654
17150;ETCS fallend;0/00:44:16;0/00:44:16;00:44;00:44;00:44;00:44;-;80,00;77,67;80,00;-;80,00;-;K;-;ETCS-Stützstelle;;S2;Strecke 2;0/00:13:29;-;140,00;1,0000;1,030;-;-;54,0;118,0;ETCS L1;False;False;0;-; 0,0; 0,0; 0,0;S2: VDV 2 - Strecke 2 - VDV 1;0,000000;42110,0;  0,0;4831,9;  0,0;1,030;1,00;1,00;"80 0622-19.0;";0;ETCS fallend;;;False;ETCS fallend;False;00:44:16;00:44:16;-;-;False;-;-;2656;2656
17175;ETCS fallend;0/00:44:17;0/00:44:17;00:44;00:44;00:44;00:44;-;80,00;77,67;80,00;-;80,00;-;K;-;ETCS-Stützstelle;;S2;Strecke 2;0/00:13:30;-;140,00;1,0000;1,030;-;-;54,0;118,0;ETCS L1;False;False;0;-; 0,0; 0,0; 0,0;S2: VDV 2 - Strecke 2 - VDV 1;0,000000;42110,0;  0,0;4831,9;  0,0;1,030;1,00;1,00;"80 0622-19.0;";0;ETCS fallend;;;False;ETCS fallend;False;00:44:17;00:44:17;-;-;False;-;-;2657;2657
17200;ETCS fallend;0/00:44:18;0/00:44:18;00:44;00:44;00:44;00:44;-;80,00;77,67;80,00;-;80,00;-;K;-;ETCS-Stützstelle;;S2;Strecke 2;0/00:13:31;-;140,00;1,0000;1,030;-;-;54,0;118,0;ETCS L1;False;False;0;-; 0,0; 0,0; 0,0;S2: VDV 2 - Strecke 2 - VDV 1;0,000000;42110,0;  0,0;4831,9;  0,0;1,030;1,00;1,00;"80 0622-19.0;";0;ETCS fallend;;;False;ETCS fallend;False;00:44:18;00:44:18;-;-;False;-;-;2658;2658
17225;ETCS fallend;0/00:44:19;0/00:44:19;00:44;00:44;00:44;00:44;-;80,00;77,67;80,00;-;80,00;-;K;-;ETCS-Stützstelle;;S2;Strecke 2;0/00:13:32;-;140,00;1,0000;1,030;-;-;54,0;118,0;ETCS L1;False;False;0;-; 0,0; 0,0; 0,0;S2: VDV 2 - Strecke 2 - VDV 1;0,000000;42110,0;  0,0;4831,9;  0,0;1,030;1,00;1,00;"80 0622-19.0;";0;ETCS fallend;;;False;ETCS fallend;False;00:44:19;00:44:19;-;-;False;-;-;2659;2659
17250;ETCS fallend;0/00:44:20;0/00:44:20;00:44;00:44;00:44;00:44;-;80,00;77,67;80,00;-;80,00;-;K;-;ETCS-Stützstelle;;S2;Strecke 2;0/00:13:33;-;140,00;1,0000;1,030;-;-;54,0;118,0;ETCS L1;False;False;0;-; 0,0; 0,0; 0,0;S2: VDV 2 - Strecke 2 - VDV 1;0,000000;42110,0;  0,0;4831,9;  0,0;1,030;1,00;1,00;"80 0622-19.0;";0;ETCS fallend;;;False;ETCS fallend;False;00:44:20;00:44:20;-;-;False;-;-;2660;2660
17275;ETCS fallend;0/00:44:21;0/00:44:21;00:44;00:44;00:44;00:44;-;80,00;77,67;80,00;-;80,00;-;K;-;ETCS-Stützstelle;;S2;Strecke 2;0/00:13:34;-;140,00;1,0000;1,030;-;-;54,0;118,0;ETCS L1;False;False;0;-; 0,0; 0,0; 0,0;S2: VDV 2 - Strecke 2 - VDV 1;0,000000;42110,0;  0,0;4831,9;  0,0;1,030;1,00;1,00;"80 0622-19.0;";0;ETCS fallend;;;False;ETCS fallend;False;00:44:21;00:44:21;-;-;False;-;-;2661;2661
17300;ETCS fallend;0/00:44:23;0/00:44:23;00:44;00:44;00:44;00:44;-;80,00;77,67;80,00;-;80,00;-;K;-;ETCS-Stützstelle;;S2;Strecke 2;0/00:13:36;-;140,00;1,0000;1,030;-;-;54,0;118,0;ETCS L1;False;False;0;-; 0,0; 0,0; 0,0;S2: VDV 2 - Strecke 2 - VDV 1;0,000000;42110,0;  0,0;4831,9;  0,0;1,030;1,00;1,00;"80 0622-19.0;";0;ETCS fallend;;;False;ETCS fallend;False;00:44:23;00:44:23;-;-;False;-;-;2663;2663
17325;ETCS fallend;0/00:44:24;0/00:44:24;00:44;00:44;00:44;00:44;-;80,00;77,67;80,00;-;80,00;-;K;-;ETCS-Stützstelle;;S2;Strecke 2;0/00:13:37;-;140,00;1,0000;1,030;-;-;54,0;118,0;ETCS L1;False;False;0;-; 0,0; 0,0; 0,0;S2: VDV 2 - Strecke 2 - VDV 1;0,000000;42110,0;  0,0;4831,9;  0,0;1,030;1,00;1,00;"80 0622-19.0;";0;ETCS fallend;;;False;ETCS fallend;False;00:44:24;00:44:24;-;-;False;-;-;2664;2664
17350;ETCS fallend;0/00:44:25;0/00:44:25;00:44;00:44;00:44;00:44;-;80,00;77,67;80,00;-;80,00;-;K;-;ETCS-Stützstelle;;S2;Strecke 2;0/00:13:38;-;140,00;1,0000;1,030;-;-;54,0;118,0;ETCS L1;False;False;0;-; 0,0; 0,0; 0,0;S2: VDV 2 - Strecke 2 - VDV 1;0,000000;42110,0;  0,0;4831,9;  0,0;1,030;1,00;1,00;"80 0622-19.0;";0;ETCS fallend;;;False;ETCS fallend;False;00:44:25;00:44:25;-;-;False;-;-;2665;2665
17375;ETCS fallend;0/00:44:26;0/00:44:26;00:44;00:44;00:44;00:44;-;80,00;77,67;80,00;-;80,00;-;K;-;ETCS-Stützstelle;;S2;Strecke 2;0/00:13:39;-;140,00;1,0000;1,030;-;-;54,0;118,0;ETCS L1;False;False;0;-; 0,0; 0,0; 0,0;S2: VDV 2 - Strecke 2 - VDV 1;0,000000;42110,0;  0,0;4831,9;  0,0;1,030;1,00;1,00;"80 0622-19.0;";0;ETCS fallend;;;False;ETCS fallend;False;00:44:26;00:44:26;-;-;False;-;-;2666;2666
17400;ETCS fallend;0/00:44:27;0/00:44:27;00:44;00:44;00:44;00:44;-;80,00;77,67;80,00;-;80,00;-;K;-;ETCS-Stützstelle;;S2;Strecke 2;0/00:13:40;-;140,00;1,0000;1,030;-;-;54,0;118,0;ETCS L1;False;False;0;-; 0,0; 0,0; 0,0;S2: VDV 2 - Strecke 2 - VDV 1;0,000000;42110,0;  0,0;4831,9;  0,0;1,030;1,00;1,00;"80 0622-19.0;";0;ETCS fallend;;;False;ETCS fallend;False;00:44:27;00:44:27;-;-;False;-;-;2667;2667
17425;ETCS fallend;0/00:44:28;0/00:44:28;00:44;00:44;00:44;00:44;-;80,00;77,67;80,00;-;80,00;-;K;-;ETCS-Stützstelle;;S2;Strecke 2;0/00:13:41;-;140,00;1,0000;1,030;-;-;54,0;118,0;ETCS L1;False;False;0;-; 0,0; 0,0; 0,0;S2: VDV 2 - Strecke 2 - VDV 1;0,000000;42110,0;  0,0;4831,9;  0,0;1,030;1,00;1,00;"80 0622-19.0;";0;ETCS fallend;;;False;ETCS fallend;False;00:44:28;00:44:28;-;-;False;-;-;2668;2668
17450;ETCS fallend;0/00:44:30;0/00:44:30;00:45;00:45;00:45;00:45;-;80,00;77,67;80,00;-;80,00;-;K;-;ETCS-Stützstelle;;S2;Strecke 2;0/00:13:42;-;140,00;1,0000;1,030;-;-;54,0;118,0;ETCS L1;False;False;0;-; 0,0; 0,0; 0,0;S2: VDV 2 - Strecke 2 - VDV 1;0,000000;42110,0;  0,0;4831,9;  0,0;1,030;1,00;1,00;"80 0622-19.0;";0;ETCS fallend;;;False;ETCS fallend;False;00:44:30;00:44:30;-;-;False;-;-;2670;2670
17475;ETCS fallend;0/00:44:31;0/00:44:31;00:45;00:45;00:45;00:45;-;80,00;77,67;80,00;-;80,00;-;K;-;ETCS-Stützstelle;;S2;Strecke 2;0/00:13:43;-;140,00;1,0000;1,030;-;-;54,0;118,0;ETCS L1;False;False;0;-; 0,0; 0,0; 0,0;S2: VDV 2 - Strecke 2 - VDV 1;0,000000;42110,0;  0,0;4831,9;  0,0;1,030;1,00;1,00;"80 0622-19.0;";0;ETCS fallend;;;False;ETCS fallend;False;00:44:31;00:44:31;-;-;False;-;-;2671;2671
17500;ETCS fallend;0/00:44:32;0/00:44:32;00:45;00:45;00:45;00:45;-;80,00;77,67;80,00;-;80,00;-;K;-;ETCS-Stützstelle;;S2;Strecke 2;0/00:13:45;-;140,00;1,0000;1,030;-;-;54,0;118,0;ETCS L1;False;False;0;-; 0,0; 0,0; 0,0;S2: VDV 2 - Strecke 2 - VDV 1;0,000000;42110,0;  0,0;4831,9;  0,0;1,030;1,00;1,00;"80 0622-19.0;";0;ETCS fallend;;;False;ETCS fallend;False;00:44:32;00:44:32;-;-;False;-;-;2672;2672
17525;ETCS fallend;0/00:44:33;0/00:44:33;00:45;00:45;00:45;00:45;-;80,00;77,67;80,00;-;80,00;-;K;-;ETCS-Stützstelle;;S2;Strecke 2;0/00:13:46;-;140,00;1,0000;1,030;-;-;54,0;118,0;ETCS L1;False;False;0;-; 0,0; 0,0; 0,0;S2: VDV 2 - Strecke 2 - VDV 1;0,000000;42110,0;  0,0;4831,9;  0,0;1,030;1,00;1,00;"80 0622-19.0;";0;ETCS fallend;;;False;ETCS fallend;False;00:44:33;00:44:33;-;-;False;-;-;2673;2673
17550;ETCS fallend;0/00:44:34;0/00:44:34;00:45;00:45;00:45;00:45;-;80,00;77,67;80,00;-;80,00;-;K;-;ETCS-Stützstelle;;S2;Strecke 2;0/00:13:47;-;140,00;1,0000;1,030;-;-;54,0;118,0;ETCS L1;False;False;0;-; 0,0; 0,0; 0,0;S2: VDV 2 - Strecke 2 - VDV 1;0,000000;42110,0;  0,0;4831,9;  0,0;1,030;1,00;1,00;"80 0622-19.0;";0;ETCS fallend;;;False;ETCS fallend;False;00:44:34;00:44:34;-;-;False;-;-;2674;2674
17575;ETCS fallend;0/00:44:35;0/00:44:35;00:45;00:45;00:45;00:45;-;80,00;77,67;80,00;-;80,00;-;K;-;ETCS-Stützstelle;;S2;Strecke 2;0/00:13:48;-;140,00;1,0000;1,030;-;-;54,0;118,0;ETCS L1;False;False;0;-; 0,0; 0,0; 0,0;S2: VDV 2 - Strecke 2 - VDV 1;0,000000;42110,0;  0,0;4831,9;  0,0;1,030;1,00;1,00;"80 0622-19.0;";0;ETCS fallend;;;False;ETCS fallend;False;00:44:35;00:44:35;-;-;False;-;-;2675;2675
17600;ETCS fallend;0/00:44:36;0/00:44:36;00:45;00:45;00:45;00:45;-;80,00;77,67;80,00;-;80,00;-;K;-;ETCS-Stützstelle;;S2;Strecke 2;0/00:13:49;-;140,00;1,0000;1,030;-;-;54,0;118,0;ETCS L1;False;False;0;-; 0,0; 0,0; 0,0;S2: VDV 2 - Strecke 2 - VDV 1;0,000000;42110,0;  0,0;4831,9;  0,0;1,030;1,00;1,00;"80 0622-19.0;";0;ETCS fallend;;;False;ETCS fallend;False;00:44:36;00:44:36;-;-;False;-;-;2676;2676
17625;ETCS fallend;0/00:44:38;0/00:44:38;00:45;00:45;00:45;00:45;-;80,00;77,67;80,00;-;80,00;-;K;-;ETCS-Stützstelle;;S2;Strecke 2;0/00:13:50;-;140,00;1,0000;1,030;-;-;54,0;118,0;ETCS L1;False;False;0;-; 0,0; 0,0; 0,0;S2: VDV 2 - Strecke 2 - VDV 1;0,000000;42110,0;  0,0;4831,9;  0,0;1,030;1,00;1,00;"80 0622-19.0;";0;ETCS fallend;;;False;ETCS fallend;False;00:44:38;00:44:38;-;-;False;-;-;2678;2678
17650;ETCS fallend;0/00:44:39;0/00:44:39;00:45;00:45;00:45;00:45;-;80,00;77,67;80,00;-;80,00;-;K;-;ETCS-Stützstelle;;S2;Strecke 2;0/00:13:51;-;140,00;1,0000;1,030;-;-;54,0;118,0;ETCS L1;False;False;0;-; 0,0; 0,0; 0,0;S2: VDV 2 - Strecke 2 - VDV 1;0,000000;42110,0;  0,0;4831,9;  0,0;1,030;1,00;1,00;"80 0622-19.0;";0;ETCS fallend;;;False;ETCS fallend;False;00:44:39;00:44:39;-;-;False;-;-;2679;2679
17675;ETCS fallend;0/00:44:40;0/00:44:40;00:45;00:45;00:45;00:45;-;80,00;77,67;80,00;-;80,00;-;K;-;ETCS-Stützstelle;;S2;Strecke 2;0/00:13:52;-;140,00;1,0000;1,030;-;-;54,0;118,0;ETCS L1;False;False;0;-; 0,0; 0,0; 0,0;S2: VDV 2 - Strecke 2 - VDV 1;0,000000;42110,0;  0,0;4831,9;  0,0;1,030;1,00;1,00;"80 0622-19.0;";0;ETCS fallend;;;False;ETCS fallend;False;00:44:40;00:44:40;-;-;False;-;-;2680;2680
17700;ETCS fallend;0/00:44:41;0/00:44:41;00:45;00:45;00:45;00:45;-;80,00;77,67;80,00;-;80,00;-;K;-;ETCS-Stützstelle;;S2;Strecke 2;0/00:13:54;-;140,00;1,0000;1,030;-;-;54,0;118,0;ETCS L1;False;False;0;-; 0,0; 0,0; 0,0;S2: VDV 2 - Strecke 2 - VDV 1;0,000000;42110,0;  0,0;4831,9;  0,0;1,030;1,00;1,00;"80 0622-19.0;";0;ETCS fallend;;;False;ETCS fallend;False;00:44:41;00:44:41;-;-;False;-;-;2681;2681
17725;ETCS fallend;0/00:44:42;0/00:44:42;00:45;00:45;00:45;00:45;-;80,00;77,67;80,00;-;80,00;-;K;-;ETCS-Stützstelle;;S2;Strecke 2;0/00:13:55;-;140,00;1,0000;1,030;-;-;54,0;118,0;ETCS L1;False;False;0;-; 0,0; 0,0; 0,0;S2: VDV 2 - Strecke 2 - VDV 1;0,000000;42110,0;  0,0;4831,9;  0,0;1,030;1,00;1,00;"80 0622-19.0;";0;ETCS fallend;;;False;ETCS fallend;False;00:44:42;00:44:42;-;-;False;-;-;2682;2682
17750;ETCS fallend;0/00:44:43;0/00:44:43;00:45;00:45;00:45;00:45;-;80,00;77,67;80,00;-;80,00;-;K;-;ETCS-Stützstelle;;S2;Strecke 2;0/00:13:56;-;140,00;1,0000;1,030;-;-;54,0;118,0;ETCS L1;False;False;0;-; 0,0; 0,0; 0,0;S2: VDV 2 - Strecke 2 - VDV 1;0,000000;42110,0;  0,0;4831,9;  0,0;1,030;1,00;1,00;"80 0622-19.0;";0;ETCS fallend;;;False;ETCS fallend;False;00:44:43;00:44:43;-;-;False;-;-;2683;2683
17775;ETCS fallend;0/00:44:45;0/00:44:45;00:45;00:45;00:45;00:45;-;80,00;77,67;80,00;-;80,00;-;K;-;ETCS-Stützstelle;;S2;Strecke 2;0/00:13:57;-;140,00;1,0000;1,030;-;-;54,0;118,0;ETCS L1;False;False;0;-; 0,0; 0,0; 0,0;S2: VDV 2 - Strecke 2 - VDV 1;0,000000;42110,0;  0,0;4831,9;  0,0;1,030;1,00;1,00;"80 0622-19.0;";0;ETCS fallend;;;False;ETCS fallend;False;00:44:45;00:44:45;-;-;False;-;-;2685;2685
17800;ETCS fallend;0/00:44:46;0/00:44:46;00:45;00:45;00:45;00:45;-;80,00;77,67;80,00;-;80,00;-;K;-;ETCS-Stützstelle;;S2;Strecke 2;0/00:13:58;-;140,00;1,0000;1,030;-;-;54,0;118,0;ETCS L1;False;False;0;-; 0,0; 0,0; 0,0;S2: VDV 2 - Strecke 2 - VDV 1;0,000000;42110,0;  0,0;4831,9;  0,0;1,030;1,00;1,00;"80 0622-19.0;";0;ETCS fallend;;;False;ETCS fallend;False;00:44:46;00:44:46;-;-;False;-;-;2686;2686
17825;ETCS fallend;0/00:44:47;0/00:44:47;00:45;00:45;00:45;00:45;-;80,00;77,67;80,00;-;80,00;-;K;-;ETCS-Stützstelle;;S2;Strecke 2;0/00:13:59;-;140,00;1,0000;1,030;-;-;54,0;118,0;ETCS L1;False;False;0;-; 0,0; 0,0; 0,0;S2: VDV 2 - Strecke 2 - VDV 1;0,000000;42110,0;  0,0;4831,9;  0,0;1,030;1,00;1,00;"80 0622-19.0;";0;ETCS fallend;;;False;ETCS fallend;False;00:44:47;00:44:47;-;-;False;-;-;2687;2687
17850;ETCS fallend;0/00:44:48;0/00:44:48;00:45;00:45;00:45;00:45;-;80,00;77,67;80,00;-;80,00;-;K;-;ETCS-Stützstelle;;S2;Strecke 2;0/00:14:00;-;140,00;1,0000;1,030;-;-;54,0;118,0;ETCS L1;False;False;0;-; 0,0; 0,0; 0,0;S2: VDV 2 - Strecke 2 - VDV 1;0,000000;42110,0;  0,0;4831,9;  0,0;1,030;1,00;1,00;"80 0622-19.0;";0;ETCS fallend;;;False;ETCS fallend;False;00:44:48;00:44:48;-;-;False;-;-;2688;2688
17875;ETCS fallend;0/00:44:49;0/00:44:49;00:45;00:45;00:45;00:45;-;80,00;77,67;80,00;-;80,00;-;K;-;ETCS-Stützstelle;;S2;Strecke 2;0/00:14:01;-;140,00;1,0000;1,030;-;-;54,0;118,0;ETCS L1;False;False;0;-; 0,0; 0,0; 0,0;S2: VDV 2 - Strecke 2 - VDV 1;0,000000;42110,0;  0,0;4831,9;  0,0;1,030;1,00;1,00;"80 0622-19.0;";0;ETCS fallend;;;False;ETCS fallend;False;00:44:49;00:44:49;-;-;False;-;-;2689;2689
17900;ETCS fallend;0/00:44:50;0/00:44:50;00:45;00:45;00:45;00:45;-;80,00;77,67;80,00;-;80,00;-;K;-;ETCS-Stützstelle;;S2;Strecke 2;0/00:14:03;-;140,00;1,0000;1,030;-;-;54,0;118,0;ETCS L1;False;False;0;-; 0,0; 0,0; 0,0;S2: VDV 2 - Strecke 2 - VDV 1;0,000000;42110,0;  0,0;4831,9;  0,0;1,030;1,00;1,00;"80 0622-19.0;";0;ETCS fallend;;;False;ETCS fallend;False;00:44:50;00:44:50;-;-;False;-;-;2690;2690
17925;ETCS fallend;0/00:44:52;0/00:44:52;00:45;00:45;00:45;00:45;-;80,00;77,67;80,00;-;80,00;-;K;-;ETCS-Stützstelle;;S2;Strecke 2;0/00:14:04;-;140,00;1,0000;1,030;-;-;54,0;118,0;ETCS L1;False;False;0;-; 0,0; 0,0; 0,0;S2: VDV 2 - Strecke 2 - VDV 1;0,000000;42110,0;  0,0;4831,9;  0,0;1,030;1,00;1,00;"80 0622-19.0;";0;ETCS fallend;;;False;ETCS fallend;False;00:44:52;00:44:52;-;-;False;-;-;2692;2692
17950;ETCS fallend;0/00:44:53;0/00:44:53;00:45;00:45;00:45;00:45;-;80,00;77,67;80,00;-;80,00;-;K;-;ETCS-Stützstelle;;S2;Strecke 2;0/00:14:05;-;140,00;1,0000;1,030;-;-;54,0;118,0;ETCS L1;False;False;0;-; 0,0; 0,0; 0,0;S2: VDV 2 - Strecke 2 - VDV 1;0,000000;42110,0;  0,0;4831,9;  0,0;1,030;1,00;1,00;"80 0622-19.0;";0;ETCS fallend;;;False;ETCS fallend;False;00:44:53;00:44:53;-;-;False;-;-;2693;2693
17975;ETCS fallend;0/00:44:54;0/00:44:54;00:45;00:45;00:45;00:45;-;80,00;77,67;80,00;-;80,00;-;K;-;ETCS-Stützstelle;;S2;Strecke 2;0/00:14:06;-;140,00;1,0000;1,030;-;-;54,0;118,0;ETCS L1;False;False;0;-; 0,0; 0,0; 0,0;S2: VDV 2 - Strecke 2 - VDV 1;0,000000;42110,0;  0,0;4831,9;  0,0;1,030;1,00;1,00;"80 0622-19.0;";0;ETCS fallend;;;False;ETCS fallend;False;00:44:54;00:44:54;-;-;False;-;-;2694;2694
18000;ETCS fallend;0/00:44:55;0/00:44:55;00:45;00:45;00:45;00:45;-;80,00;77,67;80,00;-;80,00;-;K;-;ETCS-Stützstelle;;S2;Strecke 2;0/00:14:07;-;140,00;1,0000;1,030;-;-;54,0;118,0;ETCS L1;False;False;0;-; 0,0; 0,0; 0,0;S2: VDV 2 - Strecke 2 - VDV 1;0,000000;42110,0;  0,0;4831,9;  0,0;1,030;1,00;1,00;"80 0622-19.0;";0;ETCS fallend;;;False;ETCS fallend;False;00:44:55;00:44:55;-;-;False;-;-;2695;2695
18025;ETCS fallend;0/00:44:56;0/00:44:56;00:45;00:45;00:45;00:45;-;80,00;77,67;80,00;-;80,00;-;K;-;ETCS-Stützstelle;;S2;Strecke 2;0/00:14:08;-;140,00;1,0000;1,030;-;-;54,0;118,0;ETCS L1;False;False;0;-; 0,0; 0,0; 0,0;S2: VDV 2 - Strecke 2 - VDV 1;0,000000;42110,0;  0,0;4831,9;  0,0;1,030;1,00;1,00;"80 0622-19.0;";0;ETCS fallend;;;False;ETCS fallend;False;00:44:56;00:44:56;-;-;False;-;-;2696;2696
18050;ETCS fallend;0/00:44:57;0/00:44:57;00:45;00:45;00:45;00:45;-;80,00;77,67;80,00;-;80,00;-;K;-;ETCS-Stützstelle;;S2;Strecke 2;0/00:14:09;-;140,00;1,0000;1,030;-;-;54,0;118,0;ETCS L1;False;False;0;-; 0,0; 0,0; 0,0;S2: VDV 2 - Strecke 2 - VDV 1;0,000000;42110,0;  0,0;4831,9;  0,0;1,030;1,00;1,00;"80 0622-19.0;";0;ETCS fallend;;;False;ETCS fallend;False;00:44:57;00:44:57;-;-;False;-;-;2697;2697
18075;ETCS fallend;0/00:44:59;0/00:44:59;00:45;00:45;00:45;00:45;-;80,00;77,67;80,00;-;80,00;-;K;-;ETCS-Stützstelle;;S2;Strecke 2;0/00:14:10;-;140,00;1,0000;1,030;-;-;54,0;118,0;ETCS L1;False;False;0;-; 0,0; 0,0; 0,0;S2: VDV 2 - Strecke 2 - VDV 1;0,000000;42110,0;  0,0;4831,9;  0,0;1,030;1,00;1,00;"80 0622-19.0;";0;ETCS fallend;;;False;ETCS fallend;False;00:44:59;00:44:59;-;-;False;-;-;2699;2699
18100;ETCS fallend;0/00:45:00;0/00:45:00;00:45;00:45;00:45;00:45;-;80,00;77,67;80,00;-;80,00;-;K;-;ETCS-Stützstelle;;S2;Strecke 2;0/00:14:12;-;140,00;1,0000;1,030;-;-;54,0;118,0;ETCS L1;False;False;0;-; 0,0; 0,0; 0,0;S2: VDV 2 - Strecke 2 - VDV 1;0,000000;42110,0;  0,0;4831,9;  0,0;1,030;1,00;1,00;"80 0622-19.0;";0;ETCS fallend;;;False;ETCS fallend;False;00:45:00;00:45:00;-;-;False;-;-;2700;2700
18125;ETCS fallend;0/00:45:01;0/00:45:01;00:45;00:45;00:45;00:45;-;80,00;77,67;80,00;-;80,00;-;K;-;ETCS-Stützstelle;;S2;Strecke 2;0/00:14:13;-;140,00;1,0000;1,030;-;-;54,0;118,0;ETCS L1;False;False;0;-; 0,0; 0,0; 0,0;S2: VDV 2 - Strecke 2 - VDV 1;0,000000;42110,0;  0,0;4831,9;  0,0;1,030;1,00;1,00;"80 0622-19.0;";0;ETCS fallend;;;False;ETCS fallend;False;00:45:01;00:45:01;-;-;False;-;-;2701;2701
18150;ETCS fallend;0/00:45:02;0/00:45:02;00:45;00:45;00:45;00:45;-;80,00;77,67;80,00;-;80,00;-;K;-;ETCS-Stützstelle;;S2;Strecke 2;0/00:14:14;-;140,00;1,0000;1,030;-;-;54,0;118,0;ETCS L1;False;False;0;-; 0,0; 0,0; 0,0;S2: VDV 2 - Strecke 2 - VDV 1;0,000000;42110,0;  0,0;4831,9;  0,0;1,030;1,00;1,00;"80 0622-19.0;";0;ETCS fallend;;;False;ETCS fallend;False;00:45:02;00:45:02;-;-;False;-;-;2702;2702
18175;ETCS fallend;0/00:45:03;0/00:45:03;00:45;00:45;00:45;00:45;-;80,00;77,67;80,00;-;80,00;-;K;-;ETCS-Stützstelle;;S2;Strecke 2;0/00:14:15;-;140,00;1,0000;1,030;-;-;54,0;118,0;ETCS L1;False;False;0;-; 0,0; 0,0; 0,0;S2: VDV 2 - Strecke 2 - VDV 1;0,000000;42110,0;  0,0;4831,9;  0,0;1,030;1,00;1,00;"80 0622-19.0;";0;ETCS fallend;;;False;ETCS fallend;False;00:45:03;00:45:03;-;-;False;-;-;2703;2703
18200;ETCS fallend;0/00:45:04;0/00:45:04;00:45;00:45;00:45;00:45;-;80,00;77,67;80,00;-;80,00;-;K;-;ETCS-Stützstelle;;S2;Strecke 2;0/00:14:16;-;140,00;1,0000;1,030;-;-;54,0;118,0;ETCS L1;False;False;0;-; 0,0; 0,0; 0,0;S2: VDV 2 - Strecke 2 - VDV 1;0,000000;42110,0;  0,0;4831,9;  0,0;1,030;1,00;1,00;"80 0622-19.0;";0;ETCS fallend;;;False;ETCS fallend;False;00:45:04;00:45:04;-;-;False;-;-;2704;2704
18225;ETCS fallend;0/00:45:05;0/00:45:05;00:45;00:45;00:45;00:45;-;80,00;77,67;80,00;-;80,00;-;K;-;ETCS-Stützstelle;;S2;Strecke 2;0/00:14:17;-;140,00;1,0000;1,030;-;-;54,0;118,0;ETCS L1;False;False;0;-; 0,0; 0,0; 0,0;S2: VDV 2 - Strecke 2 - VDV 1;0,000000;42110,0;  0,0;4831,9;  0,0;1,030;1,00;1,00;"80 0622-19.0;";0;ETCS fallend;;;False;ETCS fallend;False;00:45:05;00:45:05;-;-;False;-;-;2705;2705
18250;ETCS fallend;0/00:45:07;0/00:45:07;00:45;00:45;00:45;00:45;-;80,00;77,67;80,00;-;80,00;-;K;-;ETCS-Stützstelle;;S2;Strecke 2;0/00:14:18;-;140,00;1,0000;1,030;-;-;54,0;118,0;ETCS L1;False;False;0;-; 0,0; 0,0; 0,0;S2: VDV 2 - Strecke 2 - VDV 1;0,000000;42110,0;  0,0;4831,9;  0,0;1,030;1,00;1,00;"80 0622-19.0;";0;ETCS fallend;;;False;ETCS fallend;False;00:45:07;00:45:07;-;-;False;-;-;2707;2707
18275;ETCS fallend;0/00:45:08;0/00:45:08;00:45;00:45;00:45;00:45;-;80,00;77,67;80,00;-;80,00;-;K;-;ETCS-Stützstelle;;S2;Strecke 2;0/00:14:19;-;140,00;1,0000;1,030;-;-;54,0;118,0;ETCS L1;False;False;0;-; 0,0; 0,0; 0,0;S2: VDV 2 - Strecke 2 - VDV 1;0,000000;42110,0;  0,0;4831,9;  0,0;1,030;1,00;1,00;"80 0622-19.0;";0;ETCS fallend;;;False;ETCS fallend;False;00:45:08;00:45:08;-;-;False;-;-;2708;2708
18300;ETCS fallend;0/00:45:09;0/00:45:09;00:45;00:45;00:45;00:45;-;80,00;77,67;80,00;-;80,00;-;K;-;ETCS-Stützstelle;;S2;Strecke 2;0/00:14:21;-;140,00;1,0000;1,030;-;-;54,0;118,0;ETCS L1;False;False;0;-; 0,0; 0,0; 0,0;S2: VDV 2 - Strecke 2 - VDV 1;0,000000;42110,0;  0,0;4831,9;  0,0;1,030;1,00;1,00;"80 0622-19.0;";0;ETCS fallend;;;False;ETCS fallend;False;00:45:09;00:45:09;-;-;False;-;-;2709;2709
18325;ETCS fallend;0/00:45:10;0/00:45:10;00:45;00:45;00:45;00:45;-;80,00;77,67;80,00;-;80,00;-;K;-;ETCS-Stützstelle;;S2;Strecke 2;0/00:14:22;-;140,00;1,0000;1,030;-;-;54,0;118,0;ETCS L1;False;False;0;-; 0,0; 0,0; 0,0;S2: VDV 2 - Strecke 2 - VDV 1;0,000000;42110,0;  0,0;4831,9;  0,0;1,030;1,00;1,00;"80 0622-19.0;";0;ETCS fallend;;;False;ETCS fallend;False;00:45:10;00:45:10;-;-;False;-;-;2710;2710
18350;ETCS fallend;0/00:45:11;0/00:45:11;00:45;00:45;00:45;00:45;-;80,00;77,67;80,00;-;80,00;-;K;-;ETCS-Stützstelle;;S2;Strecke 2;0/00:14:23;-;140,00;1,0000;1,030;-;-;54,0;118,0;ETCS L1;False;False;0;-; 0,0; 0,0; 0,0;S2: VDV 2 - Strecke 2 - VDV 1;0,000000;42110,0;  0,0;4831,9;  0,0;1,030;1,00;1,00;"80 0622-19.0;";0;ETCS fallend;;;False;ETCS fallend;False;00:45:11;00:45:11;-;-;False;-;-;2711;2711
18375;ETCS fallend;0/00:45:12;0/00:45:12;00:45;00:45;00:45;00:45;-;80,00;77,67;80,00;-;80,00;-;K;-;ETCS-Stützstelle;;S2;Strecke 2;0/00:14:24;-;140,00;1,0000;1,030;-;-;54,0;118,0;ETCS L1;False;False;0;-; 0,0; 0,0; 0,0;S2: VDV 2 - Strecke 2 - VDV 1;0,000000;42110,0;  0,0;4831,9;  0,0;1,030;1,00;1,00;"80 0622-19.0;";0;ETCS fallend;;;False;ETCS fallend;False;00:45:12;00:45:12;-;-;False;-;-;2712;2712
18400;ETCS fallend;0/00:45:14;0/00:45:14;00:45;00:45;00:45;00:45;-;80,00;77,67;80,00;-;80,00;-;K;-;ETCS-Stützstelle;;S2;Strecke 2;0/00:14:25;-;140,00;1,0000;1,030;-;-;54,0;118,0;ETCS L1;False;False;0;-; 0,0; 0,0; 0,0;S2: VDV 2 - Strecke 2 - VDV 1;0,000000;42110,0;  0,0;4831,9;  0,0;1,030;1,00;1,00;"80 0622-19.0;";0;ETCS fallend;;;False;ETCS fallend;False;00:45:14;00:45:14;-;-;False;-;-;2714;2714
18425;ETCS fallend;0/00:45:15;0/00:45:15;00:45;00:45;00:45;00:45;-;80,00;77,67;80,00;-;80,00;-;K;-;ETCS-Stützstelle;;S2;Strecke 2;0/00:14:26;-;140,00;1,0000;1,030;-;-;54,0;118,0;ETCS L1;False;False;0;-; 0,0; 0,0; 0,0;S2: VDV 2 - Strecke 2 - VDV 1;0,000000;42110,0;  0,0;4831,9;  0,0;1,030;1,00;1,00;"80 0622-19.0;";0;ETCS fallend;;;False;ETCS fallend;False;00:45:15;00:45:15;-;-;False;-;-;2715;2715
18450;ETCS fallend;0/00:45:16;0/00:45:16;00:45;00:45;00:45;00:45;-;80,00;77,67;80,00;-;80,00;-;K;-;ETCS-Stützstelle;;S2;Strecke 2;0/00:14:27;-;140,00;1,0000;1,030;-;-;54,0;118,0;ETCS L1;False;False;0;-; 0,0; 0,0; 0,0;S2: VDV 2 - Strecke 2 - VDV 1;0,000000;42110,0;  0,0;4831,9;  0,0;1,030;1,00;1,00;"80 0622-19.0;";0;ETCS fallend;;;False;ETCS fallend;False;00:45:16;00:45:16;-;-;False;-;-;2716;2716
18475;ETCS fallend;0/00:45:17;0/00:45:17;00:45;00:45;00:45;00:45;-;80,00;77,67;80,00;-;80,00;-;K;-;ETCS-Stützstelle;;S2;Strecke 2;0/00:14:28;-;140,00;1,0000;1,030;-;-;54,0;118,0;ETCS L1;False;False;0;-; 0,0; 0,0; 0,0;S2: VDV 2 - Strecke 2 - VDV 1;0,000000;42110,0;  0,0;4831,9;  0,0;1,030;1,00;1,00;"80 0622-19.0;";0;ETCS fallend;;;False;ETCS fallend;False;00:45:17;00:45:17;-;-;False;-;-;2717;2717
18500;ETCS fallend;0/00:45:18;0/00:45:18;00:45;00:45;00:45;00:45;-;80,00;77,67;80,00;-;80,00;-;K;-;ETCS-Stützstelle;;S2;Strecke 2;0/00:14:30;-;140,00;1,0000;1,030;-;-;54,0;118,0;ETCS L1;False;False;0;-; 0,0; 0,0; 0,0;S2: VDV 2 - Strecke 2 - VDV 1;0,000000;42110,0;  0,0;4831,9;  0,0;1,030;1,00;1,00;"80 0622-19.0;";0;ETCS fallend;;;False;ETCS fallend;False;00:45:18;00:45:18;-;-;False;-;-;2718;2718
18525;ETCS fallend;0/00:45:19;0/00:45:19;00:45;00:45;00:45;00:45;-;80,00;77,67;80,00;-;80,00;-;K;-;ETCS-Stützstelle;;S2;Strecke 2;0/00:14:31;-;140,00;1,0000;1,030;-;-;54,0;118,0;ETCS L1;False;False;0;-; 0,0; 0,0; 0,0;S2: VDV 2 - Strecke 2 - VDV 1;0,000000;42110,0;  0,0;4831,9;  0,0;1,030;1,00;1,00;"80 0622-19.0;";0;ETCS fallend;;;False;ETCS fallend;False;00:45:19;00:45:19;-;-;False;-;-;2719;2719
18550;ETCS fallend;0/00:45:21;0/00:45:21;00:45;00:45;00:45;00:45;-;80,00;77,67;80,00;-;80,00;-;K;-;ETCS-Stützstelle;;S2;Strecke 2;0/00:14:32;-;140,00;1,0000;1,030;-;-;54,0;118,0;ETCS L1;False;False;0;-; 0,0; 0,0; 0,0;S2: VDV 2 - Strecke 2 - VDV 1;0,000000;42110,0;  0,0;4831,9;  0,0;1,030;1,00;1,00;"80 0622-19.0;";0;ETCS fallend;;;False;ETCS fallend;False;00:45:21;00:45:21;-;-;False;-;-;2721;2721
18575;ETCS fallend;0/00:45:22;0/00:45:22;00:45;00:45;00:45;00:45;-;80,00;77,67;80,00;-;80,00;-;K;-;ETCS-Stützstelle;;S2;Strecke 2;0/00:14:33;-;140,00;1,0000;1,030;-;-;54,0;118,0;ETCS L1;False;False;0;-; 0,0; 0,0; 0,0;S2: VDV 2 - Strecke 2 - VDV 1;0,000000;42110,0;  0,0;4831,9;  0,0;1,030;1,00;1,00;"80 0622-19.0;";0;ETCS fallend;;;False;ETCS fallend;False;00:45:22;00:45:22;-;-;False;-;-;2722;2722
18600;ETCS fallend;0/00:45:23;0/00:45:23;00:45;00:45;00:45;00:45;-;80,00;77,67;80,00;-;80,00;-;K;-;ETCS-Stützstelle;;S2;Strecke 2;0/00:14:34;-;140,00;1,0000;1,030;-;-;54,0;118,0;ETCS L1;False;False;0;-; 0,0; 0,0; 0,0;S2: VDV 2 - Strecke 2 - VDV 1;0,000000;42110,0;  0,0;4831,9;  0,0;1,030;1,00;1,00;"80 0622-19.0;";0;ETCS fallend;;;False;ETCS fallend;False;00:45:23;00:45:23;-;-;False;-;-;2723;2723
18625;ETCS fallend;0/00:45:24;0/00:45:24;00:45;00:45;00:45;00:45;-;80,00;77,67;80,00;-;80,00;-;K;-;ETCS-Stützstelle;;S2;Strecke 2;0/00:14:35;-;140,00;1,0000;1,030;-;-;54,0;118,0;ETCS L1;False;False;0;-; 0,0; 0,0; 0,0;S2: VDV 2 - Strecke 2 - VDV 1;0,000000;42110,0;  0,0;4831,9;  0,0;1,030;1,00;1,00;"80 0622-19.0;";0;ETCS fallend;;;False;ETCS fallend;False;00:45:24;00:45:24;-;-;False;-;-;2724;2724
18650;ETCS fallend;0/00:45:25;0/00:45:25;00:45;00:45;00:45;00:45;-;80,00;77,67;80,00;-;80,00;-;K;-;ETCS-Stützstelle;;S2;Strecke 2;0/00:14:36;-;140,00;1,0000;1,030;-;-;54,0;118,0;ETCS L1;False;False;0;-; 0,0; 0,0; 0,0;S2: VDV 2 - Strecke 2 - VDV 1;0,000000;42110,0;  0,0;4831,9;  0,0;1,030;1,00;1,00;"80 0622-19.0;";0;ETCS fallend;;;False;ETCS fallend;False;00:45:25;00:45:25;-;-;False;-;-;2725;2725
18675;ETCS fallend;0/00:45:26;0/00:45:26;00:45;00:45;00:45;00:45;-;80,00;77,67;80,00;-;80,00;-;K;-;ETCS-Stützstelle;;S2;Strecke 2;0/00:14:37;-;140,00;1,0000;1,030;-;-;54,0;118,0;ETCS L1;False;False;0;-; 0,0; 0,0; 0,0;S2: VDV 2 - Strecke 2 - VDV 1;0,000000;42110,0;  0,0;4831,9;  0,0;1,030;1,00;1,00;"80 0622-19.0;";0;ETCS fallend;;;False;ETCS fallend;False;00:45:26;00:45:26;-;-;False;-;-;2726;2726
18700;ETCS fallend;0/00:45:27;0/00:45:27;00:45;00:45;00:45;00:45;-;80,00;77,67;80,00;-;80,00;-;K;-;ETCS-Stützstelle;;S2;Strecke 2;0/00:14:39;-;140,00;1,0000;1,030;-;-;54,0;118,0;ETCS L1;False;False;0;-; 0,0; 0,0; 0,0;S2: VDV 2 - Strecke 2 - VDV 1;0,000000;42110,0;  0,0;4831,9;  0,0;1,030;1,00;1,00;"80 0622-19.0;";0;ETCS fallend;;;False;ETCS fallend;False;00:45:27;00:45:27;-;-;False;-;-;2727;2727
18725;ETCS fallend;0/00:45:29;0/00:45:29;00:45;00:45;00:45;00:45;-;80,00;77,67;80,00;-;80,00;-;K;-;ETCS-Stützstelle;;S2;Strecke 2;0/00:14:40;-;140,00;1,0000;1,030;-;-;54,0;118,0;ETCS L1;False;False;0;-; 0,0; 0,0; 0,0;S2: VDV 2 - Strecke 2 - VDV 1;0,000000;42110,0;  0,0;4831,9;  0,0;1,030;1,00;1,00;"80 0622-19.0;";0;ETCS fallend;;;False;ETCS fallend;False;00:45:29;00:45:29;-;-;False;-;-;2729;2729
18750;ETCS fallend;0/00:45:30;0/00:45:30;00:46;00:46;00:46;00:46;-;80,00;77,67;80,00;-;80,00;-;K;-;ETCS-Stützstelle;;S2;Strecke 2;0/00:14:41;-;140,00;1,0000;1,030;-;-;54,0;118,0;ETCS L1;False;False;0;-; 0,0; 0,0; 0,0;S2: VDV 2 - Strecke 2 - VDV 1;0,000000;42110,0;  0,0;4831,9;  0,0;1,030;1,00;1,00;"80 0622-19.0;";0;ETCS fallend;;;False;ETCS fallend;False;00:45:30;00:45:30;-;-;False;-;-;2730;2730
18775;ETCS fallend;0/00:45:31;0/00:45:31;00:46;00:46;00:46;00:46;-;80,00;77,67;80,00;-;80,00;-;K;-;ETCS-Stützstelle;;S2;Strecke 2;0/00:14:42;-;140,00;1,0000;1,030;-;-;54,0;118,0;ETCS L1;False;False;0;-; 0,0; 0,0; 0,0;S2: VDV 2 - Strecke 2 - VDV 1;0,000000;42110,0;  0,0;4831,9;  0,0;1,030;1,00;1,00;"80 0622-19.0;";0;ETCS fallend;;;False;ETCS fallend;False;00:45:31;00:45:31;-;-;False;-;-;2731;2731
18800;ETCS fallend;0/00:45:32;0/00:45:32;00:46;00:46;00:46;00:46;-;80,00;77,67;80,00;-;80,00;-;K;-;ETCS-Stützstelle;;S2;Strecke 2;0/00:14:43;-;140,00;1,0000;1,030;-;-;54,0;118,0;ETCS L1;False;False;0;-; 0,0; 0,0; 0,0;S2: VDV 2 - Strecke 2 - VDV 1;0,000000;42110,0;  0,0;4831,9;  0,0;1,030;1,00;1,00;"80 0622-19.0;";0;ETCS fallend;;;False;ETCS fallend;False;00:45:32;00:45:32;-;-;False;-;-;2732;2732
18825;ETCS fallend;0/00:45:33;0/00:45:33;00:46;00:46;00:46;00:46;-;80,00;77,67;80,00;-;80,00;-;K;-;ETCS-Stützstelle;;S2;Strecke 2;0/00:14:44;-;140,00;1,0000;1,030;-;-;54,0;118,0;ETCS L1;False;False;0;-; 0,0; 0,0; 0,0;S2: VDV 2 - Strecke 2 - VDV 1;0,000000;42110,0;  0,0;4831,9;  0,0;1,030;1,00;1,00;"80 0622-19.0;";0;ETCS fallend;;;False;ETCS fallend;False;00:45:33;00:45:33;-;-;False;-;-;2733;2733
18850;ETCS fallend;0/00:45:34;0/00:45:34;00:46;00:46;00:46;00:46;-;80,00;77,67;80,00;-;80,00;-;K;-;ETCS-Stützstelle;;S2;Strecke 2;0/00:14:45;-;140,00;1,0000;1,030;-;-;54,0;118,0;ETCS L1;False;False;0;-; 0,0; 0,0; 0,0;S2: VDV 2 - Strecke 2 - VDV 1;0,000000;42110,0;  0,0;4831,9;  0,0;1,030;1,00;1,00;"80 0622-19.0;";0;ETCS fallend;;;False;ETCS fallend;False;00:45:34;00:45:34;-;-;False;-;-;2734;2734
18875;ETCS fallend;0/00:45:36;0/00:45:36;00:46;00:46;00:46;00:46;-;80,00;77,67;80,00;-;80,00;-;K;-;ETCS-Stützstelle;;S2;Strecke 2;0/00:14:46;-;140,00;1,0000;1,030;-;-;54,0;118,0;ETCS L1;False;False;0;-; 0,0; 0,0; 0,0;S2: VDV 2 - Strecke 2 - VDV 1;0,000000;42110,0;  0,0;4831,9;  0,0;1,030;1,00;1,00;"80 0622-19.0;";0;ETCS fallend;;;False;ETCS fallend;False;00:45:36;00:45:36;-;-;False;-;-;2736;2736
18900;ETCS fallend;0/00:45:37;0/00:45:37;00:46;00:46;00:46;00:46;-;80,00;77,67;80,00;-;80,00;-;K;-;ETCS-Stützstelle;;S2;Strecke 2;0/00:14:48;-;140,00;1,0000;1,030;-;-;54,0;118,0;ETCS L1;False;False;0;-; 0,0; 0,0; 0,0;S2: VDV 2 - Strecke 2 - VDV 1;0,000000;42110,0;  0,0;4831,9;  0,0;1,030;1,00;1,00;"80 0622-19.0;";0;ETCS fallend;;;False;ETCS fallend;False;00:45:37;00:45:37;-;-;False;-;-;2737;2737
18925;ETCS fallend;0/00:45:38;0/00:45:38;00:46;00:46;00:46;00:46;-;80,00;77,67;80,00;-;80,00;-;K;-;ETCS-Stützstelle;;S2;Strecke 2;0/00:14:49;-;140,00;1,0000;1,030;-;-;54,0;118,0;ETCS L1;False;False;0;-; 0,0; 0,0; 0,0;S2: VDV 2 - Strecke 2 - VDV 1;0,000000;42110,0;  0,0;4831,9;  0,0;1,030;1,00;1,00;"80 0622-19.0;";0;ETCS fallend;;;False;ETCS fallend;False;00:45:38;00:45:38;-;-;False;-;-;2738;2738
18950;ETCS fallend;0/00:45:39;0/00:45:39;00:46;00:46;00:46;00:46;-;80,00;77,67;80,00;-;80,00;-;K;-;ETCS-Stützstelle;;S2;Strecke 2;0/00:14:50;-;140,00;1,0000;1,030;-;-;54,0;118,0;ETCS L1;False;False;0;-; 0,0; 0,0; 0,0;S2: VDV 2 - Strecke 2 - VDV 1;0,000000;42110,0;  0,0;4831,9;  0,0;1,030;1,00;1,00;"80 0622-19.0;";0;ETCS fallend;;;False;ETCS fallend;False;00:45:39;00:45:39;-;-;False;-;-;2739;2739
18975;ETCS fallend;0/00:45:40;0/00:45:40;00:46;00:46;00:46;00:46;-;80,00;77,67;80,00;-;80,00;-;K;-;ETCS-Stützstelle;;S2;Strecke 2;0/00:14:51;-;140,00;1,0000;1,030;-;-;54,0;118,0;ETCS L1;False;False;0;-; 0,0; 0,0; 0,0;S2: VDV 2 - Strecke 2 - VDV 1;0,000000;42110,0;  0,0;4831,9;  0,0;1,030;1,00;1,00;"80 0622-19.0;";0;ETCS fallend;;;False;ETCS fallend;False;00:45:40;00:45:40;-;-;False;-;-;2740;2740
19000;ETCS fallend;0/00:45:41;0/00:45:41;00:46;00:46;00:46;00:46;-;80,00;77,67;80,00;-;80,00;-;K;-;ETCS-Stützstelle;;S2;Strecke 2;0/00:14:52;-;140,00;1,0000;1,030;-;-;54,0;118,0;ETCS L1;False;False;0;-; 0,0; 0,0; 0,0;S2: VDV 2 - Strecke 2 - VDV 1;0,000000;42110,0;  0,0;4831,9;  0,0;1,030;1,00;1,00;"80 0622-19.0;";0;ETCS fallend;;;False;ETCS fallend;False;00:45:41;00:45:41;-;-;False;-;-;2741;2741
19025;ETCS fallend;0/00:45:43;0/00:45:43;00:46;00:46;00:46;00:46;-;80,00;77,67;80,00;-;80,00;-;K;-;ETCS-Stützstelle;;S2;Strecke 2;0/00:14:53;-;140,00;1,0000;1,030;-;-;54,0;118,0;ETCS L1;False;False;0;-; 0,0; 0,0; 0,0;S2: VDV 2 - Strecke 2 - VDV 1;0,000000;42110,0;  0,0;4831,9;  0,0;1,030;1,00;1,00;"80 0622-19.0;";0;ETCS fallend;;;False;ETCS fallend;False;00:45:43;00:45:43;-;-;False;-;-;2743;2743
19050;ETCS fallend;0/00:45:44;0/00:45:44;00:46;00:46;00:46;00:46;-;80,00;77,67;80,00;-;80,00;-;K;-;ETCS-Stützstelle;;S2;Strecke 2;0/00:14:54;-;140,00;1,0000;1,030;-;-;54,0;118,0;ETCS L1;False;False;0;-; 0,0; 0,0; 0,0;S2: VDV 2 - Strecke 2 - VDV 1;0,000000;42110,0;  0,0;4831,9;  0,0;1,030;1,00;1,00;"80 0622-19.0;";0;ETCS fallend;;;False;ETCS fallend;False;00:45:44;00:45:44;-;-;False;-;-;2744;2744
19075;ETCS fallend;0/00:45:45;0/00:45:45;00:46;00:46;00:46;00:46;-;80,00;77,67;80,00;-;80,00;-;K;-;ETCS-Stützstelle;;S2;Strecke 2;0/00:14:55;-;140,00;1,0000;1,030;-;-;54,0;118,0;ETCS L1;False;False;0;-; 0,0; 0,0; 0,0;S2: VDV 2 - Strecke 2 - VDV 1;0,000000;42110,0;  0,0;4831,9;  0,0;1,030;1,00;1,00;"80 0622-19.0;";0;ETCS fallend;;;False;ETCS fallend;False;00:45:45;00:45:45;-;-;False;-;-;2745;2745
19100;ETCS fallend;0/00:45:46;0/00:45:46;00:46;00:46;00:46;00:46;-;80,00;77,67;80,00;-;80,00;-;K;-;ETCS-Stützstelle;;S2;Strecke 2;0/00:14:57;-;140,00;1,0000;1,030;-;-;54,0;118,0;ETCS L1;False;False;0;-; 0,0; 0,0; 0,0;S2: VDV 2 - Strecke 2 - VDV 1;0,000000;42110,0;  0,0;4831,9;  0,0;1,030;1,00;1,00;"80 0622-19.0;";0;ETCS fallend;;;False;ETCS fallend;False;00:45:46;00:45:46;-;-;False;-;-;2746;2746
19125;ETCS fallend;0/00:45:47;0/00:45:47;00:46;00:46;00:46;00:46;-;80,00;77,67;80,00;-;80,00;-;K;-;ETCS-Stützstelle;;S2;Strecke 2;0/00:14:58;-;140,00;1,0000;1,030;-;-;54,0;118,0;ETCS L1;False;False;0;-; 0,0; 0,0; 0,0;S2: VDV 2 - Strecke 2 - VDV 1;0,000000;42110,0;  0,0;4831,9;  0,0;1,030;1,00;1,00;"80 0622-19.0;";0;ETCS fallend;;;False;ETCS fallend;False;00:45:47;00:45:47;-;-;False;-;-;2747;2747
19150;ETCS fallend;0/00:45:48;0/00:45:48;00:46;00:46;00:46;00:46;-;80,00;77,67;80,00;-;80,00;-;K;-;ETCS-Stützstelle;;S2;Strecke 2;0/00:14:59;-;140,00;1,0000;1,030;-;-;54,0;118,0;ETCS L1;False;False;0;-; 0,0; 0,0; 0,0;S2: VDV 2 - Strecke 2 - VDV 1;0,000000;42110,0;  0,0;4831,9;  0,0;1,030;1,00;1,00;"80 0622-19.0;";0;ETCS fallend;;;False;ETCS fallend;False;00:45:48;00:45:48;-;-;False;-;-;2748;2748
19175;ETCS fallend;0/00:45:49;0/00:45:49;00:46;00:46;00:46;00:46;-;80,00;77,67;80,00;-;80,00;-;K;-;ETCS-Stützstelle;;S2;Strecke 2;0/00:15:00;-;140,00;1,0000;1,030;-;-;54,0;118,0;ETCS L1;False;False;0;-; 0,0; 0,0; 0,0;S2: VDV 2 - Strecke 2 - VDV 1;0,000000;42110,0;  0,0;4831,9;  0,0;1,030;1,00;1,00;"80 0622-19.0;";0;ETCS fallend;;;False;ETCS fallend;False;00:45:49;00:45:49;-;-;False;-;-;2749;2749
19200;ETCS fallend;0/00:45:51;0/00:45:51;00:46;00:46;00:46;00:46;-;80,00;77,67;80,00;-;80,00;-;K;-;ETCS-Stützstelle;;S2;Strecke 2;0/00:15:01;-;140,00;1,0000;1,030;-;-;54,0;118,0;ETCS L1;False;False;0;-; 0,0; 0,0; 0,0;S2: VDV 2 - Strecke 2 - VDV 1;0,000000;42110,0;  0,0;4831,9;  0,0;1,030;1,00;1,00;"80 0622-19.0;";0;ETCS fallend;;;False;ETCS fallend;False;00:45:51;00:45:51;-;-;False;-;-;2751;2751
19225;ETCS fallend;0/00:45:52;0/00:45:52;00:46;00:46;00:46;00:46;-;80,00;77,67;80,00;-;80,00;-;K;-;ETCS-Stützstelle;;S2;Strecke 2;0/00:15:02;-;140,00;1,0000;1,030;-;-;54,0;118,0;ETCS L1;False;False;0;-; 0,0; 0,0; 0,0;S2: VDV 2 - Strecke 2 - VDV 1;0,000000;42110,0;  0,0;4831,9;  0,0;1,030;1,00;1,00;"80 0622-19.0;";0;ETCS fallend;;;False;ETCS fallend;False;00:45:52;00:45:52;-;-;False;-;-;2752;2752
19250;ETCS fallend;0/00:45:53;0/00:45:53;00:46;00:46;00:46;00:46;-;80,00;77,67;80,00;-;80,00;-;K;-;ETCS-Stützstelle;;S2;Strecke 2;0/00:15:03;-;140,00;1,0000;1,030;-;-;54,0;118,0;ETCS L1;False;False;0;-; 0,0; 0,0; 0,0;S2: VDV 2 - Strecke 2 - VDV 1;0,000000;42110,0;  0,0;4831,9;  0,0;1,030;1,00;1,00;"80 0622-19.0;";0;ETCS fallend;;;False;ETCS fallend;False;00:45:53;00:45:53;-;-;False;-;-;2753;2753
19275;ETCS fallend;0/00:45:54;0/00:45:54;00:46;00:46;00:46;00:46;-;80,00;77,67;80,00;-;80,00;-;K;-;ETCS-Stützstelle;;S2;Strecke 2;0/00:15:04;-;140,00;1,0000;1,030;-;-;54,0;118,0;ETCS L1;False;False;0;-; 0,0; 0,0; 0,0;S2: VDV 2 - Strecke 2 - VDV 1;0,000000;42110,0;  0,0;4831,9;  0,0;1,030;1,00;1,00;"80 0622-19.0;";0;ETCS fallend;;;False;ETCS fallend;False;00:45:54;00:45:54;-;-;False;-;-;2754;2754
19300;ETCS fallend;0/00:45:55;0/00:45:55;00:46;00:46;00:46;00:46;-;80,00;77,67;80,00;-;80,00;-;K;-;ETCS-Stützstelle;;S2;Strecke 2;0/00:15:06;-;140,00;1,0000;1,030;-;-;54,0;118,0;ETCS L1;False;False;0;-; 0,0; 0,0; 0,0;S2: VDV 2 - Strecke 2 - VDV 1;0,000000;42110,0;  0,0;4831,9;  0,0;1,030;1,00;1,00;"80 0622-19.0;";0;ETCS fallend;;;False;ETCS fallend;False;00:45:55;00:45:55;-;-;False;-;-;2755;2755
19325;ETCS fallend;0/00:45:56;0/00:45:56;00:46;00:46;00:46;00:46;-;80,00;77,67;80,00;-;80,00;-;K;-;ETCS-Stützstelle;;S2;Strecke 2;0/00:15:07;-;140,00;1,0000;1,030;-;-;54,0;118,0;ETCS L1;False;False;0;-; 0,0; 0,0; 0,0;S2: VDV 2 - Strecke 2 - VDV 1;0,000000;42110,0;  0,0;4831,9;  0,0;1,030;1,00;1,00;"80 0622-19.0;";0;ETCS fallend;;;False;ETCS fallend;False;00:45:56;00:45:56;-;-;False;-;-;2756;2756
19350;ETCS fallend;0/00:45:58;0/00:45:58;00:46;00:46;00:46;00:46;-;80,00;77,67;80,00;-;80,00;-;K;-;ETCS-Stützstelle;;S2;Strecke 2;0/00:15:08;-;140,00;1,0000;1,030;-;-;54,0;118,0;ETCS L1;False;False;0;-; 0,0; 0,0; 0,0;S2: VDV 2 - Strecke 2 - VDV 1;0,000000;42110,0;  0,0;4831,9;  0,0;1,030;1,00;1,00;"80 0622-19.0;";0;ETCS fallend;;;False;ETCS fallend;False;00:45:58;00:45:58;-;-;False;-;-;2758;2758
19375;ETCS fallend;0/00:45:59;0/00:45:59;00:46;00:46;00:46;00:46;-;80,00;77,67;80,00;-;80,00;-;K;-;ETCS-Stützstelle;;S2;Strecke 2;0/00:15:09;-;140,00;1,0000;1,030;-;-;54,0;118,0;ETCS L1;False;False;0;-; 0,0; 0,0; 0,0;S2: VDV 2 - Strecke 2 - VDV 1;0,000000;42110,0;  0,0;4831,9;  0,0;1,030;1,00;1,00;"80 0622-19.0;";0;ETCS fallend;;;False;ETCS fallend;False;00:45:59;00:45:59;-;-;False;-;-;2759;2759
19400;ETCS fallend;0/00:46:00;0/00:46:00;00:46;00:46;00:46;00:46;-;80,00;77,67;80,00;-;80,00;-;K;-;ETCS-Stützstelle;;S2;Strecke 2;0/00:15:10;-;140,00;1,0000;1,030;-;-;54,0;118,0;ETCS L1;False;False;0;-; 0,0; 0,0; 0,0;S2: VDV 2 - Strecke 2 - VDV 1;0,000000;42110,0;  0,0;4831,9;  0,0;1,030;1,00;1,00;"80 0622-19.0;";0;ETCS fallend;;;False;ETCS fallend;False;00:46:00;00:46:00;-;-;False;-;-;2760;2760
19425;ETCS fallend;0/00:46:01;0/00:46:01;00:46;00:46;00:46;00:46;-;80,00;77,67;80,00;-;80,00;-;K;-;ETCS-Stützstelle;;S2;Strecke 2;0/00:15:11;-;140,00;1,0000;1,030;-;-;54,0;118,0;ETCS L1;False;False;0;-; 0,0; 0,0; 0,0;S2: VDV 2 - Strecke 2 - VDV 1;0,000000;42110,0;  0,0;4831,9;  0,0;1,030;1,00;1,00;"80 0622-19.0;";0;ETCS fallend;;;False;ETCS fallend;False;00:46:01;00:46:01;-;-;False;-;-;2761;2761
19450;ETCS fallend;0/00:46:02;0/00:46:02;00:46;00:46;00:46;00:46;-;80,00;77,67;80,00;-;80,00;-;K;-;ETCS-Stützstelle;;S2;Strecke 2;0/00:15:12;-;140,00;1,0000;1,030;-;-;54,0;118,0;ETCS L1;False;False;0;-; 0,0; 0,0; 0,0;S2: VDV 2 - Strecke 2 - VDV 1;0,000000;42110,0;  0,0;4831,9;  0,0;1,030;1,00;1,00;"80 0622-19.0;";0;ETCS fallend;;;False;ETCS fallend;False;00:46:02;00:46:02;-;-;False;-;-;2762;2762
19475;ETCS fallend;0/00:46:03;0/00:46:03;00:46;00:46;00:46;00:46;-;80,00;77,67;80,00;-;80,00;-;K;-;ETCS-Stützstelle;;S2;Strecke 2;0/00:15:13;-;140,00;1,0000;1,030;-;-;54,0;118,0;ETCS L1;False;False;0;-; 0,0; 0,0; 0,0;S2: VDV 2 - Strecke 2 - VDV 1;0,000000;42110,0;  0,0;4831,9;  0,0;1,030;1,00;1,00;"80 0622-19.0;";0;ETCS fallend;;;False;ETCS fallend;False;00:46:03;00:46:03;-;-;False;-;-;2763;2763
19500;ETCS fallend;0/00:46:05;0/00:46:05;00:46;00:46;00:46;00:46;-;80,00;77,67;80,00;-;80,00;-;K;-;ETCS-Stützstelle;;S2;Strecke 2;0/00:15:15;-;140,00;1,0000;1,030;-;-;54,0;118,0;ETCS L1;False;False;0;-; 0,0; 0,0; 0,0;S2: VDV 2 - Strecke 2 - VDV 1;0,000000;42110,0;  0,0;4831,9;  0,0;1,030;1,00;1,00;"80 0622-19.0;";0;ETCS fallend;;;False;ETCS fallend;False;00:46:05;00:46:05;-;-;False;-;-;2765;2765
19525;ETCS fallend;0/00:46:06;0/00:46:06;00:46;00:46;00:46;00:46;-;80,00;77,67;80,00;-;80,00;-;K;-;ETCS-Stützstelle;;S2;Strecke 2;0/00:15:16;-;140,00;1,0000;1,030;-;-;54,0;118,0;ETCS L1;False;False;0;-; 0,0; 0,0; 0,0;S2: VDV 2 - Strecke 2 - VDV 1;0,000000;42110,0;  0,0;4831,9;  0,0;1,030;1,00;1,00;"80 0622-19.0;";0;ETCS fallend;;;False;ETCS fallend;False;00:46:06;00:46:06;-;-;False;-;-;2766;2766
19550;ETCS fallend;0/00:46:07;0/00:46:07;00:46;00:46;00:46;00:46;-;80,00;77,67;80,00;-;80,00;-;K;-;ETCS-Stützstelle;;S2;Strecke 2;0/00:15:17;-;140,00;1,0000;1,030;-;-;54,0;118,0;ETCS L1;False;False;0;-; 0,0; 0,0; 0,0;S2: VDV 2 - Strecke 2 - VDV 1;0,000000;42110,0;  0,0;4831,9;  0,0;1,030;1,00;1,00;"80 0622-19.0;";0;ETCS fallend;;;False;ETCS fallend;False;00:46:07;00:46:07;-;-;False;-;-;2767;2767
19575;ETCS fallend;0/00:46:08;0/00:46:08;00:46;00:46;00:46;00:46;-;80,00;77,67;80,00;-;80,00;-;K;-;ETCS-Stützstelle;;S2;Strecke 2;0/00:15:18;-;140,00;1,0000;1,030;-;-;54,0;118,0;ETCS L1;False;False;0;-; 0,0; 0,0; 0,0;S2: VDV 2 - Strecke 2 - VDV 1;0,000000;42110,0;  0,0;4831,9;  0,0;1,030;1,00;1,00;"80 0622-19.0;";0;ETCS fallend;;;False;ETCS fallend;False;00:46:08;00:46:08;-;-;False;-;-;2768;2768
19600;ETCS fallend;0/00:46:09;0/00:46:09;00:46;00:46;00:46;00:46;-;80,00;77,67;80,00;-;80,00;-;K;-;ETCS-Stützstelle;;S2;Strecke 2;0/00:15:19;-;140,00;1,0000;1,030;-;-;54,0;118,0;ETCS L1;False;False;0;-; 0,0; 0,0; 0,0;S2: VDV 2 - Strecke 2 - VDV 1;0,000000;42110,0;  0,0;4831,9;  0,0;1,030;1,00;1,00;"80 0622-19.0;";0;ETCS fallend;;;False;ETCS fallend;False;00:46:09;00:46:09;-;-;False;-;-;2769;2769
19625;ETCS fallend;0/00:46:10;0/00:46:10;00:46;00:46;00:46;00:46;-;80,00;77,67;80,00;-;80,00;-;K;-;ETCS-Stützstelle;;S2;Strecke 2;0/00:15:20;-;140,00;1,0000;1,030;-;-;54,0;118,0;ETCS L1;False;False;0;-; 0,0; 0,0; 0,0;S2: VDV 2 - Strecke 2 - VDV 1;0,000000;42110,0;  0,0;4831,9;  0,0;1,030;1,00;1,00;"80 0622-19.0;";0;ETCS fallend;;;False;ETCS fallend;False;00:46:10;00:46:10;-;-;False;-;-;2770;2770
19650;ETCS fallend;0/00:46:12;0/00:46:12;00:46;00:46;00:46;00:46;-;80,00;77,67;80,00;-;80,00;-;K;-;ETCS-Stützstelle;;S2;Strecke 2;0/00:15:21;-;140,00;1,0000;1,030;-;-;54,0;118,0;ETCS L1;False;False;0;-; 0,0; 0,0; 0,0;S2: VDV 2 - Strecke 2 - VDV 1;0,000000;42110,0;  0,0;4831,9;  0,0;1,030;1,00;1,00;"80 0622-19.0;";0;ETCS fallend;;;False;ETCS fallend;False;00:46:12;00:46:12;-;-;False;-;-;2772;2772
19675;ETCS fallend;0/00:46:13;0/00:46:13;00:46;00:46;00:46;00:46;-;80,00;77,67;80,00;-;80,00;-;K;-;ETCS-Stützstelle;;S2;Strecke 2;0/00:15:22;-;140,00;1,0000;1,030;-;-;54,0;118,0;ETCS L1;False;False;0;-; 0,0; 0,0; 0,0;S2: VDV 2 - Strecke 2 - VDV 1;0,000000;42110,0;  0,0;4831,9;  0,0;1,030;1,00;1,00;"80 0622-19.0;";0;ETCS fallend;;;False;ETCS fallend;False;00:46:13;00:46:13;-;-;False;-;-;2773;2773
19700;ETCS fallend;0/00:46:14;0/00:46:14;00:46;00:46;00:46;00:46;-;80,00;77,67;80,00;-;80,00;-;K;-;ETCS-Stützstelle;;S2;Strecke 2;0/00:15:24;-;140,00;1,0000;1,030;-;-;54,0;118,0;ETCS L1;False;False;0;-; 0,0; 0,0; 0,0;S2: VDV 2 - Strecke 2 - VDV 1;0,000000;42110,0;  0,0;4831,9;  0,0;1,030;1,00;1,00;"80 0622-19.0;";0;ETCS fallend;;;False;ETCS fallend;False;00:46:14;00:46:14;-;-;False;-;-;2774;2774
19725;ETCS fallend;0/00:46:15;0/00:46:15;00:46;00:46;00:46;00:46;-;80,00;77,67;80,00;-;80,00;-;K;-;ETCS-Stützstelle;;S2;Strecke 2;0/00:15:25;-;140,00;1,0000;1,030;-;-;54,0;118,0;ETCS L1;False;False;0;-; 0,0; 0,0; 0,0;S2: VDV 2 - Strecke 2 - VDV 1;0,000000;42110,0;  0,0;4831,9;  0,0;1,030;1,00;1,00;"80 0622-19.0;";0;ETCS fallend;;;False;ETCS fallend;False;00:46:15;00:46:15;-;-;False;-;-;2775;2775
19750;ETCS fallend;0/00:46:16;0/00:46:16;00:46;00:46;00:46;00:46;-;80,00;77,67;80,00;-;80,00;-;K;-;ETCS-Stützstelle;;S2;Strecke 2;0/00:15:26;-;140,00;1,0000;1,030;-;-;54,0;118,0;ETCS L1;False;False;0;-; 0,0; 0,0; 0,0;S2: VDV 2 - Strecke 2 - VDV 1;0,000000;42110,0;  0,0;4831,9;  0,0;1,030;1,00;1,00;"80 0622-19.0;";0;ETCS fallend;;;False;ETCS fallend;False;00:46:16;00:46:16;-;-;False;-;-;2776;2776
19775;ETCS fallend;0/00:46:17;0/00:46:17;00:46;00:46;00:46;00:46;-;80,00;77,67;80,00;-;80,00;-;K;-;ETCS-Stützstelle;;S2;Strecke 2;0/00:15:27;-;140,00;1,0000;1,030;-;-;54,0;118,0;ETCS L1;False;False;0;-; 0,0; 0,0; 0,0;S2: VDV 2 - Strecke 2 - VDV 1;0,000000;42110,0;  0,0;4831,9;  0,0;1,030;1,00;1,00;"80 0622-19.0;";0;ETCS fallend;;;False;ETCS fallend;False;00:46:17;00:46:17;-;-;False;-;-;2777;2777
19800;ETCS fallend;0/00:46:18;0/00:46:18;00:46;00:46;00:46;00:46;-;80,00;77,67;80,00;-;80,00;-;K;-;ETCS-Stützstelle;;S2;Strecke 2;0/00:15:28;-;140,00;1,0000;1,030;-;-;54,0;118,0;ETCS L1;False;False;0;-; 0,0; 0,0; 0,0;S2: VDV 2 - Strecke 2 - VDV 1;0,000000;42110,0;  0,0;4831,9;  0,0;1,030;1,00;1,00;"80 0622-19.0;";0;ETCS fallend;;;False;ETCS fallend;False;00:46:18;00:46:18;-;-;False;-;-;2778;2778
19825;ETCS fallend;0/00:46:20;0/00:46:20;00:46;00:46;00:46;00:46;-;80,00;77,67;80,00;-;80,00;-;K;-;ETCS-Stützstelle;;S2;Strecke 2;0/00:15:29;-;140,00;1,0000;1,030;-;-;54,0;118,0;ETCS L1;False;False;0;-; 0,0; 0,0; 0,0;S2: VDV 2 - Strecke 2 - VDV 1;0,000000;42110,0;  0,0;4831,9;  0,0;1,030;1,00;1,00;"80 0622-19.0;";0;ETCS fallend;;;False;ETCS fallend;False;00:46:20;00:46:20;-;-;False;-;-;2780;2780
19850;ETCS fallend;0/00:46:21;0/00:46:21;00:46;00:46;00:46;00:46;-;80,00;77,67;80,00;-;80,00;-;K;-;ETCS-Stützstelle;;S2;Strecke 2;0/00:15:30;-;140,00;1,0000;1,030;-;-;54,0;118,0;ETCS L1;False;False;0;-; 0,0; 0,0; 0,0;S2: VDV 2 - Strecke 2 - VDV 1;0,000000;42110,0;  0,0;4831,9;  0,0;1,030;1,00;1,00;"80 0622-19.0;";0;ETCS fallend;;;False;ETCS fallend;False;00:46:21;00:46:21;-;-;False;-;-;2781;2781
19875;ETCS fallend;0/00:46:22;0/00:46:22;00:46;00:46;00:46;00:46;-;80,00;77,67;80,00;-;80,00;-;K;-;ETCS-Stützstelle;;S2;Strecke 2;0/00:15:31;-;140,00;1,0000;1,030;-;-;54,0;118,0;ETCS L1;False;False;0;-; 0,0; 0,0; 0,0;S2: VDV 2 - Strecke 2 - VDV 1;0,000000;42110,0;  0,0;4831,9;  0,0;1,030;1,00;1,00;"80 0622-19.0;";0;ETCS fallend;;;False;ETCS fallend;False;00:46:22;00:46:22;-;-;False;-;-;2782;2782
19900;ETCS fallend;0/00:46:23;0/00:46:23;00:46;00:46;00:46;00:46;-;80,00;77,67;80,00;-;80,00;-;K;-;ETCS-Stützstelle;;S2;Strecke 2;0/00:15:33;-;140,00;1,0000;1,030;-;-;54,0;118,0;ETCS L1;False;False;0;-; 0,0; 0,0; 0,0;S2: VDV 2 - Strecke 2 - VDV 1;0,000000;42110,0;  0,0;4831,9;  0,0;1,030;1,00;1,00;"80 0622-19.0;";0;ETCS fallend;;;False;ETCS fallend;False;00:46:23;00:46:23;-;-;False;-;-;2783;2783
19925;ETCS fallend;0/00:46:24;0/00:46:24;00:46;00:46;00:46;00:46;-;80,00;77,67;80,00;-;80,00;-;K;-;ETCS-Stützstelle;;S2;Strecke 2;0/00:15:34;-;140,00;1,0000;1,030;-;-;54,0;118,0;ETCS L1;False;False;0;-; 0,0; 0,0; 0,0;S2: VDV 2 - Strecke 2 - VDV 1;0,000000;42110,0;  0,0;4831,9;  0,0;1,030;1,00;1,00;"80 0622-19.0;";0;ETCS fallend;;;False;ETCS fallend;False;00:46:24;00:46:24;-;-;False;-;-;2784;2784
19950;ETCS fallend;0/00:46:25;0/00:46:25;00:46;00:46;00:46;00:46;-;80,00;77,67;80,00;-;80,00;-;K;-;ETCS-Stützstelle;;S2;Strecke 2;0/00:15:35;-;140,00;1,0000;1,030;-;-;54,0;118,0;ETCS L1;False;False;0;-; 0,0; 0,0; 0,0;S2: VDV 2 - Strecke 2 - VDV 1;0,000000;42110,0;  0,0;4831,9;  0,0;1,030;1,00;1,00;"80 0622-19.0;";0;ETCS fallend;;;False;ETCS fallend;False;00:46:25;00:46:25;-;-;False;-;-;2785;2785
19975;ETCS fallend;0/00:46:27;0/00:46:27;00:46;00:46;00:46;00:46;-;80,00;77,67;80,00;-;80,00;-;K;-;ETCS-Stützstelle;;S2;Strecke 2;0/00:15:36;-;140,00;1,0000;1,030;-;-;54,0;118,0;ETCS L1;False;False;0;-; 0,0; 0,0; 0,0;S2: VDV 2 - Strecke 2 - VDV 1;0,000000;42110,0;  0,0;4831,9;  0,0;1,030;1,00;1,00;"80 0622-19.0;";0;ETCS fallend;;;False;ETCS fallend;False;00:46:27;00:46:27;-;-;False;-;-;2787;2787
20000;ETCS fallend;0/00:46:28;0/00:46:28;00:46;00:46;00:46;00:46;-;80,00;77,67;80,00;-;80,00;-;K;-;ETCS-Stützstelle;;S2;Strecke 2;0/00:15:37;-;140,00;1,0000;1,030;-;-;54,0;118,0;ETCS L1;False;False;0;-; 0,0; 0,0; 0,0;S2: VDV 2 - Strecke 2 - VDV 1;0,000000;42110,0;  0,0;4831,9;  0,0;1,030;1,00;1,00;"80 0622-19.0;";0;ETCS fallend;;;False;ETCS fallend;False;00:46:28;00:46:28;-;-;False;-;-;2788;2788
20025;ETCS fallend;0/00:46:29;0/00:46:29;00:46;00:46;00:46;00:46;-;80,00;77,67;80,00;-;80,00;-;K;-;ETCS-Stützstelle;;S2;Strecke 2;0/00:15:38;-;140,00;1,0000;1,030;-;-;54,0;118,0;ETCS L1;False;False;0;-; 0,0; 0,0; 0,0;S2: VDV 2 - Strecke 2 - VDV 1;0,000000;42110,0;  0,0;4831,9;  0,0;1,030;1,00;1,00;"80 0622-19.0;";0;ETCS fallend;;;False;ETCS fallend;False;00:46:29;00:46:29;-;-;False;-;-;2789;2789
20050;ETCS fallend;0/00:46:30;0/00:46:30;00:47;00:47;00:47;00:47;-;80,00;77,67;80,00;-;80,00;-;K;-;ETCS-Stützstelle;;S2;Strecke 2;0/00:15:39;-;140,00;1,0000;1,030;-;-;54,0;118,0;ETCS L1;False;False;0;-; 0,0; 0,0; 0,0;S2: VDV 2 - Strecke 2 - VDV 1;0,000000;42110,0;  0,0;4831,9;  0,0;1,030;1,00;1,00;"80 0622-19.0;";0;ETCS fallend;;;False;ETCS fallend;False;00:46:30;00:46:30;-;-;False;-;-;2790;2790
20075;ETCS fallend;0/00:46:31;0/00:46:31;00:47;00:47;00:47;00:47;-;80,00;77,67;80,00;-;80,00;-;K;-;ETCS-Stützstelle;;S2;Strecke 2;0/00:15:40;-;140,00;1,0000;1,030;-;-;54,0;118,0;ETCS L1;False;False;0;-; 0,0; 0,0; 0,0;S2: VDV 2 - Strecke 2 - VDV 1;0,000000;42110,0;  0,0;4831,9;  0,0;1,030;1,00;1,00;"80 0622-19.0;";0;ETCS fallend;;;False;ETCS fallend;False;00:46:31;00:46:31;-;-;False;-;-;2791;2791
20100;ETCS fallend;0/00:46:32;0/00:46:32;00:47;00:47;00:47;00:47;-;80,00;77,67;80,00;-;80,00;-;K;-;ETCS-Stützstelle;;S2;Strecke 2;0/00:15:42;-;140,00;1,0000;1,030;-;-;54,0;118,0;ETCS L1;False;False;0;-; 0,0; 0,0; 0,0;S2: VDV 2 - Strecke 2 - VDV 1;0,000000;42110,0;  0,0;4831,9;  0,0;1,030;1,00;1,00;"80 0622-19.0;";0;ETCS fallend;;;False;ETCS fallend;False;00:46:32;00:46:32;-;-;False;-;-;2792;2792
20125;ETCS fallend;0/00:46:34;0/00:46:34;00:47;00:47;00:47;00:47;-;80,00;77,67;80,00;-;80,00;-;K;-;ETCS-Stützstelle;;S2;Strecke 2;0/00:15:43;-;140,00;1,0000;1,030;-;-;54,0;118,0;ETCS L1;False;False;0;-; 0,0; 0,0; 0,0;S2: VDV 2 - Strecke 2 - VDV 1;0,000000;42110,0;  0,0;4831,9;  0,0;1,030;1,00;1,00;"80 0622-19.0;";0;ETCS fallend;;;False;ETCS fallend;False;00:46:34;00:46:34;-;-;False;-;-;2794;2794
20150;ETCS fallend;0/00:46:35;0/00:46:35;00:47;00:47;00:47;00:47;-;80,00;77,67;80,00;-;80,00;-;K;-;ETCS-Stützstelle;;S2;Strecke 2;0/00:15:44;-;140,00;1,0000;1,030;-;-;54,0;118,0;ETCS L1;False;False;0;-; 0,0; 0,0; 0,0;S2: VDV 2 - Strecke 2 - VDV 1;0,000000;42110,0;  0,0;4831,9;  0,0;1,030;1,00;1,00;"80 0622-19.0;";0;ETCS fallend;;;False;ETCS fallend;False;00:46:35;00:46:35;-;-;False;-;-;2795;2795
20175;ETCS fallend;0/00:46:36;0/00:46:36;00:47;00:47;00:47;00:47;-;80,00;77,67;80,00;-;80,00;-;K;-;ETCS-Stützstelle;;S2;Strecke 2;0/00:15:45;-;140,00;1,0000;1,030;-;-;54,0;118,0;ETCS L1;False;False;0;-; 0,0; 0,0; 0,0;S2: VDV 2 - Strecke 2 - VDV 1;0,000000;42110,0;  0,0;4831,9;  0,0;1,030;1,00;1,00;"80 0622-19.0;";0;ETCS fallend;;;False;ETCS fallend;False;00:46:36;00:46:36;-;-;False;-;-;2796;2796
20200;ETCS fallend;0/00:46:37;0/00:46:37;00:47;00:47;00:47;00:47;-;80,00;77,67;80,00;-;80,00;-;K;-;ETCS-Stützstelle;;S2;Strecke 2;0/00:15:46;-;140,00;1,0000;1,030;-;-;54,0;118,0;ETCS L1;False;False;0;-; 0,0; 0,0; 0,0;S2: VDV 2 - Strecke 2 - VDV 1;0,000000;42110,0;  0,0;4831,9;  0,0;1,030;1,00;1,00;"80 0622-19.0;";0;ETCS fallend;;;False;ETCS fallend;False;00:46:37;00:46:37;-;-;False;-;-;2797;2797
20225;ETCS fallend;0/00:46:38;0/00:46:38;00:47;00:47;00:47;00:47;-;80,00;77,67;80,00;-;80,00;-;K;-;ETCS-Stützstelle;;S2;Strecke 2;0/00:15:47;-;140,00;1,0000;1,030;-;-;54,0;118,0;ETCS L1;False;False;0;-; 0,0; 0,0; 0,0;S2: VDV 2 - Strecke 2 - VDV 1;0,000000;42110,0;  0,0;4831,9;  0,0;1,030;1,00;1,00;"80 0622-19.0;";0;ETCS fallend;;;False;ETCS fallend;False;00:46:38;00:46:38;-;-;False;-;-;2798;2798
20250;ETCS fallend;0/00:46:39;0/00:46:39;00:47;00:47;00:47;00:47;-;80,00;77,67;80,00;-;80,00;-;K;-;ETCS-Stützstelle;;S2;Strecke 2;0/00:15:48;-;140,00;1,0000;1,030;-;-;54,0;118,0;ETCS L1;False;False;0;-; 0,0; 0,0; 0,0;S2: VDV 2 - Strecke 2 - VDV 1;0,000000;42110,0;  0,0;4831,9;  0,0;1,030;1,00;1,00;"80 0622-19.0;";0;ETCS fallend;;;False;ETCS fallend;False;00:46:39;00:46:39;-;-;False;-;-;2799;2799
20275;ETCS fallend;0/00:46:40;0/00:46:40;00:47;00:47;00:47;00:47;-;80,00;77,67;80,00;-;80,00;-;K;-;ETCS-Stützstelle;;S2;Strecke 2;0/00:15:49;-;140,00;1,0000;1,030;-;-;54,0;118,0;ETCS L1;False;False;0;-; 0,0; 0,0; 0,0;S2: VDV 2 - Strecke 2 - VDV 1;0,000000;42110,0;  0,0;4831,9;  0,0;1,030;1,00;1,00;"80 0622-19.0;";0;ETCS fallend;;;False;ETCS fallend;False;00:46:40;00:46:40;-;-;False;-;-;2800;2800
20300;ETCS fallend;0/00:46:42;0/00:46:42;00:47;00:47;00:47;00:47;-;80,00;77,67;80,00;-;80,00;-;K;-;ETCS-Stützstelle;;S2;Strecke 2;0/00:15:51;-;140,00;1,0000;1,030;-;-;54,0;118,0;ETCS L1;False;False;0;-; 0,0; 0,0; 0,0;S2: VDV 2 - Strecke 2 - VDV 1;0,000000;42110,0;  0,0;4831,9;  0,0;1,030;1,00;1,00;"80 0622-19.0;";0;ETCS fallend;;;False;ETCS fallend;False;00:46:42;00:46:42;-;-;False;-;-;2802;2802
20325;ETCS fallend;0/00:46:43;0/00:46:43;00:47;00:47;00:47;00:47;-;80,00;77,67;80,00;-;80,00;-;K;-;ETCS-Stützstelle;;S2;Strecke 2;0/00:15:52;-;140,00;1,0000;1,030;-;-;54,0;118,0;ETCS L1;False;False;0;-; 0,0; 0,0; 0,0;S2: VDV 2 - Strecke 2 - VDV 1;0,000000;42110,0;  0,0;4831,9;  0,0;1,030;1,00;1,00;"80 0622-19.0;";0;ETCS fallend;;;False;ETCS fallend;False;00:46:43;00:46:43;-;-;False;-;-;2803;2803
20350;ETCS fallend;0/00:46:44;0/00:46:44;00:47;00:47;00:47;00:47;-;80,00;77,67;80,00;-;80,00;-;K;-;ETCS-Stützstelle;;S2;Strecke 2;0/00:15:53;-;140,00;1,0000;1,030;-;-;54,0;118,0;ETCS L1;False;False;0;-; 0,0; 0,0; 0,0;S2: VDV 2 - Strecke 2 - VDV 1;0,000000;42110,0;  0,0;4831,9;  0,0;1,030;1,00;1,00;"80 0622-19.0;";0;ETCS fallend;;;False;ETCS fallend;False;00:46:44;00:46:44;-;-;False;-;-;2804;2804
20375;ETCS fallend;0/00:46:45;0/00:46:45;00:47;00:47;00:47;00:47;-;80,00;77,67;80,00;-;80,00;-;K;-;ETCS-Stützstelle;;S2;Strecke 2;0/00:15:54;-;140,00;1,0000;1,030;-;-;54,0;118,0;ETCS L1;False;False;0;-; 0,0; 0,0; 0,0;S2: VDV 2 - Strecke 2 - VDV 1;0,000000;42110,0;  0,0;4831,9;  0,0;1,030;1,00;1,00;"80 0622-19.0;";0;ETCS fallend;;;False;ETCS fallend;False;00:46:45;00:46:45;-;-;False;-;-;2805;2805
20400;ETCS fallend;0/00:46:46;0/00:46:46;00:47;00:47;00:47;00:47;-;80,00;77,67;80,00;-;80,00;-;K;-;ETCS-Stützstelle;;S2;Strecke 2;0/00:15:55;-;140,00;1,0000;1,030;-;-;54,0;118,0;ETCS L1;False;False;0;-; 0,0; 0,0; 0,0;S2: VDV 2 - Strecke 2 - VDV 1;0,000000;42110,0;  0,0;4831,9;  0,0;1,030;1,00;1,00;"80 0622-19.0;";0;ETCS fallend;;;False;ETCS fallend;False;00:46:46;00:46:46;-;-;False;-;-;2806;2806
20425;ETCS fallend;0/00:46:47;0/00:46:47;00:47;00:47;00:47;00:47;-;80,00;77,67;80,00;-;80,00;-;K;-;ETCS-Stützstelle;;S2;Strecke 2;0/00:15:56;-;140,00;1,0000;1,030;-;-;54,0;118,0;ETCS L1;False;False;0;-; 0,0; 0,0; 0,0;S2: VDV 2 - Strecke 2 - VDV 1;0,000000;42110,0;  0,0;4831,9;  0,0;1,030;1,00;1,00;"80 0622-19.0;";0;ETCS fallend;;;False;ETCS fallend;False;00:46:47;00:46:47;-;-;False;-;-;2807;2807
20450;ETCS fallend;0/00:46:49;0/00:46:49;00:47;00:47;00:47;00:47;-;80,00;77,67;80,00;-;80,00;-;K;-;ETCS-Stützstelle;;S2;Strecke 2;0/00:15:57;-;140,00;1,0000;1,030;-;-;54,0;118,0;ETCS L1;False;False;0;-; 0,0; 0,0; 0,0;S2: VDV 2 - Strecke 2 - VDV 1;0,000000;42110,0;  0,0;4831,9;  0,0;1,030;1,00;1,00;"80 0622-19.0;";0;ETCS fallend;;;False;ETCS fallend;False;00:46:49;00:46:49;-;-;False;-;-;2809;2809
20475;ETCS fallend;0/00:46:50;0/00:46:50;00:47;00:47;00:47;00:47;-;80,00;77,67;80,00;-;80,00;-;K;-;ETCS-Stützstelle;;S2;Strecke 2;0/00:15:58;-;140,00;1,0000;1,030;-;-;54,0;118,0;ETCS L1;False;False;0;-; 0,0; 0,0; 0,0;S2: VDV 2 - Strecke 2 - VDV 1;0,000000;42110,0;  0,0;4831,9;  0,0;1,030;1,00;1,00;"80 0622-19.0;";0;ETCS fallend;;;False;ETCS fallend;False;00:46:50;00:46:50;-;-;False;-;-;2810;2810
20500;ETCS fallend;0/00:46:51;0/00:46:51;00:47;00:47;00:47;00:47;-;80,00;77,67;80,00;-;80,00;-;K;-;S2 9.500 3521-0 Betriebsstellengrenze, =>VDV1 3521-0, Gleis 0;;S2;Strecke 2;0/00:16:00;-;140,00;1,0000;1,030;-;-;54,0;118,0;ETCS L1;False;False;0;-; 0,0; 0,0; 0,0;S2: VDV 2 - Strecke 2 - VDV 1;0,000000;42110,0;  0,0;4831,9;  0,0;1,030;1,00;1,00;"80 0622-19.0;";0;ETCS fallend;3521;0;True;ETCS fallend;False;00:46:51;00:46:51;-;-;False;-;Betriebsstellengrenze 3521-0 - Betriebsstellengrenze 3521-0 (3521);2811;2811
20500;ETCS fallend;0/00:46:51;0/00:46:51;00:47;00:47;00:47;00:47;-;80,00;77,67;80,00;-;80,00;-;K;-;VDV1 9.500 3521-0 Betriebsstellengrenze, =>S2 3521-0, Gleis 0;;VDV1;VDV 1;0/00:16:00;-;140,00;1,0000;1,030;-;-;54,0;118,0;ETCS L1;False;False;0;-; 0,0; 0,0; 0,0;VDV1: Strecke 2 - Gleis 2 - Strecke 1;0,000000;42110,0;  0,0;4831,9;  0,0;1,030;1,00;1,00;"80 0622-19.0;";0;ETCS fallend;3521;0;True;ETCS fallend;False;00:46:51;00:46:51;-;-;False;-;Weiche 01W2 A - Betriebsstellengrenze 3521-0 (3521);2811;2811
20525;ETCS fallend;0/00:46:52;0/00:46:52;00:47;00:47;00:47;00:47;-;80,00;77,67;80,00;-;80,00;-;K;-;ETCS-Stützstelle;;VDV1;VDV 1;0/00:16:01;-;140,00;1,0000;1,030;-;-;54,0;118,0;ETCS L1;False;False;0;-; 0,0; 0,0; 0,0;VDV1: Strecke 2 - Gleis 2 - Strecke 1;0,000000;42110,0;  0,0;4831,9;  0,0;1,030;1,00;1,00;"80 0622-19.0;";0;ETCS fallend;;;False;ETCS fallend;False;00:46:52;00:46:52;-;-;False;-;-;2812;2812
20550;ETCS fallend;0/00:46:53;0/00:46:53;00:47;00:47;00:47;00:47;-;80,00;77,67;80,00;-;80,00;-;K;-;ETCS-Stützstelle;;VDV1;VDV 1;0/00:16:02;-;140,00;1,0000;1,030;-;-;54,0;118,0;ETCS L1;False;False;0;-; 0,0; 0,0; 0,0;VDV1: Strecke 2 - Gleis 2 - Strecke 1;0,000000;42110,0;  0,0;4831,9;  0,0;1,030;1,00;1,00;"80 0622-19.0;";0;ETCS fallend;;;False;ETCS fallend;False;00:46:53;00:46:53;-;-;False;-;-;2813;2813
20575;ETCS fallend;0/00:46:54;0/00:46:54;00:47;00:47;00:47;00:47;-;80,00;77,67;80,00;-;80,00;-;K;-;ETCS-Stützstelle;;VDV1;VDV 1;0/00:16:03;-;140,00;1,0000;1,030;-;-;54,0;118,0;ETCS L1;False;False;0;-; 0,0; 0,0; 0,0;VDV1: Strecke 2 - Gleis 2 - Strecke 1;0,000000;42110,0;  0,0;4831,9;  0,0;1,030;1,00;1,00;"80 0622-19.0;";0;ETCS fallend;;;False;ETCS fallend;False;00:46:54;00:46:54;-;-;False;-;-;2814;2814
20600;ETCS fallend;0/00:46:56;0/00:46:56;00:47;00:47;00:47;00:47;-;80,00;77,67;80,00;-;80,00;-;K;-;ETCS-Stützstelle;;VDV1;VDV 1;0/00:16:04;-;140,00;1,0000;1,030;-;-;54,0;118,0;ETCS L1;False;False;0;-; 0,0; 0,0; 0,0;VDV1: Strecke 2 - Gleis 2 - Strecke 1;0,000000;42110,0;  0,0;4831,9;  0,0;1,030;1,00;1,00;"80 0622-19.0;";0;ETCS fallend;;;False;ETCS fallend;False;00:46:56;00:46:56;-;-;False;-;-;2816;2816
20625;ETCS fallend;0/00:46:57;0/00:46:57;00:47;00:47;00:47;00:47;-;80,00;77,67;80,00;-;80,00;-;K;-;ETCS-Stützstelle;;VDV1;VDV 1;0/00:16:05;-;140,00;1,0000;1,030;-;-;54,0;118,0;ETCS L1;False;False;0;-; 0,0; 0,0; 0,0;VDV1: Strecke 2 - Gleis 2 - Strecke 1;0,000000;42110,0;  0,0;4831,9;  0,0;1,030;1,00;1,00;"80 0622-19.0;";0;ETCS fallend;;;False;ETCS fallend;False;00:46:57;00:46:57;-;-;False;-;-;2817;2817
20650;ETCS fallend;0/00:46:58;0/00:46:58;00:47;00:47;00:47;00:47;-;80,00;77,67;80,00;-;80,00;-;K;-;ETCS-Stützstelle;;VDV1;VDV 1;0/00:16:06;-;140,00;1,0000;1,030;-;-;54,0;118,0;ETCS L1;False;False;0;-; 0,0; 0,0; 0,0;VDV1: Strecke 2 - Gleis 2 - Strecke 1;0,000000;42110,0;  0,0;4831,9;  0,0;1,030;1,00;1,00;"80 0622-19.0;";0;ETCS fallend;;;False;ETCS fallend;False;00:46:58;00:46:58;-;-;False;-;-;2818;2818
20675;ETCS fallend;0/00:46:59;0/00:46:59;00:47;00:47;00:47;00:47;-;80,00;77,67;80,00;-;80,00;-;K;-;ETCS-Stützstelle;;VDV1;VDV 1;0/00:16:07;-;140,00;1,0000;1,030;-;-;54,0;118,0;ETCS L1;False;False;0;-; 0,0; 0,0; 0,0;VDV1: Strecke 2 - Gleis 2 - Strecke 1;0,000000;42110,0;  0,0;4831,9;  0,0;1,030;1,00;1,00;"80 0622-19.0;";0;ETCS fallend;;;False;ETCS fallend;False;00:46:59;00:46:59;-;-;False;-;-;2819;2819
20700;ETCS fallend;0/00:47:00;0/00:47:00;00:47;00:47;00:47;00:47;-;80,00;77,67;80,00;-;80,00;-;K;-;ETCS-Stützstelle;;VDV1;VDV 1;0/00:16:09;-;140,00;1,0000;1,030;-;-;54,0;118,0;ETCS L1;False;False;0;-; 0,0; 0,0; 0,0;VDV1: Strecke 2 - Gleis 2 - Strecke 1;0,000000;42110,0;  0,0;4831,9;  0,0;1,030;1,00;1,00;"80 0622-19.0;";0;ETCS fallend;;;False;ETCS fallend;False;00:47:00;00:47:00;-;-;False;-;-;2820;2820
20725;ETCS fallend;0/00:47:01;0/00:47:01;00:47;00:47;00:47;00:47;-;80,00;77,67;80,00;-;80,00;-;K;-;ETCS-Stützstelle;;VDV1;VDV 1;0/00:16:10;-;140,00;1,0000;1,030;-;-;54,0;118,0;ETCS L1;False;False;0;-; 0,0; 0,0; 0,0;VDV1: Strecke 2 - Gleis 2 - Strecke 1;0,000000;42110,0;  0,0;4831,9;  0,0;1,030;1,00;1,00;"80 0622-19.0;";0;ETCS fallend;;;False;ETCS fallend;False;00:47:01;00:47:01;-;-;False;-;-;2821;2821
20750;ETCS fallend;0/00:47:02;0/00:47:02;00:47;00:47;00:47;00:47;-;80,00;77,67;80,00;-;80,00;-;K;-;ETCS-Stützstelle;;VDV1;VDV 1;0/00:16:11;-;140,00;1,0000;1,030;-;-;54,0;118,0;ETCS L1;False;False;0;-; 0,0; 0,0; 0,0;VDV1: Strecke 2 - Gleis 2 - Strecke 1;0,000000;42110,0;  0,0;4831,9;  0,0;1,030;1,00;1,00;"80 0622-19.0;";0;ETCS fallend;;;False;ETCS fallend;False;00:47:02;00:47:02;-;-;False;-;-;2822;2822
20775;ETCS fallend;0/00:47:04;0/00:47:04;00:47;00:47;00:47;00:47;-;80,00;77,67;80,00;-;80,00;-;K;-;ETCS-Stützstelle;;VDV1;VDV 1;0/00:16:12;-;140,00;1,0000;1,030;-;-;54,0;118,0;ETCS L1;False;False;0;-; 0,0; 0,0; 0,0;VDV1: Strecke 2 - Gleis 2 - Strecke 1;0,000000;42110,0;  0,0;4831,9;  0,0;1,030;1,00;1,00;"80 0622-19.0;";0;ETCS fallend;;;False;ETCS fallend;False;00:47:04;00:47:04;-;-;False;-;-;2824;2824
20800;ETCS fallend;0/00:47:05;0/00:47:05;00:47;00:47;00:47;00:47;-;80,00;77,67;80,00;-;80,00;-;K;-;ETCS-Stützstelle;;VDV1;VDV 1;0/00:16:13;-;140,00;1,0000;1,030;-;-;54,0;118,0;ETCS L1;False;False;0;-; 0,0; 0,0; 0,0;VDV1: Strecke 2 - Gleis 2 - Strecke 1;0,000000;42110,0;  0,0;4831,9;  0,0;1,030;1,00;1,00;"80 0622-19.0;";0;ETCS fallend;;;False;ETCS fallend;False;00:47:05;00:47:05;-;-;False;-;-;2825;2825
20825;ETCS fallend;0/00:47:06;0/00:47:06;00:47;00:47;00:47;00:47;-;80,00;77,67;80,00;-;80,00;-;K;-;ETCS-Stützstelle;;VDV1;VDV 1;0/00:16:14;-;140,00;1,0000;1,030;-;-;54,0;118,0;ETCS L1;False;False;0;-; 0,0; 0,0; 0,0;VDV1: Strecke 2 - Gleis 2 - Strecke 1;0,000000;42110,0;  0,0;4831,9;  0,0;1,030;1,00;1,00;"80 0622-19.0;";0;ETCS fallend;;;False;ETCS fallend;False;00:47:06;00:47:06;-;-;False;-;-;2826;2826
20850;ETCS fallend;0/00:47:07;0/00:47:07;00:47;00:47;00:47;00:47;-;80,00;77,67;80,00;-;80,00;-;K;-;ETCS-Stützstelle;;VDV1;VDV 1;0/00:16:15;-;140,00;1,0000;1,030;-;-;54,0;118,0;ETCS L1;False;False;0;-; 0,0; 0,0; 0,0;VDV1: Strecke 2 - Gleis 2 - Strecke 1;0,000000;42110,0;  0,0;4831,9;  0,0;1,030;1,00;1,00;"80 0622-19.0;";0;ETCS fallend;;;False;ETCS fallend;False;00:47:07;00:47:07;-;-;False;-;-;2827;2827
20875;ETCS fallend;0/00:47:08;0/00:47:08;00:47;00:47;00:47;00:47;-;80,00;77,67;80,00;-;80,00;-;K;-;ETCS-Stützstelle;;VDV1;VDV 1;0/00:16:16;-;140,00;1,0000;1,030;-;-;54,0;118,0;ETCS L1;False;False;0;-; 0,0; 0,0; 0,0;VDV1: Strecke 2 - Gleis 2 - Strecke 1;0,000000;42110,0;  0,0;4831,9;  0,0;1,030;1,00;1,00;"80 0622-19.0;";0;ETCS fallend;;;False;ETCS fallend;False;00:47:08;00:47:08;-;-;False;-;-;2828;2828
20900;ETCS fallend;0/00:47:09;0/00:47:09;00:47;00:47;00:47;00:47;-;80,00;77,67;80,00;-;80,00;-;K;-;ETCS-Stützstelle;;VDV1;VDV 1;0/00:16:18;-;140,00;1,0000;1,030;-;-;54,0;118,0;ETCS L1;False;False;0;-; 0,0; 0,0; 0,0;VDV1: Strecke 2 - Gleis 2 - Strecke 1;0,000000;42110,0;  0,0;4831,9;  0,0;1,030;1,00;1,00;"80 0622-19.0;";0;ETCS fallend;;;False;ETCS fallend;False;00:47:09;00:47:09;-;-;False;-;-;2829;2829
20925;ETCS fallend;0/00:47:11;0/00:47:11;00:47;00:47;00:47;00:47;-;80,00;77,67;80,00;-;80,00;-;K;-;ETCS-Stützstelle;;VDV1;VDV 1;0/00:16:19;-;140,00;1,0000;1,030;-;-;54,0;118,0;ETCS L1;False;False;0;-; 0,0; 0,0; 0,0;VDV1: Strecke 2 - Gleis 2 - Strecke 1;0,000000;42110,0;  0,0;4831,9;  0,0;1,030;1,00;1,00;"80 0622-19.0;";0;ETCS fallend;;;False;ETCS fallend;False;00:47:11;00:47:11;-;-;False;-;-;2831;2831
20950;ETCS fallend;0/00:47:12;0/00:47:12;00:47;00:47;00:47;00:47;-;80,00;77,67;80,00;-;80,00;-;K;-;ETCS-Stützstelle;;VDV1;VDV 1;0/00:16:20;-;140,00;1,0000;1,030;-;-;54,0;118,0;ETCS L1;False;False;0;-; 0,0; 0,0; 0,0;VDV1: Strecke 2 - Gleis 2 - Strecke 1;0,000000;42110,0;  0,0;4831,9;  0,0;1,030;1,00;1,00;"80 0622-19.0;";0;ETCS fallend;;;False;ETCS fallend;False;00:47:12;00:47:12;-;-;False;-;-;2832;2832
20975;ETCS fallend;0/00:47:13;0/00:47:13;00:47;00:47;00:47;00:47;-;80,00;77,67;80,00;-;80,00;-;K;-;ETCS-Stützstelle;;VDV1;VDV 1;0/00:16:21;-;140,00;1,0000;1,030;-;-;54,0;118,0;ETCS L1;False;False;0;-; 0,0; 0,0; 0,0;VDV1: Strecke 2 - Gleis 2 - Strecke 1;0,000000;42110,0;  0,0;4831,9;  0,0;1,030;1,00;1,00;"80 0622-19.0;";0;ETCS fallend;;;False;ETCS fallend;False;00:47:13;00:47:13;-;-;False;-;-;2833;2833
21000;ETCS fallend;0/00:47:14;0/00:47:14;00:47;00:47;00:47;00:47;-;80,00;77,67;80,00;-;80,00;-;K;-;ETCS-Stützstelle;;VDV1;VDV 1;0/00:16:22;-;140,00;1,0000;1,030;-;-;54,0;118,0;ETCS L1;False;False;0;-; 0,0; 0,0; 0,0;VDV1: Strecke 2 - Gleis 2 - Strecke 1;0,000000;42110,0;  0,0;4831,9;  0,0;1,030;1,00;1,00;"80 0622-19.0;";0;ETCS fallend;;;False;ETCS fallend;False;00:47:14;00:47:14;-;-;False;-;-;2834;2834
21025;ETCS fallend;0/00:47:15;0/00:47:15;00:47;00:47;00:47;00:47;-;80,00;77,67;80,00;-;80,00;-;K;-;ETCS-Stützstelle;;VDV1;VDV 1;0/00:16:23;-;140,00;1,0000;1,030;-;-;54,0;118,0;ETCS L1;False;False;0;-; 0,0; 0,0; 0,0;VDV1: Strecke 2 - Gleis 2 - Strecke 1;0,000000;42110,0;  0,0;4831,9;  0,0;1,030;1,00;1,00;"80 0622-19.0;";0;ETCS fallend;;;False;ETCS fallend;False;00:47:15;00:47:15;-;-;False;-;-;2835;2835
21050;ETCS fallend;0/00:47:16;0/00:47:16;00:47;00:47;00:47;00:47;-;80,00;77,67;80,00;-;80,00;-;K;-;ETCS-Stützstelle;;VDV1;VDV 1;0/00:16:24;-;140,00;1,0000;1,030;-;-;54,0;118,0;ETCS L1;False;False;0;-; 0,0; 0,0; 0,0;VDV1: Strecke 2 - Gleis 2 - Strecke 1;0,000000;42110,0;  0,0;4831,9;  0,0;1,030;1,00;1,00;"80 0622-19.0;";0;ETCS fallend;;;False;ETCS fallend;False;00:47:16;00:47:16;-;-;False;-;-;2836;2836
21075;ETCS fallend;0/00:47:18;0/00:47:18;00:47;00:47;00:47;00:47;-;80,00;77,67;80,00;-;80,00;-;K;-;ETCS-Stützstelle;;VDV1;VDV 1;0/00:16:25;-;140,00;1,0000;1,030;-;-;54,0;118,0;ETCS L1;False;False;0;-; 0,0; 0,0; 0,0;VDV1: Strecke 2 - Gleis 2 - Strecke 1;0,000000;42110,0;  0,0;4831,9;  0,0;1,030;1,00;1,00;"80 0622-19.0;";0;ETCS fallend;;;False;ETCS fallend;False;00:47:18;00:47:18;-;-;False;-;-;2838;2838
21100;ETCS fallend;0/00:47:19;0/00:47:19;00:47;00:47;00:47;00:47;-;80,00;77,67;80,00;-;80,00;-;K;-;ETCS-Stützstelle;;VDV1;VDV 1;0/00:16:27;-;140,00;1,0000;1,030;-;-;54,0;118,0;ETCS L1;False;False;0;-; 0,0; 0,0; 0,0;VDV1: Strecke 2 - Gleis 2 - Strecke 1;0,000000;42110,0;  0,0;4831,9;  0,0;1,030;1,00;1,00;"80 0622-19.0;";0;ETCS fallend;;;False;ETCS fallend;False;00:47:19;00:47:19;-;-;False;-;-;2839;2839
21125;ETCS fallend;0/00:47:20;0/00:47:20;00:47;00:47;00:47;00:47;-;80,00;77,67;80,00;-;80,00;-;K;-;ETCS-Stützstelle;;VDV1;VDV 1;0/00:16:28;-;140,00;1,0000;1,030;-;-;54,0;118,0;ETCS L1;False;False;0;-; 0,0; 0,0; 0,0;VDV1: Strecke 2 - Gleis 2 - Strecke 1;0,000000;42110,0;  0,0;4831,9;  0,0;1,030;1,00;1,00;"80 0622-19.0;";0;ETCS fallend;;;False;ETCS fallend;False;00:47:20;00:47:20;-;-;False;-;-;2840;2840
21150;ETCS fallend;0/00:47:21;0/00:47:21;00:47;00:47;00:47;00:47;-;80,00;77,67;80,00;-;80,00;-;K;-;ETCS-Stützstelle;;VDV1;VDV 1;0/00:16:29;-;140,00;1,0000;1,030;-;-;54,0;118,0;ETCS L1;False;False;0;-; 0,0; 0,0; 0,0;VDV1: Strecke 2 - Gleis 2 - Strecke 1;0,000000;42110,0;  0,0;4831,9;  0,0;1,030;1,00;1,00;"80 0622-19.0;";0;ETCS fallend;;;False;ETCS fallend;False;00:47:21;00:47:21;-;-;False;-;-;2841;2841
21175;ETCS fallend;0/00:47:22;0/00:47:22;00:47;00:47;00:47;00:47;-;80,00;77,67;80,00;-;80,00;-;K;-;ETCS-Stützstelle;;VDV1;VDV 1;0/00:16:30;-;140,00;1,0000;1,030;-;-;54,0;118,0;ETCS L1;False;False;0;-; 0,0; 0,0; 0,0;VDV1: Strecke 2 - Gleis 2 - Strecke 1;0,000000;42110,0;  0,0;4831,9;  0,0;1,030;1,00;1,00;"80 0622-19.0;";0;ETCS fallend;;;False;ETCS fallend;False;00:47:22;00:47:22;-;-;False;-;-;2842;2842
21200;ETCS fallend;0/00:47:23;0/00:47:23;00:47;00:47;00:47;00:47;-;80,00;77,67;80,00;-;80,00;-;K;-;ETCS-Stützstelle;;VDV1;VDV 1;0/00:16:31;-;140,00;1,0000;1,030;-;-;54,0;118,0;ETCS L1;False;False;0;-; 0,0; 0,0; 0,0;VDV1: Strecke 2 - Gleis 2 - Strecke 1;0,000000;42110,0;  0,0;4831,9;  0,0;1,030;1,00;1,00;"80 0622-19.0;";0;ETCS fallend;;;False;ETCS fallend;False;00:47:23;00:47:23;-;-;False;-;-;2843;2843
21225;ETCS fallend;0/00:47:25;0/00:47:25;00:47;00:47;00:47;00:47;-;80,00;77,67;80,00;-;80,00;-;K;-;ETCS-Stützstelle;;VDV1;VDV 1;0/00:16:32;-;140,00;1,0000;1,030;-;-;54,0;118,0;ETCS L1;False;False;0;-; 0,0; 0,0; 0,0;VDV1: Strecke 2 - Gleis 2 - Strecke 1;0,000000;42110,0;  0,0;4831,9;  0,0;1,030;1,00;1,00;"80 0622-19.0;";0;ETCS fallend;;;False;ETCS fallend;False;00:47:25;00:47:25;-;-;False;-;-;2845;2845
21250;ETCS fallend;0/00:47:26;0/00:47:26;00:47;00:47;00:47;00:47;-;80,00;77,67;80,00;-;80,00;-;K;-;ETCS-Stützstelle;;VDV1;VDV 1;0/00:16:33;-;140,00;1,0000;1,030;-;-;54,0;118,0;ETCS L1;False;False;0;-; 0,0; 0,0; 0,0;VDV1: Strecke 2 - Gleis 2 - Strecke 1;0,000000;42110,0;  0,0;4831,9;  0,0;1,030;1,00;1,00;"80 0622-19.0;";0;ETCS fallend;;;False;ETCS fallend;False;00:47:26;00:47:26;-;-;False;-;-;2846;2846
21275;ETCS fallend;0/00:47:27;0/00:47:27;00:47;00:47;00:47;00:47;-;80,00;77,67;80,00;-;80,00;-;K;-;ETCS-Stützstelle;;VDV1;VDV 1;0/00:16:34;-;140,00;1,0000;1,030;-;-;54,0;118,0;ETCS L1;False;False;0;-; 0,0; 0,0; 0,0;VDV1: Strecke 2 - Gleis 2 - Strecke 1;0,000000;42110,0;  0,0;4831,9;  0,0;1,030;1,00;1,00;"80 0622-19.0;";0;ETCS fallend;;;False;ETCS fallend;False;00:47:27;00:47:27;-;-;False;-;-;2847;2847
21300;ETCS fallend;0/00:47:28;0/00:47:28;00:47;00:47;00:47;00:47;-;80,00;77,67;80,00;-;80,00;-;K;-;ETCS-Stützstelle;;VDV1;VDV 1;0/00:16:36;-;140,00;1,0000;1,030;-;-;54,0;118,0;ETCS L1;False;False;0;-; 0,0; 0,0; 0,0;VDV1: Strecke 2 - Gleis 2 - Strecke 1;0,000000;42110,0;  0,0;4831,9;  0,0;1,030;1,00;1,00;"80 0622-19.0;";0;ETCS fallend;;;False;ETCS fallend;False;00:47:28;00:47:28;-;-;False;-;-;2848;2848
21325;ETCS fallend;0/00:47:29;0/00:47:29;00:47;00:47;00:47;00:47;-;80,00;77,67;80,00;-;80,00;-;K;-;ETCS-Stützstelle;;VDV1;VDV 1;0/00:16:37;-;140,00;1,0000;1,030;-;-;54,0;118,0;ETCS L1;False;False;0;-; 0,0; 0,0; 0,0;VDV1: Strecke 2 - Gleis 2 - Strecke 1;0,000000;42110,0;  0,0;4831,9;  0,0;1,030;1,00;1,00;"80 0622-19.0;";0;ETCS fallend;;;False;ETCS fallend;False;00:47:29;00:47:29;-;-;False;-;-;2849;2849
21334;ETCS fallend;0/00:47:30;0/00:47:30;00:48;00:48;00:48;00:48;-;80,00;77,67;80,00;-;80,00;-;K;-;VDV1 8.666  Punktbeeinflussung, Fallend, ETCS L1 FS, kennung=1; Ref(22065)=<VDV1|7,935/+0|HS|01F|1> ;VDV1;VDV 1;0/00:16:37;-;140,00;1,0000;1,030;-;-;54,0;118,0;ETCS L1;False;False;0;-; 0,0; 0,0; 0,0;VDV1: Strecke 2 - Gleis 2 - Strecke 1;0,000000;42110,0;  0,0;4831,9;  0,0;1,030;1,00;1,00;"80 0622-19.0;";0;ETCS fallend;3521;;True;ETCS fallend;False;00:47:30;00:47:30;-;-;False;-;Weiche 01W2 A - Betriebsstellengrenze 3521-0 (3521);2850;2850
21359;ETCS fallend;0/00:47:31;0/00:47:31;00:48;00:48;00:48;00:48;-;80,00;77,67;80,00;-;80,00;-;K;-;ETCS-Stützstelle;;VDV1;VDV 1;0/00:16:38;-;140,00;1,0000;1,030;-;-;54,0;118,0;ETCS L1;False;False;0;-; 0,0; 0,0; 0,0;VDV1: Strecke 2 - Gleis 2 - Strecke 1;0,000000;42110,0;  0,0;4831,9;  0,0;1,030;1,00;1,00;"80 0622-19.0;";0;ETCS fallend;;;False;ETCS fallend;False;00:47:31;00:47:31;-;-;False;-;-;2851;2851
21384;ETCS fallend;0/00:47:32;0/00:47:32;00:48;00:48;00:48;00:48;-;80,00;77,67;80,00;-;80,00;-;K;-;ETCS-Stützstelle;;VDV1;VDV 1;0/00:16:39;-;140,00;1,0000;1,030;-;-;54,0;118,0;ETCS L1;False;False;0;-; 0,0; 0,0; 0,0;VDV1: Strecke 2 - Gleis 2 - Strecke 1;0,000000;42110,0;  0,0;4831,9;  0,0;1,030;1,00;1,00;"80 0622-19.0;";0;ETCS fallend;;;False;ETCS fallend;False;00:47:32;00:47:32;-;-;False;-;-;2852;2852
21409;ETCS fallend;0/00:47:33;0/00:47:33;00:48;00:48;00:48;00:48;-;80,00;77,67;80,00;-;80,00;-;K;-;ETCS-Stützstelle;;VDV1;VDV 1;0/00:16:40;-;140,00;1,0000;1,030;-;-;54,0;118,0;ETCS L1;False;False;0;-; 0,0; 0,0; 0,0;VDV1: Strecke 2 - Gleis 2 - Strecke 1;0,000000;42110,0;  0,0;4831,9;  0,0;1,030;1,00;1,00;"80 0622-19.0;";0;ETCS fallend;;;False;ETCS fallend;False;00:47:33;00:47:33;-;-;False;-;-;2853;2853
21434;ETCS fallend;0/00:47:34;0/00:47:34;00:48;00:48;00:48;00:48;-;80,00;77,67;80,00;-;80,00;-;K;-;ETCS-Stützstelle;;VDV1;VDV 1;0/00:16:42;-;140,00;1,0000;1,030;-;-;54,0;118,0;ETCS L1;False;False;0;-; 0,0; 0,0; 0,0;VDV1: Strecke 2 - Gleis 2 - Strecke 1;0,000000;42110,0;  0,0;4831,9;  0,0;1,030;1,00;1,00;"80 0622-19.0;";0;ETCS fallend;;;False;ETCS fallend;False;00:47:34;00:47:34;-;-;False;-;-;2854;2854
21459;ETCS fallend;0/00:47:35;0/00:47:35;00:48;00:48;00:48;00:48;-;80,00;77,67;80,00;-;80,00;-;K;-;ETCS-Stützstelle;;VDV1;VDV 1;0/00:16:43;-;140,00;1,0000;1,030;-;-;54,0;118,0;ETCS L1;False;False;0;-; 0,0; 0,0; 0,0;VDV1: Strecke 2 - Gleis 2 - Strecke 1;0,000000;42110,0;  0,0;4831,9;  0,0;1,030;1,00;1,00;"80 0622-19.0;";0;ETCS fallend;;;False;ETCS fallend;False;00:47:35;00:47:35;-;-;False;-;-;2855;2855
21484;ETCS fallend;0/00:47:37;0/00:47:37;00:48;00:48;00:48;00:48;-;80,00;77,67;80,00;-;80,00;-;K;-;ETCS-Stützstelle;;VDV1;VDV 1;0/00:16:44;-;140,00;1,0000;1,030;-;-;54,0;118,0;ETCS L1;False;False;0;-; 0,0; 0,0; 0,0;VDV1: Strecke 2 - Gleis 2 - Strecke 1;0,000000;42110,0;  0,0;4831,9;  0,0;1,030;1,00;1,00;"80 0622-19.0;";0;ETCS fallend;;;False;ETCS fallend;False;00:47:37;00:47:37;-;-;False;-;-;2857;2857
21484;ETCS fallend;0/00:47:37;0/00:47:37;00:48;00:48;00:48;00:48;-;80,00;77,67;80,00;-;80,00;-;K;-;BEP zu VDV1 7.935 01F Hauptsignal, Fallend, DFa=3s, rs=20km/h, appr.=0km/h; Ref(22065)=<VDV1|7,935/+0|HS|01F|1> ;VDV1;VDV 1;0/00:16:44;-;140,00;1,0000;1,030;-;-;54,0;118,0;ETCS L1;False;False;0;-; 0,0; 0,0; 0,0;VDV1: Strecke 2 - Gleis 2 - Strecke 1;0,000000;42110,0;  0,0;4831,9;  0,0;1,030;1,00;1,00;"80 0622-19.0;";0;ETCS fallend;;;False;ETCS fallend;False;00:47:37;00:47:37;-;-;False;Indication;-;2857;2857
21509;ETCS fallend;0/00:47:38;0/00:47:38;00:48;00:48;00:48;00:48;-;80,00;77,67;80,00;-;80,00;-;K;-;ETCS-Stützstelle;;VDV1;VDV 1;0/00:16:45;-;140,00;1,0000;1,030;-;-;54,0;118,0;ETCS L1;False;False;0;-; 0,0; 0,0; 0,0;VDV1: Strecke 2 - Gleis 2 - Strecke 1;0,000000;42110,0;  0,0;4831,9;  0,0;1,030;1,00;1,00;"80 0622-19.0;";0;ETCS fallend;;;False;ETCS fallend;False;00:47:38;00:47:38;-;-;False;-;-;2858;2858
21534;ETCS fallend;0/00:47:39;0/00:47:39;00:48;00:48;00:48;00:48;-;80,00;77,67;80,00;-;80,00;-;K;-;ETCS-Stützstelle;;VDV1;VDV 1;0/00:16:46;-;140,00;1,0000;1,030;-;-;54,0;118,0;ETCS L1;False;False;0;-; 0,0; 0,0; 0,0;VDV1: Strecke 2 - Gleis 2 - Strecke 1;0,000000;42110,0;  0,0;4831,9;  0,0;1,030;1,00;1,00;"80 0622-19.0;";0;ETCS fallend;;;False;ETCS fallend;False;00:47:39;00:47:39;-;-;False;-;-;2859;2859
21559;ETCS fallend;0/00:47:40;0/00:47:40;00:48;00:48;00:48;00:48;-;80,00;77,67;80,00;-;80,00;-;K;-;ETCS-Stützstelle;;VDV1;VDV 1;0/00:16:47;-;140,00;1,0000;1,030;-;-;54,0;118,0;ETCS L1;False;False;0;-; 0,0; 0,0; 0,0;VDV1: Strecke 2 - Gleis 2 - Strecke 1;0,000000;42110,0;  0,0;4831,9;  0,0;1,030;1,00;1,00;"80 0622-19.0;";0;ETCS fallend;;;False;ETCS fallend;False;00:47:40;00:47:40;-;-;False;-;-;2860;2860
21584;ETCS fallend;0/00:47:41;0/00:47:41;00:48;00:48;00:48;00:48;-;80,00;77,67;80,00;-;80,00;-;K;-;ETCS-Stützstelle;;VDV1;VDV 1;0/00:16:48;-;140,00;1,0000;1,030;-;-;54,0;118,0;ETCS L1;False;False;0;-; 0,0; 0,0; 0,0;VDV1: Strecke 2 - Gleis 2 - Strecke 1;0,000000;42110,0;  0,0;4831,9;  0,0;1,030;1,00;1,00;"80 0622-19.0;";0;ETCS fallend;;;False;ETCS fallend;False;00:47:41;00:47:41;-;-;False;-;-;2861;2861
21609;ETCS fallend;0/00:47:42;0/00:47:42;00:48;00:48;00:48;00:48;-;80,00;77,67;80,00;-;80,00;-;K;-;ETCS-Stützstelle;;VDV1;VDV 1;0/00:16:49;-;140,00;1,0000;1,030;-;-;54,0;118,0;ETCS L1;False;False;0;-; 0,0; 0,0; 0,0;VDV1: Strecke 2 - Gleis 2 - Strecke 1;0,000000;42110,0;  0,0;4831,9;  0,0;1,030;1,00;1,00;"80 0622-19.0;";0;ETCS fallend;;;False;ETCS fallend;False;00:47:42;00:47:42;-;-;False;-;-;2862;2862
21634;ETCS fallend;0/00:47:43;0/00:47:43;00:48;00:48;00:48;00:48;-;80,00;77,67;80,00;-;80,00;-;K;-;ETCS-Stützstelle;;VDV1;VDV 1;0/00:16:51;-;140,00;1,0000;1,030;-;-;54,0;118,0;ETCS L1;False;False;0;-; 0,0; 0,0; 0,0;VDV1: Strecke 2 - Gleis 2 - Strecke 1;0,000000;42110,0;  0,0;4831,9;  0,0;1,030;1,00;1,00;"80 0622-19.0;";0;ETCS fallend;;;False;ETCS fallend;False;00:47:43;00:47:43;-;-;False;-;-;2863;2863
21659;ETCS fallend;0/00:47:45;0/00:47:45;00:48;00:48;00:48;00:48;-;80,00;77,67;80,00;-;80,00;-;K;-;ETCS-Stützstelle;;VDV1;VDV 1;0/00:16:52;-;140,00;1,0000;1,030;-;-;54,0;118,0;ETCS L1;False;False;0;-; 0,0; 0,0; 0,0;VDV1: Strecke 2 - Gleis 2 - Strecke 1;0,000000;42110,0;  0,0;4831,9;  0,0;1,030;1,00;1,00;"80 0622-19.0;";0;ETCS fallend;;;False;ETCS fallend;False;00:47:45;00:47:45;-;-;False;-;-;2865;2865
21684;ETCS fallend;0/00:47:46;0/00:47:46;00:48;00:48;00:48;00:48;-;80,00;77,67;80,00;-;80,00;-;K;-;ETCS-Stützstelle;;VDV1;VDV 1;0/00:16:53;-;140,00;1,0000;1,030;-;-;54,0;118,0;ETCS L1;False;False;0;-; 0,0; 0,0; 0,0;VDV1: Strecke 2 - Gleis 2 - Strecke 1;0,000000;42110,0;  0,0;4831,9;  0,0;1,030;1,00;1,00;"80 0622-19.0;";0;ETCS fallend;;;False;ETCS fallend;False;00:47:46;00:47:46;-;-;False;-;-;2866;2866
21709;ETCS fallend;0/00:47:47;0/00:47:47;00:48;00:48;00:48;00:48;-;80,00;77,67;80,00;-;80,00;-;K;-;ETCS-Stützstelle;;VDV1;VDV 1;0/00:16:54;-;140,00;1,0000;1,030;-;-;54,0;118,0;ETCS L1;False;False;0;-; 0,0; 0,0; 0,0;VDV1: Strecke 2 - Gleis 2 - Strecke 1;0,000000;42110,0;  0,0;4831,9;  0,0;1,030;1,00;1,00;"80 0622-19.0;";0;ETCS fallend;;;False;ETCS fallend;False;00:47:47;00:47:47;-;-;False;-;-;2867;2867
21734;ETCS fallend;0/00:47:48;0/00:47:48;00:48;00:48;00:48;00:48;-;80,00;77,67;80,00;-;80,00;-;K;-;ETCS-Stützstelle;;VDV1;VDV 1;0/00:16:55;-;140,00;1,0000;1,030;-;-;54,0;118,0;ETCS L1;False;False;0;-; 0,0; 0,0; 0,0;VDV1: Strecke 2 - Gleis 2 - Strecke 1;0,000000;42110,0;  0,0;4831,9;  0,0;1,030;1,00;1,00;"80 0622-19.0;";0;ETCS fallend;;;False;ETCS fallend;False;00:47:48;00:47:48;-;-;False;-;-;2868;2868
21759;ETCS fallend;0/00:47:49;0/00:47:49;00:48;00:48;00:48;00:48;-;80,00;77,67;80,00;-;80,00;-;K;-;ETCS-Stützstelle;;VDV1;VDV 1;0/00:16:56;-;140,00;1,0000;1,030;-;-;54,0;118,0;ETCS L1;False;False;0;-; 0,0; 0,0; 0,0;VDV1: Strecke 2 - Gleis 2 - Strecke 1;0,000000;42110,0;  0,0;4831,9;  0,0;1,030;1,00;1,00;"80 0622-19.0;";0;ETCS fallend;;;False;ETCS fallend;False;00:47:49;00:47:49;-;-;False;-;-;2869;2869
21784;ETCS fallend;0/00:47:50;0/00:47:50;00:48;00:48;00:48;00:48;-;80,00;77,67;80,00;-;80,00;-;K;-;ETCS-Stützstelle;;VDV1;VDV 1;0/00:16:57;-;140,00;1,0000;1,030;-;-;54,0;118,0;ETCS L1;False;False;0;-; 0,0; 0,0; 0,0;VDV1: Strecke 2 - Gleis 2 - Strecke 1;0,000000;42110,0;  0,0;4831,9;  0,0;1,030;1,00;1,00;"80 0622-19.0;";0;ETCS fallend;;;False;ETCS fallend;False;00:47:50;00:47:50;-;-;False;-;-;2870;2870
21809;ETCS fallend;0/00:47:52;0/00:47:52;00:48;00:48;00:48;00:48;-;80,00;77,67;80,00;80,10;80,00;-;K;-;VDV1 8.191  Punktbeeinflussung, Fallend, ETCS L1 FS, kennung=1;;VDV1;VDV 1;0/00:16:58;-;140,00;1,0000;1,030;-;-;54,0;118,0;ETCS L1;False;False;0;-; 0,0; 0,0; 0,0;VDV1: Strecke 2 - Gleis 2 - Strecke 1;0,000000;42110,0;  0,0;4831,9;  0,0;1,030;1,00;1,00;"80 0622-19.0;";0;ETCS fallend;3521;;True;ETCS fallend;False;00:47:52;00:47:52;-;-;False;-;Weiche 01W2 A - Betriebsstellengrenze 3521-0 (3521);2872;2872
21834;ETCS fallend;0/00:47:53;0/00:47:53;00:48;00:48;00:48;00:48;-;80,00;77,67;80,00;81,10;80,00;-;K;-;ETCS-Stützstelle;;VDV1;VDV 1;0/00:17:00;-;140,00;1,0000;1,030;-;-;54,0;118,0;ETCS L1;False;False;0;-; 0,0; 0,0; 0,0;VDV1: Strecke 2 - Gleis 2 - Strecke 1;-0,674000;42110,0;  0,0;4831,9;  0,0;1,030;1,00;1,00;"80 0622-19.0;";0;ETCS fallend;;;False;ETCS fallend;False;00:47:53;00:47:53;-;-;False;-;-;2873;2873
21834;ETCS fallend;0/00:47:53;0/00:47:53;00:48;00:48;00:48;00:48;-;80,00;77,67;80,00;81,10;80,00;-;B;-;;;VDV1;VDV 1;0/00:17:00;-;140,00;1,0000;1,030;-;-;54,0;118,0;ETCS L1;False;False;0;-; 0,0; 0,0; 0,0;VDV1: Strecke 2 - Gleis 2 - Strecke 1;-0,674000;42110,0;  0,0;4831,9;  0,0;1,030;1,00;1,00;"80 0622-19.0;";0;ETCS fallend;;;False;ETCS fallend;False;00:47:53;00:47:53;-;-;False;-;-;2873;2873
21859;ETCS fallend;0/00:47:54;0/00:47:54;00:48;00:48;00:48;00:48;-;77,22;74,97;80,00;77,80;80,00;-;B;-;ETCS-Stützstelle;;VDV1;VDV 1;0/00:17:01;-;140,00;1,0000;1,030;-;-;54,0;118,0;ETCS L1;False;False;0;-; 0,0; 0,0; 0,0;VDV1: Strecke 2 - Gleis 2 - Strecke 1;-0,701000;42702,2;  0,0;4658,8;  0,0;1,030;1,00;1,00;"80 0622-19.0;";0;ETCS fallend;;;False;ETCS fallend;False;00:47:54;00:47:54;-;-;False;-;-;2874;2874
21884;ETCS fallend;0/00:47:55;0/00:47:55;00:48;00:48;00:48;00:48;-;74,22;72,06;80,00;74,60;80,00;-;B;-;ETCS-Stützstelle;;VDV1;VDV 1;0/00:17:02;-;140,00;1,0000;1,030;-;-;54,0;118,0;ETCS L1;False;False;0;-; 0,0; 0,0; 0,0;VDV1: Strecke 2 - Gleis 2 - Strecke 1;-0,700000;43037,5;  0,0;4477,7;  0,0;1,030;1,00;1,00;"80 0622-19.0;";0;ETCS fallend;;;False;ETCS fallend;False;00:47:55;00:47:55;-;-;False;-;-;2875;2875
21909;ETCS fallend;0/00:47:56;0/00:47:56;00:48;00:48;00:48;00:48;-;71,10;69,03;80,00;71,30;80,00;-;B;-;ETCS-Stützstelle;;VDV1;VDV 1;0/00:17:03;-;140,00;1,0000;1,030;-;-;54,0;118,0;ETCS L1;False;False;0;-; 0,0; 0,0; 0,0;VDV1: Strecke 2 - Gleis 2 - Strecke 1;-0,699000;43303,5;  0,0;4295,7;  0,0;1,030;1,00;1,00;"80 0622-19.0;";0;ETCS fallend;;;False;ETCS fallend;False;00:47:56;00:47:56;-;-;False;-;-;2876;2876
21934;ETCS fallend;0/00:47:58;0/00:47:58;00:48;00:48;00:48;00:48;-;67,80;65,83;80,00;67,80;80,00;-;B;-;ETCS-Stützstelle;;VDV1;VDV 1;0/00:17:04;-;140,00;1,0000;1,030;-;-;54,0;118,0;ETCS L1;False;False;0;-; 0,0; 0,0; 0,0;VDV1: Strecke 2 - Gleis 2 - Strecke 1;-0,582000;43468,1;  0,0;4110,1;  0,0;1,030;1,00;1,00;"80 0622-19.0;";0;ETCS fallend;;;False;ETCS fallend;False;00:47:58;00:47:58;-;-;False;-;-;2878;2878
21959;ETCS fallend;0/00:47:59;0/00:47:59;00:48;00:48;00:48;00:48;-;65,00;63,11;80,00;65,00;80,00;-;B;-;ETCS-Stützstelle;;VDV1;VDV 1;0/00:17:06;-;140,00;1,0000;1,030;-;-;54,0;118,0;ETCS L1;False;False;0;-; 0,0; 0,0; 0,0;VDV1: Strecke 2 - Gleis 2 - Strecke 1;0,000000;43527,0;  0,0;3958,3;  0,0;1,030;1,00;1,00;"80 0622-19.0;";0;ETCS fallend;;;False;ETCS fallend;False;00:47:59;00:47:59;-;-;False;-;-;2879;2879
21984;ETCS fallend;0/00:48:01;0/00:48:01;00:48;00:48;00:48;00:48;-;65,00;63,11;80,00;65,00;80,00;-;B;-;ETCS-Stützstelle;;VDV1;VDV 1;0/00:17:07;-;140,00;1,0000;1,030;-;-;54,0;118,0;ETCS L1;False;False;0;-; 0,0; 0,0; 0,0;VDV1: Strecke 2 - Gleis 2 - Strecke 1;0,000000;43527,0;  0,0;3958,3;  0,0;1,030;1,00;1,00;"80 0622-19.0;";0;ETCS fallend;;;False;ETCS fallend;False;00:48:01;00:48:01;-;-;False;-;-;2881;2881
22009;ETCS fallend;0/00:48:02;0/00:48:02;00:48;00:48;00:48;00:48;-;65,00;63,11;80,00;65,00;80,00;-;B;-;ETCS-Stützstelle;;VDV1;VDV 1;0/00:17:09;-;140,00;1,0000;1,030;-;-;54,0;118,0;ETCS L1;False;False;0;-; 0,0; 0,0; 0,0;VDV1: Strecke 2 - Gleis 2 - Strecke 1;0,000000;43527,0;  0,0;3958,3;  0,0;1,030;1,00;1,00;"80 0622-19.0;";0;ETCS fallend;;;False;ETCS fallend;False;00:48:02;00:48:02;-;-;False;-;-;2882;2882
22034;ETCS fallend;0/00:48:03;0/00:48:03;00:48;00:48;00:48;00:48;-;65,00;63,11;80,00;65,00;80,00;-;B;-;ETCS-Stützstelle;;VDV1;VDV 1;0/00:17:10;-;140,00;1,0000;1,030;-;-;54,0;118,0;ETCS L1;False;False;0;-; 0,0; 0,0; 0,0;VDV1: Strecke 2 - Gleis 2 - Strecke 1;0,000000;43527,0;  0,0;3958,3;  0,0;1,030;1,00;1,00;"80 0622-19.0;";0;ETCS fallend;;;False;ETCS fallend;False;00:48:03;00:48:03;-;-;False;-;-;2883;2883
22059;ETCS fallend;0/00:48:05;0/00:48:05;00:48;00:48;00:48;00:48;-;65,00;63,11;80,00;65,00;80,00;-;B;-;ETCS-Stützstelle;;VDV1;VDV 1;0/00:17:11;-;140,00;1,0000;1,030;-;-;54,0;118,0;ETCS L1;False;False;0;-; 0,0; 0,0; 0,0;VDV1: Strecke 2 - Gleis 2 - Strecke 1;0,000000;43527,0;  0,0;3958,3;  0,0;1,030;1,00;1,00;"80 0622-19.0;";0;ETCS fallend;;;False;ETCS fallend;False;00:48:05;00:48:05;-;-;False;-;-;2885;2885
22065;ETCS fallend;0/00:48:05;0/00:48:05;00:48;00:48;00:48;00:48;-;65,00;63,11;80,00;65,00;80,00;-;B;-;ETCS-Stützstelle;;VDV1;VDV 1;0/00:17:12;-;140,00;1,0000;1,030;-;-;54,0;118,0;ETCS L1;False;False;0;-; 0,0; 0,0; 0,0;VDV1: Strecke 2 - Gleis 2 - Strecke 1;0,000000;43527,0;  0,0;3958,3;  0,0;1,030;1,00;1,00;"80 0622-19.0;";0;ETCS fallend;;;False;ETCS fallend;False;00:48:05;00:48:05;-;-;False;-;-;2885;2885
22065;ETCS fallend;0/00:48:05;0/00:48:05;00:48;00:48;00:48;00:48;-;65,00;63,11;80,00;65,00;80,00;-;B;-;VDV1 7.935 01F Hauptsignal, Fallend, DFa=3s, rs=20km/h, appr.=0km/h; Ref(21334)=<VDV1|8,666/+0|PU||1>  Anfang(7765)=<VDV2|22,235/+0|HS|02P1|1>  Ende(22115)=<VDV1|7,885/+0|ZSS||1> ;VDV1;VDV 1;0/00:17:12;-;140,00;1,0000;1,030;-;-;54,0;118,0;ETCS L1;False;False;0;-; 0,0; 0,0; 0,0;VDV1: Strecke 2 - Gleis 2 - Strecke 1;0,000000;43527,0;  0,0;3958,3;  0,0;1,030;1,00;1,00;"80 0622-19.0;";0;ETCS fallend;3521;;True;ETCS fallend;False;00:48:05;00:48:05;-;-;False;-;Weiche 01W2 A - Betriebsstellengrenze 3521-0 (3521);2885;2885
22066;ETCS fallend;0/00:48:05;0/00:48:05;00:48;00:48;00:48;00:48;-;65,00;63,11;80,00;65,00;80,00;-;B;-;VDV1 7.934  Punktbeeinflussung, Fallend, ETCS L1 FS, kennung=1;;VDV1;VDV 1;0/00:17:12;-;140,00;1,0000;1,030;-;-;54,0;118,0;ETCS L1;False;False;0;-; 0,0; 0,0; 0,0;VDV1: Strecke 2 - Gleis 2 - Strecke 1;0,000000;43527,0;  0,0;3958,3;  0,0;1,030;1,00;1,00;"80 0622-19.0;";0;ETCS fallend;3521;;True;ETCS fallend;False;00:48:05;00:48:05;-;-;False;-;Weiche 01W2 A - Betriebsstellengrenze 3521-0 (3521);2885;2885
22091;ETCS fallend;0/00:48:07;0/00:48:07;00:48;00:48;00:48;00:48;-;65,00;63,11;80,00;65,00;80,00;-;B;-;ETCS-Stützstelle;;VDV1;VDV 1;0/00:17:13;-;140,00;1,0000;1,030;-;-;54,0;118,0;ETCS L1;False;False;0;-; 0,0; 0,0; 0,0;VDV1: Strecke 2 - Gleis 2 - Strecke 1;0,000000;43527,0;  0,0;3958,3;  0,0;1,030;1,00;1,00;"80 0622-19.0;";0;ETCS fallend;;;False;ETCS fallend;False;00:48:07;00:48:07;-;-;False;-;-;2887;2887
22115;ETCS fallend;0/00:48:08;0/00:48:08;00:48;00:48;00:48;00:48;-;65,00;63,11;80,00;65,00;80,00;-;K;-;VDV1 7.885  Zugschlussstelle, Fallend, Signal, Fa=3.00s, SvL; Ref(22169)=<VDV1|7,885/+0|ZSS||1>  Ende(22169)=<VDV1|7,885/+0|ZSS||1> ;VDV1;VDV 1;0/00:17:14;-;140,00;1,0000;1,030;-;-;54,0;118,0;ETCS L1;False;False;0;-; 0,0; 0,0; 0,0;VDV1: Strecke 2 - Gleis 2 - Strecke 1;0,000000;43527,0;  0,0;3958,3;  0,0;1,030;1,00;1,00;"80 0622-19.0;";0;ETCS fallend;3521;;False;ETCS fallend;False;00:48:08;00:48:08;-;-;False;-;Weiche 01W2 A - Betriebsstellengrenze 3521-0 (3521);2888;2888
22140;ETCS fallend;0/00:48:09;0/00:48:09;00:48;00:48;00:48;00:48;-;65,00;63,11;80,00;65,00;80,00;-;K;-;ETCS-Stützstelle;;VDV1;VDV 1;0/00:17:16;-;140,00;1,0000;1,030;-;-;54,0;118,0;ETCS L1;False;False;0;-; 0,0; 0,0; 0,0;VDV1: Strecke 2 - Gleis 2 - Strecke 1;0,000000;43527,0;  0,0;3958,3;  0,0;1,030;1,00;1,00;"80 0622-19.0;";0;ETCS fallend;;;False;ETCS fallend;False;00:48:09;00:48:09;-;-;False;-;-;2889;2889
22140;ETCS fallend;0/00:48:09;0/00:48:09;00:48;00:48;00:48;00:48;-;65,00;63,11;80,00;65,00;80,00;-;K;-;VDV1 7.860 01W2 Weiche, lt=25m, Anfang <7.860 01W2 Weiche, Stamm/7.860 01W2 Weiche, Abzweig rechts>; Ref(22760)=<VDV1|7,240/+0|HP|Gl 2 f|1>|1  Anfang(22760)=<VDV1|7,240/+0|HP|Gl 2 f|1>|1  Ende(22185)=<VDV1|7,815/+0|ZSS||1> ;VDV1;VDV 1;0/00:17:16;-;140,00;1,0000;1,030;-;-;54,0;118,0;ETCS L1;False;False;0;-; 0,0; 0,0; 0,0;VDV1: Strecke 2 - Gleis 2 - Strecke 1;0,000000;43527,0;  0,0;3958,3;  0,0;1,030;1,00;1,00;"80 0622-19.0;";0;ETCS fallend;3521;;True;ETCS fallend;False;00:48:09;00:48:09;-;-;False;-;Weiche 01W2 A - Betriebsstellengrenze 3521-0 (3521);2889;2889
22140;ETCS fallend;0/00:48:09;0/00:48:09;00:48;00:48;00:48;00:48;-;65,00;63,11;80,00;65,00;80,00;-;K;-;;;VDV1;VDV 1;0/00:17:16;-;140,00;1,0000;1,030;-;-;54,0;118,0;ETCS L1;False;False;0;-; 0,0; 0,0; 0,0;VDV1: Strecke 2 - Gleis 2 - Strecke 1;0,000000;43527,0;  0,0;3958,3;  0,0;1,030;1,00;1,00;"80 0622-19.0;";0;ETCS fallend;;;False;ETCS fallend;False;00:48:09;00:48:09;-;-;False;-;-;2889;2889
22140;ETCS fallend;0/00:48:09;0/00:48:09;00:48;00:48;00:48;00:48;-;65,00;63,11;80,00;65,00;80,00;-;K;-;VDV1 7.860 01W2 Weiche, lt=25m, Abzweig rechts <7.860 01W2 Weiche, Anfang>; Ref(22760)=<VDV1|7,240/+0|HP|Gl 2 f|1>|1  Anfang(22760)=<VDV1|7,240/+0|HP|Gl 2 f|1>|1  Ende(22185)=<VDV1|7,815/+0|ZSS||1> ;VDV1;VDV 1;0/00:17:16;-;140,00;1,0000;1,030;-;-;54,0;118,0;ETCS L1;False;False;0;-; 0,0; 0,0; 0,0;VDV1: Strecke 2 - Gleis 2 - Strecke 1;0,000000;43527,0;  0,0;3958,3;  0,0;1,030;1,00;1,00;"80 0622-19.0;";0;ETCS fallend;3521;;True;ETCS fallend;False;00:48:09;00:48:09;-;-;False;-;Weiche 01W1 B - Weiche 01W2 B (3521);2889;2889
22140;ETCS fallend;0/00:48:09;0/00:48:09;00:48;00:48;00:48;00:48;-;65,00;63,11;65,00;65,00;65,00;-;K;-;VDV1 7.860  Geschwindigkeit Zulässig, Fallend, v=65km/h, Wirkung ab Weiche, ETCS L1 FS;;VDV1;VDV 1;0/00:17:16;-;140,00;1,0000;1,030;-;-;54,0;118,0;ETCS L1;False;False;0;-; 0,0; 0,0; 0,0;VDV1: Strecke 2 - Gleis 2 - Strecke 1;0,000000;43527,0;  0,0;3958,3;  0,0;1,030;1,00;1,00;"80 0622-19.0;";0;ETCS fallend;3521;;True;ETCS fallend;False;00:48:09;00:48:09;-;-;False;-;Weiche 01W1 B - Weiche 01W2 B (3521);2889;2889
22165;ETCS fallend;0/00:48:11;0/00:48:11;00:48;00:48;00:48;00:48;-;65,00;63,11;65,00;-;65,00;-;K;-;ETCS-Stützstelle;;VDV1;VDV 1;0/00:17:17;-;140,00;1,0000;1,030;-;-;54,0;118,0;ETCS L1;False;False;0;-; 0,0; 0,0; 0,0;VDV1: Strecke 2 - Gleis 2 - Strecke 1;0,000000;43527,0;  0,0;3958,3;  0,0;1,030;1,00;1,00;"80 0622-19.0;";0;ETCS fallend;;;False;ETCS fallend;False;00:48:11;00:48:11;-;-;False;-;-;2891;2891
22169;ETCS fallend;0/00:48:11;0/00:48:11;00:48;00:48;00:48;00:48;-;65,00;63,11;65,00;-;65,00;-;K;-;VDV1 7.885  Zugschlussstelle, Fallend, Signal, Fa=3.00s, SvL; Ref(22115)=<VDV1|7,885/+0|ZSS||1>  Ende(22169)=<VDV1|7,885/+0|ZSS||1> ;VDV1;VDV 1;0/00:17:17;-;140,00;1,0000;1,030;-;-;54,0;118,0;ETCS L1;False;False;54;-; 0,0; 0,0; 0,0;VDV1: Strecke 2 - Gleis 2 - Strecke 1;0,000000;43527,0;  0,0;3958,3;  0,0;1,030;1,00;1,00;"80 0622-19.0;";0;ETCS fallend;3521;;True;ETCS fallend;False;00:48:11;00:48:11;-;-;False;-;Weiche 01W2 A - Betriebsstellengrenze 3521-0 (3521);2891;2891
22185;ETCS fallend;0/00:48:12;0/00:48:12;00:48;00:48;00:48;00:48;-;65,00;63,11;65,00;-;65,00;-;K;-;VDV1 7.815  Zugschlussstelle, Fallend, Fahrstraße, Fa=3.00s, SvL; Ref(22239)=<VDV1|7,815/+0|ZSS||1>  Ende(22239)=<VDV1|7,815/+0|ZSS||1> ;VDV1;VDV 1;0/00:17:18;-;140,00;1,0000;1,030;-;-;54,0;118,0;ETCS L1;False;False;0;-; 0,0; 0,0; 0,0;VDV1: Strecke 2 - Gleis 2 - Strecke 1;0,000000;43527,0;  0,0;3958,3;  0,0;1,030;1,00;1,00;"80 0622-19.0;";0;ETCS fallend;3521;;False;ETCS fallend;False;00:48:12;00:48:12;-;-;False;-;Weiche 01W1 B - Weiche 01W2 B (3521);2892;2892
22210;ETCS fallend;0/00:48:13;0/00:48:13;00:48;00:48;00:48;00:48;-;65,00;63,11;65,00;-;65,00;-;K;-;ETCS-Stützstelle;;VDV1;VDV 1;0/00:17:20;-;140,00;1,0000;1,030;-;-;54,0;118,0;ETCS L1;False;False;0;-; 0,0; 0,0; 0,0;VDV1: Strecke 2 - Gleis 2 - Strecke 1;0,000000;43527,0;  0,0;3958,3;  0,0;1,030;1,00;1,00;"80 0622-19.0;";0;ETCS fallend;;;False;ETCS fallend;False;00:48:13;00:48:13;-;-;False;-;-;2893;2893
22235;ETCS fallend;0/00:48:15;0/00:48:15;00:48;00:48;00:48;00:48;-;65,00;63,11;65,00;-;65,00;-;K;-;ETCS-Stützstelle;;VDV1;VDV 1;0/00:17:21;-;140,00;1,0000;1,030;-;-;54,0;118,0;ETCS L1;False;False;0;-; 0,0; 0,0; 0,0;VDV1: Strecke 2 - Gleis 2 - Strecke 1;0,000000;43527,0;  0,0;3958,3;  0,0;1,030;1,00;1,00;"80 0622-19.0;";0;ETCS fallend;;;False;ETCS fallend;False;00:48:15;00:48:15;-;-;False;-;-;2895;2895
22239;ETCS fallend;0/00:48:15;0/00:48:15;00:48;00:48;00:48;00:48;-;65,00;63,11;65,00;-;65,00;-;K;-;VDV1 7.815  Zugschlussstelle, Fallend, Fahrstraße, Fa=3.00s, SvL; Ref(22185)=<VDV1|7,815/+0|ZSS||1>  Ende(22239)=<VDV1|7,815/+0|ZSS||1> ;VDV1;VDV 1;0/00:17:21;-;140,00;1,0000;1,030;-;-;54,0;118,0;ETCS L1;False;False;54;-; 0,0; 0,0; 0,0;VDV1: Strecke 2 - Gleis 2 - Strecke 1;0,000000;43527,0;  0,0;3958,3;  0,0;1,030;1,00;1,00;"80 0622-19.0;";0;ETCS fallend;3521;;True;ETCS fallend;False;00:48:15;00:48:15;-;-;False;-;Weiche 01W1 B - Weiche 01W2 B (3521);2895;2895
22264;ETCS fallend;0/00:48:17;0/00:48:17;00:48;00:48;00:48;00:48;-;65,00;63,11;65,00;-;65,00;-;K;-;ETCS-Stützstelle;;VDV1;VDV 1;0/00:17:23;-;140,00;1,0000;1,030;-;-;54,0;118,0;ETCS L1;False;False;54;-; 0,0; 0,0; 0,0;VDV1: Strecke 2 - Gleis 2 - Strecke 1;0,000000;43527,0;  0,0;3958,3;  0,0;1,030;1,00;1,00;"80 0622-19.0;";0;ETCS fallend;;;False;ETCS fallend;False;00:48:17;00:48:17;-;-;False;-;-;2897;2897
22289;ETCS fallend;0/00:48:18;0/00:48:18;00:48;00:48;00:48;00:48;-;65,00;63,11;65,00;-;65,00;-;K;-;ETCS-Stützstelle;;VDV1;VDV 1;0/00:17:24;-;140,00;1,0000;1,030;-;-;54,0;118,0;ETCS L1;False;False;54;-; 0,0; 0,0; 0,0;VDV1: Strecke 2 - Gleis 2 - Strecke 1;0,000000;43527,0;  0,0;3958,3;  0,0;1,030;1,00;1,00;"80 0622-19.0;";0;ETCS fallend;;;False;ETCS fallend;False;00:48:18;00:48:18;-;-;False;-;-;2898;2898
22314;ETCS fallend;0/00:48:19;0/00:48:19;00:48;00:48;00:48;00:48;-;65,00;63,11;65,00;-;65,00;-;K;-;ETCS-Stützstelle;;VDV1;VDV 1;0/00:17:25;-;140,00;1,0000;1,030;-;-;54,0;118,0;ETCS L1;False;False;54;-; 0,0; 0,0; 0,0;VDV1: Strecke 2 - Gleis 2 - Strecke 1;0,000000;43527,0;  0,0;3958,3;  0,0;1,030;1,00;1,00;"80 0622-19.0;";0;ETCS fallend;;;False;ETCS fallend;False;00:48:19;00:48:19;-;-;False;-;-;2899;2899
22339;ETCS fallend;0/00:48:21;0/00:48:21;00:48;00:48;00:48;00:48;-;65,00;63,11;65,00;-;65,00;-;K;-;ETCS-Stützstelle;;VDV1;VDV 1;0/00:17:27;-;140,00;1,0000;1,030;-;-;54,0;118,0;ETCS L1;False;False;54;-; 0,0; 0,0; 0,0;VDV1: Strecke 2 - Gleis 2 - Strecke 1;0,000000;43527,0;  0,0;3958,3;  0,0;1,030;1,00;1,00;"80 0622-19.0;";0;ETCS fallend;;;False;ETCS fallend;False;00:48:21;00:48:21;-;-;False;-;-;2901;2901
22364;ETCS fallend;0/00:48:22;0/00:48:22;00:48;00:48;00:48;00:48;-;65,00;63,11;65,00;-;65,00;-;K;-;ETCS-Stützstelle;;VDV1;VDV 1;0/00:17:28;-;140,00;1,0000;1,030;-;-;54,0;118,0;ETCS L1;False;False;54;-; 0,0; 0,0; 0,0;VDV1: Strecke 2 - Gleis 2 - Strecke 1;0,000000;43527,0;  0,0;3958,3;  0,0;1,030;1,00;1,00;"80 0622-19.0;";0;ETCS fallend;;;False;ETCS fallend;False;00:48:22;00:48:22;-;-;False;-;-;2902;2902
22389;ETCS fallend;0/00:48:24;0/00:48:24;00:48;00:48;00:48;00:48;-;65,00;63,11;65,00;-;65,00;-;K;-;ETCS-Stützstelle;;VDV1;VDV 1;0/00:17:30;-;140,00;1,0000;1,030;-;-;54,0;118,0;ETCS L1;False;False;54;-; 0,0; 0,0; 0,0;VDV1: Strecke 2 - Gleis 2 - Strecke 1;0,000000;43527,0;  0,0;3958,3;  0,0;1,030;1,00;1,00;"80 0622-19.0;";0;ETCS fallend;;;False;ETCS fallend;False;00:48:24;00:48:24;-;-;False;-;-;2904;2904
22414;ETCS fallend;0/00:48:25;0/00:48:25;00:48;00:48;00:48;00:48;-;65,00;63,11;65,00;-;65,00;-;K;-;ETCS-Stützstelle;;VDV1;VDV 1;0/00:17:31;-;140,00;1,0000;1,030;-;-;54,0;118,0;ETCS L1;False;False;54;-; 0,0; 0,0; 0,0;VDV1: Strecke 2 - Gleis 2 - Strecke 1;0,000000;43527,0;  0,0;3958,3;  0,0;1,030;1,00;1,00;"80 0622-19.0;";0;ETCS fallend;;;False;ETCS fallend;False;00:48:25;00:48:25;-;-;False;-;-;2905;2905
22439;ETCS fallend;0/00:48:27;0/00:48:27;00:48;00:48;00:48;00:48;-;65,00;63,11;65,00;68,00;65,00;-;K;-;ETCS-Stützstelle;;VDV1;VDV 1;0/00:17:32;-;140,00;1,0000;1,030;-;-;54,0;118,0;ETCS L1;False;False;54;-; 0,0; 0,0; 0,0;VDV1: Strecke 2 - Gleis 2 - Strecke 1;0,000000;43527,0;  0,0;3958,3;  0,0;1,030;1,00;1,00;"80 0622-19.0;";0;ETCS fallend;;;False;ETCS fallend;False;00:48:27;00:48:27;-;-;False;-;-;2907;2907
22464;ETCS fallend;0/00:48:28;0/00:48:28;00:48;00:48;00:48;00:48;-;65,00;63,11;65,00;68,70;65,00;-;K;-;ETCS-Stützstelle;;VDV1;VDV 1;0/00:17:34;-;140,00;1,0000;1,030;-;-;54,0;118,0;ETCS L1;False;False;54;-; 0,0; 0,0; 0,0;VDV1: Strecke 2 - Gleis 2 - Strecke 1;-0,080000;43527,0;  0,0;3958,3;  0,0;1,030;1,00;1,00;"80 0622-19.0;";0;ETCS fallend;;;False;ETCS fallend;False;00:48:28;00:48:28;-;-;False;-;-;2908;2908
22464;ETCS fallend;0/00:48:28;0/00:48:28;00:48;00:48;00:48;00:48;-;65,00;63,11;65,00;68,70;65,00;-;B;-;;;VDV1;VDV 1;0/00:17:34;-;140,00;1,0000;1,030;-;-;54,0;118,0;ETCS L1;False;False;0;-; 0,0; 0,0; 0,0;VDV1: Strecke 2 - Gleis 2 - Strecke 1;-0,080000;43527,0;  0,0;3958,3;  0,0;1,030;1,00;1,00;"80 0622-19.0;";0;ETCS fallend;;;False;ETCS fallend;False;00:48:28;00:48:28;-;-;False;-;-;2908;2908
22489;ETCS fallend;0/00:48:29;0/00:48:29;00:48;00:48;00:48;00:48;-;64,60;62,72;65,00;64,80;65,00;-;B;-;ETCS-Stützstelle;;VDV1;VDV 1;0/00:17:35;-;140,00;1,0000;1,030;-;-;54,0;118,0;ETCS L1;False;False;54;-; 0,0; 0,0; 0,0;VDV1: Strecke 2 - Gleis 2 - Strecke 1;-0,698000;45632,2;  0,0;3937,1;  0,0;1,030;1,00;1,00;"80 0622-19.0;";0;ETCS fallend;;;False;ETCS fallend;False;00:48:29;00:48:29;-;-;False;-;-;2909;2909
22500;ETCS fallend;0/00:48:30;0/00:48:30;00:49;00:49;00:49;00:49;-;63,04;61,20;65,00;63,30;65,00;-;B;-;VDV1 7.500 Gleis 2 Fahrzeitmesspunkt, Beide Richtungen, BS-Mitte;;VDV1;VDV 1;0/00:17:36;-;140,00;1,0000;1,030;-;-;54,0;118,0;ETCS L1;False;False;0;-; 0,0; 0,0; 0,0;VDV1: Strecke 2 - Gleis 2 - Strecke 1;-0,701000;53842,5;  0,0;3855,1;  0,0;1,030;1,00;1,00;"80 0622-19.0;";0;ETCS fallend;3521;;True;ETCS fallend;False;00:48:30;00:48:30;-;-;False;-;Weiche 01W1 B - Weiche 01W2 B (3521);2910;2910
22514;ETCS fallend;0/00:48:31;0/00:48:31;00:49;00:49;00:49;00:49;-;60,99;59,21;65,00;61,10;65,00;-;B;-;VDV1 7.486  Punktbeeinflussung, Fallend, ETCS L1 FS, kennung=1;;VDV1;VDV 1;0/00:17:37;-;140,00;1,0000;1,030;-;-;54,0;118,0;ETCS L1;False;False;0;-; 0,0; 0,0; 0,0;VDV1: Strecke 2 - Gleis 2 - Strecke 1;-0,700000;54053,0;  0,0;3749,9;  0,0;1,030;1,00;1,00;"80 0622-19.0;";0;ETCS fallend;3521;;True;ETCS fallend;False;00:48:31;00:48:31;-;-;False;-;Weiche 01W1 B - Weiche 01W2 B (3521);2911;2911
22539;ETCS fallend;0/00:48:32;0/00:48:32;00:49;00:49;00:49;00:49;-;57,15;55,49;65,00;57,20;65,00;-;B;-;ETCS-Stützstelle;;VDV1;VDV 1;0/00:17:38;-;140,00;1,0000;1,030;-;-;54,0;118,0;ETCS L1;False;False;0;-; 0,0; 0,0; 0,0;VDV1: Strecke 2 - Gleis 2 - Strecke 1;-0,701000;54053,0;  0,0;3560,3;  0,0;1,030;1,00;1,00;"80 0622-19.0;";0;ETCS fallend;;;False;ETCS fallend;False;00:48:32;00:48:32;-;-;False;-;-;2912;2912
22564;ETCS fallend;0/00:48:34;0/00:48:34;00:49;00:49;00:49;00:49;-;53,00;51,46;65,00;53,00;65,00;-;B;-;ETCS-Stützstelle;;VDV1;VDV 1;0/00:17:40;-;140,00;1,0000;1,030;-;-;54,0;118,0;ETCS L1;False;False;0;-; 0,0; 0,0; 0,0;VDV1: Strecke 2 - Gleis 2 - Strecke 1;-0,663000;54053,0;  0,0;3366,2;  0,0;1,030;1,00;1,00;"80 0622-19.0;";0;ETCS fallend;;;False;ETCS fallend;False;00:48:34;00:48:34;-;-;False;-;-;2914;2914
22589;ETCS fallend;0/00:48:36;0/00:48:36;00:49;00:49;00:49;00:49;-;48,80;47,38;65,00;48,80;65,00;-;B;-;ETCS-Stützstelle;;VDV1;VDV 1;0/00:17:42;-;140,00;1,0000;1,030;-;-;54,0;118,0;ETCS L1;False;False;0;-; 0,0; 0,0; 0,0;VDV1: Strecke 2 - Gleis 2 - Strecke 1;-0,651000;54053,0;  0,0;3181,4;  0,0;1,030;1,00;1,00;"80 0622-19.0;";0;ETCS fallend;;;False;ETCS fallend;False;00:48:36;00:48:36;-;-;False;-;-;2916;2916
22614;ETCS fallend;0/00:48:38;0/00:48:38;00:49;00:49;00:49;00:49;-;44,28;42,99;65,00;44,30;65,00;-;B;-;ETCS-Stützstelle;;VDV1;VDV 1;0/00:17:43;-;140,00;1,0000;1,030;-;-;54,0;118,0;ETCS L1;False;False;0;-; 0,0; 0,0; 0,0;VDV1: Strecke 2 - Gleis 2 - Strecke 1;-0,608000;54053,0;  0,0;2995,5;  0,0;1,030;1,00;1,00;"80 0622-19.0;";0;ETCS fallend;;;False;ETCS fallend;False;00:48:38;00:48:38;-;-;False;-;-;2918;2918
22639;ETCS fallend;0/00:48:40;0/00:48:40;00:49;00:49;00:49;00:49;-;39,58;38,43;65,00;39,60;65,00;-;B;-;ETCS-Stützstelle;;VDV1;VDV 1;0/00:17:46;-;140,00;1,0000;1,030;-;-;54,0;118,0;ETCS L1;False;False;0;-; 0,0; 0,0; 0,0;VDV1: Strecke 2 - Gleis 2 - Strecke 1;-0,558000;82216,0;  0,0;2816,4;  0,0;1,030;1,00;1,00;"80 0622-19.0;";0;ETCS fallend;;;False;ETCS fallend;False;00:48:40;00:48:40;-;-;False;-;-;2920;2920
22664;ETCS fallend;0/00:48:43;0/00:48:43;00:49;00:49;00:49;00:49;-;34,70;33,69;65,00;34,70;65,00;-;B;-;ETCS-Stützstelle;;VDV1;VDV 1;0/00:17:48;-;140,00;1,0000;1,030;-;-;54,0;118,0;ETCS L1;False;False;0;-; 0,0; 0,0; 0,0;VDV1: Strecke 2 - Gleis 2 - Strecke 1;-0,543000;82216,0;  0,0;2646,0;  0,0;1,030;1,00;1,00;"80 0622-19.0;";0;ETCS fallend;;;False;ETCS fallend;False;00:48:43;00:48:43;-;-;False;-;-;2923;2923
22689;ETCS fallend;0/00:48:46;0/00:48:46;00:49;00:49;00:49;00:49;-;29,20;28,35;65,00;29,20;65,00;-;B;-;ETCS-Stützstelle;;VDV1;VDV 1;0/00:17:51;-;140,00;1,0000;1,030;-;-;54,0;118,0;ETCS L1;False;False;0;-; 0,0; 0,0; 0,0;VDV1: Strecke 2 - Gleis 2 - Strecke 1;-0,464000;81751,2;  0,0;2472,6;  0,0;1,030;1,00;1,00;"80 0622-19.0;";0;ETCS fallend;;;False;ETCS fallend;False;00:48:46;00:48:46;-;-;False;-;-;2926;2926
22714;ETCS fallend;0/00:48:49;0/00:48:49;00:49;00:49;00:49;00:49;-;23,49;22,81;65,00;23,50;65,00;-;B;-;ETCS-Stützstelle;;VDV1;VDV 1;0/00:17:54;-;140,00;1,0000;1,030;-;-;54,0;118,0;ETCS L1;False;False;0;-; 0,0; 0,0; 0,0;VDV1: Strecke 2 - Gleis 2 - Strecke 1;-0,264000;92702,6;  0,0;2313,8;  0,0;1,030;1,00;1,00;"80 0622-19.0;";0;ETCS fallend;;;False;ETCS fallend;False;00:48:49;00:48:49;-;-;False;-;-;2929;2929
22739;ETCS fallend;0/00:48:53;0/00:48:53;00:49;00:49;00:49;00:49;-;19,52;18,95;65,00;20,00;65,00;-;K;-;ETCS-Stützstelle;;VDV1;VDV 1;0/00:17:58;-;140,00;1,0000;1,030;-;-;54,0;118,0;ETCS L1;False;False;0;-; 0,0; 0,0; 0,0;VDV1: Strecke 2 - Gleis 2 - Strecke 1;-0,700000;96963,1;  0,0;2216,0;  0,0;1,030;1,00;1,00;"80 0622-19.0;";0;ETCS fallend;;;False;ETCS fallend;False;00:48:53;00:48:53;-;-;False;-;-;2933;2933
22760;ETCS fallend;0/00:49:01;0/00:49:01;00:49;00:49;00:49;00:49;-; 0,00; 0,00;65,00;20,00;65,00;-;K;-;ETCS-Stützstelle;;VDV1;VDV 1;0/00:18:06;-;140,00;1,0000;1,030;-;-;54,0;118,0;ETCS L1;False;False;0;-; 0,0; 0,0; 0,0;VDV1: Strecke 2 - Gleis 2 - Strecke 1;0,992000;124906,0;  0,0;1886,2;  0,0;1,030;1,00;1,00;"80 0622-19.0;";0;ETCS fallend;;;False;ETCS fallend;False;00:49:01;00:49:01;-;-;False;-;-;2941;2941
22760;ETCS fallend;0/00:51:31;0/00:49:01;00:52;00:49;00:51;00:50;00:02:30/00:01:00; 0,00; 0,00;65,00;20,00;65,00;-;HVerk;-;VDV1 7.240 Gl 2 f Halteplatz, Fallend, Personenzug, l=520.0m, Rechts, sEoA=0m, sSVL=0m, rs=-1km/h; Ref(22765)=<VDV1|7,235/+0|HS|01P2|1>  Anfang(22065)=<VDV1|7,935/+0|HS|01F|1>  Ende(22815)=<VDV1|7,185/+0|ZSS||1> ;VDV1;VDV 1;0/00:18:06;00:51:31;140,00;1,0000;1,030;-;-;54,0;118,0;ETCS L1;False;False;0;-; 0,0; 0,0; 0,0;VDV1: Strecke 2 - Gleis 2 - Strecke 1;0,992000;124906,0;  0,0;1886,2;  0,0;1,030;1,00;1,00;"80 0622-19.0;";0;ETCS fallend;3521;Gl 2 f;True;ETCS fallend;False;00:49:01;00:51:31;2,50;1,00;False;-;Weiche 01W1 B - Weiche 01W2 B (3521);3091;2941
22760;ETCS fallend;0/00:51:31;0/00:51:31;00:52;00:52;00:52;00:52;-; 4,00; 3,88;65,00;20,00;65,00;-;V;-;;;VDV1;VDV 1;0/00:18:06;-;140,00;1,0000;1,030;-;-;54,0;118,0;ETCS L1;False;False;0;-; 0,0; 0,0; 0,0;VDV1: Strecke 2 - Gleis 2 - Strecke 1;0,941000;118746,0;  0,0;1933,3;  0,0;1,030;1,00;1,00;"80 0622-19.0;";0;ETCS fallend;;;False;ETCS fallend;False;00:51:31;00:51:31;-;-;False;-;-;3091;3091
22760;ETCS fallend;0/00:51:31;0/00:51:31;00:52;00:52;00:52;00:52;-; 2,00; 1,94;65,00;20,00;65,00;-;V;-;;;VDV1;VDV 1;0/00:18:06;-;140,00;1,0000;1,030;-;-;54,0;118,0;ETCS L1;False;False;0;-; 0,0; 0,0; 0,0;VDV1: Strecke 2 - Gleis 2 - Strecke 1;0,967000;121872,0;  0,0;1908,5;  0,0;1,030;1,00;1,00;"80 0622-19.0;";0;ETCS fallend;;;False;ETCS fallend;False;00:51:31;00:51:31;-;-;False;-;-;3091;3091
22761;ETCS fallend;0/00:51:32;0/00:51:32;00:52;00:52;00:52;00:52;-; 6,00; 5,83;65,00;20,00;65,00;-;V;-;;;VDV1;VDV 1;0/00:18:07;-;140,00;1,0000;1,030;-;-;54,0;118,0;ETCS L1;False;False;0;-; 0,0; 0,0; 0,0;VDV1: Strecke 2 - Gleis 2 - Strecke 1;0,916000;115565,0;  0,0;1960,8;  0,0;1,030;1,00;1,00;"80 0622-19.0;";0;ETCS fallend;;;False;ETCS fallend;False;00:51:32;00:51:32;-;-;False;-;-;3092;3092
22762;ETCS fallend;0/00:51:33;0/00:51:33;00:52;00:52;00:52;00:52;-; 8,00; 7,77;65,00;20,00;65,00;-;V;-;;;VDV1;VDV 1;0/00:18:08;-;140,00;1,0000;1,030;-;-;54,0;118,0;ETCS L1;False;False;0;-; 0,0; 0,0; 0,0;VDV1: Strecke 2 - Gleis 2 - Strecke 1;0,893000;112623,0;  0,0;1991,0;  0,0;1,030;1,00;1,00;"80 0622-19.0;";0;ETCS fallend;;;False;ETCS fallend;False;00:51:33;00:51:33;-;-;False;-;-;3093;3093
22764;ETCS fallend;0/00:51:34;0/00:51:34;00:52;00:52;00:52;00:52;-;10,00; 9,71;65,00;20,00;65,00;-;V;-;;;VDV1;VDV 1;0/00:18:08;-;140,00;1,0000;1,030;-;-;54,0;118,0;ETCS L1;False;False;0;-; 0,0; 0,0; 0,0;VDV1: Strecke 2 - Gleis 2 - Strecke 1;0,869000;110005,0;  0,0;2023,8;  0,0;1,030;1,00;1,00;"80 0622-19.0;";0;ETCS fallend;;;False;ETCS fallend;False;00:51:34;00:51:34;-;-;False;-;-;3094;3094
22765;ETCS fallend;0/00:51:34;0/00:51:34;00:52;00:52;00:52;00:52;-;11,07;10,75;65,00;20,00;65,00;-;V;-;ETCS-Stützstelle;;VDV1;VDV 1;0/00:18:09;-;140,00;1,0000;1,030;-;-;54,0;118,0;ETCS L1;False;False;0;-; 0,0; 0,0; 0,0;VDV1: Strecke 2 - Gleis 2 - Strecke 1;0,862000;108334,9;  0,0;2042,4;  0,0;1,030;1,00;1,00;"80 0622-19.0;";0;ETCS fallend;;;False;ETCS fallend;False;00:51:34;00:51:34;-;-;False;-;-;3094;3094
22765;ETCS fallend;0/00:51:34;0/00:51:34;00:52;00:52;00:52;00:52;-;11,07;10,75;65,00;20,00;65,00;-;V;-;VDV1 7.235 01P2 Hauptsignal, Fallend, DFa=3s, rs=20km/h, appr.=0km/h; Ref(22760)=<VDV1|7,240/+0|HP|Gl 2 f|1>|1  Anfang(22065)=<VDV1|7,935/+0|HS|01F|1>  Ende(22815)=<VDV1|7,185/+0|ZSS||1> ;VDV1;VDV 1;0/00:18:09;-;140,00;1,0000;1,030;-;-;54,0;118,0;ETCS L1;False;False;0;-; 0,0; 0,0; 0,0;VDV1: Strecke 2 - Gleis 2 - Strecke 1;0,862000;108334,9;  0,0;2042,4;  0,0;1,030;1,00;1,00;"80 0622-19.0;";0;ETCS fallend;3521;;True;ETCS fallend;False;00:51:34;00:51:34;-;-;False;-;Weiche 01W1 B - Weiche 01W2 B (3521);3094;3094
22765;ETCS fallend;0/00:51:34;0/00:51:34;00:52;00:52;00:52;00:52;-;11,07;10,75;65,00;20,00;65,00;-;V;-;VDV1 7.235  Geschwindigkeit Zulässig, Fallend, v=65km/h, Wirkung ab hier, ETCS L1 FS;;VDV1;VDV 1;0/00:18:09;-;140,00;1,0000;1,030;-;-;54,0;118,0;ETCS L1;False;False;0;-; 0,0; 0,0; 0,0;VDV1: Strecke 2 - Gleis 2 - Strecke 1;0,862000;108334,9;  0,0;2042,4;  0,0;1,030;1,00;1,00;"80 0622-19.0;";0;ETCS fallend;3521;;True;ETCS fallend;False;00:51:34;00:51:34;-;-;False;-;Weiche 01W1 B - Weiche 01W2 B (3521);3094;3094
22766;ETCS fallend;0/00:51:34;0/00:51:34;00:52;00:52;00:52;00:52;-;12,00;11,65;65,00;-;65,00;-;V;-;;;VDV1;VDV 1;0/00:18:09;-;140,00;1,0000;1,030;-;-;54,0;118,0;ETCS L1;False;False;0;-; 0,0; 0,0; 0,0;VDV1: Strecke 2 - Gleis 2 - Strecke 1;0,844000;106887,0;  0,0;2059,2;  0,0;1,030;1,00;1,00;"80 0622-19.0;";0;ETCS fallend;;;False;ETCS fallend;False;00:51:34;00:51:34;-;-;False;-;-;3094;3094
22768;ETCS fallend;0/00:51:35;0/00:51:35;00:52;00:52;00:52;00:52;-;14,00;13,59;65,00;-;65,00;-;V;-;;;VDV1;VDV 1;0/00:18:10;-;140,00;1,0000;1,030;-;-;54,0;118,0;ETCS L1;False;False;0;-; 0,0; 0,0; 0,0;VDV1: Strecke 2 - Gleis 2 - Strecke 1;0,822000;104004,0;  0,0;2097,2;  0,0;1,030;1,00;1,00;"80 0622-19.0;";0;ETCS fallend;;;False;ETCS fallend;False;00:51:35;00:51:35;-;-;False;-;-;3095;3095
22771;ETCS fallend;0/00:51:36;0/00:51:36;00:52;00:52;00:52;00:52;-;16,00;15,53;65,00;-;65,00;-;V;-;;;VDV1;VDV 1;0/00:18:10;-;140,00;1,0000;1,030;-;-;54,0;118,0;ETCS L1;False;False;0;-; 0,0; 0,0; 0,0;VDV1: Strecke 2 - Gleis 2 - Strecke 1;0,801000;101492,0;  0,0;2137,9;  0,0;1,030;1,00;1,00;"80 0622-19.0;";0;ETCS fallend;;;False;ETCS fallend;False;00:51:36;00:51:36;-;-;False;-;-;3096;3096
22774;ETCS fallend;0/00:51:36;0/00:51:36;00:52;00:52;00:52;00:52;-;18,00;17,48;65,00;-;65,00;-;V;-;;;VDV1;VDV 1;0/00:18:11;-;140,00;1,0000;1,030;-;-;54,0;118,0;ETCS L1;False;False;0;-; 0,0; 0,0; 0,0;VDV1: Strecke 2 - Gleis 2 - Strecke 1;0,779000;99000,0;  0,0;2181,3;  0,0;1,030;1,00;1,00;"80 0622-19.0;";0;ETCS fallend;;;False;ETCS fallend;False;00:51:36;00:51:36;-;-;False;-;-;3096;3096
22778;ETCS fallend;0/00:51:37;0/00:51:37;00:52;00:52;00:52;00:52;-;20,00;19,42;65,00;-;65,00;-;K;-;;;VDV1;VDV 1;0/00:18:12;-;140,00;1,0000;1,030;-;-;54,0;118,0;ETCS L1;False;False;0;-; 0,0; 0,0; 0,0;VDV1: Strecke 2 - Gleis 2 - Strecke 1;0,000000;96257,0;  0,0;2227,2;  0,0;1,030;1,00;1,00;"80 0622-19.0;";0;ETCS fallend;;;False;ETCS fallend;False;00:51:37;00:51:37;-;-;False;-;-;3097;3097
22790;ETCS fallend;0/00:51:39;0/00:51:39;00:52;00:52;00:52;00:52;-;20,00;19,42;65,00;-;65,00;-;K;-;ETCS-Stützstelle;;VDV1;VDV 1;0/00:18:14;-;140,00;1,0000;1,030;-;-;54,0;118,0;ETCS L1;False;False;0;-; 0,0; 0,0; 0,0;VDV1: Strecke 2 - Gleis 2 - Strecke 1;0,760000;96257,0;  0,0;2227,2;  0,0;1,030;1,00;1,00;"80 0622-19.0;";0;ETCS fallend;;;False;ETCS fallend;False;00:51:39;00:51:39;-;-;False;-;-;3099;3099
22794;ETCS fallend;0/00:51:40;0/00:51:40;00:52;00:52;00:52;00:52;-;22,00;21,36;65,00;-;65,00;-;V;-;;;VDV1;VDV 1;0/00:18:15;-;140,00;1,0000;1,030;-;-;54,0;118,0;ETCS L1;False;False;0;-; 0,0; 0,0; 0,0;VDV1: Strecke 2 - Gleis 2 - Strecke 1;0,743000;94279,0;  0,0;2275,8;  0,0;1,030;1,00;1,00;"80 0622-19.0;";0;ETCS fallend;;;False;ETCS fallend;False;00:51:40;00:51:40;-;-;False;-;-;3100;3100
22799;ETCS fallend;0/00:51:41;0/00:51:41;00:52;00:52;00:52;00:52;-;24,00;23,30;65,00;-;65,00;-;V;-;;;VDV1;VDV 1;0/00:18:15;-;140,00;1,0000;1,030;-;-;54,0;118,0;ETCS L1;False;False;0;-; 0,0; 0,0; 0,0;VDV1: Strecke 2 - Gleis 2 - Strecke 1;0,726000;92188,0;  0,0;2327,1;  0,0;1,030;1,00;1,00;"80 0622-19.0;";0;ETCS fallend;;;False;ETCS fallend;False;00:51:41;00:51:41;-;-;False;-;-;3101;3101
22804;ETCS fallend;0/00:51:42;0/00:51:42;00:52;00:52;00:52;00:52;-;26,00;25,24;65,00;-;65,00;-;V;-;;;VDV1;VDV 1;0/00:18:16;-;140,00;1,0000;1,030;-;-;54,0;118,0;ETCS L1;False;False;0;-; 0,0; 0,0; 0,0;VDV1: Strecke 2 - Gleis 2 - Strecke 1;0,709000;90363,0;  0,0;2380,9;  0,0;1,030;1,00;1,00;"80 0622-19.0;";0;ETCS fallend;;;False;ETCS fallend;False;00:51:42;00:51:42;-;-;False;-;-;3102;3102
22810;ETCS fallend;0/00:51:42;0/00:51:42;00:52;00:52;00:52;00:52;-;28,00;27,18;65,00;-;65,00;-;V;-;;;VDV1;VDV 1;0/00:18:17;-;140,00;1,0000;1,030;-;-;54,0;118,0;ETCS L1;False;False;0;-; 0,0; 0,0; 0,0;VDV1: Strecke 2 - Gleis 2 - Strecke 1;0,675000;88026,0;  0,0;2437,4;  0,0;1,030;1,00;1,00;"80 0622-19.0;";0;ETCS fallend;;;False;ETCS fallend;False;00:51:42;00:51:42;-;-;False;-;-;3102;3102
22815;ETCS fallend;0/00:51:43;0/00:51:43;00:52;00:52;00:52;00:52;-;29,52;28,66;65,00;-;65,00;-;V;-;VDV1 7.185  Zugschlussstelle, Fallend, Signal, Fa=3.00s, SvL; Ref(22869)=<VDV1|7,185/+0|ZSS||1>  Ende(22869)=<VDV1|7,185/+0|ZSS||1> ;VDV1;VDV 1;0/00:18:18;-;140,00;1,0000;1,030;-;-;54,0;118,0;ETCS L1;False;False;0;-; 0,0; 0,0; 0,0;VDV1: Strecke 2 - Gleis 2 - Strecke 1;0,648000;81490,9;  0,0;2482,2;  0,0;1,030;1,00;1,00;"80 0622-19.0;";0;ETCS fallend;3521;;False;ETCS fallend;False;00:51:43;00:51:43;-;-;False;-;Weiche 01W1 B - Weiche 01W2 B (3521);3103;3103
22817;ETCS fallend;0/00:51:43;0/00:51:43;00:52;00:52;00:52;00:52;-;30,00;29,13;65,00;-;65,00;-;V;-;;;VDV1;VDV 1;0/00:18:18;-;140,00;1,0000;1,030;-;-;54,0;118,0;ETCS L1;False;False;0;-; 0,0; 0,0; 0,0;VDV1: Strecke 2 - Gleis 2 - Strecke 1;0,650000;82216,0;  0,0;2496,6;  0,0;1,030;1,00;1,00;"80 0622-19.0;";0;ETCS fallend;;;False;ETCS fallend;False;00:51:43;00:51:43;-;-;False;-;-;3103;3103
22836;ETCS fallend;0/00:51:45;0/00:51:45;00:52;00:52;00:52;00:52;-;35,00;33,98;65,00;-;65,00;-;V;-;;;VDV1;VDV 1;0/00:18:20;-;140,00;1,0000;1,030;-;-;54,0;118,0;ETCS L1;False;False;0;-; 0,0; 0,0; 0,0;VDV1: Strecke 2 - Gleis 2 - Strecke 1;0,649000;82216,0;  0,0;2656,0;  0,0;1,030;1,00;1,00;"80 0622-19.0;";0;ETCS fallend;;;False;ETCS fallend;False;00:51:45;00:51:45;-;-;False;-;-;3105;3105
22840;ETCS fallend;0/00:51:46;0/00:51:46;00:52;00:52;00:52;00:52;-;35,95;34,90;65,00;-;65,00;-;V;-;ETCS-Stützstelle;;VDV1;VDV 1;0/00:18:20;-;140,00;1,0000;1,030;-;-;54,0;118,0;ETCS L1;False;False;0;-; 0,0; 0,0; 0,0;VDV1: Strecke 2 - Gleis 2 - Strecke 1;0,649000;82216,0;  0,0;2688,1;  0,0;1,030;1,00;1,00;"80 0622-19.0;";0;ETCS fallend;;;False;ETCS fallend;False;00:51:46;00:51:46;-;-;False;-;-;3106;3106
22860;ETCS fallend;0/00:51:48;0/00:51:48;00:52;00:52;00:52;00:52;-;40,36;39,18;65,00;-;65,00;-;V;-;ETCS-Stützstelle;;VDV1;VDV 1;0/00:18:22;-;140,00;1,0000;1,030;-;-;54,0;118,0;ETCS L1;False;False;0;-; 0,0; 0,0; 0,0;VDV1: Strecke 2 - Gleis 2 - Strecke 1;0,648000;82216,0;  0,0;2845,2;  0,0;1,030;1,00;1,00;"80 0622-19.0;";0;ETCS fallend;;;False;ETCS fallend;False;00:51:48;00:51:48;-;-;False;-;-;3108;3108
22860;ETCS fallend;0/00:51:48;0/00:51:48;00:52;00:52;00:52;00:52;-;40,36;39,18;65,00;-;65,00;-;V;-;VDV1 7.140 01W1 Weiche, lt=25m, Abzweig links <7.140 01W1 Weiche, Anfang>; Ref(30054)=<S1|0,000/+0|GE|3521-0|2>  Anfang(30054)=<S1|0,000/+0|GE|3521-0|2>  Ende(22885)=<VDV1|7,115/+0|ZSS||1> ;VDV1;VDV 1;0/00:18:22;-;140,00;1,0000;1,030;-;-;54,0;118,0;ETCS L1;False;False;0;-; 0,0; 0,0; 0,0;VDV1: Strecke 2 - Gleis 2 - Strecke 1;0,648000;82216,0;  0,0;2845,2;  0,0;1,030;1,00;1,00;"80 0622-19.0;";0;ETCS fallend;3521;;True;ETCS fallend;False;00:51:48;00:51:48;-;-;False;-;Weiche 01W1 B - Weiche 01W2 B (3521);3108;3108
22860;ETCS fallend;0/00:51:48;0/00:51:48;00:52;00:52;00:52;00:52;-;40,36;39,18;65,00;-;65,00;-;V;-;;;VDV1;VDV 1;0/00:18:22;-;140,00;1,0000;1,030;-;-;54,0;118,0;ETCS L1;False;False;0;-; 0,0; 0,0; 0,0;VDV1: Strecke 2 - Gleis 2 - Strecke 1;0,648000;82216,0;  0,0;2845,2;  0,0;1,030;1,00;1,00;"80 0622-19.0;";0;ETCS fallend;;;False;ETCS fallend;False;00:51:48;00:51:48;-;-;False;-;-;3108;3108
22860;ETCS fallend;0/00:51:48;0/00:51:48;00:52;00:52;00:52;00:52;-;40,36;39,18;65,00;-;65,00;-;V;-;VDV1 7.140 01W1 Weiche, lt=25m, Anfang <7.140 01W1 Weiche, Stamm/7.140 01W1 Weiche, Abzweig links>; Ref(30054)=<S1|0,000/+0|GE|3521-0|2>  Anfang(30054)=<S1|0,000/+0|GE|3521-0|2>  Ende(22885)=<VDV1|7,115/+0|ZSS||1> ;VDV1;VDV 1;0/00:18:22;-;140,00;1,0000;1,030;-;-;54,0;118,0;ETCS L1;False;False;0;-; 0,0; 0,0; 0,0;VDV1: Strecke 2 - Gleis 2 - Strecke 1;0,648000;82216,0;  0,0;2845,2;  0,0;1,030;1,00;1,00;"80 0622-19.0;";0;ETCS fallend;3521;;True;ETCS fallend;False;00:51:48;00:51:48;-;-;False;-;Betriebsstellengrenze 3521-0 - Weiche 01W1 A (3521);3108;3108
22863;ETCS fallend;0/00:51:48;0/00:51:48;00:52;00:52;00:52;00:52;-;41,00;39,81;65,00;-;65,00;-;V;-;;;VDV1;VDV 1;0/00:18:22;-;140,00;1,0000;1,030;-;-;54,0;118,0;ETCS L1;False;False;0;-; 0,0; 0,0; 0,0;VDV1: Strecke 2 - Gleis 2 - Strecke 1;0,548000;82216,0;  0,0;2869,0;  0,0;1,030;1,00;1,00;"80 0622-19.0;";0;ETCS fallend;;;False;ETCS fallend;False;00:51:48;00:51:48;-;-;False;-;-;3108;3108
22869;ETCS fallend;0/00:51:49;0/00:51:49;00:52;00:52;00:52;00:52;-;42,03;40,81;65,00;-;65,00;-;V;-;VDV1 7.185  Zugschlussstelle, Fallend, Signal, Fa=3.00s, SvL; Ref(22815)=<VDV1|7,185/+0|ZSS||1>  Ende(22869)=<VDV1|7,185/+0|ZSS||1> ;VDV1;VDV 1;0/00:18:23;-;140,00;1,0000;1,030;-;-;54,0;118,0;ETCS L1;False;False;54;-; 0,0; 0,0; 0,0;VDV1: Strecke 2 - Gleis 2 - Strecke 1;0,497000;69678,8;  0,0;2908,0;  0,0;1,030;1,00;1,00;"80 0622-19.0;";0;ETCS fallend;3521;;True;ETCS fallend;False;00:51:49;00:51:49;-;-;False;-;Weiche 01W1 B - Weiche 01W2 B (3521);3109;3109
22875;ETCS fallend;0/00:51:49;0/00:51:49;00:52;00:52;00:52;00:52;-;43,00;41,75;65,00;-;65,00;-;V;-;;;VDV1;VDV 1;0/00:18:23;-;140,00;1,0000;1,030;-;-;54,0;118,0;ETCS L1;False;False;0;-; 0,0; 0,0; 0,0;VDV1: Strecke 2 - Gleis 2 - Strecke 1;0,433000;57872,0;  0,0;2945,3;  0,0;1,030;1,00;1,00;"80 0622-19.0;";0;ETCS fallend;;;False;ETCS fallend;False;00:51:49;00:51:49;-;-;False;-;-;3109;3109
22883;ETCS fallend;0/00:51:50;0/00:51:50;00:52;00:52;00:52;00:52;-;44,00;42,72;65,00;-;65,00;-;V;-;;;VDV1;VDV 1;0/00:18:24;-;140,00;1,0000;1,030;-;-;54,0;118,0;ETCS L1;False;False;0;-; 0,0; 0,0; 0,0;VDV1: Strecke 2 - Gleis 2 - Strecke 1;0,416000;54053,0;  0,0;2984,4;  0,0;1,030;1,00;1,00;"80 0622-19.0;";0;ETCS fallend;;;False;ETCS fallend;False;00:51:50;00:51:50;-;-;False;-;-;3110;3110
22885;ETCS fallend;0/00:51:50;0/00:51:50;00:52;00:52;00:52;00:52;-;44,24;42,95;65,00;-;65,00;-;V;-;VDV1 7.115  Zugschlussstelle, Fallend, Fahrstraße, Fa=3.00s, SvL; Ref(22939)=<VDV1|7,115/+0|ZSS||1>  Ende(22939)=<VDV1|7,115/+0|ZSS||1> ;VDV1;VDV 1;0/00:18:24;-;140,00;1,0000;1,030;-;-;54,0;118,0;ETCS L1;False;False;0;-; 0,0; 0,0; 0,0;VDV1: Strecke 2 - Gleis 2 - Strecke 1;0,416000;54053,0;  0,0;2993,9;  0,0;1,030;1,00;1,00;"80 0622-19.0;";0;ETCS fallend;3521;;False;ETCS fallend;False;00:51:50;00:51:50;-;-;False;-;Betriebsstellengrenze 3521-0 - Weiche 01W1 A (3521);3110;3110
22885;ETCS fallend;0/00:51:50;0/00:51:50;00:52;00:52;00:52;00:52;-;44,24;42,95;65,00;-;65,00;-;V;-;VDV1 7.115  Geschwindigkeit Zulässig, Fallend, v=80km/h, Wirkung ab hier, Alle; Ref(22959)=<VDV1|7,115/+0|VZ||1> ;VDV1;VDV 1;0/00:18:24;-;140,00;1,0000;1,030;-;-;54,0;118,0;ETCS L1;False;False;0;-; 0,0; 0,0; 0,0;VDV1: Strecke 2 - Gleis 2 - Strecke 1;0,416000;54053,0;  0,0;2993,9;  0,0;1,030;1,00;1,00;"80 0622-19.0;";0;ETCS fallend;3521;;False;ETCS fallend;False;00:51:50;00:51:50;-;-;False;-;Betriebsstellengrenze 3521-0 - Weiche 01W1 A (3521);3110;3110
22910;ETCS fallend;0/00:51:52;0/00:51:52;00:52;00:52;00:52;00:52;-;47,19;45,82;65,00;-;65,00;-;V;-;ETCS-Stützstelle;;VDV1;VDV 1;0/00:18:26;-;140,00;1,0000;1,030;-;-;54,0;118,0;ETCS L1;False;False;0;-; 0,0; 0,0; 0,0;VDV1: Strecke 2 - Gleis 2 - Strecke 1;0,415000;54053,0;  0,0;3113,6;  0,0;1,030;1,00;1,00;"80 0622-19.0;";0;ETCS fallend;;;False;ETCS fallend;False;00:51:52;00:51:52;-;-;False;-;-;3112;3112
22935;ETCS fallend;0/00:51:54;0/00:51:54;00:52;00:52;00:52;00:52;-;49,96;48,50;65,00;-;65,00;-;V;-;ETCS-Stützstelle;;VDV1;VDV 1;0/00:18:28;-;140,00;1,0000;1,030;-;-;54,0;118,0;ETCS L1;False;False;0;-; 0,0; 0,0; 0,0;VDV1: Strecke 2 - Gleis 2 - Strecke 1;0,414000;54053,0;  0,0;3231,3;  0,0;1,030;1,00;1,00;"80 0622-19.0;";0;ETCS fallend;;;False;ETCS fallend;False;00:51:54;00:51:54;-;-;False;-;-;3114;3114
22939;ETCS fallend;0/00:51:54;0/00:51:54;00:52;00:52;00:52;00:52;-;50,39;48,92;65,00;-;65,00;-;V;-;VDV1 7.115  Zugschlussstelle, Fallend, Fahrstraße, Fa=3.00s, SvL; Ref(22885)=<VDV1|7,115/+0|ZSS||1>  Ende(22939)=<VDV1|7,115/+0|ZSS||1> ;VDV1;VDV 1;0/00:18:28;-;140,00;1,0000;1,030;-;-;54,0;118,0;ETCS L1;False;False;54;-; 0,0; 0,0; 0,0;VDV1: Strecke 2 - Gleis 2 - Strecke 1;0,414000;54053,0;  0,0;3250,0;  0,0;1,030;1,00;1,00;"80 0622-19.0;";0;ETCS fallend;3521;;True;ETCS fallend;False;00:51:54;00:51:54;-;-;False;-;Betriebsstellengrenze 3521-0 - Weiche 01W1 A (3521);3114;3114
22959;ETCS fallend;0/00:51:56;0/00:51:56;00:52;00:52;00:52;00:52;-;52,48;50,95;80,00;-;80,00;-;V;-;VDV1 7.115  Geschwindigkeit Zulässig, Fallend, v=80km/h, Wirkung ab hier, Alle; Ref(22885)=<VDV1|7,115/+0|VZ||1> ;VDV1;VDV 1;0/00:18:30;-;140,00;1,0000;1,030;-;-;54,0;118,0;ETCS L1;False;False;74;-; 0,0; 0,0; 0,0;VDV1: Strecke 2 - Gleis 2 - Strecke 1;0,413000;54053,0;  0,0;3342,7;  0,0;1,030;1,00;1,00;"80 0622-19.0;";0;ETCS fallend;3521;;True;ETCS fallend;False;00:51:56;00:51:56;-;-;False;-;Betriebsstellengrenze 3521-0 - Weiche 01W1 A (3521);3116;3116
22984;ETCS fallend;0/00:51:57;0/00:51:57;00:52;00:52;00:52;00:52;-;54,97;53,37;80,00;-;80,00;-;V;-;ETCS-Stützstelle;;VDV1;VDV 1;0/00:18:31;-;140,00;1,0000;1,030;-;-;54,0;118,0;ETCS L1;False;False;74;-; 0,0; 0,0; 0,0;VDV1: Strecke 2 - Gleis 2 - Strecke 1;0,412000;54053,0;  0,0;3456,9;  0,0;1,030;1,00;1,00;"80 0622-19.0;";0;ETCS fallend;;;False;ETCS fallend;False;00:51:57;00:51:57;-;-;False;-;-;3117;3117
23009;ETCS fallend;0/00:51:59;0/00:51:59;00:52;00:52;00:52;00:52;-;57,35;55,68;80,00;-;80,00;-;V;-;ETCS-Stützstelle;;VDV1;VDV 1;0/00:18:33;-;140,00;1,0000;1,030;-;-;54,0;118,0;ETCS L1;False;False;74;-; 0,0; 0,0; 0,0;VDV1: Strecke 2 - Gleis 2 - Strecke 1;0,411000;54053,0;  0,0;3569,9;  0,0;1,030;1,00;1,00;"80 0622-19.0;";0;ETCS fallend;;;False;ETCS fallend;False;00:51:59;00:51:59;-;-;False;-;-;3119;3119
23034;ETCS fallend;0/00:52:01;0/00:52:01;00:52;00:52;00:52;00:52;-;59,63;57,89;80,00;-;80,00;-;V;-;ETCS-Stützstelle;;VDV1;VDV 1;0/00:18:35;-;140,00;1,0000;1,030;-;-;54,0;118,0;ETCS L1;False;False;74;-; 0,0; 0,0; 0,0;VDV1: Strecke 2 - Gleis 2 - Strecke 1;0,411000;54053,0;  0,0;3681,6;  0,0;1,030;1,00;1,00;"80 0622-19.0;";0;ETCS fallend;;;False;ETCS fallend;False;00:52:01;00:52:01;-;-;False;-;-;3121;3121
23059;ETCS fallend;0/00:52:02;0/00:52:02;00:52;00:52;00:52;00:52;-;61,82;60,02;80,00;-;80,00;-;V;-;ETCS-Stützstelle;;VDV1;VDV 1;0/00:18:36;-;140,00;1,0000;1,030;-;-;54,0;118,0;ETCS L1;False;False;74;-; 0,0; 0,0; 0,0;VDV1: Strecke 2 - Gleis 2 - Strecke 1;0,410000;54053,0;  0,0;3792,2;  0,0;1,030;1,00;1,00;"80 0622-19.0;";0;ETCS fallend;;;False;ETCS fallend;False;00:52:02;00:52:02;-;-;False;-;-;3122;3122
23073;ETCS fallend;0/00:52:03;0/00:52:03;00:52;00:52;00:52;00:52;-;63,00;61,17;80,00;-;80,00;-;V;-;;;VDV1;VDV 1;0/00:18:37;-;140,00;1,0000;1,030;-;-;54,0;118,0;ETCS L1;False;False;0;-; 0,0; 0,0; 0,0;VDV1: Strecke 2 - Gleis 2 - Strecke 1;0,367000;54053,0;  0,0;3853,1;  0,0;1,030;1,00;1,00;"80 0622-19.0;";0;ETCS fallend;;;False;ETCS fallend;False;00:52:03;00:52:03;-;-;False;-;-;3123;3123
23084;ETCS fallend;0/00:52:04;0/00:52:04;00:52;00:52;00:52;00:52;-;63,82;61,96;80,00;-;80,00;-;V;-;ETCS-Stützstelle;;VDV1;VDV 1;0/00:18:38;-;140,00;1,0000;1,030;-;-;54,0;118,0;ETCS L1;False;False;74;-; 0,0; 0,0; 0,0;VDV1: Strecke 2 - Gleis 2 - Strecke 1;0,349000;49737,3;  0,0;3895,9;  0,0;1,030;1,00;1,00;"80 0622-19.0;";0;ETCS fallend;;;False;ETCS fallend;False;00:52:04;00:52:04;-;-;False;-;-;3124;3124
23101;ETCS fallend;0/00:52:05;0/00:52:05;00:52;00:52;00:52;00:52;-;65,00;63,11;80,00;-;80,00;-;V;-;;;VDV1;VDV 1;0/00:18:38;-;140,00;1,0000;1,030;-;-;54,0;118,0;ETCS L1;False;False;0;-; 0,0; 0,0; 0,0;VDV1: Strecke 2 - Gleis 2 - Strecke 1;0,323000;43527,0;  0,0;3958,3;  0,0;1,030;1,00;1,00;"80 0622-19.0;";0;ETCS fallend;;;False;ETCS fallend;False;00:52:05;00:52:05;-;-;False;-;-;3125;3125
23109;ETCS fallend;0/00:52:05;0/00:52:05;00:52;00:52;00:52;00:52;-;65,51;63,60;80,00;-;80,00;-;V;-;ETCS-Stützstelle;;VDV1;VDV 1;0/00:18:39;-;140,00;1,0000;1,030;-;-;54,0;118,0;ETCS L1;False;False;74;-; 0,0; 0,0; 0,0;VDV1: Strecke 2 - Gleis 2 - Strecke 1;0,322000;43508,6;  0,0;3985,6;  0,0;1,030;1,00;1,00;"80 0622-19.0;";0;ETCS fallend;;;False;ETCS fallend;False;00:52:05;00:52:05;-;-;False;-;-;3125;3125
23133;ETCS fallend;0/00:52:06;0/00:52:06;00:52;00:52;00:52;00:52;-;67,00;65,05;80,00;-;80,00;-;V;-;;;VDV1;VDV 1;0/00:18:40;-;140,00;1,0000;1,030;-;-;54,0;118,0;ETCS L1;False;False;0;-; 0,0; 0,0; 0,0;VDV1: Strecke 2 - Gleis 2 - Strecke 1;0,321000;43480,0;  0,0;4066,2;  0,0;1,030;1,00;1,00;"80 0622-19.0;";0;ETCS fallend;;;False;ETCS fallend;False;00:52:06;00:52:06;-;-;False;-;-;3126;3126
23134;ETCS fallend;0/00:52:06;0/00:52:06;00:52;00:52;00:52;00:52;-;67,06;65,11;80,00;-;80,00;-;V;-;ETCS-Stützstelle;;VDV1;VDV 1;0/00:18:40;-;140,00;1,0000;1,030;-;-;54,0;118,0;ETCS L1;False;False;74;-; 0,0; 0,0; 0,0;VDV1: Strecke 2 - Gleis 2 - Strecke 1;0,321000;43479,4;  0,0;4069,5;  0,0;1,030;1,00;1,00;"80 0622-19.0;";0;ETCS fallend;;;False;ETCS fallend;False;00:52:06;00:52:06;-;-;False;-;-;3126;3126
23159;ETCS fallend;0/00:52:08;0/00:52:08;00:52;00:52;00:52;00:52;-;68,59;66,59;80,00;-;80,00;-;V;-;ETCS-Stützstelle;;VDV1;VDV 1;0/00:18:42;-;140,00;1,0000;1,030;-;-;54,0;118,0;ETCS L1;False;False;74;-; 0,0; 0,0; 0,0;VDV1: Strecke 2 - Gleis 2 - Strecke 1;0,321000;43449,4;  0,0;4153,9;  0,0;1,030;1,00;1,00;"80 0622-19.0;";0;ETCS fallend;;;False;ETCS fallend;False;00:52:08;00:52:08;-;-;False;-;-;3128;3128
23166;ETCS fallend;0/00:52:08;0/00:52:08;00:52;00:52;00:52;00:52;-;69,00;66,99;80,00;-;80,00;-;V;-;;;VDV1;VDV 1;0/00:18:42;-;140,00;1,0000;1,030;-;-;54,0;118,0;ETCS L1;False;False;0;-; 0,0; 0,0; 0,0;VDV1: Strecke 2 - Gleis 2 - Strecke 1;0,320000;43437,0;  0,0;4176,8;  0,0;1,030;1,00;1,00;"80 0622-19.0;";0;ETCS fallend;;;False;ETCS fallend;False;00:52:08;00:52:08;-;-;False;-;-;3128;3128
23184;ETCS fallend;0/00:52:09;0/00:52:09;00:52;00:52;00:52;00:52;-;70,07;68,03;80,00;-;80,00;-;V;-;ETCS-Stützstelle;;VDV1;VDV 1;0/00:18:43;-;140,00;1,0000;1,030;-;-;54,0;118,0;ETCS L1;False;False;74;-; 0,0; 0,0; 0,0;VDV1: Strecke 2 - Gleis 2 - Strecke 1;0,319000;43365,6;  0,0;4237,0;  0,0;1,030;1,00;1,00;"80 0622-19.0;";0;ETCS fallend;;;False;ETCS fallend;False;00:52:09;00:52:09;-;-;False;-;-;3129;3129
23200;ETCS fallend;0/00:52:10;0/00:52:10;00:52;00:52;00:52;00:52;-;71,00;68,93;80,00;-;80,00;-;V;-;;;VDV1;VDV 1;0/00:18:44;-;140,00;1,0000;1,030;-;-;54,0;118,0;ETCS L1;False;False;0;-; 0,0; 0,0; 0,0;VDV1: Strecke 2 - Gleis 2 - Strecke 1;0,318000;43312,0;  0,0;4290,0;  0,0;1,030;1,00;1,00;"80 0622-19.0;";0;ETCS fallend;;;False;ETCS fallend;False;00:52:10;00:52:10;-;-;False;-;-;3130;3130
23209;ETCS fallend;0/00:52:10;0/00:52:10;00:52;00:52;00:52;00:52;-;71,52;69,44;80,00;-;80,00;-;V;-;ETCS-Stützstelle;;VDV1;VDV 1;0/00:18:44;-;140,00;1,0000;1,030;-;-;54,0;118,0;ETCS L1;False;False;74;-; 0,0; 0,0; 0,0;VDV1: Strecke 2 - Gleis 2 - Strecke 1;0,317000;43267,8;  0,0;4319,8;  0,0;1,030;1,00;1,00;"80 0622-19.0;";0;ETCS fallend;;;False;ETCS fallend;False;00:52:10;00:52:10;-;-;False;-;-;3130;3130
23234;ETCS fallend;0/00:52:12;0/00:52:12;00:52;00:52;00:52;00:52;-;72,94;70,82;80,00;-;80,00;-;V;-;ETCS-Stützstelle;;VDV1;VDV 1;0/00:18:45;-;140,00;1,0000;1,030;-;-;54,0;118,0;ETCS L1;False;False;74;-; 0,0; 0,0; 0,0;VDV1: Strecke 2 - Gleis 2 - Strecke 1;0,316000;43147,1;  0,0;4402,3;  0,0;1,030;1,00;1,00;"80 0622-19.0;";0;ETCS fallend;;;False;ETCS fallend;False;00:52:12;00:52:12;-;-;False;-;-;3132;3132
23235;ETCS fallend;0/00:52:12;0/00:52:12;00:52;00:52;00:52;00:52;-;73,00;70,87;80,00;-;80,00;-;V;-;;;VDV1;VDV 1;0/00:18:45;-;140,00;1,0000;1,030;-;-;54,0;118,0;ETCS L1;False;False;0;-; 0,0; 0,0; 0,0;VDV1: Strecke 2 - Gleis 2 - Strecke 1;0,315000;43142,0;  0,0;4405,8;  0,0;1,030;1,00;1,00;"80 0622-19.0;";0;ETCS fallend;;;False;ETCS fallend;False;00:52:12;00:52:12;-;-;False;-;-;3132;3132
23259;ETCS fallend;0/00:52:13;0/00:52:13;00:52;00:52;00:52;00:52;-;74,33;72,17;80,00;-;80,00;-;V;-;ETCS-Stützstelle;;VDV1;VDV 1;0/00:18:47;-;140,00;1,0000;1,030;-;-;54,0;118,0;ETCS L1;False;False;74;-; 0,0; 0,0; 0,0;VDV1: Strecke 2 - Gleis 2 - Strecke 1;0,314000;43028,9;  0,0;4484,3;  0,0;1,030;1,00;1,00;"80 0622-19.0;";0;ETCS fallend;;;False;ETCS fallend;False;00:52:13;00:52:13;-;-;False;-;-;3133;3133
23271;ETCS fallend;0/00:52:14;0/00:52:14;00:52;00:52;00:52;00:52;-;75,00;72,82;80,00;-;80,00;-;V;-;;;VDV1;VDV 1;0/00:18:47;-;140,00;1,0000;1,030;-;-;54,0;118,0;ETCS L1;False;False;0;-; 0,0; 0,0; 0,0;VDV1: Strecke 2 - Gleis 2 - Strecke 1;0,313000;42980,0;  0,0;4524,2;  0,0;1,030;1,00;1,00;"80 0622-19.0;";0;ETCS fallend;;;False;ETCS fallend;False;00:52:14;00:52:14;-;-;False;-;-;3134;3134
23284;ETCS fallend;0/00:52:14;0/00:52:14;00:52;00:52;00:52;00:52;-;75,70;73,50;80,00;-;80,00;-;V;-;ETCS-Stützstelle;;VDV1;VDV 1;0/00:18:48;-;140,00;1,0000;1,030;-;-;54,0;118,0;ETCS L1;False;False;74;-; 0,0; 0,0; 0,0;VDV1: Strecke 2 - Gleis 2 - Strecke 1;0,312000;42933,8;  0,0;4566,3;  0,0;1,030;1,00;1,00;"80 0622-19.0;";0;ETCS fallend;;;False;ETCS fallend;False;00:52:14;00:52:14;-;-;False;-;-;3134;3134
23309;ETCS fallend;0/00:52:15;0/00:52:15;00:52;00:52;00:52;00:52;-;77,00;74,76;80,00;-;80,00;-;V;-;ETCS-Stützstelle;;VDV1;VDV 1;0/00:18:49;-;140,00;1,0000;1,030;-;-;54,0;118,0;ETCS L1;False;False;74;-; 0,0; 0,0; 0,0;VDV1: Strecke 2 - Gleis 2 - Strecke 1;0,309000;42744,0;  0,0;4645,3;  0,0;1,030;1,00;1,00;"80 0622-19.0;";0;ETCS fallend;;;False;ETCS fallend;False;00:52:15;00:52:15;-;-;False;-;-;3135;3135
23334;ETCS fallend;0/00:52:17;0/00:52:17;00:52;00:52;00:52;00:52;-;78,29;76,01;80,00;-;80,00;-;V;-;ETCS-Stützstelle;;VDV1;VDV 1;0/00:18:50;-;140,00;1,0000;1,030;-;-;54,0;118,0;ETCS L1;False;False;74;-; 0,0; 0,0; 0,0;VDV1: Strecke 2 - Gleis 2 - Strecke 1;0,308000;42483,0;  0,0;4724,8;  0,0;1,030;1,00;1,00;"80 0622-19.0;";0;ETCS fallend;;;False;ETCS fallend;False;00:52:17;00:52:17;-;-;False;-;-;3137;3137
23348;ETCS fallend;0/00:52:17;0/00:52:17;00:52;00:52;00:52;00:52;-;79,00;76,70;80,00;-;80,00;-;V;-;;;VDV1;VDV 1;0/00:18:51;-;140,00;1,0000;1,030;-;-;54,0;118,0;ETCS L1;False;False;0;-; 0,0; 0,0; 0,0;VDV1: Strecke 2 - Gleis 2 - Strecke 1;0,306000;42323,0;  0,0;4769,1;  0,0;1,030;1,00;1,00;"80 0622-19.0;";0;ETCS fallend;;;False;ETCS fallend;False;00:52:17;00:52:17;-;-;False;-;-;3137;3137
23359;ETCS fallend;0/00:52:18;0/00:52:18;00:52;00:52;00:52;00:52;-;79,55;77,23;80,00;-;80,00;-;V;-;ETCS-Stützstelle;;VDV1;VDV 1;0/00:18:51;-;140,00;1,0000;1,030;-;-;54,0;118,0;ETCS L1;False;False;74;-; 0,0; 0,0; 0,0;VDV1: Strecke 2 - Gleis 2 - Strecke 1;0,305000;42205,2;  0,0;4803,5;  0,0;1,030;1,00;1,00;"80 0622-19.0;";0;ETCS fallend;;;False;ETCS fallend;False;00:52:18;00:52:18;-;-;False;-;-;3138;3138
23368;ETCS fallend;0/00:52:18;0/00:52:18;00:52;00:52;00:52;00:52;-;80,00;77,67;80,00;-;80,00;-;K;-;;;VDV1;VDV 1;0/00:18:52;-;140,00;1,0000;1,030;-;-;54,0;118,0;ETCS L1;False;False;0;-; 0,0; 0,0; 0,0;VDV1: Strecke 2 - Gleis 2 - Strecke 1;0,000000;42110,0;  0,0;4831,9;  0,0;1,030;1,00;1,00;"80 0622-19.0;";0;ETCS fallend;;;False;ETCS fallend;False;00:52:18;00:52:18;-;-;False;-;-;3138;3138
23384;ETCS fallend;0/00:52:19;0/00:52:19;00:52;00:52;00:52;00:52;-;80,00;77,67;80,00;-;80,00;-;K;-;ETCS-Stützstelle;;VDV1;VDV 1;0/00:18:52;-;140,00;1,0000;1,030;-;-;54,0;118,0;ETCS L1;False;False;74;-; 0,0; 0,0; 0,0;VDV1: Strecke 2 - Gleis 2 - Strecke 1;0,000000;42110,0;  0,0;4831,9;  0,0;1,030;1,00;1,00;"80 0622-19.0;";0;ETCS fallend;;;False;ETCS fallend;False;00:52:19;00:52:19;-;-;False;-;-;3139;3139
23409;ETCS fallend;0/00:52:20;0/00:52:20;00:52;00:52;00:52;00:52;-;80,00;77,67;80,00;-;80,00;-;K;-;ETCS-Stützstelle;;VDV1;VDV 1;0/00:18:54;-;140,00;1,0000;1,030;-;-;54,0;118,0;ETCS L1;False;False;74;-; 0,0; 0,0; 0,0;VDV1: Strecke 2 - Gleis 2 - Strecke 1;0,000000;42110,0;  0,0;4831,9;  0,0;1,030;1,00;1,00;"80 0622-19.0;";0;ETCS fallend;;;False;ETCS fallend;False;00:52:20;00:52:20;-;-;False;-;-;3140;3140
23434;ETCS fallend;0/00:52:21;0/00:52:21;00:52;00:52;00:52;00:52;-;80,00;77,67;80,00;-;80,00;-;K;-;ETCS-Stützstelle;;VDV1;VDV 1;0/00:18:55;-;140,00;1,0000;1,030;-;-;54,0;118,0;ETCS L1;False;False;74;-; 0,0; 0,0; 0,0;VDV1: Strecke 2 - Gleis 2 - Strecke 1;0,000000;42110,0;  0,0;4831,9;  0,0;1,030;1,00;1,00;"80 0622-19.0;";0;ETCS fallend;;;False;ETCS fallend;False;00:52:21;00:52:21;-;-;False;-;-;3141;3141
23459;ETCS fallend;0/00:52:22;0/00:52:22;00:52;00:52;00:52;00:52;-;80,00;77,67;80,00;-;80,00;-;K;-;ETCS-Stützstelle;;VDV1;VDV 1;0/00:18:56;-;140,00;1,0000;1,030;-;-;54,0;118,0;ETCS L1;False;False;74;-; 0,0; 0,0; 0,0;VDV1: Strecke 2 - Gleis 2 - Strecke 1;0,000000;42110,0;  0,0;4831,9;  0,0;1,030;1,00;1,00;"80 0622-19.0;";0;ETCS fallend;;;False;ETCS fallend;False;00:52:22;00:52:22;-;-;False;-;-;3142;3142
23484;ETCS fallend;0/00:52:24;0/00:52:24;00:52;00:52;00:52;00:52;-;80,00;77,67;80,00;-;80,00;-;K;-;ETCS-Stützstelle;;VDV1;VDV 1;0/00:18:57;-;140,00;1,0000;1,030;-;-;54,0;118,0;ETCS L1;False;False;74;-; 0,0; 0,0; 0,0;VDV1: Strecke 2 - Gleis 2 - Strecke 1;0,000000;42110,0;  0,0;4831,9;  0,0;1,030;1,00;1,00;"80 0622-19.0;";0;ETCS fallend;;;False;ETCS fallend;False;00:52:24;00:52:24;-;-;False;-;-;3144;3144
23509;ETCS fallend;0/00:52:25;0/00:52:25;00:52;00:52;00:52;00:52;-;80,00;77,67;80,00;-;80,00;-;K;-;ETCS-Stützstelle;;VDV1;VDV 1;0/00:18:58;-;140,00;1,0000;1,030;-;-;54,0;118,0;ETCS L1;False;False;74;-; 0,0; 0,0; 0,0;VDV1: Strecke 2 - Gleis 2 - Strecke 1;0,000000;42110,0;  0,0;4831,9;  0,0;1,030;1,00;1,00;"80 0622-19.0;";0;ETCS fallend;;;False;ETCS fallend;False;00:52:25;00:52:25;-;-;False;-;-;3145;3145
23534;ETCS fallend;0/00:52:26;0/00:52:26;00:52;00:52;00:52;00:52;-;80,00;77,67;80,00;-;80,00;-;K;-;ETCS-Stützstelle;;VDV1;VDV 1;0/00:18:59;-;140,00;1,0000;1,030;-;-;54,0;118,0;ETCS L1;False;False;74;-; 0,0; 0,0; 0,0;VDV1: Strecke 2 - Gleis 2 - Strecke 1;0,000000;42110,0;  0,0;4831,9;  0,0;1,030;1,00;1,00;"80 0622-19.0;";0;ETCS fallend;;;False;ETCS fallend;False;00:52:26;00:52:26;-;-;False;-;-;3146;3146
23559;ETCS fallend;0/00:52:27;0/00:52:27;00:52;00:52;00:52;00:52;-;80,00;77,67;80,00;-;80,00;-;K;-;ETCS-Stützstelle;;VDV1;VDV 1;0/00:19:00;-;140,00;1,0000;1,030;-;-;54,0;118,0;ETCS L1;False;False;74;-; 0,0; 0,0; 0,0;VDV1: Strecke 2 - Gleis 2 - Strecke 1;0,000000;42110,0;  0,0;4831,9;  0,0;1,030;1,00;1,00;"80 0622-19.0;";0;ETCS fallend;;;False;ETCS fallend;False;00:52:27;00:52:27;-;-;False;-;-;3147;3147
23584;ETCS fallend;0/00:52:28;0/00:52:28;00:52;00:52;00:52;00:52;-;80,00;77,67;80,00;-;80,00;-;K;-;ETCS-Stützstelle;;VDV1;VDV 1;0/00:19:01;-;140,00;1,0000;1,030;-;-;54,0;118,0;ETCS L1;False;False;74;-; 0,0; 0,0; 0,0;VDV1: Strecke 2 - Gleis 2 - Strecke 1;0,000000;42110,0;  0,0;4831,9;  0,0;1,030;1,00;1,00;"80 0622-19.0;";0;ETCS fallend;;;False;ETCS fallend;False;00:52:28;00:52:28;-;-;False;-;-;3148;3148
23609;ETCS fallend;0/00:52:29;0/00:52:29;00:52;00:52;00:52;00:52;-;80,00;77,67;80,00;-;80,00;-;K;-;ETCS-Stützstelle;;VDV1;VDV 1;0/00:19:03;-;140,00;1,0000;1,030;-;-;54,0;118,0;ETCS L1;False;False;74;-; 0,0; 0,0; 0,0;VDV1: Strecke 2 - Gleis 2 - Strecke 1;0,000000;42110,0;  0,0;4831,9;  0,0;1,030;1,00;1,00;"80 0622-19.0;";0;ETCS fallend;;;False;ETCS fallend;False;00:52:29;00:52:29;-;-;False;-;-;3149;3149
23634;ETCS fallend;0/00:52:31;0/00:52:31;00:53;00:53;00:53;00:53;-;80,00;77,67;80,00;-;80,00;-;K;-;ETCS-Stützstelle;;VDV1;VDV 1;0/00:19:04;-;140,00;1,0000;1,030;-;-;54,0;118,0;ETCS L1;False;False;74;-; 0,0; 0,0; 0,0;VDV1: Strecke 2 - Gleis 2 - Strecke 1;0,000000;42110,0;  0,0;4831,9;  0,0;1,030;1,00;1,00;"80 0622-19.0;";0;ETCS fallend;;;False;ETCS fallend;False;00:52:31;00:52:31;-;-;False;-;-;3151;3151
23659;ETCS fallend;0/00:52:32;0/00:52:32;00:53;00:53;00:53;00:53;-;80,00;77,67;80,00;-;80,00;-;K;-;ETCS-Stützstelle;;VDV1;VDV 1;0/00:19:05;-;140,00;1,0000;1,030;-;-;54,0;118,0;ETCS L1;False;False;74;-; 0,0; 0,0; 0,0;VDV1: Strecke 2 - Gleis 2 - Strecke 1;0,000000;42110,0;  0,0;4831,9;  0,0;1,030;1,00;1,00;"80 0622-19.0;";0;ETCS fallend;;;False;ETCS fallend;False;00:52:32;00:52:32;-;-;False;-;-;3152;3152
23684;ETCS fallend;0/00:52:33;0/00:52:33;00:53;00:53;00:53;00:53;-;80,00;77,67;80,00;-;80,00;-;K;-;ETCS-Stützstelle;;VDV1;VDV 1;0/00:19:06;-;140,00;1,0000;1,030;-;-;54,0;118,0;ETCS L1;False;False;74;-; 0,0; 0,0; 0,0;VDV1: Strecke 2 - Gleis 2 - Strecke 1;0,000000;42110,0;  0,0;4831,9;  0,0;1,030;1,00;1,00;"80 0622-19.0;";0;ETCS fallend;;;False;ETCS fallend;False;00:52:33;00:52:33;-;-;False;-;-;3153;3153
23709;ETCS fallend;0/00:52:34;0/00:52:34;00:53;00:53;00:53;00:53;-;80,00;77,67;80,00;-;80,00;-;K;-;ETCS-Stützstelle;;VDV1;VDV 1;0/00:19:07;-;140,00;1,0000;1,030;-;-;54,0;118,0;ETCS L1;False;False;74;-; 0,0; 0,0; 0,0;VDV1: Strecke 2 - Gleis 2 - Strecke 1;0,000000;42110,0;  0,0;4831,9;  0,0;1,030;1,00;1,00;"80 0622-19.0;";0;ETCS fallend;;;False;ETCS fallend;False;00:52:34;00:52:34;-;-;False;-;-;3154;3154
23734;ETCS fallend;0/00:52:35;0/00:52:35;00:53;00:53;00:53;00:53;-;80,00;77,67;80,00;-;80,00;-;K;-;ETCS-Stützstelle;;VDV1;VDV 1;0/00:19:08;-;140,00;1,0000;1,030;-;-;54,0;118,0;ETCS L1;False;False;74;-; 0,0; 0,0; 0,0;VDV1: Strecke 2 - Gleis 2 - Strecke 1;0,000000;42110,0;  0,0;4831,9;  0,0;1,030;1,00;1,00;"80 0622-19.0;";0;ETCS fallend;;;False;ETCS fallend;False;00:52:35;00:52:35;-;-;False;-;-;3155;3155
23759;ETCS fallend;0/00:52:36;0/00:52:36;00:53;00:53;00:53;00:53;-;80,00;77,67;80,00;-;80,00;-;K;-;ETCS-Stützstelle;;VDV1;VDV 1;0/00:19:09;-;140,00;1,0000;1,030;-;-;54,0;118,0;ETCS L1;False;False;74;-; 0,0; 0,0; 0,0;VDV1: Strecke 2 - Gleis 2 - Strecke 1;0,000000;42110,0;  0,0;4831,9;  0,0;1,030;1,00;1,00;"80 0622-19.0;";0;ETCS fallend;;;False;ETCS fallend;False;00:52:36;00:52:36;-;-;False;-;-;3156;3156
23784;ETCS fallend;0/00:52:37;0/00:52:37;00:53;00:53;00:53;00:53;-;80,00;77,67;80,00;-;80,00;-;K;-;ETCS-Stützstelle;;VDV1;VDV 1;0/00:19:10;-;140,00;1,0000;1,030;-;-;54,0;118,0;ETCS L1;False;False;74;-; 0,0; 0,0; 0,0;VDV1: Strecke 2 - Gleis 2 - Strecke 1;0,000000;42110,0;  0,0;4831,9;  0,0;1,030;1,00;1,00;"80 0622-19.0;";0;ETCS fallend;;;False;ETCS fallend;False;00:52:37;00:52:37;-;-;False;-;-;3157;3157
23809;ETCS fallend;0/00:52:39;0/00:52:39;00:53;00:53;00:53;00:53;-;80,00;77,67;80,00;-;80,00;-;K;-;ETCS-Stützstelle;;VDV1;VDV 1;0/00:19:12;-;140,00;1,0000;1,030;-;-;54,0;118,0;ETCS L1;False;False;74;-; 0,0; 0,0; 0,0;VDV1: Strecke 2 - Gleis 2 - Strecke 1;0,000000;42110,0;  0,0;4831,9;  0,0;1,030;1,00;1,00;"80 0622-19.0;";0;ETCS fallend;;;False;ETCS fallend;False;00:52:39;00:52:39;-;-;False;-;-;3159;3159
23834;ETCS fallend;0/00:52:40;0/00:52:40;00:53;00:53;00:53;00:53;-;80,00;77,67;80,00;-;80,00;-;K;-;ETCS-Stützstelle;;VDV1;VDV 1;0/00:19:13;-;140,00;1,0000;1,030;-;-;54,0;118,0;ETCS L1;False;False;74;-; 0,0; 0,0; 0,0;VDV1: Strecke 2 - Gleis 2 - Strecke 1;0,000000;42110,0;  0,0;4831,9;  0,0;1,030;1,00;1,00;"80 0622-19.0;";0;ETCS fallend;;;False;ETCS fallend;False;00:52:40;00:52:40;-;-;False;-;-;3160;3160
23859;ETCS fallend;0/00:52:41;0/00:52:41;00:53;00:53;00:53;00:53;-;80,00;77,67;80,00;-;80,00;-;K;-;ETCS-Stützstelle;;VDV1;VDV 1;0/00:19:14;-;140,00;1,0000;1,030;-;-;54,0;118,0;ETCS L1;False;False;74;-; 0,0; 0,0; 0,0;VDV1: Strecke 2 - Gleis 2 - Strecke 1;0,000000;42110,0;  0,0;4831,9;  0,0;1,030;1,00;1,00;"80 0622-19.0;";0;ETCS fallend;;;False;ETCS fallend;False;00:52:41;00:52:41;-;-;False;-;-;3161;3161
23884;ETCS fallend;0/00:52:42;0/00:52:42;00:53;00:53;00:53;00:53;-;80,00;77,67;80,00;-;80,00;-;K;-;ETCS-Stützstelle;;VDV1;VDV 1;0/00:19:15;-;140,00;1,0000;1,030;-;-;54,0;118,0;ETCS L1;False;False;74;-; 0,0; 0,0; 0,0;VDV1: Strecke 2 - Gleis 2 - Strecke 1;0,000000;42110,0;  0,0;4831,9;  0,0;1,030;1,00;1,00;"80 0622-19.0;";0;ETCS fallend;;;False;ETCS fallend;False;00:52:42;00:52:42;-;-;False;-;-;3162;3162
23909;ETCS fallend;0/00:52:43;0/00:52:43;00:53;00:53;00:53;00:53;-;80,00;77,67;80,00;-;80,00;-;K;-;ETCS-Stützstelle;;VDV1;VDV 1;0/00:19:16;-;140,00;1,0000;1,030;-;-;54,0;118,0;ETCS L1;False;False;74;-; 0,0; 0,0; 0,0;VDV1: Strecke 2 - Gleis 2 - Strecke 1;0,000000;42110,0;  0,0;4831,9;  0,0;1,030;1,00;1,00;"80 0622-19.0;";0;ETCS fallend;;;False;ETCS fallend;False;00:52:43;00:52:43;-;-;False;-;-;3163;3163
23934;ETCS fallend;0/00:52:44;0/00:52:44;00:53;00:53;00:53;00:53;-;80,00;77,67;80,00;-;80,00;-;K;-;ETCS-Stützstelle;;VDV1;VDV 1;0/00:19:17;-;140,00;1,0000;1,030;-;-;54,0;118,0;ETCS L1;False;False;74;-; 0,0; 0,0; 0,0;VDV1: Strecke 2 - Gleis 2 - Strecke 1;0,000000;42110,0;  0,0;4831,9;  0,0;1,030;1,00;1,00;"80 0622-19.0;";0;ETCS fallend;;;False;ETCS fallend;False;00:52:44;00:52:44;-;-;False;-;-;3164;3164
23959;ETCS fallend;0/00:52:46;0/00:52:46;00:53;00:53;00:53;00:53;-;80,00;77,67;80,00;-;80,00;-;K;-;ETCS-Stützstelle;;VDV1;VDV 1;0/00:19:18;-;140,00;1,0000;1,030;-;-;54,0;118,0;ETCS L1;False;False;74;-; 0,0; 0,0; 0,0;VDV1: Strecke 2 - Gleis 2 - Strecke 1;0,000000;42110,0;  0,0;4831,9;  0,0;1,030;1,00;1,00;"80 0622-19.0;";0;ETCS fallend;;;False;ETCS fallend;False;00:52:46;00:52:46;-;-;False;-;-;3166;3166
23984;ETCS fallend;0/00:52:47;0/00:52:47;00:53;00:53;00:53;00:53;-;80,00;77,67;80,00;-;80,00;-;K;-;ETCS-Stützstelle;;VDV1;VDV 1;0/00:19:19;-;140,00;1,0000;1,030;-;-;54,0;118,0;ETCS L1;False;False;74;-; 0,0; 0,0; 0,0;VDV1: Strecke 2 - Gleis 2 - Strecke 1;0,000000;42110,0;  0,0;4831,9;  0,0;1,030;1,00;1,00;"80 0622-19.0;";0;ETCS fallend;;;False;ETCS fallend;False;00:52:47;00:52:47;-;-;False;-;-;3167;3167
24009;ETCS fallend;0/00:52:48;0/00:52:48;00:53;00:53;00:53;00:53;-;80,00;77,67;80,00;-;80,00;-;K;-;ETCS-Stützstelle;;VDV1;VDV 1;0/00:19:21;-;140,00;1,0000;1,030;-;-;54,0;118,0;ETCS L1;False;False;74;-; 0,0; 0,0; 0,0;VDV1: Strecke 2 - Gleis 2 - Strecke 1;0,000000;42110,0;  0,0;4831,9;  0,0;1,030;1,00;1,00;"80 0622-19.0;";0;ETCS fallend;;;False;ETCS fallend;False;00:52:48;00:52:48;-;-;False;-;-;3168;3168
24034;ETCS fallend;0/00:52:49;0/00:52:49;00:53;00:53;00:53;00:53;-;80,00;77,67;80,00;-;80,00;-;K;-;ETCS-Stützstelle;;VDV1;VDV 1;0/00:19:22;-;140,00;1,0000;1,030;-;-;54,0;118,0;ETCS L1;False;False;74;-; 0,0; 0,0; 0,0;VDV1: Strecke 2 - Gleis 2 - Strecke 1;0,000000;42110,0;  0,0;4831,9;  0,0;1,030;1,00;1,00;"80 0622-19.0;";0;ETCS fallend;;;False;ETCS fallend;False;00:52:49;00:52:49;-;-;False;-;-;3169;3169
24059;ETCS fallend;0/00:52:50;0/00:52:50;00:53;00:53;00:53;00:53;-;80,00;77,67;80,00;-;80,00;-;K;-;ETCS-Stützstelle;;VDV1;VDV 1;0/00:19:23;-;140,00;1,0000;1,030;-;-;54,0;118,0;ETCS L1;False;False;74;-; 0,0; 0,0; 0,0;VDV1: Strecke 2 - Gleis 2 - Strecke 1;0,000000;42110,0;  0,0;4831,9;  0,0;1,030;1,00;1,00;"80 0622-19.0;";0;ETCS fallend;;;False;ETCS fallend;False;00:52:50;00:52:50;-;-;False;-;-;3170;3170
24084;ETCS fallend;0/00:52:51;0/00:52:51;00:53;00:53;00:53;00:53;-;80,00;77,67;80,00;-;80,00;-;K;-;ETCS-Stützstelle;;VDV1;VDV 1;0/00:19:24;-;140,00;1,0000;1,030;-;-;54,0;118,0;ETCS L1;False;False;74;-; 0,0; 0,0; 0,0;VDV1: Strecke 2 - Gleis 2 - Strecke 1;0,000000;42110,0;  0,0;4831,9;  0,0;1,030;1,00;1,00;"80 0622-19.0;";0;ETCS fallend;;;False;ETCS fallend;False;00:52:51;00:52:51;-;-;False;-;-;3171;3171
24109;ETCS fallend;0/00:52:53;0/00:52:53;00:53;00:53;00:53;00:53;-;80,00;77,67;80,00;-;80,00;-;K;-;ETCS-Stützstelle;;VDV1;VDV 1;0/00:19:25;-;140,00;1,0000;1,030;-;-;54,0;118,0;ETCS L1;False;False;74;-; 0,0; 0,0; 0,0;VDV1: Strecke 2 - Gleis 2 - Strecke 1;0,000000;42110,0;  0,0;4831,9;  0,0;1,030;1,00;1,00;"80 0622-19.0;";0;ETCS fallend;;;False;ETCS fallend;False;00:52:53;00:52:53;-;-;False;-;-;3173;3173
24134;ETCS fallend;0/00:52:54;0/00:52:54;00:53;00:53;00:53;00:53;-;80,00;77,67;80,00;-;80,00;-;K;-;ETCS-Stützstelle;;VDV1;VDV 1;0/00:19:26;-;140,00;1,0000;1,030;-;-;54,0;118,0;ETCS L1;False;False;74;-; 0,0; 0,0; 0,0;VDV1: Strecke 2 - Gleis 2 - Strecke 1;0,000000;42110,0;  0,0;4831,9;  0,0;1,030;1,00;1,00;"80 0622-19.0;";0;ETCS fallend;;;False;ETCS fallend;False;00:52:54;00:52:54;-;-;False;-;-;3174;3174
24159;ETCS fallend;0/00:52:55;0/00:52:55;00:53;00:53;00:53;00:53;-;80,00;77,67;80,00;-;80,00;-;K;-;ETCS-Stützstelle;;VDV1;VDV 1;0/00:19:27;-;140,00;1,0000;1,030;-;-;54,0;118,0;ETCS L1;False;False;74;-; 0,0; 0,0; 0,0;VDV1: Strecke 2 - Gleis 2 - Strecke 1;0,000000;42110,0;  0,0;4831,9;  0,0;1,030;1,00;1,00;"80 0622-19.0;";0;ETCS fallend;;;False;ETCS fallend;False;00:52:55;00:52:55;-;-;False;-;-;3175;3175
24184;ETCS fallend;0/00:52:56;0/00:52:56;00:53;00:53;00:53;00:53;-;80,00;77,67;80,00;-;80,00;-;K;-;ETCS-Stützstelle;;VDV1;VDV 1;0/00:19:28;-;140,00;1,0000;1,030;-;-;54,0;118,0;ETCS L1;False;False;74;-; 0,0; 0,0; 0,0;VDV1: Strecke 2 - Gleis 2 - Strecke 1;0,000000;42110,0;  0,0;4831,9;  0,0;1,030;1,00;1,00;"80 0622-19.0;";0;ETCS fallend;;;False;ETCS fallend;False;00:52:56;00:52:56;-;-;False;-;-;3176;3176
24209;ETCS fallend;0/00:52:57;0/00:52:57;00:53;00:53;00:53;00:53;-;80,00;77,67;80,00;-;80,00;-;K;-;ETCS-Stützstelle;;VDV1;VDV 1;0/00:19:30;-;140,00;1,0000;1,030;-;-;54,0;118,0;ETCS L1;False;False;74;-; 0,0; 0,0; 0,0;VDV1: Strecke 2 - Gleis 2 - Strecke 1;0,000000;42110,0;  0,0;4831,9;  0,0;1,030;1,00;1,00;"80 0622-19.0;";0;ETCS fallend;;;False;ETCS fallend;False;00:52:57;00:52:57;-;-;False;-;-;3177;3177
24234;ETCS fallend;0/00:52:58;0/00:52:58;00:53;00:53;00:53;00:53;-;80,00;77,67;80,00;-;80,00;-;K;-;ETCS-Stützstelle;;VDV1;VDV 1;0/00:19:31;-;140,00;1,0000;1,030;-;-;54,0;118,0;ETCS L1;False;False;74;-; 0,0; 0,0; 0,0;VDV1: Strecke 2 - Gleis 2 - Strecke 1;0,000000;42110,0;  0,0;4831,9;  0,0;1,030;1,00;1,00;"80 0622-19.0;";0;ETCS fallend;;;False;ETCS fallend;False;00:52:58;00:52:58;-;-;False;-;-;3178;3178
24259;ETCS fallend;0/00:53:00;0/00:53:00;00:53;00:53;00:53;00:53;-;80,00;77,67;80,00;-;80,00;-;K;-;ETCS-Stützstelle;;VDV1;VDV 1;0/00:19:32;-;140,00;1,0000;1,030;-;-;54,0;118,0;ETCS L1;False;False;74;-; 0,0; 0,0; 0,0;VDV1: Strecke 2 - Gleis 2 - Strecke 1;0,000000;42110,0;  0,0;4831,9;  0,0;1,030;1,00;1,00;"80 0622-19.0;";0;ETCS fallend;;;False;ETCS fallend;False;00:53:00;00:53:00;-;-;False;-;-;3180;3180
24284;ETCS fallend;0/00:53:01;0/00:53:01;00:53;00:53;00:53;00:53;-;80,00;77,67;80,00;-;80,00;-;K;-;ETCS-Stützstelle;;VDV1;VDV 1;0/00:19:33;-;140,00;1,0000;1,030;-;-;54,0;118,0;ETCS L1;False;False;74;-; 0,0; 0,0; 0,0;VDV1: Strecke 2 - Gleis 2 - Strecke 1;0,000000;42110,0;  0,0;4831,9;  0,0;1,030;1,00;1,00;"80 0622-19.0;";0;ETCS fallend;;;False;ETCS fallend;False;00:53:01;00:53:01;-;-;False;-;-;3181;3181
24309;ETCS fallend;0/00:53:02;0/00:53:02;00:53;00:53;00:53;00:53;-;80,00;77,67;80,00;-;80,00;-;K;-;ETCS-Stützstelle;;VDV1;VDV 1;0/00:19:34;-;140,00;1,0000;1,030;-;-;54,0;118,0;ETCS L1;False;False;74;-; 0,0; 0,0; 0,0;VDV1: Strecke 2 - Gleis 2 - Strecke 1;0,000000;42110,0;  0,0;4831,9;  0,0;1,030;1,00;1,00;"80 0622-19.0;";0;ETCS fallend;;;False;ETCS fallend;False;00:53:02;00:53:02;-;-;False;-;-;3182;3182
24334;ETCS fallend;0/00:53:03;0/00:53:03;00:53;00:53;00:53;00:53;-;80,00;77,67;80,00;-;80,00;-;K;-;ETCS-Stützstelle;;VDV1;VDV 1;0/00:19:35;-;140,00;1,0000;1,030;-;-;54,0;118,0;ETCS L1;False;False;74;-; 0,0; 0,0; 0,0;VDV1: Strecke 2 - Gleis 2 - Strecke 1;0,000000;42110,0;  0,0;4831,9;  0,0;1,030;1,00;1,00;"80 0622-19.0;";0;ETCS fallend;;;False;ETCS fallend;False;00:53:03;00:53:03;-;-;False;-;-;3183;3183
24359;ETCS fallend;0/00:53:04;0/00:53:04;00:53;00:53;00:53;00:53;-;80,00;77,67;80,00;-;80,00;-;K;-;ETCS-Stützstelle;;VDV1;VDV 1;0/00:19:36;-;140,00;1,0000;1,030;-;-;54,0;118,0;ETCS L1;False;False;74;-; 0,0; 0,0; 0,0;VDV1: Strecke 2 - Gleis 2 - Strecke 1;0,000000;42110,0;  0,0;4831,9;  0,0;1,030;1,00;1,00;"80 0622-19.0;";0;ETCS fallend;;;False;ETCS fallend;False;00:53:04;00:53:04;-;-;False;-;-;3184;3184
24384;ETCS fallend;0/00:53:05;0/00:53:05;00:53;00:53;00:53;00:53;-;80,00;77,67;80,00;-;80,00;-;K;-;ETCS-Stützstelle;;VDV1;VDV 1;0/00:19:37;-;140,00;1,0000;1,030;-;-;54,0;118,0;ETCS L1;False;False;74;-; 0,0; 0,0; 0,0;VDV1: Strecke 2 - Gleis 2 - Strecke 1;0,000000;42110,0;  0,0;4831,9;  0,0;1,030;1,00;1,00;"80 0622-19.0;";0;ETCS fallend;;;False;ETCS fallend;False;00:53:05;00:53:05;-;-;False;-;-;3185;3185
24409;ETCS fallend;0/00:53:06;0/00:53:06;00:53;00:53;00:53;00:53;-;80,00;77,67;80,00;-;80,00;-;K;-;ETCS-Stützstelle;;VDV1;VDV 1;0/00:19:39;-;140,00;1,0000;1,030;-;-;54,0;118,0;ETCS L1;False;False;74;-; 0,0; 0,0; 0,0;VDV1: Strecke 2 - Gleis 2 - Strecke 1;0,000000;42110,0;  0,0;4831,9;  0,0;1,030;1,00;1,00;"80 0622-19.0;";0;ETCS fallend;;;False;ETCS fallend;False;00:53:06;00:53:06;-;-;False;-;-;3186;3186
24434;ETCS fallend;0/00:53:08;0/00:53:08;00:53;00:53;00:53;00:53;-;80,00;77,67;80,00;-;80,00;-;K;-;ETCS-Stützstelle;;VDV1;VDV 1;0/00:19:40;-;140,00;1,0000;1,030;-;-;54,0;118,0;ETCS L1;False;False;74;-; 0,0; 0,0; 0,0;VDV1: Strecke 2 - Gleis 2 - Strecke 1;0,000000;42110,0;  0,0;4831,9;  0,0;1,030;1,00;1,00;"80 0622-19.0;";0;ETCS fallend;;;False;ETCS fallend;False;00:53:08;00:53:08;-;-;False;-;-;3188;3188
24459;ETCS fallend;0/00:53:09;0/00:53:09;00:53;00:53;00:53;00:53;-;80,00;77,67;80,00;-;80,00;-;K;-;ETCS-Stützstelle;;VDV1;VDV 1;0/00:19:41;-;140,00;1,0000;1,030;-;-;54,0;118,0;ETCS L1;False;False;74;-; 0,0; 0,0; 0,0;VDV1: Strecke 2 - Gleis 2 - Strecke 1;0,000000;42110,0;  0,0;4831,9;  0,0;1,030;1,00;1,00;"80 0622-19.0;";0;ETCS fallend;;;False;ETCS fallend;False;00:53:09;00:53:09;-;-;False;-;-;3189;3189
24484;ETCS fallend;0/00:53:10;0/00:53:10;00:53;00:53;00:53;00:53;-;80,00;77,67;80,00;-;80,00;-;K;-;ETCS-Stützstelle;;VDV1;VDV 1;0/00:19:42;-;140,00;1,0000;1,030;-;-;54,0;118,0;ETCS L1;False;False;74;-; 0,0; 0,0; 0,0;VDV1: Strecke 2 - Gleis 2 - Strecke 1;0,000000;42110,0;  0,0;4831,9;  0,0;1,030;1,00;1,00;"80 0622-19.0;";0;ETCS fallend;;;False;ETCS fallend;False;00:53:10;00:53:10;-;-;False;-;-;3190;3190
24500;ETCS fallend;0/00:53:11;0/00:53:11;00:53;00:53;00:53;00:53;-;80,00;77,67;80,00;-;80,00;-;K;-;VDV1 5.500 3521-0 Betriebsstellengrenze, =>S1 3521-0, Gleis 0;;VDV1;VDV 1;0/00:19:43;-;140,00;1,0000;1,030;-;-;54,0;118,0;ETCS L1;False;False;0;-; 0,0; 0,0; 0,0;VDV1: Strecke 2 - Gleis 2 - Strecke 1;0,000000;42110,0;  0,0;4831,9;  0,0;1,030;1,00;1,00;"80 0622-19.0;";0;ETCS fallend;3521;0;True;ETCS fallend;False;00:53:11;00:53:11;-;-;False;-;Betriebsstellengrenze 3521-0 - Weiche 01W1 A (3521);3191;3191
24500;ETCS fallend;0/00:53:11;0/00:53:11;00:53;00:53;00:53;00:53;-;80,00;77,67;80,00;-;80,00;-;K;-;S1 5.500 3521-0 Betriebsstellengrenze, =>VDV1 3521-0, Gleis 0;;S1;Strecke 1;0/00:19:43;-;140,00;1,0000;1,030;-;-;54,0;118,0;ETCS L1;False;False;0;-; 0,0; 0,0; 0,0;S1: VDV 1 - Strecke 1 - null;0,000000;42110,0;  0,0;4831,9;  0,0;1,030;1,00;1,00;"80 0622-19.0;";0;ETCS fallend;3521;0;True;ETCS fallend;False;00:53:11;00:53:11;-;-;False;-;Gleisende 3521-0 - Betriebsstellengrenze 3521-0 (3521);3191;3191
24525;ETCS fallend;0/00:53:12;0/00:53:12;00:53;00:53;00:53;00:53;-;80,00;77,67;80,00;-;80,00;-;K;-;ETCS-Stützstelle;;S1;Strecke 1;0/00:19:44;-;140,00;1,0000;1,030;-;-;54,0;118,0;ETCS L1;False;False;0;-; 0,0; 0,0; 0,0;S1: VDV 1 - Strecke 1 - null;0,000000;42110,0;  0,0;4831,9;  0,0;1,030;1,00;1,00;"80 0622-19.0;";0;ETCS fallend;;;False;ETCS fallend;False;00:53:12;00:53:12;-;-;False;-;-;3192;3192
24550;ETCS fallend;0/00:53:13;0/00:53:13;00:53;00:53;00:53;00:53;-;80,00;77,67;80,00;-;80,00;-;K;-;ETCS-Stützstelle;;S1;Strecke 1;0/00:19:45;-;140,00;1,0000;1,030;-;-;54,0;118,0;ETCS L1;False;False;0;-; 0,0; 0,0; 0,0;S1: VDV 1 - Strecke 1 - null;0,000000;42110,0;  0,0;4831,9;  0,0;1,030;1,00;1,00;"80 0622-19.0;";0;ETCS fallend;;;False;ETCS fallend;False;00:53:13;00:53:13;-;-;False;-;-;3193;3193
24575;ETCS fallend;0/00:53:14;0/00:53:14;00:53;00:53;00:53;00:53;-;80,00;77,67;80,00;-;80,00;-;K;-;ETCS-Stützstelle;;S1;Strecke 1;0/00:19:46;-;140,00;1,0000;1,030;-;-;54,0;118,0;ETCS L1;False;False;0;-; 0,0; 0,0; 0,0;S1: VDV 1 - Strecke 1 - null;0,000000;42110,0;  0,0;4831,9;  0,0;1,030;1,00;1,00;"80 0622-19.0;";0;ETCS fallend;;;False;ETCS fallend;False;00:53:14;00:53:14;-;-;False;-;-;3194;3194
24600;ETCS fallend;0/00:53:15;0/00:53:15;00:53;00:53;00:53;00:53;-;80,00;77,67;80,00;-;80,00;-;K;-;ETCS-Stützstelle;;S1;Strecke 1;0/00:19:47;-;140,00;1,0000;1,030;-;-;54,0;118,0;ETCS L1;False;False;0;-; 0,0; 0,0; 0,0;S1: VDV 1 - Strecke 1 - null;0,000000;42110,0;  0,0;4831,9;  0,0;1,030;1,00;1,00;"80 0622-19.0;";0;ETCS fallend;;;False;ETCS fallend;False;00:53:15;00:53:15;-;-;False;-;-;3195;3195
24625;ETCS fallend;0/00:53:16;0/00:53:16;00:53;00:53;00:53;00:53;-;80,00;77,67;80,00;-;80,00;-;K;-;ETCS-Stützstelle;;S1;Strecke 1;0/00:19:48;-;140,00;1,0000;1,030;-;-;54,0;118,0;ETCS L1;False;False;0;-; 0,0; 0,0; 0,0;S1: VDV 1 - Strecke 1 - null;0,000000;42110,0;  0,0;4831,9;  0,0;1,030;1,00;1,00;"80 0622-19.0;";0;ETCS fallend;;;False;ETCS fallend;False;00:53:16;00:53:16;-;-;False;-;-;3196;3196
24650;ETCS fallend;0/00:53:18;0/00:53:18;00:53;00:53;00:53;00:53;-;80,00;77,67;80,00;-;80,00;-;K;-;ETCS-Stützstelle;;S1;Strecke 1;0/00:19:49;-;140,00;1,0000;1,030;-;-;54,0;118,0;ETCS L1;False;False;0;-; 0,0; 0,0; 0,0;S1: VDV 1 - Strecke 1 - null;0,000000;42110,0;  0,0;4831,9;  0,0;1,030;1,00;1,00;"80 0622-19.0;";0;ETCS fallend;;;False;ETCS fallend;False;00:53:18;00:53:18;-;-;False;-;-;3198;3198
24675;ETCS fallend;0/00:53:19;0/00:53:19;00:53;00:53;00:53;00:53;-;80,00;77,67;80,00;-;80,00;-;K;-;ETCS-Stützstelle;;S1;Strecke 1;0/00:19:51;-;140,00;1,0000;1,030;-;-;54,0;118,0;ETCS L1;False;False;0;-; 0,0; 0,0; 0,0;S1: VDV 1 - Strecke 1 - null;0,000000;42110,0;  0,0;4831,9;  0,0;1,030;1,00;1,00;"80 0622-19.0;";0;ETCS fallend;;;False;ETCS fallend;False;00:53:19;00:53:19;-;-;False;-;-;3199;3199
24700;ETCS fallend;0/00:53:20;0/00:53:20;00:53;00:53;00:53;00:53;-;80,00;77,67;80,00;-;80,00;-;K;-;ETCS-Stützstelle;;S1;Strecke 1;0/00:19:52;-;140,00;1,0000;1,030;-;-;54,0;118,0;ETCS L1;False;False;0;-; 0,0; 0,0; 0,0;S1: VDV 1 - Strecke 1 - null;0,000000;42110,0;  0,0;4831,9;  0,0;1,030;1,00;1,00;"80 0622-19.0;";0;ETCS fallend;;;False;ETCS fallend;False;00:53:20;00:53:20;-;-;False;-;-;3200;3200
24725;ETCS fallend;0/00:53:21;0/00:53:21;00:53;00:53;00:53;00:53;-;80,00;77,67;80,00;-;80,00;-;K;-;ETCS-Stützstelle;;S1;Strecke 1;0/00:19:53;-;140,00;1,0000;1,030;-;-;54,0;118,0;ETCS L1;False;False;0;-; 0,0; 0,0; 0,0;S1: VDV 1 - Strecke 1 - null;0,000000;42110,0;  0,0;4831,9;  0,0;1,030;1,00;1,00;"80 0622-19.0;";0;ETCS fallend;;;False;ETCS fallend;False;00:53:21;00:53:21;-;-;False;-;-;3201;3201
24750;ETCS fallend;0/00:53:22;0/00:53:22;00:53;00:53;00:53;00:53;-;80,00;77,67;80,00;-;80,00;-;K;-;ETCS-Stützstelle;;S1;Strecke 1;0/00:19:54;-;140,00;1,0000;1,030;-;-;54,0;118,0;ETCS L1;False;False;0;-; 0,0; 0,0; 0,0;S1: VDV 1 - Strecke 1 - null;0,000000;42110,0;  0,0;4831,9;  0,0;1,030;1,00;1,00;"80 0622-19.0;";0;ETCS fallend;;;False;ETCS fallend;False;00:53:22;00:53:22;-;-;False;-;-;3202;3202
24775;ETCS fallend;0/00:53:23;0/00:53:23;00:53;00:53;00:53;00:53;-;80,00;77,67;80,00;-;80,00;-;K;-;ETCS-Stützstelle;;S1;Strecke 1;0/00:19:55;-;140,00;1,0000;1,030;-;-;54,0;118,0;ETCS L1;False;False;0;-; 0,0; 0,0; 0,0;S1: VDV 1 - Strecke 1 - null;0,000000;42110,0;  0,0;4831,9;  0,0;1,030;1,00;1,00;"80 0622-19.0;";0;ETCS fallend;;;False;ETCS fallend;False;00:53:23;00:53:23;-;-;False;-;-;3203;3203
24800;ETCS fallend;0/00:53:25;0/00:53:25;00:53;00:53;00:53;00:53;-;80,00;77,67;80,00;-;80,00;-;K;-;ETCS-Stützstelle;;S1;Strecke 1;0/00:19:56;-;140,00;1,0000;1,030;-;-;54,0;118,0;ETCS L1;False;False;0;-; 0,0; 0,0; 0,0;S1: VDV 1 - Strecke 1 - null;0,000000;42110,0;  0,0;4831,9;  0,0;1,030;1,00;1,00;"80 0622-19.0;";0;ETCS fallend;;;False;ETCS fallend;False;00:53:25;00:53:25;-;-;False;-;-;3205;3205
24825;ETCS fallend;0/00:53:26;0/00:53:26;00:53;00:53;00:53;00:53;-;80,00;77,67;80,00;-;80,00;-;K;-;ETCS-Stützstelle;;S1;Strecke 1;0/00:19:57;-;140,00;1,0000;1,030;-;-;54,0;118,0;ETCS L1;False;False;0;-; 0,0; 0,0; 0,0;S1: VDV 1 - Strecke 1 - null;0,000000;42110,0;  0,0;4831,9;  0,0;1,030;1,00;1,00;"80 0622-19.0;";0;ETCS fallend;;;False;ETCS fallend;False;00:53:26;00:53:26;-;-;False;-;-;3206;3206
24850;ETCS fallend;0/00:53:27;0/00:53:27;00:53;00:53;00:53;00:53;-;80,00;77,67;80,00;-;80,00;-;K;-;ETCS-Stützstelle;;S1;Strecke 1;0/00:19:58;-;140,00;1,0000;1,030;-;-;54,0;118,0;ETCS L1;False;False;0;-; 0,0; 0,0; 0,0;S1: VDV 1 - Strecke 1 - null;0,000000;42110,0;  0,0;4831,9;  0,0;1,030;1,00;1,00;"80 0622-19.0;";0;ETCS fallend;;;False;ETCS fallend;False;00:53:27;00:53:27;-;-;False;-;-;3207;3207
24875;ETCS fallend;0/00:53:28;0/00:53:28;00:53;00:53;00:53;00:53;-;80,00;77,67;80,00;-;80,00;-;K;-;ETCS-Stützstelle;;S1;Strecke 1;0/00:20:00;-;140,00;1,0000;1,030;-;-;54,0;118,0;ETCS L1;False;False;0;-; 0,0; 0,0; 0,0;S1: VDV 1 - Strecke 1 - null;0,000000;42110,0;  0,0;4831,9;  0,0;1,030;1,00;1,00;"80 0622-19.0;";0;ETCS fallend;;;False;ETCS fallend;False;00:53:28;00:53:28;-;-;False;-;-;3208;3208
24900;ETCS fallend;0/00:53:29;0/00:53:29;00:53;00:53;00:53;00:53;-;80,00;77,67;80,00;-;80,00;-;K;-;ETCS-Stützstelle;;S1;Strecke 1;0/00:20:01;-;140,00;1,0000;1,030;-;-;54,0;118,0;ETCS L1;False;False;0;-; 0,0; 0,0; 0,0;S1: VDV 1 - Strecke 1 - null;0,000000;42110,0;  0,0;4831,9;  0,0;1,030;1,00;1,00;"80 0622-19.0;";0;ETCS fallend;;;False;ETCS fallend;False;00:53:29;00:53:29;-;-;False;-;-;3209;3209
24925;ETCS fallend;0/00:53:30;0/00:53:30;00:54;00:54;00:54;00:54;-;80,00;77,67;80,00;-;80,00;-;K;-;ETCS-Stützstelle;;S1;Strecke 1;0/00:20:02;-;140,00;1,0000;1,030;-;-;54,0;118,0;ETCS L1;False;False;0;-; 0,0; 0,0; 0,0;S1: VDV 1 - Strecke 1 - null;0,000000;42110,0;  0,0;4831,9;  0,0;1,030;1,00;1,00;"80 0622-19.0;";0;ETCS fallend;;;False;ETCS fallend;False;00:53:30;00:53:30;-;-;False;-;-;3210;3210
24950;ETCS fallend;0/00:53:32;0/00:53:32;00:54;00:54;00:54;00:54;-;80,00;77,67;80,00;-;80,00;-;K;-;ETCS-Stützstelle;;S1;Strecke 1;0/00:20:03;-;140,00;1,0000;1,030;-;-;54,0;118,0;ETCS L1;False;False;0;-; 0,0; 0,0; 0,0;S1: VDV 1 - Strecke 1 - null;0,000000;42110,0;  0,0;4831,9;  0,0;1,030;1,00;1,00;"80 0622-19.0;";0;ETCS fallend;;;False;ETCS fallend;False;00:53:32;00:53:32;-;-;False;-;-;3212;3212
24975;ETCS fallend;0/00:53:33;0/00:53:33;00:54;00:54;00:54;00:54;-;80,00;77,67;80,00;-;80,00;-;K;-;ETCS-Stützstelle;;S1;Strecke 1;0/00:20:04;-;140,00;1,0000;1,030;-;-;54,0;118,0;ETCS L1;False;False;0;-; 0,0; 0,0; 0,0;S1: VDV 1 - Strecke 1 - null;0,000000;42110,0;  0,0;4831,9;  0,0;1,030;1,00;1,00;"80 0622-19.0;";0;ETCS fallend;;;False;ETCS fallend;False;00:53:33;00:53:33;-;-;False;-;-;3213;3213
25000;ETCS fallend;0/00:53:34;0/00:53:34;00:54;00:54;00:54;00:54;-;80,00;77,67;80,00;-;80,00;-;K;-;ETCS-Stützstelle;;S1;Strecke 1;0/00:20:05;-;140,00;1,0000;1,030;-;-;54,0;118,0;ETCS L1;False;False;0;-; 0,0; 0,0; 0,0;S1: VDV 1 - Strecke 1 - null;0,000000;42110,0;  0,0;4831,9;  0,0;1,030;1,00;1,00;"80 0622-19.0;";0;ETCS fallend;;;False;ETCS fallend;False;00:53:34;00:53:34;-;-;False;-;-;3214;3214
25025;ETCS fallend;0/00:53:35;0/00:53:35;00:54;00:54;00:54;00:54;-;80,00;77,67;80,00;-;80,00;-;K;-;ETCS-Stützstelle;;S1;Strecke 1;0/00:20:06;-;140,00;1,0000;1,030;-;-;54,0;118,0;ETCS L1;False;False;0;-; 0,0; 0,0; 0,0;S1: VDV 1 - Strecke 1 - null;0,000000;42110,0;  0,0;4831,9;  0,0;1,030;1,00;1,00;"80 0622-19.0;";0;ETCS fallend;;;False;ETCS fallend;False;00:53:35;00:53:35;-;-;False;-;-;3215;3215
25050;ETCS fallend;0/00:53:36;0/00:53:36;00:54;00:54;00:54;00:54;-;80,00;77,67;80,00;-;80,00;-;K;-;ETCS-Stützstelle;;S1;Strecke 1;0/00:20:07;-;140,00;1,0000;1,030;-;-;54,0;118,0;ETCS L1;False;False;0;-; 0,0; 0,0; 0,0;S1: VDV 1 - Strecke 1 - null;0,000000;42110,0;  0,0;4831,9;  0,0;1,030;1,00;1,00;"80 0622-19.0;";0;ETCS fallend;;;False;ETCS fallend;False;00:53:36;00:53:36;-;-;False;-;-;3216;3216
25075;ETCS fallend;0/00:53:37;0/00:53:37;00:54;00:54;00:54;00:54;-;80,00;77,67;80,00;-;80,00;-;K;-;ETCS-Stützstelle;;S1;Strecke 1;0/00:20:09;-;140,00;1,0000;1,030;-;-;54,0;118,0;ETCS L1;False;False;0;-; 0,0; 0,0; 0,0;S1: VDV 1 - Strecke 1 - null;0,000000;42110,0;  0,0;4831,9;  0,0;1,030;1,00;1,00;"80 0622-19.0;";0;ETCS fallend;;;False;ETCS fallend;False;00:53:37;00:53:37;-;-;False;-;-;3217;3217
25100;ETCS fallend;0/00:53:38;0/00:53:38;00:54;00:54;00:54;00:54;-;80,00;77,67;80,00;-;80,00;-;K;-;ETCS-Stützstelle;;S1;Strecke 1;0/00:20:10;-;140,00;1,0000;1,030;-;-;54,0;118,0;ETCS L1;False;False;0;-; 0,0; 0,0; 0,0;S1: VDV 1 - Strecke 1 - null;0,000000;42110,0;  0,0;4831,9;  0,0;1,030;1,00;1,00;"80 0622-19.0;";0;ETCS fallend;;;False;ETCS fallend;False;00:53:38;00:53:38;-;-;False;-;-;3218;3218
25125;ETCS fallend;0/00:53:40;0/00:53:40;00:54;00:54;00:54;00:54;-;80,00;77,67;80,00;-;80,00;-;K;-;ETCS-Stützstelle;;S1;Strecke 1;0/00:20:11;-;140,00;1,0000;1,030;-;-;54,0;118,0;ETCS L1;False;False;0;-; 0,0; 0,0; 0,0;S1: VDV 1 - Strecke 1 - null;0,000000;42110,0;  0,0;4831,9;  0,0;1,030;1,00;1,00;"80 0622-19.0;";0;ETCS fallend;;;False;ETCS fallend;False;00:53:40;00:53:40;-;-;False;-;-;3220;3220
25150;ETCS fallend;0/00:53:41;0/00:53:41;00:54;00:54;00:54;00:54;-;80,00;77,67;80,00;-;80,00;-;K;-;ETCS-Stützstelle;;S1;Strecke 1;0/00:20:12;-;140,00;1,0000;1,030;-;-;54,0;118,0;ETCS L1;False;False;0;-; 0,0; 0,0; 0,0;S1: VDV 1 - Strecke 1 - null;0,000000;42110,0;  0,0;4831,9;  0,0;1,030;1,00;1,00;"80 0622-19.0;";0;ETCS fallend;;;False;ETCS fallend;False;00:53:41;00:53:41;-;-;False;-;-;3221;3221
25175;ETCS fallend;0/00:53:42;0/00:53:42;00:54;00:54;00:54;00:54;-;80,00;77,67;80,00;-;80,00;-;K;-;ETCS-Stützstelle;;S1;Strecke 1;0/00:20:13;-;140,00;1,0000;1,030;-;-;54,0;118,0;ETCS L1;False;False;0;-; 0,0; 0,0; 0,0;S1: VDV 1 - Strecke 1 - null;0,000000;42110,0;  0,0;4831,9;  0,0;1,030;1,00;1,00;"80 0622-19.0;";0;ETCS fallend;;;False;ETCS fallend;False;00:53:42;00:53:42;-;-;False;-;-;3222;3222
25200;ETCS fallend;0/00:53:43;0/00:53:43;00:54;00:54;00:54;00:54;-;80,00;77,67;80,00;-;80,00;-;K;-;ETCS-Stützstelle;;S1;Strecke 1;0/00:20:14;-;140,00;1,0000;1,030;-;-;54,0;118,0;ETCS L1;False;False;0;-; 0,0; 0,0; 0,0;S1: VDV 1 - Strecke 1 - null;0,000000;42110,0;  0,0;4831,9;  0,0;1,030;1,00;1,00;"80 0622-19.0;";0;ETCS fallend;;;False;ETCS fallend;False;00:53:43;00:53:43;-;-;False;-;-;3223;3223
25225;ETCS fallend;0/00:53:44;0/00:53:44;00:54;00:54;00:54;00:54;-;80,00;77,67;80,00;-;80,00;-;K;-;ETCS-Stützstelle;;S1;Strecke 1;0/00:20:15;-;140,00;1,0000;1,030;-;-;54,0;118,0;ETCS L1;False;False;0;-; 0,0; 0,0; 0,0;S1: VDV 1 - Strecke 1 - null;0,000000;42110,0;  0,0;4831,9;  0,0;1,030;1,00;1,00;"80 0622-19.0;";0;ETCS fallend;;;False;ETCS fallend;False;00:53:44;00:53:44;-;-;False;-;-;3224;3224
25250;ETCS fallend;0/00:53:45;0/00:53:45;00:54;00:54;00:54;00:54;-;80,00;77,67;80,00;-;80,00;-;K;-;ETCS-Stützstelle;;S1;Strecke 1;0/00:20:16;-;140,00;1,0000;1,030;-;-;54,0;118,0;ETCS L1;False;False;0;-; 0,0; 0,0; 0,0;S1: VDV 1 - Strecke 1 - null;0,000000;42110,0;  0,0;4831,9;  0,0;1,030;1,00;1,00;"80 0622-19.0;";0;ETCS fallend;;;False;ETCS fallend;False;00:53:45;00:53:45;-;-;False;-;-;3225;3225
25275;ETCS fallend;0/00:53:47;0/00:53:47;00:54;00:54;00:54;00:54;-;80,00;77,67;80,00;-;80,00;-;K;-;ETCS-Stützstelle;;S1;Strecke 1;0/00:20:18;-;140,00;1,0000;1,030;-;-;54,0;118,0;ETCS L1;False;False;0;-; 0,0; 0,0; 0,0;S1: VDV 1 - Strecke 1 - null;0,000000;42110,0;  0,0;4831,9;  0,0;1,030;1,00;1,00;"80 0622-19.0;";0;ETCS fallend;;;False;ETCS fallend;False;00:53:47;00:53:47;-;-;False;-;-;3227;3227
25300;ETCS fallend;0/00:53:48;0/00:53:48;00:54;00:54;00:54;00:54;-;80,00;77,67;80,00;-;80,00;-;K;-;ETCS-Stützstelle;;S1;Strecke 1;0/00:20:19;-;140,00;1,0000;1,030;-;-;54,0;118,0;ETCS L1;False;False;0;-; 0,0; 0,0; 0,0;S1: VDV 1 - Strecke 1 - null;0,000000;42110,0;  0,0;4831,9;  0,0;1,030;1,00;1,00;"80 0622-19.0;";0;ETCS fallend;;;False;ETCS fallend;False;00:53:48;00:53:48;-;-;False;-;-;3228;3228
25325;ETCS fallend;0/00:53:49;0/00:53:49;00:54;00:54;00:54;00:54;-;80,00;77,67;80,00;-;80,00;-;K;-;ETCS-Stützstelle;;S1;Strecke 1;0/00:20:20;-;140,00;1,0000;1,030;-;-;54,0;118,0;ETCS L1;False;False;0;-; 0,0; 0,0; 0,0;S1: VDV 1 - Strecke 1 - null;0,000000;42110,0;  0,0;4831,9;  0,0;1,030;1,00;1,00;"80 0622-19.0;";0;ETCS fallend;;;False;ETCS fallend;False;00:53:49;00:53:49;-;-;False;-;-;3229;3229
25350;ETCS fallend;0/00:53:50;0/00:53:50;00:54;00:54;00:54;00:54;-;80,00;77,67;80,00;-;80,00;-;K;-;ETCS-Stützstelle;;S1;Strecke 1;0/00:20:21;-;140,00;1,0000;1,030;-;-;54,0;118,0;ETCS L1;False;False;0;-; 0,0; 0,0; 0,0;S1: VDV 1 - Strecke 1 - null;0,000000;42110,0;  0,0;4831,9;  0,0;1,030;1,00;1,00;"80 0622-19.0;";0;ETCS fallend;;;False;ETCS fallend;False;00:53:50;00:53:50;-;-;False;-;-;3230;3230
25375;ETCS fallend;0/00:53:51;0/00:53:51;00:54;00:54;00:54;00:54;-;80,00;77,67;80,00;-;80,00;-;K;-;ETCS-Stützstelle;;S1;Strecke 1;0/00:20:22;-;140,00;1,0000;1,030;-;-;54,0;118,0;ETCS L1;False;False;0;-; 0,0; 0,0; 0,0;S1: VDV 1 - Strecke 1 - null;0,000000;42110,0;  0,0;4831,9;  0,0;1,030;1,00;1,00;"80 0622-19.0;";0;ETCS fallend;;;False;ETCS fallend;False;00:53:51;00:53:51;-;-;False;-;-;3231;3231
25400;ETCS fallend;0/00:53:52;0/00:53:52;00:54;00:54;00:54;00:54;-;80,00;77,67;80,00;-;80,00;-;K;-;ETCS-Stützstelle;;S1;Strecke 1;0/00:20:23;-;140,00;1,0000;1,030;-;-;54,0;118,0;ETCS L1;False;False;0;-; 0,0; 0,0; 0,0;S1: VDV 1 - Strecke 1 - null;0,000000;42110,0;  0,0;4831,9;  0,0;1,030;1,00;1,00;"80 0622-19.0;";0;ETCS fallend;;;False;ETCS fallend;False;00:53:52;00:53:52;-;-;False;-;-;3232;3232
25425;ETCS fallend;0/00:53:54;0/00:53:54;00:54;00:54;00:54;00:54;-;80,00;77,67;80,00;-;80,00;-;K;-;ETCS-Stützstelle;;S1;Strecke 1;0/00:20:24;-;140,00;1,0000;1,030;-;-;54,0;118,0;ETCS L1;False;False;0;-; 0,0; 0,0; 0,0;S1: VDV 1 - Strecke 1 - null;0,000000;42110,0;  0,0;4831,9;  0,0;1,030;1,00;1,00;"80 0622-19.0;";0;ETCS fallend;;;False;ETCS fallend;False;00:53:54;00:53:54;-;-;False;-;-;3234;3234
25450;ETCS fallend;0/00:53:55;0/00:53:55;00:54;00:54;00:54;00:54;-;80,00;77,67;80,00;-;80,00;-;K;-;ETCS-Stützstelle;;S1;Strecke 1;0/00:20:25;-;140,00;1,0000;1,030;-;-;54,0;118,0;ETCS L1;False;False;0;-; 0,0; 0,0; 0,0;S1: VDV 1 - Strecke 1 - null;0,000000;42110,0;  0,0;4831,9;  0,0;1,030;1,00;1,00;"80 0622-19.0;";0;ETCS fallend;;;False;ETCS fallend;False;00:53:55;00:53:55;-;-;False;-;-;3235;3235
25475;ETCS fallend;0/00:53:56;0/00:53:56;00:54;00:54;00:54;00:54;-;80,00;77,67;80,00;-;80,00;-;K;-;ETCS-Stützstelle;;S1;Strecke 1;0/00:20:27;-;140,00;1,0000;1,030;-;-;54,0;118,0;ETCS L1;False;False;0;-; 0,0; 0,0; 0,0;S1: VDV 1 - Strecke 1 - null;0,000000;42110,0;  0,0;4831,9;  0,0;1,030;1,00;1,00;"80 0622-19.0;";0;ETCS fallend;;;False;ETCS fallend;False;00:53:56;00:53:56;-;-;False;-;-;3236;3236
25500;ETCS fallend;0/00:53:57;0/00:53:57;00:54;00:54;00:54;00:54;-;80,00;77,67;80,00;-;80,00;-;K;-;ETCS-Stützstelle;;S1;Strecke 1;0/00:20:28;-;140,00;1,0000;1,030;-;-;54,0;118,0;ETCS L1;False;False;0;-; 0,0; 0,0; 0,0;S1: VDV 1 - Strecke 1 - null;0,000000;42110,0;  0,0;4831,9;  0,0;1,030;1,00;1,00;"80 0622-19.0;";0;ETCS fallend;;;False;ETCS fallend;False;00:53:57;00:53:57;-;-;False;-;-;3237;3237
25525;ETCS fallend;0/00:53:58;0/00:53:58;00:54;00:54;00:54;00:54;-;80,00;77,67;80,00;-;80,00;-;K;-;ETCS-Stützstelle;;S1;Strecke 1;0/00:20:29;-;140,00;1,0000;1,030;-;-;54,0;118,0;ETCS L1;False;False;0;-; 0,0; 0,0; 0,0;S1: VDV 1 - Strecke 1 - null;0,000000;42110,0;  0,0;4831,9;  0,0;1,030;1,00;1,00;"80 0622-19.0;";0;ETCS fallend;;;False;ETCS fallend;False;00:53:58;00:53:58;-;-;False;-;-;3238;3238
25550;ETCS fallend;0/00:53:59;0/00:53:59;00:54;00:54;00:54;00:54;-;80,00;77,67;80,00;-;80,00;-;K;-;ETCS-Stützstelle;;S1;Strecke 1;0/00:20:30;-;140,00;1,0000;1,030;-;-;54,0;118,0;ETCS L1;False;False;0;-; 0,0; 0,0; 0,0;S1: VDV 1 - Strecke 1 - null;0,000000;42110,0;  0,0;4831,9;  0,0;1,030;1,00;1,00;"80 0622-19.0;";0;ETCS fallend;;;False;ETCS fallend;False;00:53:59;00:53:59;-;-;False;-;-;3239;3239
25575;ETCS fallend;0/00:54:00;0/00:54:00;00:54;00:54;00:54;00:54;-;80,00;77,67;80,00;-;80,00;-;K;-;ETCS-Stützstelle;;S1;Strecke 1;0/00:20:31;-;140,00;1,0000;1,030;-;-;54,0;118,0;ETCS L1;False;False;0;-; 0,0; 0,0; 0,0;S1: VDV 1 - Strecke 1 - null;0,000000;42110,0;  0,0;4831,9;  0,0;1,030;1,00;1,00;"80 0622-19.0;";0;ETCS fallend;;;False;ETCS fallend;False;00:54:00;00:54:00;-;-;False;-;-;3240;3240
25600;ETCS fallend;0/00:54:02;0/00:54:02;00:54;00:54;00:54;00:54;-;80,00;77,67;80,00;-;80,00;-;K;-;ETCS-Stützstelle;;S1;Strecke 1;0/00:20:32;-;140,00;1,0000;1,030;-;-;54,0;118,0;ETCS L1;False;False;0;-; 0,0; 0,0; 0,0;S1: VDV 1 - Strecke 1 - null;0,000000;42110,0;  0,0;4831,9;  0,0;1,030;1,00;1,00;"80 0622-19.0;";0;ETCS fallend;;;False;ETCS fallend;False;00:54:02;00:54:02;-;-;False;-;-;3242;3242
25625;ETCS fallend;0/00:54:03;0/00:54:03;00:54;00:54;00:54;00:54;-;80,00;77,67;80,00;-;80,00;-;K;-;ETCS-Stützstelle;;S1;Strecke 1;0/00:20:33;-;140,00;1,0000;1,030;-;-;54,0;118,0;ETCS L1;False;False;0;-; 0,0; 0,0; 0,0;S1: VDV 1 - Strecke 1 - null;0,000000;42110,0;  0,0;4831,9;  0,0;1,030;1,00;1,00;"80 0622-19.0;";0;ETCS fallend;;;False;ETCS fallend;False;00:54:03;00:54:03;-;-;False;-;-;3243;3243
25650;ETCS fallend;0/00:54:04;0/00:54:04;00:54;00:54;00:54;00:54;-;80,00;77,67;80,00;-;80,00;-;K;-;ETCS-Stützstelle;;S1;Strecke 1;0/00:20:34;-;140,00;1,0000;1,030;-;-;54,0;118,0;ETCS L1;False;False;0;-; 0,0; 0,0; 0,0;S1: VDV 1 - Strecke 1 - null;0,000000;42110,0;  0,0;4831,9;  0,0;1,030;1,00;1,00;"80 0622-19.0;";0;ETCS fallend;;;False;ETCS fallend;False;00:54:04;00:54:04;-;-;False;-;-;3244;3244
25675;ETCS fallend;0/00:54:05;0/00:54:05;00:54;00:54;00:54;00:54;-;80,00;77,67;80,00;-;80,00;-;K;-;ETCS-Stützstelle;;S1;Strecke 1;0/00:20:36;-;140,00;1,0000;1,030;-;-;54,0;118,0;ETCS L1;False;False;0;-; 0,0; 0,0; 0,0;S1: VDV 1 - Strecke 1 - null;0,000000;42110,0;  0,0;4831,9;  0,0;1,030;1,00;1,00;"80 0622-19.0;";0;ETCS fallend;;;False;ETCS fallend;False;00:54:05;00:54:05;-;-;False;-;-;3245;3245
25700;ETCS fallend;0/00:54:06;0/00:54:06;00:54;00:54;00:54;00:54;-;80,00;77,67;80,00;-;80,00;-;K;-;ETCS-Stützstelle;;S1;Strecke 1;0/00:20:37;-;140,00;1,0000;1,030;-;-;54,0;118,0;ETCS L1;False;False;0;-; 0,0; 0,0; 0,0;S1: VDV 1 - Strecke 1 - null;0,000000;42110,0;  0,0;4831,9;  0,0;1,030;1,00;1,00;"80 0622-19.0;";0;ETCS fallend;;;False;ETCS fallend;False;00:54:06;00:54:06;-;-;False;-;-;3246;3246
25725;ETCS fallend;0/00:54:07;0/00:54:07;00:54;00:54;00:54;00:54;-;80,00;77,67;80,00;-;80,00;-;K;-;ETCS-Stützstelle;;S1;Strecke 1;0/00:20:38;-;140,00;1,0000;1,030;-;-;54,0;118,0;ETCS L1;False;False;0;-; 0,0; 0,0; 0,0;S1: VDV 1 - Strecke 1 - null;0,000000;42110,0;  0,0;4831,9;  0,0;1,030;1,00;1,00;"80 0622-19.0;";0;ETCS fallend;;;False;ETCS fallend;False;00:54:07;00:54:07;-;-;False;-;-;3247;3247
25750;ETCS fallend;0/00:54:09;0/00:54:09;00:54;00:54;00:54;00:54;-;80,00;77,67;80,00;-;80,00;-;K;-;ETCS-Stützstelle;;S1;Strecke 1;0/00:20:39;-;140,00;1,0000;1,030;-;-;54,0;118,0;ETCS L1;False;False;0;-; 0,0; 0,0; 0,0;S1: VDV 1 - Strecke 1 - null;0,000000;42110,0;  0,0;4831,9;  0,0;1,030;1,00;1,00;"80 0622-19.0;";0;ETCS fallend;;;False;ETCS fallend;False;00:54:09;00:54:09;-;-;False;-;-;3249;3249
25775;ETCS fallend;0/00:54:10;0/00:54:10;00:54;00:54;00:54;00:54;-;80,00;77,67;80,00;-;80,00;-;K;-;ETCS-Stützstelle;;S1;Strecke 1;0/00:20:40;-;140,00;1,0000;1,030;-;-;54,0;118,0;ETCS L1;False;False;0;-; 0,0; 0,0; 0,0;S1: VDV 1 - Strecke 1 - null;0,000000;42110,0;  0,0;4831,9;  0,0;1,030;1,00;1,00;"80 0622-19.0;";0;ETCS fallend;;;False;ETCS fallend;False;00:54:10;00:54:10;-;-;False;-;-;3250;3250
25800;ETCS fallend;0/00:54:11;0/00:54:11;00:54;00:54;00:54;00:54;-;80,00;77,67;80,00;-;80,00;-;K;-;ETCS-Stützstelle;;S1;Strecke 1;0/00:20:41;-;140,00;1,0000;1,030;-;-;54,0;118,0;ETCS L1;False;False;0;-; 0,0; 0,0; 0,0;S1: VDV 1 - Strecke 1 - null;0,000000;42110,0;  0,0;4831,9;  0,0;1,030;1,00;1,00;"80 0622-19.0;";0;ETCS fallend;;;False;ETCS fallend;False;00:54:11;00:54:11;-;-;False;-;-;3251;3251
25825;ETCS fallend;0/00:54:12;0/00:54:12;00:54;00:54;00:54;00:54;-;80,00;77,67;80,00;-;80,00;-;K;-;ETCS-Stützstelle;;S1;Strecke 1;0/00:20:42;-;140,00;1,0000;1,030;-;-;54,0;118,0;ETCS L1;False;False;0;-; 0,0; 0,0; 0,0;S1: VDV 1 - Strecke 1 - null;0,000000;42110,0;  0,0;4831,9;  0,0;1,030;1,00;1,00;"80 0622-19.0;";0;ETCS fallend;;;False;ETCS fallend;False;00:54:12;00:54:12;-;-;False;-;-;3252;3252
25850;ETCS fallend;0/00:54:13;0/00:54:13;00:54;00:54;00:54;00:54;-;80,00;77,67;80,00;-;80,00;-;K;-;ETCS-Stützstelle;;S1;Strecke 1;0/00:20:43;-;140,00;1,0000;1,030;-;-;54,0;118,0;ETCS L1;False;False;0;-; 0,0; 0,0; 0,0;S1: VDV 1 - Strecke 1 - null;0,000000;42110,0;  0,0;4831,9;  0,0;1,030;1,00;1,00;"80 0622-19.0;";0;ETCS fallend;;;False;ETCS fallend;False;00:54:13;00:54:13;-;-;False;-;-;3253;3253
25875;ETCS fallend;0/00:54:14;0/00:54:14;00:54;00:54;00:54;00:54;-;80,00;77,67;80,00;-;80,00;-;K;-;ETCS-Stützstelle;;S1;Strecke 1;0/00:20:45;-;140,00;1,0000;1,030;-;-;54,0;118,0;ETCS L1;False;False;0;-; 0,0; 0,0; 0,0;S1: VDV 1 - Strecke 1 - null;0,000000;42110,0;  0,0;4831,9;  0,0;1,030;1,00;1,00;"80 0622-19.0;";0;ETCS fallend;;;False;ETCS fallend;False;00:54:14;00:54:14;-;-;False;-;-;3254;3254
25900;ETCS fallend;0/00:54:16;0/00:54:16;00:54;00:54;00:54;00:54;-;80,00;77,67;80,00;-;80,00;-;K;-;ETCS-Stützstelle;;S1;Strecke 1;0/00:20:46;-;140,00;1,0000;1,030;-;-;54,0;118,0;ETCS L1;False;False;0;-; 0,0; 0,0; 0,0;S1: VDV 1 - Strecke 1 - null;0,000000;42110,0;  0,0;4831,9;  0,0;1,030;1,00;1,00;"80 0622-19.0;";0;ETCS fallend;;;False;ETCS fallend;False;00:54:16;00:54:16;-;-;False;-;-;3256;3256
25925;ETCS fallend;0/00:54:17;0/00:54:17;00:54;00:54;00:54;00:54;-;80,00;77,67;80,00;-;80,00;-;K;-;ETCS-Stützstelle;;S1;Strecke 1;0/00:20:47;-;140,00;1,0000;1,030;-;-;54,0;118,0;ETCS L1;False;False;0;-; 0,0; 0,0; 0,0;S1: VDV 1 - Strecke 1 - null;0,000000;42110,0;  0,0;4831,9;  0,0;1,030;1,00;1,00;"80 0622-19.0;";0;ETCS fallend;;;False;ETCS fallend;False;00:54:17;00:54:17;-;-;False;-;-;3257;3257
25950;ETCS fallend;0/00:54:18;0/00:54:18;00:54;00:54;00:54;00:54;-;80,00;77,67;80,00;-;80,00;-;K;-;ETCS-Stützstelle;;S1;Strecke 1;0/00:20:48;-;140,00;1,0000;1,030;-;-;54,0;118,0;ETCS L1;False;False;0;-; 0,0; 0,0; 0,0;S1: VDV 1 - Strecke 1 - null;0,000000;42110,0;  0,0;4831,9;  0,0;1,030;1,00;1,00;"80 0622-19.0;";0;ETCS fallend;;;False;ETCS fallend;False;00:54:18;00:54:18;-;-;False;-;-;3258;3258
25975;ETCS fallend;0/00:54:19;0/00:54:19;00:54;00:54;00:54;00:54;-;80,00;77,67;80,00;-;80,00;-;K;-;ETCS-Stützstelle;;S1;Strecke 1;0/00:20:49;-;140,00;1,0000;1,030;-;-;54,0;118,0;ETCS L1;False;False;0;-; 0,0; 0,0; 0,0;S1: VDV 1 - Strecke 1 - null;0,000000;42110,0;  0,0;4831,9;  0,0;1,030;1,00;1,00;"80 0622-19.0;";0;ETCS fallend;;;False;ETCS fallend;False;00:54:19;00:54:19;-;-;False;-;-;3259;3259
26000;ETCS fallend;0/00:54:20;0/00:54:20;00:54;00:54;00:54;00:54;-;80,00;77,67;80,00;-;80,00;-;K;-;ETCS-Stützstelle;;S1;Strecke 1;0/00:20:50;-;140,00;1,0000;1,030;-;-;54,0;118,0;ETCS L1;False;False;0;-; 0,0; 0,0; 0,0;S1: VDV 1 - Strecke 1 - null;0,000000;42110,0;  0,0;4831,9;  0,0;1,030;1,00;1,00;"80 0622-19.0;";0;ETCS fallend;;;False;ETCS fallend;False;00:54:20;00:54:20;-;-;False;-;-;3260;3260
26025;ETCS fallend;0/00:54:21;0/00:54:21;00:54;00:54;00:54;00:54;-;80,00;77,67;80,00;-;80,00;-;K;-;ETCS-Stützstelle;;S1;Strecke 1;0/00:20:51;-;140,00;1,0000;1,030;-;-;54,0;118,0;ETCS L1;False;False;0;-; 0,0; 0,0; 0,0;S1: VDV 1 - Strecke 1 - null;0,000000;42110,0;  0,0;4831,9;  0,0;1,030;1,00;1,00;"80 0622-19.0;";0;ETCS fallend;;;False;ETCS fallend;False;00:54:21;00:54:21;-;-;False;-;-;3261;3261
26050;ETCS fallend;0/00:54:23;0/00:54:23;00:54;00:54;00:54;00:54;-;80,00;77,67;80,00;-;80,00;-;K;-;ETCS-Stützstelle;;S1;Strecke 1;0/00:20:52;-;140,00;1,0000;1,030;-;-;54,0;118,0;ETCS L1;False;False;0;-; 0,0; 0,0; 0,0;S1: VDV 1 - Strecke 1 - null;0,000000;42110,0;  0,0;4831,9;  0,0;1,030;1,00;1,00;"80 0622-19.0;";0;ETCS fallend;;;False;ETCS fallend;False;00:54:23;00:54:23;-;-;False;-;-;3263;3263
26075;ETCS fallend;0/00:54:24;0/00:54:24;00:54;00:54;00:54;00:54;-;80,00;77,67;80,00;-;80,00;-;K;-;ETCS-Stützstelle;;S1;Strecke 1;0/00:20:54;-;140,00;1,0000;1,030;-;-;54,0;118,0;ETCS L1;False;False;0;-; 0,0; 0,0; 0,0;S1: VDV 1 - Strecke 1 - null;0,000000;42110,0;  0,0;4831,9;  0,0;1,030;1,00;1,00;"80 0622-19.0;";0;ETCS fallend;;;False;ETCS fallend;False;00:54:24;00:54:24;-;-;False;-;-;3264;3264
26100;ETCS fallend;0/00:54:25;0/00:54:25;00:54;00:54;00:54;00:54;-;80,00;77,67;80,00;-;80,00;-;K;-;ETCS-Stützstelle;;S1;Strecke 1;0/00:20:55;-;140,00;1,0000;1,030;-;-;54,0;118,0;ETCS L1;False;False;0;-; 0,0; 0,0; 0,0;S1: VDV 1 - Strecke 1 - null;0,000000;42110,0;  0,0;4831,9;  0,0;1,030;1,00;1,00;"80 0622-19.0;";0;ETCS fallend;;;False;ETCS fallend;False;00:54:25;00:54:25;-;-;False;-;-;3265;3265
26125;ETCS fallend;0/00:54:26;0/00:54:26;00:54;00:54;00:54;00:54;-;80,00;77,67;80,00;-;80,00;-;K;-;ETCS-Stützstelle;;S1;Strecke 1;0/00:20:56;-;140,00;1,0000;1,030;-;-;54,0;118,0;ETCS L1;False;False;0;-; 0,0; 0,0; 0,0;S1: VDV 1 - Strecke 1 - null;0,000000;42110,0;  0,0;4831,9;  0,0;1,030;1,00;1,00;"80 0622-19.0;";0;ETCS fallend;;;False;ETCS fallend;False;00:54:26;00:54:26;-;-;False;-;-;3266;3266
26150;ETCS fallend;0/00:54:27;0/00:54:27;00:54;00:54;00:54;00:54;-;80,00;77,67;80,00;-;80,00;-;K;-;ETCS-Stützstelle;;S1;Strecke 1;0/00:20:57;-;140,00;1,0000;1,030;-;-;54,0;118,0;ETCS L1;False;False;0;-; 0,0; 0,0; 0,0;S1: VDV 1 - Strecke 1 - null;0,000000;42110,0;  0,0;4831,9;  0,0;1,030;1,00;1,00;"80 0622-19.0;";0;ETCS fallend;;;False;ETCS fallend;False;00:54:27;00:54:27;-;-;False;-;-;3267;3267
26175;ETCS fallend;0/00:54:28;0/00:54:28;00:54;00:54;00:54;00:54;-;80,00;77,67;80,00;-;80,00;-;K;-;ETCS-Stützstelle;;S1;Strecke 1;0/00:20:58;-;140,00;1,0000;1,030;-;-;54,0;118,0;ETCS L1;False;False;0;-; 0,0; 0,0; 0,0;S1: VDV 1 - Strecke 1 - null;0,000000;42110,0;  0,0;4831,9;  0,0;1,030;1,00;1,00;"80 0622-19.0;";0;ETCS fallend;;;False;ETCS fallend;False;00:54:28;00:54:28;-;-;False;-;-;3268;3268
26200;ETCS fallend;0/00:54:29;0/00:54:29;00:54;00:54;00:54;00:54;-;80,00;77,67;80,00;-;80,00;-;K;-;ETCS-Stützstelle;;S1;Strecke 1;0/00:20:59;-;140,00;1,0000;1,030;-;-;54,0;118,0;ETCS L1;False;False;0;-; 0,0; 0,0; 0,0;S1: VDV 1 - Strecke 1 - null;0,000000;42110,0;  0,0;4831,9;  0,0;1,030;1,00;1,00;"80 0622-19.0;";0;ETCS fallend;;;False;ETCS fallend;False;00:54:29;00:54:29;-;-;False;-;-;3269;3269
26225;ETCS fallend;0/00:54:31;0/00:54:31;00:55;00:55;00:55;00:55;-;80,00;77,67;80,00;-;80,00;-;K;-;ETCS-Stützstelle;;S1;Strecke 1;0/00:21:00;-;140,00;1,0000;1,030;-;-;54,0;118,0;ETCS L1;False;False;0;-; 0,0; 0,0; 0,0;S1: VDV 1 - Strecke 1 - null;0,000000;42110,0;  0,0;4831,9;  0,0;1,030;1,00;1,00;"80 0622-19.0;";0;ETCS fallend;;;False;ETCS fallend;False;00:54:31;00:54:31;-;-;False;-;-;3271;3271
26250;ETCS fallend;0/00:54:32;0/00:54:32;00:55;00:55;00:55;00:55;-;80,00;77,67;80,00;-;80,00;-;K;-;ETCS-Stützstelle;;S1;Strecke 1;0/00:21:01;-;140,00;1,0000;1,030;-;-;54,0;118,0;ETCS L1;False;False;0;-; 0,0; 0,0; 0,0;S1: VDV 1 - Strecke 1 - null;0,000000;42110,0;  0,0;4831,9;  0,0;1,030;1,00;1,00;"80 0622-19.0;";0;ETCS fallend;;;False;ETCS fallend;False;00:54:32;00:54:32;-;-;False;-;-;3272;3272
26275;ETCS fallend;0/00:54:33;0/00:54:33;00:55;00:55;00:55;00:55;-;80,00;77,67;80,00;-;80,00;-;K;-;ETCS-Stützstelle;;S1;Strecke 1;0/00:21:03;-;140,00;1,0000;1,030;-;-;54,0;118,0;ETCS L1;False;False;0;-; 0,0; 0,0; 0,0;S1: VDV 1 - Strecke 1 - null;0,000000;42110,0;  0,0;4831,9;  0,0;1,030;1,00;1,00;"80 0622-19.0;";0;ETCS fallend;;;False;ETCS fallend;False;00:54:33;00:54:33;-;-;False;-;-;3273;3273
26300;ETCS fallend;0/00:54:34;0/00:54:34;00:55;00:55;00:55;00:55;-;80,00;77,67;80,00;-;80,00;-;K;-;ETCS-Stützstelle;;S1;Strecke 1;0/00:21:04;-;140,00;1,0000;1,030;-;-;54,0;118,0;ETCS L1;False;False;0;-; 0,0; 0,0; 0,0;S1: VDV 1 - Strecke 1 - null;0,000000;42110,0;  0,0;4831,9;  0,0;1,030;1,00;1,00;"80 0622-19.0;";0;ETCS fallend;;;False;ETCS fallend;False;00:54:34;00:54:34;-;-;False;-;-;3274;3274
26325;ETCS fallend;0/00:54:35;0/00:54:35;00:55;00:55;00:55;00:55;-;80,00;77,67;80,00;-;80,00;-;K;-;ETCS-Stützstelle;;S1;Strecke 1;0/00:21:05;-;140,00;1,0000;1,030;-;-;54,0;118,0;ETCS L1;False;False;0;-; 0,0; 0,0; 0,0;S1: VDV 1 - Strecke 1 - null;0,000000;42110,0;  0,0;4831,9;  0,0;1,030;1,00;1,00;"80 0622-19.0;";0;ETCS fallend;;;False;ETCS fallend;False;00:54:35;00:54:35;-;-;False;-;-;3275;3275
26350;ETCS fallend;0/00:54:36;0/00:54:36;00:55;00:55;00:55;00:55;-;80,00;77,67;80,00;-;80,00;-;K;-;ETCS-Stützstelle;;S1;Strecke 1;0/00:21:06;-;140,00;1,0000;1,030;-;-;54,0;118,0;ETCS L1;False;False;0;-; 0,0; 0,0; 0,0;S1: VDV 1 - Strecke 1 - null;0,000000;42110,0;  0,0;4831,9;  0,0;1,030;1,00;1,00;"80 0622-19.0;";0;ETCS fallend;;;False;ETCS fallend;False;00:54:36;00:54:36;-;-;False;-;-;3276;3276
26375;ETCS fallend;0/00:54:38;0/00:54:38;00:55;00:55;00:55;00:55;-;80,00;77,67;80,00;-;80,00;-;K;-;ETCS-Stützstelle;;S1;Strecke 1;0/00:21:07;-;140,00;1,0000;1,030;-;-;54,0;118,0;ETCS L1;False;False;0;-; 0,0; 0,0; 0,0;S1: VDV 1 - Strecke 1 - null;0,000000;42110,0;  0,0;4831,9;  0,0;1,030;1,00;1,00;"80 0622-19.0;";0;ETCS fallend;;;False;ETCS fallend;False;00:54:38;00:54:38;-;-;False;-;-;3278;3278
26400;ETCS fallend;0/00:54:39;0/00:54:39;00:55;00:55;00:55;00:55;-;80,00;77,67;80,00;-;80,00;-;K;-;ETCS-Stützstelle;;S1;Strecke 1;0/00:21:08;-;140,00;1,0000;1,030;-;-;54,0;118,0;ETCS L1;False;False;0;-; 0,0; 0,0; 0,0;S1: VDV 1 - Strecke 1 - null;0,000000;42110,0;  0,0;4831,9;  0,0;1,030;1,00;1,00;"80 0622-19.0;";0;ETCS fallend;;;False;ETCS fallend;False;00:54:39;00:54:39;-;-;False;-;-;3279;3279
26425;ETCS fallend;0/00:54:40;0/00:54:40;00:55;00:55;00:55;00:55;-;80,00;77,67;80,00;-;80,00;-;K;-;ETCS-Stützstelle;;S1;Strecke 1;0/00:21:09;-;140,00;1,0000;1,030;-;-;54,0;118,0;ETCS L1;False;False;0;-; 0,0; 0,0; 0,0;S1: VDV 1 - Strecke 1 - null;0,000000;42110,0;  0,0;4831,9;  0,0;1,030;1,00;1,00;"80 0622-19.0;";0;ETCS fallend;;;False;ETCS fallend;False;00:54:40;00:54:40;-;-;False;-;-;3280;3280
26450;ETCS fallend;0/00:54:41;0/00:54:41;00:55;00:55;00:55;00:55;-;80,00;77,67;80,00;-;80,00;-;K;-;ETCS-Stützstelle;;S1;Strecke 1;0/00:21:10;-;140,00;1,0000;1,030;-;-;54,0;118,0;ETCS L1;False;False;0;-; 0,0; 0,0; 0,0;S1: VDV 1 - Strecke 1 - null;0,000000;42110,0;  0,0;4831,9;  0,0;1,030;1,00;1,00;"80 0622-19.0;";0;ETCS fallend;;;False;ETCS fallend;False;00:54:41;00:54:41;-;-;False;-;-;3281;3281
26475;ETCS fallend;0/00:54:42;0/00:54:42;00:55;00:55;00:55;00:55;-;80,00;77,67;80,00;-;80,00;-;K;-;ETCS-Stützstelle;;S1;Strecke 1;0/00:21:12;-;140,00;1,0000;1,030;-;-;54,0;118,0;ETCS L1;False;False;0;-; 0,0; 0,0; 0,0;S1: VDV 1 - Strecke 1 - null;0,000000;42110,0;  0,0;4831,9;  0,0;1,030;1,00;1,00;"80 0622-19.0;";0;ETCS fallend;;;False;ETCS fallend;False;00:54:42;00:54:42;-;-;False;-;-;3282;3282
26500;ETCS fallend;0/00:54:43;0/00:54:43;00:55;00:55;00:55;00:55;-;80,00;77,67;80,00;-;80,00;-;K;-;ETCS-Stützstelle;;S1;Strecke 1;0/00:21:13;-;140,00;1,0000;1,030;-;-;54,0;118,0;ETCS L1;False;False;0;-; 0,0; 0,0; 0,0;S1: VDV 1 - Strecke 1 - null;0,000000;42110,0;  0,0;4831,9;  0,0;1,030;1,00;1,00;"80 0622-19.0;";0;ETCS fallend;;;False;ETCS fallend;False;00:54:43;00:54:43;-;-;False;-;-;3283;3283
26525;ETCS fallend;0/00:54:45;0/00:54:45;00:55;00:55;00:55;00:55;-;80,00;77,67;80,00;-;80,00;-;K;-;ETCS-Stützstelle;;S1;Strecke 1;0/00:21:14;-;140,00;1,0000;1,030;-;-;54,0;118,0;ETCS L1;False;False;0;-; 0,0; 0,0; 0,0;S1: VDV 1 - Strecke 1 - null;0,000000;42110,0;  0,0;4831,9;  0,0;1,030;1,00;1,00;"80 0622-19.0;";0;ETCS fallend;;;False;ETCS fallend;False;00:54:45;00:54:45;-;-;False;-;-;3285;3285
26550;ETCS fallend;0/00:54:46;0/00:54:46;00:55;00:55;00:55;00:55;-;80,00;77,67;80,00;-;80,00;-;K;-;ETCS-Stützstelle;;S1;Strecke 1;0/00:21:15;-;140,00;1,0000;1,030;-;-;54,0;118,0;ETCS L1;False;False;0;-; 0,0; 0,0; 0,0;S1: VDV 1 - Strecke 1 - null;0,000000;42110,0;  0,0;4831,9;  0,0;1,030;1,00;1,00;"80 0622-19.0;";0;ETCS fallend;;;False;ETCS fallend;False;00:54:46;00:54:46;-;-;False;-;-;3286;3286
26575;ETCS fallend;0/00:54:47;0/00:54:47;00:55;00:55;00:55;00:55;-;80,00;77,67;80,00;-;80,00;-;K;-;ETCS-Stützstelle;;S1;Strecke 1;0/00:21:16;-;140,00;1,0000;1,030;-;-;54,0;118,0;ETCS L1;False;False;0;-; 0,0; 0,0; 0,0;S1: VDV 1 - Strecke 1 - null;0,000000;42110,0;  0,0;4831,9;  0,0;1,030;1,00;1,00;"80 0622-19.0;";0;ETCS fallend;;;False;ETCS fallend;False;00:54:47;00:54:47;-;-;False;-;-;3287;3287
26600;ETCS fallend;0/00:54:48;0/00:54:48;00:55;00:55;00:55;00:55;-;80,00;77,67;80,00;-;80,00;-;K;-;ETCS-Stützstelle;;S1;Strecke 1;0/00:21:17;-;140,00;1,0000;1,030;-;-;54,0;118,0;ETCS L1;False;False;0;-; 0,0; 0,0; 0,0;S1: VDV 1 - Strecke 1 - null;0,000000;42110,0;  0,0;4831,9;  0,0;1,030;1,00;1,00;"80 0622-19.0;";0;ETCS fallend;;;False;ETCS fallend;False;00:54:48;00:54:48;-;-;False;-;-;3288;3288
26625;ETCS fallend;0/00:54:49;0/00:54:49;00:55;00:55;00:55;00:55;-;80,00;77,67;80,00;-;80,00;-;K;-;ETCS-Stützstelle;;S1;Strecke 1;0/00:21:18;-;140,00;1,0000;1,030;-;-;54,0;118,0;ETCS L1;False;False;0;-; 0,0; 0,0; 0,0;S1: VDV 1 - Strecke 1 - null;0,000000;42110,0;  0,0;4831,9;  0,0;1,030;1,00;1,00;"80 0622-19.0;";0;ETCS fallend;;;False;ETCS fallend;False;00:54:49;00:54:49;-;-;False;-;-;3289;3289
26650;ETCS fallend;0/00:54:50;0/00:54:50;00:55;00:55;00:55;00:55;-;80,00;77,67;80,00;-;80,00;-;K;-;ETCS-Stützstelle;;S1;Strecke 1;0/00:21:19;-;140,00;1,0000;1,030;-;-;54,0;118,0;ETCS L1;False;False;0;-; 0,0; 0,0; 0,0;S1: VDV 1 - Strecke 1 - null;0,000000;42110,0;  0,0;4831,9;  0,0;1,030;1,00;1,00;"80 0622-19.0;";0;ETCS fallend;;;False;ETCS fallend;False;00:54:50;00:54:50;-;-;False;-;-;3290;3290
26675;ETCS fallend;0/00:54:51;0/00:54:51;00:55;00:55;00:55;00:55;-;80,00;77,67;80,00;-;80,00;-;K;-;ETCS-Stützstelle;;S1;Strecke 1;0/00:21:21;-;140,00;1,0000;1,030;-;-;54,0;118,0;ETCS L1;False;False;0;-; 0,0; 0,0; 0,0;S1: VDV 1 - Strecke 1 - null;0,000000;42110,0;  0,0;4831,9;  0,0;1,030;1,00;1,00;"80 0622-19.0;";0;ETCS fallend;;;False;ETCS fallend;False;00:54:51;00:54:51;-;-;False;-;-;3291;3291
26700;ETCS fallend;0/00:54:53;0/00:54:53;00:55;00:55;00:55;00:55;-;80,00;77,67;80,00;-;80,00;-;K;-;ETCS-Stützstelle;;S1;Strecke 1;0/00:21:22;-;140,00;1,0000;1,030;-;-;54,0;118,0;ETCS L1;False;False;0;-; 0,0; 0,0; 0,0;S1: VDV 1 - Strecke 1 - null;0,000000;42110,0;  0,0;4831,9;  0,0;1,030;1,00;1,00;"80 0622-19.0;";0;ETCS fallend;;;False;ETCS fallend;False;00:54:53;00:54:53;-;-;False;-;-;3293;3293
26725;ETCS fallend;0/00:54:54;0/00:54:54;00:55;00:55;00:55;00:55;-;80,00;77,67;80,00;-;80,00;-;K;-;ETCS-Stützstelle;;S1;Strecke 1;0/00:21:23;-;140,00;1,0000;1,030;-;-;54,0;118,0;ETCS L1;False;False;0;-; 0,0; 0,0; 0,0;S1: VDV 1 - Strecke 1 - null;0,000000;42110,0;  0,0;4831,9;  0,0;1,030;1,00;1,00;"80 0622-19.0;";0;ETCS fallend;;;False;ETCS fallend;False;00:54:54;00:54:54;-;-;False;-;-;3294;3294
26750;ETCS fallend;0/00:54:55;0/00:54:55;00:55;00:55;00:55;00:55;-;80,00;77,67;80,00;-;80,00;-;K;-;ETCS-Stützstelle;;S1;Strecke 1;0/00:21:24;-;140,00;1,0000;1,030;-;-;54,0;118,0;ETCS L1;False;False;0;-; 0,0; 0,0; 0,0;S1: VDV 1 - Strecke 1 - null;0,000000;42110,0;  0,0;4831,9;  0,0;1,030;1,00;1,00;"80 0622-19.0;";0;ETCS fallend;;;False;ETCS fallend;False;00:54:55;00:54:55;-;-;False;-;-;3295;3295
26775;ETCS fallend;0/00:54:56;0/00:54:56;00:55;00:55;00:55;00:55;-;80,00;77,67;80,00;-;80,00;-;K;-;ETCS-Stützstelle;;S1;Strecke 1;0/00:21:25;-;140,00;1,0000;1,030;-;-;54,0;118,0;ETCS L1;False;False;0;-; 0,0; 0,0; 0,0;S1: VDV 1 - Strecke 1 - null;0,000000;42110,0;  0,0;4831,9;  0,0;1,030;1,00;1,00;"80 0622-19.0;";0;ETCS fallend;;;False;ETCS fallend;False;00:54:56;00:54:56;-;-;False;-;-;3296;3296
26800;ETCS fallend;0/00:54:57;0/00:54:57;00:55;00:55;00:55;00:55;-;80,00;77,67;80,00;-;80,00;-;K;-;ETCS-Stützstelle;;S1;Strecke 1;0/00:21:26;-;140,00;1,0000;1,030;-;-;54,0;118,0;ETCS L1;False;False;0;-; 0,0; 0,0; 0,0;S1: VDV 1 - Strecke 1 - null;0,000000;42110,0;  0,0;4831,9;  0,0;1,030;1,00;1,00;"80 0622-19.0;";0;ETCS fallend;;;False;ETCS fallend;False;00:54:57;00:54:57;-;-;False;-;-;3297;3297
26825;ETCS fallend;0/00:54:58;0/00:54:58;00:55;00:55;00:55;00:55;-;80,00;77,67;80,00;-;80,00;-;K;-;ETCS-Stützstelle;;S1;Strecke 1;0/00:21:27;-;140,00;1,0000;1,030;-;-;54,0;118,0;ETCS L1;False;False;0;-; 0,0; 0,0; 0,0;S1: VDV 1 - Strecke 1 - null;0,000000;42110,0;  0,0;4831,9;  0,0;1,030;1,00;1,00;"80 0622-19.0;";0;ETCS fallend;;;False;ETCS fallend;False;00:54:58;00:54:58;-;-;False;-;-;3298;3298
26850;ETCS fallend;0/00:55:00;0/00:55:00;00:55;00:55;00:55;00:55;-;80,00;77,67;80,00;-;80,00;-;K;-;ETCS-Stützstelle;;S1;Strecke 1;0/00:21:28;-;140,00;1,0000;1,030;-;-;54,0;118,0;ETCS L1;False;False;0;-; 0,0; 0,0; 0,0;S1: VDV 1 - Strecke 1 - null;0,000000;42110,0;  0,0;4831,9;  0,0;1,030;1,00;1,00;"80 0622-19.0;";0;ETCS fallend;;;False;ETCS fallend;False;00:55:00;00:55:00;-;-;False;-;-;3300;3300
26875;ETCS fallend;0/00:55:01;0/00:55:01;00:55;00:55;00:55;00:55;-;80,00;77,67;80,00;-;80,00;-;K;-;ETCS-Stützstelle;;S1;Strecke 1;0/00:21:30;-;140,00;1,0000;1,030;-;-;54,0;118,0;ETCS L1;False;False;0;-; 0,0; 0,0; 0,0;S1: VDV 1 - Strecke 1 - null;0,000000;42110,0;  0,0;4831,9;  0,0;1,030;1,00;1,00;"80 0622-19.0;";0;ETCS fallend;;;False;ETCS fallend;False;00:55:01;00:55:01;-;-;False;-;-;3301;3301
26900;ETCS fallend;0/00:55:02;0/00:55:02;00:55;00:55;00:55;00:55;-;80,00;77,67;80,00;-;80,00;-;K;-;ETCS-Stützstelle;;S1;Strecke 1;0/00:21:31;-;140,00;1,0000;1,030;-;-;54,0;118,0;ETCS L1;False;False;0;-; 0,0; 0,0; 0,0;S1: VDV 1 - Strecke 1 - null;0,000000;42110,0;  0,0;4831,9;  0,0;1,030;1,00;1,00;"80 0622-19.0;";0;ETCS fallend;;;False;ETCS fallend;False;00:55:02;00:55:02;-;-;False;-;-;3302;3302
26925;ETCS fallend;0/00:55:03;0/00:55:03;00:55;00:55;00:55;00:55;-;80,00;77,67;80,00;-;80,00;-;K;-;ETCS-Stützstelle;;S1;Strecke 1;0/00:21:32;-;140,00;1,0000;1,030;-;-;54,0;118,0;ETCS L1;False;False;0;-; 0,0; 0,0; 0,0;S1: VDV 1 - Strecke 1 - null;0,000000;42110,0;  0,0;4831,9;  0,0;1,030;1,00;1,00;"80 0622-19.0;";0;ETCS fallend;;;False;ETCS fallend;False;00:55:03;00:55:03;-;-;False;-;-;3303;3303
26950;ETCS fallend;0/00:55:04;0/00:55:04;00:55;00:55;00:55;00:55;-;80,00;77,67;80,00;-;80,00;-;K;-;ETCS-Stützstelle;;S1;Strecke 1;0/00:21:33;-;140,00;1,0000;1,030;-;-;54,0;118,0;ETCS L1;False;False;0;-; 0,0; 0,0; 0,0;S1: VDV 1 - Strecke 1 - null;0,000000;42110,0;  0,0;4831,9;  0,0;1,030;1,00;1,00;"80 0622-19.0;";0;ETCS fallend;;;False;ETCS fallend;False;00:55:04;00:55:04;-;-;False;-;-;3304;3304
26975;ETCS fallend;0/00:55:05;0/00:55:05;00:55;00:55;00:55;00:55;-;80,00;77,67;80,00;-;80,00;-;K;-;ETCS-Stützstelle;;S1;Strecke 1;0/00:21:34;-;140,00;1,0000;1,030;-;-;54,0;118,0;ETCS L1;False;False;0;-; 0,0; 0,0; 0,0;S1: VDV 1 - Strecke 1 - null;0,000000;42110,0;  0,0;4831,9;  0,0;1,030;1,00;1,00;"80 0622-19.0;";0;ETCS fallend;;;False;ETCS fallend;False;00:55:05;00:55:05;-;-;False;-;-;3305;3305
27000;ETCS fallend;0/00:55:07;0/00:55:07;00:55;00:55;00:55;00:55;-;80,00;77,67;80,00;-;80,00;-;K;-;ETCS-Stützstelle;;S1;Strecke 1;0/00:21:35;-;140,00;1,0000;1,030;-;-;54,0;118,0;ETCS L1;False;False;0;-; 0,0; 0,0; 0,0;S1: VDV 1 - Strecke 1 - null;0,000000;42110,0;  0,0;4831,9;  0,0;1,030;1,00;1,00;"80 0622-19.0;";0;ETCS fallend;;;False;ETCS fallend;False;00:55:07;00:55:07;-;-;False;-;-;3307;3307
27025;ETCS fallend;0/00:55:08;0/00:55:08;00:55;00:55;00:55;00:55;-;80,00;77,67;80,00;-;80,00;-;K;-;ETCS-Stützstelle;;S1;Strecke 1;0/00:21:36;-;140,00;1,0000;1,030;-;-;54,0;118,0;ETCS L1;False;False;0;-; 0,0; 0,0; 0,0;S1: VDV 1 - Strecke 1 - null;0,000000;42110,0;  0,0;4831,9;  0,0;1,030;1,00;1,00;"80 0622-19.0;";0;ETCS fallend;;;False;ETCS fallend;False;00:55:08;00:55:08;-;-;False;-;-;3308;3308
27050;ETCS fallend;0/00:55:09;0/00:55:09;00:55;00:55;00:55;00:55;-;80,00;77,67;80,00;-;80,00;-;K;-;ETCS-Stützstelle;;S1;Strecke 1;0/00:21:37;-;140,00;1,0000;1,030;-;-;54,0;118,0;ETCS L1;False;False;0;-; 0,0; 0,0; 0,0;S1: VDV 1 - Strecke 1 - null;0,000000;42110,0;  0,0;4831,9;  0,0;1,030;1,00;1,00;"80 0622-19.0;";0;ETCS fallend;;;False;ETCS fallend;False;00:55:09;00:55:09;-;-;False;-;-;3309;3309
27075;ETCS fallend;0/00:55:10;0/00:55:10;00:55;00:55;00:55;00:55;-;80,00;77,67;80,00;-;80,00;-;K;-;ETCS-Stützstelle;;S1;Strecke 1;0/00:21:39;-;140,00;1,0000;1,030;-;-;54,0;118,0;ETCS L1;False;False;0;-; 0,0; 0,0; 0,0;S1: VDV 1 - Strecke 1 - null;0,000000;42110,0;  0,0;4831,9;  0,0;1,030;1,00;1,00;"80 0622-19.0;";0;ETCS fallend;;;False;ETCS fallend;False;00:55:10;00:55:10;-;-;False;-;-;3310;3310
27100;ETCS fallend;0/00:55:11;0/00:55:11;00:55;00:55;00:55;00:55;-;80,00;77,67;80,00;-;80,00;-;K;-;ETCS-Stützstelle;;S1;Strecke 1;0/00:21:40;-;140,00;1,0000;1,030;-;-;54,0;118,0;ETCS L1;False;False;0;-; 0,0; 0,0; 0,0;S1: VDV 1 - Strecke 1 - null;0,000000;42110,0;  0,0;4831,9;  0,0;1,030;1,00;1,00;"80 0622-19.0;";0;ETCS fallend;;;False;ETCS fallend;False;00:55:11;00:55:11;-;-;False;-;-;3311;3311
27125;ETCS fallend;0/00:55:12;0/00:55:12;00:55;00:55;00:55;00:55;-;80,00;77,67;80,00;-;80,00;-;K;-;ETCS-Stützstelle;;S1;Strecke 1;0/00:21:41;-;140,00;1,0000;1,030;-;-;54,0;118,0;ETCS L1;False;False;0;-; 0,0; 0,0; 0,0;S1: VDV 1 - Strecke 1 - null;0,000000;42110,0;  0,0;4831,9;  0,0;1,030;1,00;1,00;"80 0622-19.0;";0;ETCS fallend;;;False;ETCS fallend;False;00:55:12;00:55:12;-;-;False;-;-;3312;3312
27150;ETCS fallend;0/00:55:14;0/00:55:14;00:55;00:55;00:55;00:55;-;80,00;77,67;80,00;-;80,00;-;K;-;ETCS-Stützstelle;;S1;Strecke 1;0/00:21:42;-;140,00;1,0000;1,030;-;-;54,0;118,0;ETCS L1;False;False;0;-; 0,0; 0,0; 0,0;S1: VDV 1 - Strecke 1 - null;0,000000;42110,0;  0,0;4831,9;  0,0;1,030;1,00;1,00;"80 0622-19.0;";0;ETCS fallend;;;False;ETCS fallend;False;00:55:14;00:55:14;-;-;False;-;-;3314;3314
27175;ETCS fallend;0/00:55:15;0/00:55:15;00:55;00:55;00:55;00:55;-;80,00;77,67;80,00;-;80,00;-;K;-;ETCS-Stützstelle;;S1;Strecke 1;0/00:21:43;-;140,00;1,0000;1,030;-;-;54,0;118,0;ETCS L1;False;False;0;-; 0,0; 0,0; 0,0;S1: VDV 1 - Strecke 1 - null;0,000000;42110,0;  0,0;4831,9;  0,0;1,030;1,00;1,00;"80 0622-19.0;";0;ETCS fallend;;;False;ETCS fallend;False;00:55:15;00:55:15;-;-;False;-;-;3315;3315
27200;ETCS fallend;0/00:55:16;0/00:55:16;00:55;00:55;00:55;00:55;-;80,00;77,67;80,00;-;80,00;-;K;-;ETCS-Stützstelle;;S1;Strecke 1;0/00:21:44;-;140,00;1,0000;1,030;-;-;54,0;118,0;ETCS L1;False;False;0;-; 0,0; 0,0; 0,0;S1: VDV 1 - Strecke 1 - null;0,000000;42110,0;  0,0;4831,9;  0,0;1,030;1,00;1,00;"80 0622-19.0;";0;ETCS fallend;;;False;ETCS fallend;False;00:55:16;00:55:16;-;-;False;-;-;3316;3316
27225;ETCS fallend;0/00:55:17;0/00:55:17;00:55;00:55;00:55;00:55;-;80,00;77,67;80,00;-;80,00;-;K;-;ETCS-Stützstelle;;S1;Strecke 1;0/00:21:45;-;140,00;1,0000;1,030;-;-;54,0;118,0;ETCS L1;False;False;0;-; 0,0; 0,0; 0,0;S1: VDV 1 - Strecke 1 - null;0,000000;42110,0;  0,0;4831,9;  0,0;1,030;1,00;1,00;"80 0622-19.0;";0;ETCS fallend;;;False;ETCS fallend;False;00:55:17;00:55:17;-;-;False;-;-;3317;3317
27250;ETCS fallend;0/00:55:18;0/00:55:18;00:55;00:55;00:55;00:55;-;80,00;77,67;80,00;-;80,00;-;K;-;S1 2.750 Streckengleis Fahrzeitmesspunkt, Beide Richtungen, BS-Mitte;;S1;Strecke 1;0/00:21:46;00:55:18;140,00;1,0000;1,030;-;-;54,0;118,0;ETCS L1;False;False;0;-; 0,0; 0,0; 0,0;S1: VDV 1 - Strecke 1 - null;0,000000;42110,0;  0,0;4831,9;  0,0;1,030;1,00;1,00;"80 0622-19.0;";0;ETCS fallend;3521;;True;ETCS fallend;False;00:55:18;00:55:18;-;-;False;-;Gleisende 3521-0 - Betriebsstellengrenze 3521-0 (3521);3318;3318
27275;ETCS fallend;0/00:55:19;0/00:55:19;00:55;00:55;00:55;00:55;-;80,00;77,67;80,00;-;80,00;-;K;-;ETCS-Stützstelle;;S1;Strecke 1;0/00:21:48;-;140,00;1,0000;1,030;-;-;54,0;118,0;ETCS L1;False;False;0;-; 0,0; 0,0; 0,0;S1: VDV 1 - Strecke 1 - null;0,000000;42110,0;  0,0;4831,9;  0,0;1,030;1,00;1,00;"80 0622-19.0;";0;ETCS fallend;;;False;ETCS fallend;False;00:55:19;00:55:19;-;-;False;-;-;3319;3319
27300;ETCS fallend;0/00:55:20;0/00:55:20;00:55;00:55;00:55;00:55;-;80,00;77,67;80,00;-;80,00;-;K;-;ETCS-Stützstelle;;S1;Strecke 1;0/00:21:49;-;140,00;1,0000;1,030;-;-;54,0;118,0;ETCS L1;False;False;0;-; 0,0; 0,0; 0,0;S1: VDV 1 - Strecke 1 - null;0,000000;42110,0;  0,0;4831,9;  0,0;1,030;1,00;1,00;"80 0622-19.0;";0;ETCS fallend;;;False;ETCS fallend;False;00:55:20;00:55:20;-;-;False;-;-;3320;3320
27325;ETCS fallend;0/00:55:22;0/00:55:22;00:55;00:55;00:55;00:55;-;80,00;77,67;80,00;-;80,00;-;K;-;ETCS-Stützstelle;;S1;Strecke 1;0/00:21:50;-;140,00;1,0000;1,030;-;-;54,0;118,0;ETCS L1;False;False;0;-; 0,0; 0,0; 0,0;S1: VDV 1 - Strecke 1 - null;0,000000;42110,0;  0,0;4831,9;  0,0;1,030;1,00;1,00;"80 0622-19.0;";0;ETCS fallend;;;False;ETCS fallend;False;00:55:22;00:55:22;-;-;False;-;-;3322;3322
27350;ETCS fallend;0/00:55:23;0/00:55:23;00:55;00:55;00:55;00:55;-;80,00;77,67;80,00;-;80,00;-;K;-;ETCS-Stützstelle;;S1;Strecke 1;0/00:21:51;-;140,00;1,0000;1,030;-;-;54,0;118,0;ETCS L1;False;False;0;-; 0,0; 0,0; 0,0;S1: VDV 1 - Strecke 1 - null;0,000000;42110,0;  0,0;4831,9;  0,0;1,030;1,00;1,00;"80 0622-19.0;";0;ETCS fallend;;;False;ETCS fallend;False;00:55:23;00:55:23;-;-;False;-;-;3323;3323
27375;ETCS fallend;0/00:55:24;0/00:55:24;00:55;00:55;00:55;00:55;-;80,00;77,67;80,00;-;80,00;-;K;-;ETCS-Stützstelle;;S1;Strecke 1;0/00:21:52;-;140,00;1,0000;1,030;-;-;54,0;118,0;ETCS L1;False;False;0;-; 0,0; 0,0; 0,0;S1: VDV 1 - Strecke 1 - null;0,000000;42110,0;  0,0;4831,9;  0,0;1,030;1,00;1,00;"80 0622-19.0;";0;ETCS fallend;;;False;ETCS fallend;False;00:55:24;00:55:24;-;-;False;-;-;3324;3324
27400;ETCS fallend;0/00:55:25;0/00:55:25;00:55;00:55;00:55;00:55;-;80,00;77,67;80,00;-;80,00;-;K;-;ETCS-Stützstelle;;S1;Strecke 1;0/00:21:53;-;140,00;1,0000;1,030;-;-;54,0;118,0;ETCS L1;False;False;0;-; 0,0; 0,0; 0,0;S1: VDV 1 - Strecke 1 - null;0,000000;42110,0;  0,0;4831,9;  0,0;1,030;1,00;1,00;"80 0622-19.0;";0;ETCS fallend;;;False;ETCS fallend;False;00:55:25;00:55:25;-;-;False;-;-;3325;3325
27425;ETCS fallend;0/00:55:26;0/00:55:26;00:55;00:55;00:55;00:55;-;80,00;77,67;80,00;-;80,00;-;K;-;ETCS-Stützstelle;;S1;Strecke 1;0/00:21:54;-;140,00;1,0000;1,030;-;-;54,0;118,0;ETCS L1;False;False;0;-; 0,0; 0,0; 0,0;S1: VDV 1 - Strecke 1 - null;0,000000;42110,0;  0,0;4831,9;  0,0;1,030;1,00;1,00;"80 0622-19.0;";0;ETCS fallend;;;False;ETCS fallend;False;00:55:26;00:55:26;-;-;False;-;-;3326;3326
27450;ETCS fallend;0/00:55:27;0/00:55:27;00:55;00:55;00:55;00:55;-;80,00;77,67;80,00;-;80,00;-;K;-;ETCS-Stützstelle;;S1;Strecke 1;0/00:21:55;-;140,00;1,0000;1,030;-;-;54,0;118,0;ETCS L1;False;False;0;-; 0,0; 0,0; 0,0;S1: VDV 1 - Strecke 1 - null;0,000000;42110,0;  0,0;4831,9;  0,0;1,030;1,00;1,00;"80 0622-19.0;";0;ETCS fallend;;;False;ETCS fallend;False;00:55:27;00:55:27;-;-;False;-;-;3327;3327
27475;ETCS fallend;0/00:55:29;0/00:55:29;00:55;00:55;00:55;00:55;-;80,00;77,67;80,00;-;80,00;-;K;-;ETCS-Stützstelle;;S1;Strecke 1;0/00:21:57;-;140,00;1,0000;1,030;-;-;54,0;118,0;ETCS L1;False;False;0;-; 0,0; 0,0; 0,0;S1: VDV 1 - Strecke 1 - null;0,000000;42110,0;  0,0;4831,9;  0,0;1,030;1,00;1,00;"80 0622-19.0;";0;ETCS fallend;;;False;ETCS fallend;False;00:55:29;00:55:29;-;-;False;-;-;3329;3329
27500;ETCS fallend;0/00:55:30;0/00:55:30;00:56;00:56;00:56;00:56;-;80,00;77,67;80,00;-;80,00;-;K;-;ETCS-Stützstelle;;S1;Strecke 1;0/00:21:58;-;140,00;1,0000;1,030;-;-;54,0;118,0;ETCS L1;False;False;0;-; 0,0; 0,0; 0,0;S1: VDV 1 - Strecke 1 - null;0,000000;42110,0;  0,0;4831,9;  0,0;1,030;1,00;1,00;"80 0622-19.0;";0;ETCS fallend;;;False;ETCS fallend;False;00:55:30;00:55:30;-;-;False;-;-;3330;3330
27525;ETCS fallend;0/00:55:31;0/00:55:31;00:56;00:56;00:56;00:56;-;80,00;77,67;80,00;-;80,00;-;K;-;ETCS-Stützstelle;;S1;Strecke 1;0/00:21:59;-;140,00;1,0000;1,030;-;-;54,0;118,0;ETCS L1;False;False;0;-; 0,0; 0,0; 0,0;S1: VDV 1 - Strecke 1 - null;0,000000;42110,0;  0,0;4831,9;  0,0;1,030;1,00;1,00;"80 0622-19.0;";0;ETCS fallend;;;False;ETCS fallend;False;00:55:31;00:55:31;-;-;False;-;-;3331;3331
27550;ETCS fallend;0/00:55:32;0/00:55:32;00:56;00:56;00:56;00:56;-;80,00;77,67;80,00;-;80,00;-;K;-;ETCS-Stützstelle;;S1;Strecke 1;0/00:22:00;-;140,00;1,0000;1,030;-;-;54,0;118,0;ETCS L1;False;False;0;-; 0,0; 0,0; 0,0;S1: VDV 1 - Strecke 1 - null;0,000000;42110,0;  0,0;4831,9;  0,0;1,030;1,00;1,00;"80 0622-19.0;";0;ETCS fallend;;;False;ETCS fallend;False;00:55:32;00:55:32;-;-;False;-;-;3332;3332
27575;ETCS fallend;0/00:55:33;0/00:55:33;00:56;00:56;00:56;00:56;-;80,00;77,67;80,00;-;80,00;-;K;-;ETCS-Stützstelle;;S1;Strecke 1;0/00:22:01;-;140,00;1,0000;1,030;-;-;54,0;118,0;ETCS L1;False;False;0;-; 0,0; 0,0; 0,0;S1: VDV 1 - Strecke 1 - null;0,000000;42110,0;  0,0;4831,9;  0,0;1,030;1,00;1,00;"80 0622-19.0;";0;ETCS fallend;;;False;ETCS fallend;False;00:55:33;00:55:33;-;-;False;-;-;3333;3333
27600;ETCS fallend;0/00:55:34;0/00:55:34;00:56;00:56;00:56;00:56;-;80,00;77,67;80,00;-;80,00;-;K;-;ETCS-Stützstelle;;S1;Strecke 1;0/00:22:02;-;140,00;1,0000;1,030;-;-;54,0;118,0;ETCS L1;False;False;0;-; 0,0; 0,0; 0,0;S1: VDV 1 - Strecke 1 - null;0,000000;42110,0;  0,0;4831,9;  0,0;1,030;1,00;1,00;"80 0622-19.0;";0;ETCS fallend;;;False;ETCS fallend;False;00:55:34;00:55:34;-;-;False;-;-;3334;3334
27625;ETCS fallend;0/00:55:36;0/00:55:36;00:56;00:56;00:56;00:56;-;80,00;77,67;80,00;-;80,00;-;K;-;ETCS-Stützstelle;;S1;Strecke 1;0/00:22:03;-;140,00;1,0000;1,030;-;-;54,0;118,0;ETCS L1;False;False;0;-; 0,0; 0,0; 0,0;S1: VDV 1 - Strecke 1 - null;0,000000;42110,0;  0,0;4831,9;  0,0;1,030;1,00;1,00;"80 0622-19.0;";0;ETCS fallend;;;False;ETCS fallend;False;00:55:36;00:55:36;-;-;False;-;-;3336;3336
27650;ETCS fallend;0/00:55:37;0/00:55:37;00:56;00:56;00:56;00:56;-;80,00;77,67;80,00;-;80,00;-;K;-;ETCS-Stützstelle;;S1;Strecke 1;0/00:22:04;-;140,00;1,0000;1,030;-;-;54,0;118,0;ETCS L1;False;False;0;-; 0,0; 0,0; 0,0;S1: VDV 1 - Strecke 1 - null;0,000000;42110,0;  0,0;4831,9;  0,0;1,030;1,00;1,00;"80 0622-19.0;";0;ETCS fallend;;;False;ETCS fallend;False;00:55:37;00:55:37;-;-;False;-;-;3337;3337
27675;ETCS fallend;0/00:55:38;0/00:55:38;00:56;00:56;00:56;00:56;-;80,00;77,67;80,00;-;80,00;-;K;-;ETCS-Stützstelle;;S1;Strecke 1;0/00:22:06;-;140,00;1,0000;1,030;-;-;54,0;118,0;ETCS L1;False;False;0;-; 0,0; 0,0; 0,0;S1: VDV 1 - Strecke 1 - null;0,000000;42110,0;  0,0;4831,9;  0,0;1,030;1,00;1,00;"80 0622-19.0;";0;ETCS fallend;;;False;ETCS fallend;False;00:55:38;00:55:38;-;-;False;-;-;3338;3338
27700;ETCS fallend;0/00:55:39;0/00:55:39;00:56;00:56;00:56;00:56;-;80,00;77,67;80,00;-;80,00;-;K;-;ETCS-Stützstelle;;S1;Strecke 1;0/00:22:07;-;140,00;1,0000;1,030;-;-;54,0;118,0;ETCS L1;False;False;0;-; 0,0; 0,0; 0,0;S1: VDV 1 - Strecke 1 - null;0,000000;42110,0;  0,0;4831,9;  0,0;1,030;1,00;1,00;"80 0622-19.0;";0;ETCS fallend;;;False;ETCS fallend;False;00:55:39;00:55:39;-;-;False;-;-;3339;3339
27725;ETCS fallend;0/00:55:40;0/00:55:40;00:56;00:56;00:56;00:56;-;80,00;77,67;80,00;-;80,00;-;K;-;ETCS-Stützstelle;;S1;Strecke 1;0/00:22:08;-;140,00;1,0000;1,030;-;-;54,0;118,0;ETCS L1;False;False;0;-; 0,0; 0,0; 0,0;S1: VDV 1 - Strecke 1 - null;0,000000;42110,0;  0,0;4831,9;  0,0;1,030;1,00;1,00;"80 0622-19.0;";0;ETCS fallend;;;False;ETCS fallend;False;00:55:40;00:55:40;-;-;False;-;-;3340;3340
27750;ETCS fallend;0/00:55:41;0/00:55:41;00:56;00:56;00:56;00:56;-;80,00;77,67;80,00;-;80,00;-;K;-;ETCS-Stützstelle;;S1;Strecke 1;0/00:22:09;-;140,00;1,0000;1,030;-;-;54,0;118,0;ETCS L1;False;False;0;-; 0,0; 0,0; 0,0;S1: VDV 1 - Strecke 1 - null;0,000000;42110,0;  0,0;4831,9;  0,0;1,030;1,00;1,00;"80 0622-19.0;";0;ETCS fallend;;;False;ETCS fallend;False;00:55:41;00:55:41;-;-;False;-;-;3341;3341
27775;ETCS fallend;0/00:55:42;0/00:55:42;00:56;00:56;00:56;00:56;-;80,00;77,67;80,00;-;80,00;-;K;-;ETCS-Stützstelle;;S1;Strecke 1;0/00:22:10;-;140,00;1,0000;1,030;-;-;54,0;118,0;ETCS L1;False;False;0;-; 0,0; 0,0; 0,0;S1: VDV 1 - Strecke 1 - null;0,000000;42110,0;  0,0;4831,9;  0,0;1,030;1,00;1,00;"80 0622-19.0;";0;ETCS fallend;;;False;ETCS fallend;False;00:55:42;00:55:42;-;-;False;-;-;3342;3342
27800;ETCS fallend;0/00:55:44;0/00:55:44;00:56;00:56;00:56;00:56;-;80,00;77,67;80,00;-;80,00;-;K;-;ETCS-Stützstelle;;S1;Strecke 1;0/00:22:11;-;140,00;1,0000;1,030;-;-;54,0;118,0;ETCS L1;False;False;0;-; 0,0; 0,0; 0,0;S1: VDV 1 - Strecke 1 - null;0,000000;42110,0;  0,0;4831,9;  0,0;1,030;1,00;1,00;"80 0622-19.0;";0;ETCS fallend;;;False;ETCS fallend;False;00:55:44;00:55:44;-;-;False;-;-;3344;3344
27825;ETCS fallend;0/00:55:45;0/00:55:45;00:56;00:56;00:56;00:56;-;80,00;77,67;80,00;-;80,00;-;K;-;ETCS-Stützstelle;;S1;Strecke 1;0/00:22:12;-;140,00;1,0000;1,030;-;-;54,0;118,0;ETCS L1;False;False;0;-; 0,0; 0,0; 0,0;S1: VDV 1 - Strecke 1 - null;0,000000;42110,0;  0,0;4831,9;  0,0;1,030;1,00;1,00;"80 0622-19.0;";0;ETCS fallend;;;False;ETCS fallend;False;00:55:45;00:55:45;-;-;False;-;-;3345;3345
27850;ETCS fallend;0/00:55:46;0/00:55:46;00:56;00:56;00:56;00:56;-;80,00;77,67;80,00;-;80,00;-;K;-;ETCS-Stützstelle;;S1;Strecke 1;0/00:22:13;-;140,00;1,0000;1,030;-;-;54,0;118,0;ETCS L1;False;False;0;-; 0,0; 0,0; 0,0;S1: VDV 1 - Strecke 1 - null;0,000000;42110,0;  0,0;4831,9;  0,0;1,030;1,00;1,00;"80 0622-19.0;";0;ETCS fallend;;;False;ETCS fallend;False;00:55:46;00:55:46;-;-;False;-;-;3346;3346
27875;ETCS fallend;0/00:55:47;0/00:55:47;00:56;00:56;00:56;00:56;-;80,00;77,67;80,00;-;80,00;-;K;-;ETCS-Stützstelle;;S1;Strecke 1;0/00:22:15;-;140,00;1,0000;1,030;-;-;54,0;118,0;ETCS L1;False;False;0;-; 0,0; 0,0; 0,0;S1: VDV 1 - Strecke 1 - null;0,000000;42110,0;  0,0;4831,9;  0,0;1,030;1,00;1,00;"80 0622-19.0;";0;ETCS fallend;;;False;ETCS fallend;False;00:55:47;00:55:47;-;-;False;-;-;3347;3347
27900;ETCS fallend;0/00:55:48;0/00:55:48;00:56;00:56;00:56;00:56;-;80,00;77,67;80,00;-;80,00;-;K;-;ETCS-Stützstelle;;S1;Strecke 1;0/00:22:16;-;140,00;1,0000;1,030;-;-;54,0;118,0;ETCS L1;False;False;0;-; 0,0; 0,0; 0,0;S1: VDV 1 - Strecke 1 - null;0,000000;42110,0;  0,0;4831,9;  0,0;1,030;1,00;1,00;"80 0622-19.0;";0;ETCS fallend;;;False;ETCS fallend;False;00:55:48;00:55:48;-;-;False;-;-;3348;3348
27925;ETCS fallend;0/00:55:49;0/00:55:49;00:56;00:56;00:56;00:56;-;80,00;77,67;80,00;-;80,00;-;K;-;ETCS-Stützstelle;;S1;Strecke 1;0/00:22:17;-;140,00;1,0000;1,030;-;-;54,0;118,0;ETCS L1;False;False;0;-; 0,0; 0,0; 0,0;S1: VDV 1 - Strecke 1 - null;0,000000;42110,0;  0,0;4831,9;  0,0;1,030;1,00;1,00;"80 0622-19.0;";0;ETCS fallend;;;False;ETCS fallend;False;00:55:49;00:55:49;-;-;False;-;-;3349;3349
27950;ETCS fallend;0/00:55:51;0/00:55:51;00:56;00:56;00:56;00:56;-;80,00;77,67;80,00;-;80,00;-;K;-;ETCS-Stützstelle;;S1;Strecke 1;0/00:22:18;-;140,00;1,0000;1,030;-;-;54,0;118,0;ETCS L1;False;False;0;-; 0,0; 0,0; 0,0;S1: VDV 1 - Strecke 1 - null;0,000000;42110,0;  0,0;4831,9;  0,0;1,030;1,00;1,00;"80 0622-19.0;";0;ETCS fallend;;;False;ETCS fallend;False;00:55:51;00:55:51;-;-;False;-;-;3351;3351
27975;ETCS fallend;0/00:55:52;0/00:55:52;00:56;00:56;00:56;00:56;-;80,00;77,67;80,00;-;80,00;-;K;-;ETCS-Stützstelle;;S1;Strecke 1;0/00:22:19;-;140,00;1,0000;1,030;-;-;54,0;118,0;ETCS L1;False;False;0;-; 0,0; 0,0; 0,0;S1: VDV 1 - Strecke 1 - null;0,000000;42110,0;  0,0;4831,9;  0,0;1,030;1,00;1,00;"80 0622-19.0;";0;ETCS fallend;;;False;ETCS fallend;False;00:55:52;00:55:52;-;-;False;-;-;3352;3352
28000;ETCS fallend;0/00:55:53;0/00:55:53;00:56;00:56;00:56;00:56;-;80,00;77,67;80,00;-;80,00;-;K;-;ETCS-Stützstelle;;S1;Strecke 1;0/00:22:20;-;140,00;1,0000;1,030;-;-;54,0;118,0;ETCS L1;False;False;0;-; 0,0; 0,0; 0,0;S1: VDV 1 - Strecke 1 - null;0,000000;42110,0;  0,0;4831,9;  0,0;1,030;1,00;1,00;"80 0622-19.0;";0;ETCS fallend;;;False;ETCS fallend;False;00:55:53;00:55:53;-;-;False;-;-;3353;3353
28025;ETCS fallend;0/00:55:54;0/00:55:54;00:56;00:56;00:56;00:56;-;80,00;77,67;80,00;-;80,00;-;K;-;ETCS-Stützstelle;;S1;Strecke 1;0/00:22:21;-;140,00;1,0000;1,030;-;-;54,0;118,0;ETCS L1;False;False;0;-; 0,0; 0,0; 0,0;S1: VDV 1 - Strecke 1 - null;0,000000;42110,0;  0,0;4831,9;  0,0;1,030;1,00;1,00;"80 0622-19.0;";0;ETCS fallend;;;False;ETCS fallend;False;00:55:54;00:55:54;-;-;False;-;-;3354;3354
28050;ETCS fallend;0/00:55:55;0/00:55:55;00:56;00:56;00:56;00:56;-;80,00;77,67;80,00;-;80,00;-;K;-;ETCS-Stützstelle;;S1;Strecke 1;0/00:22:22;-;140,00;1,0000;1,030;-;-;54,0;118,0;ETCS L1;False;False;0;-; 0,0; 0,0; 0,0;S1: VDV 1 - Strecke 1 - null;0,000000;42110,0;  0,0;4831,9;  0,0;1,030;1,00;1,00;"80 0622-19.0;";0;ETCS fallend;;;False;ETCS fallend;False;00:55:55;00:55:55;-;-;False;-;-;3355;3355
28075;ETCS fallend;0/00:55:56;0/00:55:56;00:56;00:56;00:56;00:56;-;80,00;77,67;80,00;-;80,00;-;K;-;ETCS-Stützstelle;;S1;Strecke 1;0/00:22:24;-;140,00;1,0000;1,030;-;-;54,0;118,0;ETCS L1;False;False;0;-; 0,0; 0,0; 0,0;S1: VDV 1 - Strecke 1 - null;0,000000;42110,0;  0,0;4831,9;  0,0;1,030;1,00;1,00;"80 0622-19.0;";0;ETCS fallend;;;False;ETCS fallend;False;00:55:56;00:55:56;-;-;False;-;-;3356;3356
28100;ETCS fallend;0/00:55:58;0/00:55:58;00:56;00:56;00:56;00:56;-;80,00;77,67;80,00;-;80,00;-;K;-;ETCS-Stützstelle;;S1;Strecke 1;0/00:22:25;-;140,00;1,0000;1,030;-;-;54,0;118,0;ETCS L1;False;False;0;-; 0,0; 0,0; 0,0;S1: VDV 1 - Strecke 1 - null;0,000000;42110,0;  0,0;4831,9;  0,0;1,030;1,00;1,00;"80 0622-19.0;";0;ETCS fallend;;;False;ETCS fallend;False;00:55:58;00:55:58;-;-;False;-;-;3358;3358
28125;ETCS fallend;0/00:55:59;0/00:55:59;00:56;00:56;00:56;00:56;-;80,00;77,67;80,00;-;80,00;-;K;-;ETCS-Stützstelle;;S1;Strecke 1;0/00:22:26;-;140,00;1,0000;1,030;-;-;54,0;118,0;ETCS L1;False;False;0;-; 0,0; 0,0; 0,0;S1: VDV 1 - Strecke 1 - null;0,000000;42110,0;  0,0;4831,9;  0,0;1,030;1,00;1,00;"80 0622-19.0;";0;ETCS fallend;;;False;ETCS fallend;False;00:55:59;00:55:59;-;-;False;-;-;3359;3359
28150;ETCS fallend;0/00:56:00;0/00:56:00;00:56;00:56;00:56;00:56;-;80,00;77,67;80,00;-;80,00;-;K;-;ETCS-Stützstelle;;S1;Strecke 1;0/00:22:27;-;140,00;1,0000;1,030;-;-;54,0;118,0;ETCS L1;False;False;0;-; 0,0; 0,0; 0,0;S1: VDV 1 - Strecke 1 - null;0,000000;42110,0;  0,0;4831,9;  0,0;1,030;1,00;1,00;"80 0622-19.0;";0;ETCS fallend;;;False;ETCS fallend;False;00:56:00;00:56:00;-;-;False;-;-;3360;3360
28175;ETCS fallend;0/00:56:01;0/00:56:01;00:56;00:56;00:56;00:56;-;80,00;77,67;80,00;-;80,00;-;K;-;ETCS-Stützstelle;;S1;Strecke 1;0/00:22:28;-;140,00;1,0000;1,030;-;-;54,0;118,0;ETCS L1;False;False;0;-; 0,0; 0,0; 0,0;S1: VDV 1 - Strecke 1 - null;0,000000;42110,0;  0,0;4831,9;  0,0;1,030;1,00;1,00;"80 0622-19.0;";0;ETCS fallend;;;False;ETCS fallend;False;00:56:01;00:56:01;-;-;False;-;-;3361;3361
28200;ETCS fallend;0/00:56:02;0/00:56:02;00:56;00:56;00:56;00:56;-;80,00;77,67;80,00;-;80,00;-;K;-;ETCS-Stützstelle;;S1;Strecke 1;0/00:22:29;-;140,00;1,0000;1,030;-;-;54,0;118,0;ETCS L1;False;False;0;-; 0,0; 0,0; 0,0;S1: VDV 1 - Strecke 1 - null;0,000000;42110,0;  0,0;4831,9;  0,0;1,030;1,00;1,00;"80 0622-19.0;";0;ETCS fallend;;;False;ETCS fallend;False;00:56:02;00:56:02;-;-;False;-;-;3362;3362
28225;ETCS fallend;0/00:56:03;0/00:56:03;00:56;00:56;00:56;00:56;-;80,00;77,67;80,00;-;80,00;-;K;-;ETCS-Stützstelle;;S1;Strecke 1;0/00:22:30;-;140,00;1,0000;1,030;-;-;54,0;118,0;ETCS L1;False;False;0;-; 0,0; 0,0; 0,0;S1: VDV 1 - Strecke 1 - null;0,000000;42110,0;  0,0;4831,9;  0,0;1,030;1,00;1,00;"80 0622-19.0;";0;ETCS fallend;;;False;ETCS fallend;False;00:56:03;00:56:03;-;-;False;-;-;3363;3363
28250;ETCS fallend;0/00:56:04;0/00:56:04;00:56;00:56;00:56;00:56;-;80,00;77,67;80,00;-;80,00;-;K;-;ETCS-Stützstelle;;S1;Strecke 1;0/00:22:31;-;140,00;1,0000;1,030;-;-;54,0;118,0;ETCS L1;False;False;0;-; 0,0; 0,0; 0,0;S1: VDV 1 - Strecke 1 - null;0,000000;42110,0;  0,0;4831,9;  0,0;1,030;1,00;1,00;"80 0622-19.0;";0;ETCS fallend;;;False;ETCS fallend;False;00:56:04;00:56:04;-;-;False;-;-;3364;3364
28275;ETCS fallend;0/00:56:06;0/00:56:06;00:56;00:56;00:56;00:56;-;80,00;77,67;80,00;-;80,00;-;K;-;ETCS-Stützstelle;;S1;Strecke 1;0/00:22:33;-;140,00;1,0000;1,030;-;-;54,0;118,0;ETCS L1;False;False;0;-; 0,0; 0,0; 0,0;S1: VDV 1 - Strecke 1 - null;0,000000;42110,0;  0,0;4831,9;  0,0;1,030;1,00;1,00;"80 0622-19.0;";0;ETCS fallend;;;False;ETCS fallend;False;00:56:06;00:56:06;-;-;False;-;-;3366;3366
28300;ETCS fallend;0/00:56:07;0/00:56:07;00:56;00:56;00:56;00:56;-;80,00;77,67;80,00;-;80,00;-;K;-;ETCS-Stützstelle;;S1;Strecke 1;0/00:22:34;-;140,00;1,0000;1,030;-;-;54,0;118,0;ETCS L1;False;False;0;-; 0,0; 0,0; 0,0;S1: VDV 1 - Strecke 1 - null;0,000000;42110,0;  0,0;4831,9;  0,0;1,030;1,00;1,00;"80 0622-19.0;";0;ETCS fallend;;;False;ETCS fallend;False;00:56:07;00:56:07;-;-;False;-;-;3367;3367
28325;ETCS fallend;0/00:56:08;0/00:56:08;00:56;00:56;00:56;00:56;-;80,00;77,67;80,00;-;80,00;-;K;-;ETCS-Stützstelle;;S1;Strecke 1;0/00:22:35;-;140,00;1,0000;1,030;-;-;54,0;118,0;ETCS L1;False;False;0;-; 0,0; 0,0; 0,0;S1: VDV 1 - Strecke 1 - null;0,000000;42110,0;  0,0;4831,9;  0,0;1,030;1,00;1,00;"80 0622-19.0;";0;ETCS fallend;;;False;ETCS fallend;False;00:56:08;00:56:08;-;-;False;-;-;3368;3368
28350;ETCS fallend;0/00:56:09;0/00:56:09;00:56;00:56;00:56;00:56;-;80,00;77,67;80,00;-;80,00;-;K;-;ETCS-Stützstelle;;S1;Strecke 1;0/00:22:36;-;140,00;1,0000;1,030;-;-;54,0;118,0;ETCS L1;False;False;0;-; 0,0; 0,0; 0,0;S1: VDV 1 - Strecke 1 - null;0,000000;42110,0;  0,0;4831,9;  0,0;1,030;1,00;1,00;"80 0622-19.0;";0;ETCS fallend;;;False;ETCS fallend;False;00:56:09;00:56:09;-;-;False;-;-;3369;3369
28375;ETCS fallend;0/00:56:10;0/00:56:10;00:56;00:56;00:56;00:56;-;80,00;77,67;80,00;-;80,00;-;K;-;ETCS-Stützstelle;;S1;Strecke 1;0/00:22:37;-;140,00;1,0000;1,030;-;-;54,0;118,0;ETCS L1;False;False;0;-; 0,0; 0,0; 0,0;S1: VDV 1 - Strecke 1 - null;0,000000;42110,0;  0,0;4831,9;  0,0;1,030;1,00;1,00;"80 0622-19.0;";0;ETCS fallend;;;False;ETCS fallend;False;00:56:10;00:56:10;-;-;False;-;-;3370;3370
28400;ETCS fallend;0/00:56:11;0/00:56:11;00:56;00:56;00:56;00:56;-;80,00;77,67;80,00;-;80,00;-;K;-;ETCS-Stützstelle;;S1;Strecke 1;0/00:22:38;-;140,00;1,0000;1,030;-;-;54,0;118,0;ETCS L1;False;False;0;-; 0,0; 0,0; 0,0;S1: VDV 1 - Strecke 1 - null;0,000000;42110,0;  0,0;4831,9;  0,0;1,030;1,00;1,00;"80 0622-19.0;";0;ETCS fallend;;;False;ETCS fallend;False;00:56:11;00:56:11;-;-;False;-;-;3371;3371
28425;ETCS fallend;0/00:56:13;0/00:56:13;00:56;00:56;00:56;00:56;-;80,00;77,67;80,00;-;80,00;-;K;-;ETCS-Stützstelle;;S1;Strecke 1;0/00:22:39;-;140,00;1,0000;1,030;-;-;54,0;118,0;ETCS L1;False;False;0;-; 0,0; 0,0; 0,0;S1: VDV 1 - Strecke 1 - null;0,000000;42110,0;  0,0;4831,9;  0,0;1,030;1,00;1,00;"80 0622-19.0;";0;ETCS fallend;;;False;ETCS fallend;False;00:56:13;00:56:13;-;-;False;-;-;3373;3373
28450;ETCS fallend;0/00:56:14;0/00:56:14;00:56;00:56;00:56;00:56;-;80,00;77,67;80,00;-;80,00;-;K;-;ETCS-Stützstelle;;S1;Strecke 1;0/00:22:40;-;140,00;1,0000;1,030;-;-;54,0;118,0;ETCS L1;False;False;0;-; 0,0; 0,0; 0,0;S1: VDV 1 - Strecke 1 - null;0,000000;42110,0;  0,0;4831,9;  0,0;1,030;1,00;1,00;"80 0622-19.0;";0;ETCS fallend;;;False;ETCS fallend;False;00:56:14;00:56:14;-;-;False;-;-;3374;3374
28475;ETCS fallend;0/00:56:15;0/00:56:15;00:56;00:56;00:56;00:56;-;80,00;77,67;80,00;-;80,00;-;K;-;ETCS-Stützstelle;;S1;Strecke 1;0/00:22:42;-;140,00;1,0000;1,030;-;-;54,0;118,0;ETCS L1;False;False;0;-; 0,0; 0,0; 0,0;S1: VDV 1 - Strecke 1 - null;0,000000;42110,0;  0,0;4831,9;  0,0;1,030;1,00;1,00;"80 0622-19.0;";0;ETCS fallend;;;False;ETCS fallend;False;00:56:15;00:56:15;-;-;False;-;-;3375;3375
28500;ETCS fallend;0/00:56:16;0/00:56:16;00:56;00:56;00:56;00:56;-;80,00;77,67;80,00;-;80,00;-;K;-;ETCS-Stützstelle;;S1;Strecke 1;0/00:22:43;-;140,00;1,0000;1,030;-;-;54,0;118,0;ETCS L1;False;False;0;-; 0,0; 0,0; 0,0;S1: VDV 1 - Strecke 1 - null;0,000000;42110,0;  0,0;4831,9;  0,0;1,030;1,00;1,00;"80 0622-19.0;";0;ETCS fallend;;;False;ETCS fallend;False;00:56:16;00:56:16;-;-;False;-;-;3376;3376
28525;ETCS fallend;0/00:56:17;0/00:56:17;00:56;00:56;00:56;00:56;-;80,00;77,67;80,00;-;80,00;-;K;-;ETCS-Stützstelle;;S1;Strecke 1;0/00:22:44;-;140,00;1,0000;1,030;-;-;54,0;118,0;ETCS L1;False;False;0;-; 0,0; 0,0; 0,0;S1: VDV 1 - Strecke 1 - null;0,000000;42110,0;  0,0;4831,9;  0,0;1,030;1,00;1,00;"80 0622-19.0;";0;ETCS fallend;;;False;ETCS fallend;False;00:56:17;00:56:17;-;-;False;-;-;3377;3377
28550;ETCS fallend;0/00:56:18;0/00:56:18;00:56;00:56;00:56;00:56;-;80,00;77,67;80,00;-;80,00;-;K;-;ETCS-Stützstelle;;S1;Strecke 1;0/00:22:45;-;140,00;1,0000;1,030;-;-;54,0;118,0;ETCS L1;False;False;0;-; 0,0; 0,0; 0,0;S1: VDV 1 - Strecke 1 - null;0,000000;42110,0;  0,0;4831,9;  0,0;1,030;1,00;1,00;"80 0622-19.0;";0;ETCS fallend;;;False;ETCS fallend;False;00:56:18;00:56:18;-;-;False;-;-;3378;3378
28575;ETCS fallend;0/00:56:20;0/00:56:20;00:56;00:56;00:56;00:56;-;80,00;77,67;80,00;-;80,00;-;K;-;ETCS-Stützstelle;;S1;Strecke 1;0/00:22:46;-;140,00;1,0000;1,030;-;-;54,0;118,0;ETCS L1;False;False;0;-; 0,0; 0,0; 0,0;S1: VDV 1 - Strecke 1 - null;0,000000;42110,0;  0,0;4831,9;  0,0;1,030;1,00;1,00;"80 0622-19.0;";0;ETCS fallend;;;False;ETCS fallend;False;00:56:20;00:56:20;-;-;False;-;-;3380;3380
28600;ETCS fallend;0/00:56:21;0/00:56:21;00:56;00:56;00:56;00:56;-;80,00;77,67;80,00;-;80,00;-;K;-;ETCS-Stützstelle;;S1;Strecke 1;0/00:22:47;-;140,00;1,0000;1,030;-;-;54,0;118,0;ETCS L1;False;False;0;-; 0,0; 0,0; 0,0;S1: VDV 1 - Strecke 1 - null;0,000000;42110,0;  0,0;4831,9;  0,0;1,030;1,00;1,00;"80 0622-19.0;";0;ETCS fallend;;;False;ETCS fallend;False;00:56:21;00:56:21;-;-;False;-;-;3381;3381
28625;ETCS fallend;0/00:56:22;0/00:56:22;00:56;00:56;00:56;00:56;-;80,00;77,67;80,00;-;80,00;-;K;-;ETCS-Stützstelle;;S1;Strecke 1;0/00:22:48;-;140,00;1,0000;1,030;-;-;54,0;118,0;ETCS L1;False;False;0;-; 0,0; 0,0; 0,0;S1: VDV 1 - Strecke 1 - null;0,000000;42110,0;  0,0;4831,9;  0,0;1,030;1,00;1,00;"80 0622-19.0;";0;ETCS fallend;;;False;ETCS fallend;False;00:56:22;00:56:22;-;-;False;-;-;3382;3382
28650;ETCS fallend;0/00:56:23;0/00:56:23;00:56;00:56;00:56;00:56;-;80,00;77,67;80,00;-;80,00;-;K;-;ETCS-Stützstelle;;S1;Strecke 1;0/00:22:49;-;140,00;1,0000;1,030;-;-;54,0;118,0;ETCS L1;False;False;0;-; 0,0; 0,0; 0,0;S1: VDV 1 - Strecke 1 - null;0,000000;42110,0;  0,0;4831,9;  0,0;1,030;1,00;1,00;"80 0622-19.0;";0;ETCS fallend;;;False;ETCS fallend;False;00:56:23;00:56:23;-;-;False;-;-;3383;3383
28675;ETCS fallend;0/00:56:24;0/00:56:24;00:56;00:56;00:56;00:56;-;80,00;77,67;80,00;-;80,00;-;K;-;ETCS-Stützstelle;;S1;Strecke 1;0/00:22:51;-;140,00;1,0000;1,030;-;-;54,0;118,0;ETCS L1;False;False;0;-; 0,0; 0,0; 0,0;S1: VDV 1 - Strecke 1 - null;0,000000;42110,0;  0,0;4831,9;  0,0;1,030;1,00;1,00;"80 0622-19.0;";0;ETCS fallend;;;False;ETCS fallend;False;00:56:24;00:56:24;-;-;False;-;-;3384;3384
28700;ETCS fallend;0/00:56:25;0/00:56:25;00:56;00:56;00:56;00:56;-;80,00;77,67;80,00;-;80,00;-;K;-;ETCS-Stützstelle;;S1;Strecke 1;0/00:22:52;-;140,00;1,0000;1,030;-;-;54,0;118,0;ETCS L1;False;False;0;-; 0,0; 0,0; 0,0;S1: VDV 1 - Strecke 1 - null;0,000000;42110,0;  0,0;4831,9;  0,0;1,030;1,00;1,00;"80 0622-19.0;";0;ETCS fallend;;;False;ETCS fallend;False;00:56:25;00:56:25;-;-;False;-;-;3385;3385
28725;ETCS fallend;0/00:56:27;0/00:56:27;00:56;00:56;00:56;00:56;-;80,00;77,67;80,00;-;80,00;-;K;-;ETCS-Stützstelle;;S1;Strecke 1;0/00:22:53;-;140,00;1,0000;1,030;-;-;54,0;118,0;ETCS L1;False;False;0;-; 0,0; 0,0; 0,0;S1: VDV 1 - Strecke 1 - null;0,000000;42110,0;  0,0;4831,9;  0,0;1,030;1,00;1,00;"80 0622-19.0;";0;ETCS fallend;;;False;ETCS fallend;False;00:56:27;00:56:27;-;-;False;-;-;3387;3387
28750;ETCS fallend;0/00:56:28;0/00:56:28;00:56;00:56;00:56;00:56;-;80,00;77,67;80,00;-;80,00;-;K;-;ETCS-Stützstelle;;S1;Strecke 1;0/00:22:54;-;140,00;1,0000;1,030;-;-;54,0;118,0;ETCS L1;False;False;0;-; 0,0; 0,0; 0,0;S1: VDV 1 - Strecke 1 - null;0,000000;42110,0;  0,0;4831,9;  0,0;1,030;1,00;1,00;"80 0622-19.0;";0;ETCS fallend;;;False;ETCS fallend;False;00:56:28;00:56:28;-;-;False;-;-;3388;3388
28775;ETCS fallend;0/00:56:29;0/00:56:29;00:56;00:56;00:56;00:56;-;80,00;77,67;80,00;-;80,00;-;K;-;ETCS-Stützstelle;;S1;Strecke 1;0/00:22:55;-;140,00;1,0000;1,030;-;-;54,0;118,0;ETCS L1;False;False;0;-; 0,0; 0,0; 0,0;S1: VDV 1 - Strecke 1 - null;0,000000;42110,0;  0,0;4831,9;  0,0;1,030;1,00;1,00;"80 0622-19.0;";0;ETCS fallend;;;False;ETCS fallend;False;00:56:29;00:56:29;-;-;False;-;-;3389;3389
28800;ETCS fallend;0/00:56:30;0/00:56:30;00:57;00:57;00:57;00:57;-;80,00;77,67;80,00;-;80,00;-;K;-;ETCS-Stützstelle;;S1;Strecke 1;0/00:22:56;-;140,00;1,0000;1,030;-;-;54,0;118,0;ETCS L1;False;False;0;-; 0,0; 0,0; 0,0;S1: VDV 1 - Strecke 1 - null;0,000000;42110,0;  0,0;4831,9;  0,0;1,030;1,00;1,00;"80 0622-19.0;";0;ETCS fallend;;;False;ETCS fallend;False;00:56:30;00:56:30;-;-;False;-;-;3390;3390
28825;ETCS fallend;0/00:56:31;0/00:56:31;00:57;00:57;00:57;00:57;-;80,00;77,67;80,00;-;80,00;-;K;-;ETCS-Stützstelle;;S1;Strecke 1;0/00:22:57;-;140,00;1,0000;1,030;-;-;54,0;118,0;ETCS L1;False;False;0;-; 0,0; 0,0; 0,0;S1: VDV 1 - Strecke 1 - null;0,000000;42110,0;  0,0;4831,9;  0,0;1,030;1,00;1,00;"80 0622-19.0;";0;ETCS fallend;;;False;ETCS fallend;False;00:56:31;00:56:31;-;-;False;-;-;3391;3391
28850;ETCS fallend;0/00:56:32;0/00:56:32;00:57;00:57;00:57;00:57;-;80,00;77,67;80,00;-;80,00;-;K;-;ETCS-Stützstelle;;S1;Strecke 1;0/00:22:58;-;140,00;1,0000;1,030;-;-;54,0;118,0;ETCS L1;False;False;0;-; 0,0; 0,0; 0,0;S1: VDV 1 - Strecke 1 - null;0,000000;42110,0;  0,0;4831,9;  0,0;1,030;1,00;1,00;"80 0622-19.0;";0;ETCS fallend;;;False;ETCS fallend;False;00:56:32;00:56:32;-;-;False;-;-;3392;3392
28875;ETCS fallend;0/00:56:33;0/00:56:33;00:57;00:57;00:57;00:57;-;80,00;77,67;80,00;-;80,00;-;K;-;ETCS-Stützstelle;;S1;Strecke 1;0/00:23:00;-;140,00;1,0000;1,030;-;-;54,0;118,0;ETCS L1;False;False;0;-; 0,0; 0,0; 0,0;S1: VDV 1 - Strecke 1 - null;0,000000;42110,0;  0,0;4831,9;  0,0;1,030;1,00;1,00;"80 0622-19.0;";0;ETCS fallend;;;False;ETCS fallend;False;00:56:33;00:56:33;-;-;False;-;-;3393;3393
28900;ETCS fallend;0/00:56:35;0/00:56:35;00:57;00:57;00:57;00:57;-;80,00;77,67;80,00;-;80,00;-;K;-;ETCS-Stützstelle;;S1;Strecke 1;0/00:23:01;-;140,00;1,0000;1,030;-;-;54,0;118,0;ETCS L1;False;False;0;-; 0,0; 0,0; 0,0;S1: VDV 1 - Strecke 1 - null;0,000000;42110,0;  0,0;4831,9;  0,0;1,030;1,00;1,00;"80 0622-19.0;";0;ETCS fallend;;;False;ETCS fallend;False;00:56:35;00:56:35;-;-;False;-;-;3395;3395
28925;ETCS fallend;0/00:56:36;0/00:56:36;00:57;00:57;00:57;00:57;-;80,00;77,67;80,00;-;80,00;-;K;-;ETCS-Stützstelle;;S1;Strecke 1;0/00:23:02;-;140,00;1,0000;1,030;-;-;54,0;118,0;ETCS L1;False;False;0;-; 0,0; 0,0; 0,0;S1: VDV 1 - Strecke 1 - null;0,000000;42110,0;  0,0;4831,9;  0,0;1,030;1,00;1,00;"80 0622-19.0;";0;ETCS fallend;;;False;ETCS fallend;False;00:56:36;00:56:36;-;-;False;-;-;3396;3396
28950;ETCS fallend;0/00:56:37;0/00:56:37;00:57;00:57;00:57;00:57;-;80,00;77,67;80,00;-;80,00;-;K;-;ETCS-Stützstelle;;S1;Strecke 1;0/00:23:03;-;140,00;1,0000;1,030;-;-;54,0;118,0;ETCS L1;False;False;0;-; 0,0; 0,0; 0,0;S1: VDV 1 - Strecke 1 - null;0,000000;42110,0;  0,0;4831,9;  0,0;1,030;1,00;1,00;"80 0622-19.0;";0;ETCS fallend;;;False;ETCS fallend;False;00:56:37;00:56:37;-;-;False;-;-;3397;3397
28975;ETCS fallend;0/00:56:38;0/00:56:38;00:57;00:57;00:57;00:57;-;80,00;77,67;80,00;-;80,00;-;K;-;ETCS-Stützstelle;;S1;Strecke 1;0/00:23:04;-;140,00;1,0000;1,030;-;-;54,0;118,0;ETCS L1;False;False;0;-; 0,0; 0,0; 0,0;S1: VDV 1 - Strecke 1 - null;0,000000;42110,0;  0,0;4831,9;  0,0;1,030;1,00;1,00;"80 0622-19.0;";0;ETCS fallend;;;False;ETCS fallend;False;00:56:38;00:56:38;-;-;False;-;-;3398;3398
29000;ETCS fallend;0/00:56:39;0/00:56:39;00:57;00:57;00:57;00:57;-;80,00;77,67;80,00;-;80,00;-;K;-;ETCS-Stützstelle;;S1;Strecke 1;0/00:23:05;-;140,00;1,0000;1,030;-;-;54,0;118,0;ETCS L1;False;False;0;-; 0,0; 0,0; 0,0;S1: VDV 1 - Strecke 1 - null;0,000000;42110,0;  0,0;4831,9;  0,0;1,030;1,00;1,00;"80 0622-19.0;";0;ETCS fallend;;;False;ETCS fallend;False;00:56:39;00:56:39;-;-;False;-;-;3399;3399
29025;ETCS fallend;0/00:56:40;0/00:56:40;00:57;00:57;00:57;00:57;-;80,00;77,67;80,00;-;80,00;-;K;-;ETCS-Stützstelle;;S1;Strecke 1;0/00:23:06;-;140,00;1,0000;1,030;-;-;54,0;118,0;ETCS L1;False;False;0;-; 0,0; 0,0; 0,0;S1: VDV 1 - Strecke 1 - null;0,000000;42110,0;  0,0;4831,9;  0,0;1,030;1,00;1,00;"80 0622-19.0;";0;ETCS fallend;;;False;ETCS fallend;False;00:56:40;00:56:40;-;-;False;-;-;3400;3400
29050;ETCS fallend;0/00:56:42;0/00:56:42;00:57;00:57;00:57;00:57;-;80,00;77,67;80,00;-;80,00;-;K;-;ETCS-Stützstelle;;S1;Strecke 1;0/00:23:07;-;140,00;1,0000;1,030;-;-;54,0;118,0;ETCS L1;False;False;0;-; 0,0; 0,0; 0,0;S1: VDV 1 - Strecke 1 - null;0,000000;42110,0;  0,0;4831,9;  0,0;1,030;1,00;1,00;"80 0622-19.0;";0;ETCS fallend;;;False;ETCS fallend;False;00:56:42;00:56:42;-;-;False;-;-;3402;3402
29075;ETCS fallend;0/00:56:43;0/00:56:43;00:57;00:57;00:57;00:57;-;80,00;77,67;80,00;-;80,00;-;K;-;ETCS-Stützstelle;;S1;Strecke 1;0/00:23:09;-;140,00;1,0000;1,030;-;-;54,0;118,0;ETCS L1;False;False;0;-; 0,0; 0,0; 0,0;S1: VDV 1 - Strecke 1 - null;0,000000;42110,0;  0,0;4831,9;  0,0;1,030;1,00;1,00;"80 0622-19.0;";0;ETCS fallend;;;False;ETCS fallend;False;00:56:43;00:56:43;-;-;False;-;-;3403;3403
29100;ETCS fallend;0/00:56:44;0/00:56:44;00:57;00:57;00:57;00:57;-;80,00;77,67;80,00;-;80,00;-;K;-;ETCS-Stützstelle;;S1;Strecke 1;0/00:23:10;-;140,00;1,0000;1,030;-;-;54,0;118,0;ETCS L1;False;False;0;-; 0,0; 0,0; 0,0;S1: VDV 1 - Strecke 1 - null;0,000000;42110,0;  0,0;4831,9;  0,0;1,030;1,00;1,00;"80 0622-19.0;";0;ETCS fallend;;;False;ETCS fallend;False;00:56:44;00:56:44;-;-;False;-;-;3404;3404
29125;ETCS fallend;0/00:56:45;0/00:56:45;00:57;00:57;00:57;00:57;-;80,00;77,67;80,00;-;80,00;-;K;-;ETCS-Stützstelle;;S1;Strecke 1;0/00:23:11;-;140,00;1,0000;1,030;-;-;54,0;118,0;ETCS L1;False;False;0;-; 0,0; 0,0; 0,0;S1: VDV 1 - Strecke 1 - null;0,000000;42110,0;  0,0;4831,9;  0,0;1,030;1,00;1,00;"80 0622-19.0;";0;ETCS fallend;;;False;ETCS fallend;False;00:56:45;00:56:45;-;-;False;-;-;3405;3405
29150;ETCS fallend;0/00:56:46;0/00:56:46;00:57;00:57;00:57;00:57;-;80,00;77,67;80,00;-;80,00;-;K;-;ETCS-Stützstelle;;S1;Strecke 1;0/00:23:12;-;140,00;1,0000;1,030;-;-;54,0;118,0;ETCS L1;False;False;0;-; 0,0; 0,0; 0,0;S1: VDV 1 - Strecke 1 - null;0,000000;42110,0;  0,0;4831,9;  0,0;1,030;1,00;1,00;"80 0622-19.0;";0;ETCS fallend;;;False;ETCS fallend;False;00:56:46;00:56:46;-;-;False;-;-;3406;3406
29175;ETCS fallend;0/00:56:47;0/00:56:47;00:57;00:57;00:57;00:57;-;80,00;77,67;80,00;-;80,00;-;K;-;ETCS-Stützstelle;;S1;Strecke 1;0/00:23:13;-;140,00;1,0000;1,030;-;-;54,0;118,0;ETCS L1;False;False;0;-; 0,0; 0,0; 0,0;S1: VDV 1 - Strecke 1 - null;0,000000;42110,0;  0,0;4831,9;  0,0;1,030;1,00;1,00;"80 0622-19.0;";0;ETCS fallend;;;False;ETCS fallend;False;00:56:47;00:56:47;-;-;False;-;-;3407;3407
29200;ETCS fallend;0/00:56:49;0/00:56:49;00:57;00:57;00:57;00:57;-;80,00;77,67;80,00;-;80,00;-;K;-;ETCS-Stützstelle;;S1;Strecke 1;0/00:23:14;-;140,00;1,0000;1,030;-;-;54,0;118,0;ETCS L1;False;False;0;-; 0,0; 0,0; 0,0;S1: VDV 1 - Strecke 1 - null;0,000000;42110,0;  0,0;4831,9;  0,0;1,030;1,00;1,00;"80 0622-19.0;";0;ETCS fallend;;;False;ETCS fallend;False;00:56:49;00:56:49;-;-;False;-;-;3409;3409
29225;ETCS fallend;0/00:56:50;0/00:56:50;00:57;00:57;00:57;00:57;-;80,00;77,67;80,00;-;80,00;-;K;-;ETCS-Stützstelle;;S1;Strecke 1;0/00:23:15;-;140,00;1,0000;1,030;-;-;54,0;118,0;ETCS L1;False;False;0;-; 0,0; 0,0; 0,0;S1: VDV 1 - Strecke 1 - null;0,000000;42110,0;  0,0;4831,9;  0,0;1,030;1,00;1,00;"80 0622-19.0;";0;ETCS fallend;;;False;ETCS fallend;False;00:56:50;00:56:50;-;-;False;-;-;3410;3410
29250;ETCS fallend;0/00:56:51;0/00:56:51;00:57;00:57;00:57;00:57;-;80,00;77,67;80,00;-;80,00;-;K;-;ETCS-Stützstelle;;S1;Strecke 1;0/00:23:16;-;140,00;1,0000;1,030;-;-;54,0;118,0;ETCS L1;False;False;0;-; 0,0; 0,0; 0,0;S1: VDV 1 - Strecke 1 - null;0,000000;42110,0;  0,0;4831,9;  0,0;1,030;1,00;1,00;"80 0622-19.0;";0;ETCS fallend;;;False;ETCS fallend;False;00:56:51;00:56:51;-;-;False;-;-;3411;3411
29275;ETCS fallend;0/00:56:52;0/00:56:52;00:57;00:57;00:57;00:57;-;80,00;77,67;80,00;-;80,00;-;K;-;ETCS-Stützstelle;;S1;Strecke 1;0/00:23:18;-;140,00;1,0000;1,030;-;-;54,0;118,0;ETCS L1;False;False;0;-; 0,0; 0,0; 0,0;S1: VDV 1 - Strecke 1 - null;0,000000;42110,0;  0,0;4831,9;  0,0;1,030;1,00;1,00;"80 0622-19.0;";0;ETCS fallend;;;False;ETCS fallend;False;00:56:52;00:56:52;-;-;False;-;-;3412;3412
29300;ETCS fallend;0/00:56:53;0/00:56:53;00:57;00:57;00:57;00:57;-;80,00;77,67;80,00;-;80,00;-;K;-;ETCS-Stützstelle;;S1;Strecke 1;0/00:23:19;-;140,00;1,0000;1,030;-;-;54,0;118,0;ETCS L1;False;False;0;-; 0,0; 0,0; 0,0;S1: VDV 1 - Strecke 1 - null;0,000000;42110,0;  0,0;4831,9;  0,0;1,030;1,00;1,00;"80 0622-19.0;";0;ETCS fallend;;;False;ETCS fallend;False;00:56:53;00:56:53;-;-;False;-;-;3413;3413
29325;ETCS fallend;0/00:56:54;0/00:56:54;00:57;00:57;00:57;00:57;-;80,00;77,67;80,00;-;80,00;-;K;-;ETCS-Stützstelle;;S1;Strecke 1;0/00:23:20;-;140,00;1,0000;1,030;-;-;54,0;118,0;ETCS L1;False;False;0;-; 0,0; 0,0; 0,0;S1: VDV 1 - Strecke 1 - null;0,000000;42110,0;  0,0;4831,9;  0,0;1,030;1,00;1,00;"80 0622-19.0;";0;ETCS fallend;;;False;ETCS fallend;False;00:56:54;00:56:54;-;-;False;-;-;3414;3414
29350;ETCS fallend;0/00:56:55;0/00:56:55;00:57;00:57;00:57;00:57;-;80,00;77,67;80,00;-;80,00;-;K;-;ETCS-Stützstelle;;S1;Strecke 1;0/00:23:21;-;140,00;1,0000;1,030;-;-;54,0;118,0;ETCS L1;False;False;0;-; 0,0; 0,0; 0,0;S1: VDV 1 - Strecke 1 - null;0,000000;42110,0;  0,0;4831,9;  0,0;1,030;1,00;1,00;"80 0622-19.0;";0;ETCS fallend;;;False;ETCS fallend;False;00:56:55;00:56:55;-;-;False;-;-;3415;3415
29375;ETCS fallend;0/00:56:57;0/00:56:57;00:57;00:57;00:57;00:57;-;80,00;77,67;80,00;-;80,00;-;K;-;ETCS-Stützstelle;;S1;Strecke 1;0/00:23:22;-;140,00;1,0000;1,030;-;-;54,0;118,0;ETCS L1;False;False;0;-; 0,0; 0,0; 0,0;S1: VDV 1 - Strecke 1 - null;0,000000;42110,0;  0,0;4831,9;  0,0;1,030;1,00;1,00;"80 0622-19.0;";0;ETCS fallend;;;False;ETCS fallend;False;00:56:57;00:56:57;-;-;False;-;-;3417;3417
29400;ETCS fallend;0/00:56:58;0/00:56:58;00:57;00:57;00:57;00:57;-;80,00;77,67;80,00;-;80,00;-;K;-;ETCS-Stützstelle;;S1;Strecke 1;0/00:23:23;-;140,00;1,0000;1,030;-;-;54,0;118,0;ETCS L1;False;False;0;-; 0,0; 0,0; 0,0;S1: VDV 1 - Strecke 1 - null;0,000000;42110,0;  0,0;4831,9;  0,0;1,030;1,00;1,00;"80 0622-19.0;";0;ETCS fallend;;;False;ETCS fallend;False;00:56:58;00:56:58;-;-;False;-;-;3418;3418
29425;ETCS fallend;0/00:56:59;0/00:56:59;00:57;00:57;00:57;00:57;-;80,00;77,67;80,00;-;80,00;-;K;-;ETCS-Stützstelle;;S1;Strecke 1;0/00:23:24;-;140,00;1,0000;1,030;-;-;54,0;118,0;ETCS L1;False;False;0;-; 0,0; 0,0; 0,0;S1: VDV 1 - Strecke 1 - null;0,000000;42110,0;  0,0;4831,9;  0,0;1,030;1,00;1,00;"80 0622-19.0;";0;ETCS fallend;;;False;ETCS fallend;False;00:56:59;00:56:59;-;-;False;-;-;3419;3419
29450;ETCS fallend;0/00:57:00;0/00:57:00;00:57;00:57;00:57;00:57;-;80,00;77,67;80,00;-;80,00;-;K;-;ETCS-Stützstelle;;S1;Strecke 1;0/00:23:25;-;140,00;1,0000;1,030;-;-;54,0;118,0;ETCS L1;False;False;0;-; 0,0; 0,0; 0,0;S1: VDV 1 - Strecke 1 - null;0,000000;42110,0;  0,0;4831,9;  0,0;1,030;1,00;1,00;"80 0622-19.0;";0;ETCS fallend;;;False;ETCS fallend;False;00:57:00;00:57:00;-;-;False;-;-;3420;3420
29475;ETCS fallend;0/00:57:01;0/00:57:01;00:57;00:57;00:57;00:57;-;80,00;77,67;80,00;-;80,00;-;K;-;ETCS-Stützstelle;;S1;Strecke 1;0/00:23:27;-;140,00;1,0000;1,030;-;-;54,0;118,0;ETCS L1;False;False;0;-; 0,0; 0,0; 0,0;S1: VDV 1 - Strecke 1 - null;0,000000;42110,0;  0,0;4831,9;  0,0;1,030;1,00;1,00;"80 0622-19.0;";0;ETCS fallend;;;False;ETCS fallend;False;00:57:01;00:57:01;-;-;False;-;-;3421;3421
29500;ETCS fallend;0/00:57:02;0/00:57:02;00:57;00:57;00:57;00:57;-;80,00;77,67;80,00;-;80,00;-;K;-;ETCS-Stützstelle;;S1;Strecke 1;0/00:23:28;-;140,00;1,0000;1,030;-;-;54,0;118,0;ETCS L1;False;False;0;-; 0,0; 0,0; 0,0;S1: VDV 1 - Strecke 1 - null;0,000000;42110,0;  0,0;4831,9;  0,0;1,030;1,00;1,00;"80 0622-19.0;";0;ETCS fallend;;;False;ETCS fallend;False;00:57:02;00:57:02;-;-;False;-;-;3422;3422
29525;ETCS fallend;0/00:57:04;0/00:57:04;00:57;00:57;00:57;00:57;-;80,00;77,67;80,00;-;80,00;-;K;-;ETCS-Stützstelle;;S1;Strecke 1;0/00:23:29;-;140,00;1,0000;1,030;-;-;54,0;118,0;ETCS L1;False;False;0;-; 0,0; 0,0; 0,0;S1: VDV 1 - Strecke 1 - null;0,000000;42110,0;  0,0;4831,9;  0,0;1,030;1,00;1,00;"80 0622-19.0;";0;ETCS fallend;;;False;ETCS fallend;False;00:57:04;00:57:04;-;-;False;-;-;3424;3424
29550;ETCS fallend;0/00:57:05;0/00:57:05;00:57;00:57;00:57;00:57;-;80,00;77,67;80,00;-;80,00;-;K;-;ETCS-Stützstelle;;S1;Strecke 1;0/00:23:30;-;140,00;1,0000;1,030;-;-;54,0;118,0;ETCS L1;False;False;0;-; 0,0; 0,0; 0,0;S1: VDV 1 - Strecke 1 - null;0,000000;42110,0;  0,0;4831,9;  0,0;1,030;1,00;1,00;"80 0622-19.0;";0;ETCS fallend;;;False;ETCS fallend;False;00:57:05;00:57:05;-;-;False;-;-;3425;3425
29575;ETCS fallend;0/00:57:06;0/00:57:06;00:57;00:57;00:57;00:57;-;80,00;77,67;80,00;-;80,00;-;K;-;ETCS-Stützstelle;;S1;Strecke 1;0/00:23:31;-;140,00;1,0000;1,030;-;-;54,0;118,0;ETCS L1;False;False;0;-; 0,0; 0,0; 0,0;S1: VDV 1 - Strecke 1 - null;0,000000;42110,0;  0,0;4831,9;  0,0;1,030;1,00;1,00;"80 0622-19.0;";0;ETCS fallend;;;False;ETCS fallend;False;00:57:06;00:57:06;-;-;False;-;-;3426;3426
29600;ETCS fallend;0/00:57:07;0/00:57:07;00:57;00:57;00:57;00:57;-;80,00;77,67;80,00;-;80,00;-;K;-;ETCS-Stützstelle;;S1;Strecke 1;0/00:23:32;-;140,00;1,0000;1,030;-;-;54,0;118,0;ETCS L1;False;False;0;-; 0,0; 0,0; 0,0;S1: VDV 1 - Strecke 1 - null;0,000000;42110,0;  0,0;4831,9;  0,0;1,030;1,00;1,00;"80 0622-19.0;";0;ETCS fallend;;;False;ETCS fallend;False;00:57:07;00:57:07;-;-;False;-;-;3427;3427
29625;ETCS fallend;0/00:57:08;0/00:57:08;00:57;00:57;00:57;00:57;-;80,00;77,67;80,00;-;80,00;-;K;-;ETCS-Stützstelle;;S1;Strecke 1;0/00:23:33;-;140,00;1,0000;1,030;-;-;54,0;118,0;ETCS L1;False;False;0;-; 0,0; 0,0; 0,0;S1: VDV 1 - Strecke 1 - null;0,000000;42110,0;  0,0;4831,9;  0,0;1,030;1,00;1,00;"80 0622-19.0;";0;ETCS fallend;;;False;ETCS fallend;False;00:57:08;00:57:08;-;-;False;-;-;3428;3428
29650;ETCS fallend;0/00:57:09;0/00:57:09;00:57;00:57;00:57;00:57;-;80,00;77,67;80,00;-;80,00;-;K;-;ETCS-Stützstelle;;S1;Strecke 1;0/00:23:34;-;140,00;1,0000;1,030;-;-;54,0;118,0;ETCS L1;False;False;0;-; 0,0; 0,0; 0,0;S1: VDV 1 - Strecke 1 - null;0,000000;42110,0;  0,0;4831,9;  0,0;1,030;1,00;1,00;"80 0622-19.0;";0;ETCS fallend;;;False;ETCS fallend;False;00:57:09;00:57:09;-;-;False;-;-;3429;3429
29675;ETCS fallend;0/00:57:11;0/00:57:11;00:57;00:57;00:57;00:57;-;80,00;77,67;80,00;-;80,00;-;K;-;ETCS-Stützstelle;;S1;Strecke 1;0/00:23:36;-;140,00;1,0000;1,030;-;-;54,0;118,0;ETCS L1;False;False;0;-; 0,0; 0,0; 0,0;S1: VDV 1 - Strecke 1 - null;0,000000;42110,0;  0,0;4831,9;  0,0;1,030;1,00;1,00;"80 0622-19.0;";0;ETCS fallend;;;False;ETCS fallend;False;00:57:11;00:57:11;-;-;False;-;-;3431;3431
29700;ETCS fallend;0/00:57:12;0/00:57:12;00:57;00:57;00:57;00:57;-;80,00;77,67;80,00;-;80,00;-;K;-;ETCS-Stützstelle;;S1;Strecke 1;0/00:23:37;-;140,00;1,0000;1,030;-;-;54,0;118,0;ETCS L1;False;False;0;-; 0,0; 0,0; 0,0;S1: VDV 1 - Strecke 1 - null;0,000000;42110,0;  0,0;4831,9;  0,0;1,030;1,00;1,00;"80 0622-19.0;";0;ETCS fallend;;;False;ETCS fallend;False;00:57:12;00:57:12;-;-;False;-;-;3432;3432
29725;ETCS fallend;0/00:57:13;0/00:57:13;00:57;00:57;00:57;00:57;-;80,00;77,67;80,00;-;80,00;-;K;-;ETCS-Stützstelle;;S1;Strecke 1;0/00:23:38;-;140,00;1,0000;1,030;-;-;54,0;118,0;ETCS L1;False;False;0;-; 0,0; 0,0; 0,0;S1: VDV 1 - Strecke 1 - null;0,000000;42110,0;  0,0;4831,9;  0,0;1,030;1,00;1,00;"80 0622-19.0;";0;ETCS fallend;;;False;ETCS fallend;False;00:57:13;00:57:13;-;-;False;-;-;3433;3433
29750;ETCS fallend;0/00:57:14;0/00:57:14;00:57;00:57;00:57;00:57;-;80,00;77,67;80,00;-;80,00;-;K;-;ETCS-Stützstelle;;S1;Strecke 1;0/00:23:39;-;140,00;1,0000;1,030;-;-;54,0;118,0;ETCS L1;False;False;0;-; 0,0; 0,0; 0,0;S1: VDV 1 - Strecke 1 - null;0,000000;42110,0;  0,0;4831,9;  0,0;1,030;1,00;1,00;"80 0622-19.0;";0;ETCS fallend;;;False;ETCS fallend;False;00:57:14;00:57:14;-;-;False;-;-;3434;3434
29775;ETCS fallend;0/00:57:15;0/00:57:15;00:57;00:57;00:57;00:57;-;80,00;77,67;80,00;-;80,00;-;K;-;ETCS-Stützstelle;;S1;Strecke 1;0/00:23:40;-;140,00;1,0000;1,030;-;-;54,0;118,0;ETCS L1;False;False;0;-; 0,0; 0,0; 0,0;S1: VDV 1 - Strecke 1 - null;0,000000;42110,0;  0,0;4831,9;  0,0;1,030;1,00;1,00;"80 0622-19.0;";0;ETCS fallend;;;False;ETCS fallend;False;00:57:15;00:57:15;-;-;False;-;-;3435;3435
29800;ETCS fallend;0/00:57:16;0/00:57:16;00:57;00:57;00:57;00:57;-;80,00;77,67;80,00;-;80,00;-;K;-;ETCS-Stützstelle;;S1;Strecke 1;0/00:23:41;-;140,00;1,0000;1,030;-;-;54,0;118,0;ETCS L1;False;False;0;-; 0,0; 0,0; 0,0;S1: VDV 1 - Strecke 1 - null;0,000000;42110,0;  0,0;4831,9;  0,0;1,030;1,00;1,00;"80 0622-19.0;";0;ETCS fallend;;;False;ETCS fallend;False;00:57:16;00:57:16;-;-;False;-;-;3436;3436
29825;ETCS fallend;0/00:57:17;0/00:57:17;00:57;00:57;00:57;00:57;-;80,00;77,67;80,00;-;80,00;-;K;-;ETCS-Stützstelle;;S1;Strecke 1;0/00:23:42;-;140,00;1,0000;1,030;-;-;54,0;118,0;ETCS L1;False;False;0;-; 0,0; 0,0; 0,0;S1: VDV 1 - Strecke 1 - null;0,000000;42110,0;  0,0;4831,9;  0,0;1,030;1,00;1,00;"80 0622-19.0;";0;ETCS fallend;;;False;ETCS fallend;False;00:57:17;00:57:17;-;-;False;-;-;3437;3437
29850;ETCS fallend;0/00:57:19;0/00:57:19;00:57;00:57;00:57;00:57;-;80,00;77,67;80,00;-;80,00;-;K;-;ETCS-Stützstelle;;S1;Strecke 1;0/00:23:43;-;140,00;1,0000;1,030;-;-;54,0;118,0;ETCS L1;False;False;0;-; 0,0; 0,0; 0,0;S1: VDV 1 - Strecke 1 - null;0,000000;42110,0;  0,0;4831,9;  0,0;1,030;1,00;1,00;"80 0622-19.0;";0;ETCS fallend;;;False;ETCS fallend;False;00:57:19;00:57:19;-;-;False;-;-;3439;3439
29875;ETCS fallend;0/00:57:20;0/00:57:20;00:57;00:57;00:57;00:57;-;80,00;77,67;80,00;-;80,00;-;K;-;ETCS-Stützstelle;;S1;Strecke 1;0/00:23:45;-;140,00;1,0000;1,030;-;-;54,0;118,0;ETCS L1;False;False;0;-; 0,0; 0,0; 0,0;S1: VDV 1 - Strecke 1 - null;0,000000;42110,0;  0,0;4831,9;  0,0;1,030;1,00;1,00;"80 0622-19.0;";0;ETCS fallend;;;False;ETCS fallend;False;00:57:20;00:57:20;-;-;False;-;-;3440;3440
29900;ETCS fallend;0/00:57:21;0/00:57:21;00:57;00:57;00:57;00:57;-;80,00;77,67;80,00;-;80,00;-;K;-;ETCS-Stützstelle;;S1;Strecke 1;0/00:23:46;-;140,00;1,0000;1,030;-;-;54,0;118,0;ETCS L1;False;False;0;-; 0,0; 0,0; 0,0;S1: VDV 1 - Strecke 1 - null;0,000000;42110,0;  0,0;4831,9;  0,0;1,030;1,00;1,00;"80 0622-19.0;";0;ETCS fallend;;;False;ETCS fallend;False;00:57:21;00:57:21;-;-;False;-;-;3441;3441
29925;ETCS fallend;0/00:57:22;0/00:57:22;00:57;00:57;00:57;00:57;-;80,00;77,67;80,00;-;80,00;-;K;-;ETCS-Stützstelle;;S1;Strecke 1;0/00:23:47;-;140,00;1,0000;1,030;-;-;54,0;118,0;ETCS L1;False;False;0;-; 0,0; 0,0; 0,0;S1: VDV 1 - Strecke 1 - null;0,000000;42110,0;  0,0;4831,9;  0,0;1,030;1,00;1,00;"80 0622-19.0;";0;ETCS fallend;;;False;ETCS fallend;False;00:57:22;00:57:22;-;-;False;-;-;3442;3442
29950;ETCS fallend;0/00:57:23;0/00:57:23;00:57;00:57;00:57;00:57;-;80,00;77,67;80,00;-;80,00;-;K;-;ETCS-Stützstelle;;S1;Strecke 1;0/00:23:48;-;140,00;1,0000;1,030;-;-;54,0;118,0;ETCS L1;False;False;0;-; 0,0; 0,0; 0,0;S1: VDV 1 - Strecke 1 - null;0,000000;42110,0;  0,0;4831,9;  0,0;1,030;1,00;1,00;"80 0622-19.0;";0;ETCS fallend;;;False;ETCS fallend;False;00:57:23;00:57:23;-;-;False;-;-;3443;3443
29975;ETCS fallend;0/00:57:24;0/00:57:24;00:57;00:57;00:57;00:57;-;80,00;77,67;80,00;-;80,00;-;K;-;ETCS-Stützstelle;;S1;Strecke 1;0/00:23:49;-;140,00;1,0000;1,030;-;-;54,0;118,0;ETCS L1;False;False;0;-; 0,0; 0,0; 0,0;S1: VDV 1 - Strecke 1 - null;0,000000;42110,0;  0,0;4831,9;  0,0;1,030;1,00;1,00;"80 0622-19.0;";0;ETCS fallend;;;False;ETCS fallend;False;00:57:24;00:57:24;-;-;False;-;-;3444;3444
30000;ETCS fallend;0/00:57:26;0/00:57:26;00:57;00:57;00:57;00:57;-;80,00;77,67;80,00;-;80,00;-;K;-;ETCS-Stützstelle;;S1;Strecke 1;0/00:23:50;-;140,00;1,0000;1,030;-;-;54,0;118,0;ETCS L1;False;False;0;-; 0,0; 0,0; 0,0;S1: VDV 1 - Strecke 1 - null;0,000000;42110,0;  0,0;4831,9;  0,0;1,030;1,00;1,00;"80 0622-19.0;";0;ETCS fallend;;;False;ETCS fallend;False;00:57:26;00:57:26;-;-;False;-;-;3446;3446
30000;ETCS fallend;0/00:57:26;0/00:57:26;00:57;00:57;00:57;00:57;-;80,00;77,67;80,00;-;80,00;-;K;-;S1 0.000 3521-0 Gleisende; Ref(30054)=<S1|0,000/+0|GE|3521-0|2>  Anfang(30054)=<S1|0,000/+0|GE|3521-0|2>  Ende(30054)=<S1|0,000/+0|GE|3521-0|2> ;S1;Strecke 1;0/00:23:50;-;140,00;1,0000;1,030;-;-;54,0;118,0;ETCS L1;False;False;0;-; 0,0; 0,0; 0,0;S1: VDV 1 - Strecke 1 - null;0,000000;42110,0;  0,0;4831,9;  0,0;1,030;1,00;1,00;"80 0622-19.0;";0;ETCS fallend;3521;;False;ETCS fallend;False;00:57:26;00:57:26;-;-;False;-;Gleisende 3521-0 - Betriebsstellengrenze 3521-0 (3521);3446;3446
30025;ETCS fallend;0/00:57:27;0/00:57:27;00:57;00:57;00:57;00:57;-;80,00;77,67;80,00;-;80,00;-;K;-;ETCS-Stützstelle;;S1;Strecke 1;0/00:23:51;-;140,00;1,0000;1,030;-;-;54,0;118,0;ETCS L1;False;False;0;-; 0,0; 0,0; 0,0;S1: VDV 1 - Strecke 1 - null;0,000000;42110,0;  0,0;4831,9;  0,0;1,030;1,00;1,00;"80 0622-19.0;";0;ETCS fallend;;;False;ETCS fallend;False;00:57:27;00:57:27;-;-;False;-;-;3447;3447
30050;ETCS fallend;0/00:57:28;0/00:57:28;00:57;00:57;00:57;00:57;-;80,00;77,67;80,00;-;80,00;-;K;-;ETCS-Stützstelle;;S1;Strecke 1;0/00:23:52;-;140,00;1,0000;1,030;-;-;54,0;118,0;ETCS L1;False;False;0;-; 0,0; 0,0; 0,0;S1: VDV 1 - Strecke 1 - null;0,000000;42110,0;  0,0;4831,9;  0,0;1,030;1,00;1,00;"80 0622-19.0;";0;ETCS fallend;;;False;ETCS fallend;False;00:57:28;00:57:28;-;-;False;-;-;3448;3448
30054;ETCS fallend;0/00:57:28;0/00:57:28;00:57;00:57;00:57;00:57;-;80,00;77,67;80,00;-;80,00;-;K;-;ETCS-Stützstelle;;S1;Strecke 1;0/00:23:53;-;140,00;1,0000;1,030;-;-;54,0;118,0;ETCS L1;False;False;0;-; 0,0; 0,0; 0,0;S1: VDV 1 - Strecke 1 - null;0,000000;42110,0;  0,0;4831,9;  0,0;1,030;1,00;1,00;"80 0622-19.0;";0;ETCS fallend;;;False;ETCS fallend;False;00:57:28;00:57:28;-;-;False;-;-;3448;3448
30054;ETCS fallend;0/00:57:28;0/00:57:28;00:57;00:57;00:57;00:57;-;80,00;77,67;80,00;-;80,00;-;K;-;S1 0.000 3521-0 Gleisende; Anfang(22765)=<VDV1|7,235/+0|HS|01P2|1>  Ende(30054)=<S1|0,000/+0|GE|3521-0|2> ;S1;Strecke 1;0/00:23:53;-;140,00;1,0000;1,030;-;-;54,0;118,0;ETCS L1;False;False;54;-; 0,0; 0,0; 0,0;S1: VDV 1 - Strecke 1 - null;0,000000;42110,0;  0,0;4831,9;  0,0;1,030;1,00;1,00;"80 0622-19.0;";0;ETCS fallend;3521;;True;ETCS fallend;False;00:57:28;00:57:28;-;-;False;-;Gleisende 3521-0 - Betriebsstellengrenze 3521-0 (3521);3448;3448
